{"type": "FeatureCollection", "attribution": "\u00a9 OpenStreetMap contributors (ODbL)", "generated": "2026-08-05T05:23", "features": [{"type": "Feature", "geometry": {"type": "Point", "coordinates": [-85.7558409, 38.3672585]}, "properties": {"camera_id": "osm_179015874", "camera_type": "alpr", "road": "", "operator": "", "updated_at": "2026-08-04T16:29"}}, {"type": "Feature", "geometry": {"type": "Point", "coordinates": [-85.755873, 38.3673649]}, "properties": {"camera_id": "osm_179015876", "camera_type": "alpr", "road": "", "operator": "", "updated_at": "2026-08-04T16:29"}}, {"type": "Feature", "geometry": {"type": "Point", "coordinates": [-87.492191, 37.938161]}, "properties": {"camera_id": "osm_181878348", "camera_type": "alpr", "road": "", "operator": "", "updated_at": "2026-08-04T16:29"}}, {"type": "Feature", "geometry": {"type": "Point", "coordinates": [-87.582457, 38.004063]}, "properties": {"camera_id": "osm_181886509", "camera_type": "alpr", "road": "", "operator": "", "updated_at": "2026-08-04T16:29"}}, {"type": "Feature", "geometry": {"type": "Point", "coordinates": [-86.2657789, 39.8817144]}, "properties": {"camera_id": "osm_794324218", "camera_type": "alpr", "road": "", "operator": "", "updated_at": "2026-08-04T16:29"}}, {"type": "Feature", "geometry": {"type": "Point", "coordinates": [-85.971456, 40.0439447]}, "properties": {"camera_id": "osm_2916778412", "camera_type": "alpr", "road": "", "operator": "", "updated_at": "2026-08-04T16:29"}}, {"type": "Feature", "geometry": {"type": "Point", "coordinates": [-87.4697274, 37.9797303]}, "properties": {"camera_id": "osm_3590114695", "camera_type": "alpr", "road": "", "operator": "The Home Depot", "updated_at": "2026-08-04T16:29"}}, {"type": "Feature", "geometry": {"type": "Point", "coordinates": [-86.0354586, 39.7483288]}, "properties": {"camera_id": "osm_5832395700", "camera_type": "alpr", "road": "", "operator": "", "updated_at": "2026-08-04T16:29"}}, {"type": "Feature", "geometry": {"type": "Point", "coordinates": [-87.4418337, 37.9765812]}, "properties": {"camera_id": "osm_6899161877", "camera_type": "alpr", "road": "", "operator": "", "updated_at": "2026-08-04T16:29"}}, {"type": "Feature", "geometry": {"type": "Point", "coordinates": [-86.918359, 40.4404217]}, "properties": {"camera_id": "osm_6961175971", "camera_type": "alpr", "road": "", "operator": "", "updated_at": "2026-08-04T16:29"}}, {"type": "Feature", "geometry": {"type": "Point", "coordinates": [-86.299169, 41.3239506]}, "properties": {"camera_id": "osm_7079659182", "camera_type": "alpr", "road": "", "operator": "Flock Safety", "updated_at": "2026-08-04T16:29"}}, {"type": "Feature", "geometry": {"type": "Point", "coordinates": [-85.9638757, 41.6899023]}, "properties": {"camera_id": "osm_7130001979", "camera_type": "alpr", "road": "", "operator": "", "updated_at": "2026-08-04T16:29"}}, {"type": "Feature", "geometry": {"type": "Point", "coordinates": [-85.9639696, 41.690185]}, "properties": {"camera_id": "osm_7131552465", "camera_type": "alpr", "road": "", "operator": "", "updated_at": "2026-08-04T16:29"}}, {"type": "Feature", "geometry": {"type": "Point", "coordinates": [-85.9947668, 39.9273178]}, "properties": {"camera_id": "osm_7596401165", "camera_type": "alpr", "road": "", "operator": "", "updated_at": "2026-08-04T16:29"}}, {"type": "Feature", "geometry": {"type": "Point", "coordinates": [-86.3228763, 41.362261]}, "properties": {"camera_id": "osm_7638859277", "camera_type": "alpr", "road": "", "operator": "Flock Safety", "updated_at": "2026-08-04T16:29"}}, {"type": "Feature", "geometry": {"type": "Point", "coordinates": [-86.3228901, 41.362813]}, "properties": {"camera_id": "osm_7638859278", "camera_type": "alpr", "road": "", "operator": "Flock Safety", "updated_at": "2026-08-04T16:29"}}, {"type": "Feature", "geometry": {"type": "Point", "coordinates": [-86.3217441, 41.3623156]}, "properties": {"camera_id": "osm_7638874396", "camera_type": "alpr", "road": "", "operator": "Flock Safety", "updated_at": "2026-08-04T16:29"}}, {"type": "Feature", "geometry": {"type": "Point", "coordinates": [-86.3206536, 41.3623682]}, "properties": {"camera_id": "osm_7638874398", "camera_type": "alpr", "road": "", "operator": "Flock Safety", "updated_at": "2026-08-04T16:29"}}, {"type": "Feature", "geometry": {"type": "Point", "coordinates": [-85.9979975, 40.038653]}, "properties": {"camera_id": "osm_7935208348", "camera_type": "alpr", "road": "", "operator": "", "updated_at": "2026-08-04T16:29"}}, {"type": "Feature", "geometry": {"type": "Point", "coordinates": [-85.878974, 41.6118021]}, "properties": {"camera_id": "osm_7998287009", "camera_type": "alpr", "road": "", "operator": "", "updated_at": "2026-08-04T16:29"}}, {"type": "Feature", "geometry": {"type": "Point", "coordinates": [-85.9966974, 40.0323641]}, "properties": {"camera_id": "osm_9032934626", "camera_type": "alpr", "road": "", "operator": "", "updated_at": "2026-08-04T16:29"}}, {"type": "Feature", "geometry": {"type": "Point", "coordinates": [-85.832907, 41.5511569]}, "properties": {"camera_id": "osm_10241224613", "camera_type": "alpr", "road": "", "operator": "", "updated_at": "2026-08-04T16:29"}}, {"type": "Feature", "geometry": {"type": "Point", "coordinates": [-85.9729557, 41.721239]}, "properties": {"camera_id": "osm_10627472748", "camera_type": "alpr", "road": "", "operator": "", "updated_at": "2026-08-04T16:29"}}, {"type": "Feature", "geometry": {"type": "Point", "coordinates": [-86.1268201, 39.9490556]}, "properties": {"camera_id": "osm_11128741981", "camera_type": "alpr", "road": "", "operator": "Carmel Police Department", "updated_at": "2026-08-04T16:29"}}, {"type": "Feature", "geometry": {"type": "Point", "coordinates": [-86.1269887, 39.9522945]}, "properties": {"camera_id": "osm_11128741982", "camera_type": "alpr", "road": "", "operator": "Carmel Police Department", "updated_at": "2026-08-04T16:29"}}, {"type": "Feature", "geometry": {"type": "Point", "coordinates": [-86.7036112, 41.5901679]}, "properties": {"camera_id": "osm_11478752183", "camera_type": "alpr", "road": "", "operator": "", "updated_at": "2026-08-04T16:29"}}, {"type": "Feature", "geometry": {"type": "Point", "coordinates": [-86.2352664, 41.675051]}, "properties": {"camera_id": "osm_11649911105", "camera_type": "alpr", "road": "", "operator": "", "updated_at": "2026-08-04T16:29"}}, {"type": "Feature", "geometry": {"type": "Point", "coordinates": [-87.4699733, 37.994299]}, "properties": {"camera_id": "osm_11761609111", "camera_type": "alpr", "road": "", "operator": "", "updated_at": "2026-08-04T16:29"}}, {"type": "Feature", "geometry": {"type": "Point", "coordinates": [-85.8173354, 41.7244224]}, "properties": {"camera_id": "osm_11981783003", "camera_type": "alpr", "road": "", "operator": "", "updated_at": "2026-08-04T16:29"}}, {"type": "Feature", "geometry": {"type": "Point", "coordinates": [-86.4765471, 41.229614]}, "properties": {"camera_id": "osm_12215126346", "camera_type": "alpr", "road": "", "operator": "", "updated_at": "2026-08-04T16:29"}}, {"type": "Feature", "geometry": {"type": "Point", "coordinates": [-85.783533, 41.5513781]}, "properties": {"camera_id": "osm_12313139996", "camera_type": "alpr", "road": "", "operator": "", "updated_at": "2026-08-04T16:29"}}, {"type": "Feature", "geometry": {"type": "Point", "coordinates": [-85.8678098, 41.6013771]}, "properties": {"camera_id": "osm_12313140000", "camera_type": "alpr", "road": "", "operator": "", "updated_at": "2026-08-04T16:29"}}, {"type": "Feature", "geometry": {"type": "Point", "coordinates": [-85.8664613, 41.5733144]}, "properties": {"camera_id": "osm_12313206132", "camera_type": "alpr", "road": "", "operator": "", "updated_at": "2026-08-04T16:29"}}, {"type": "Feature", "geometry": {"type": "Point", "coordinates": [-87.5823694, 38.0016849]}, "properties": {"camera_id": "osm_12331572923", "camera_type": "alpr", "road": "", "operator": "Flock Safety", "updated_at": "2026-08-04T16:29"}}, {"type": "Feature", "geometry": {"type": "Point", "coordinates": [-87.223986, 37.9472129]}, "properties": {"camera_id": "osm_12344036030", "camera_type": "alpr", "road": "", "operator": "Warrick county sherriff", "updated_at": "2026-08-04T16:29"}}, {"type": "Feature", "geometry": {"type": "Point", "coordinates": [-86.5709957, 39.3913133]}, "properties": {"camera_id": "osm_12344093021", "camera_type": "alpr", "road": "", "operator": "Flock Safety", "updated_at": "2026-08-04T16:29"}}, {"type": "Feature", "geometry": {"type": "Point", "coordinates": [-87.4049195, 37.9781156]}, "properties": {"camera_id": "osm_12344847089", "camera_type": "alpr", "road": "", "operator": "Warrick county sherriff", "updated_at": "2026-08-04T16:29"}}, {"type": "Feature", "geometry": {"type": "Point", "coordinates": [-87.2749379, 38.0490703]}, "properties": {"camera_id": "osm_12344942316", "camera_type": "alpr", "road": "", "operator": "city of Boonville/Boonville police", "updated_at": "2026-08-04T16:29"}}, {"type": "Feature", "geometry": {"type": "Point", "coordinates": [-87.3868347, 37.983596]}, "properties": {"camera_id": "osm_12345012251", "camera_type": "alpr", "road": "", "operator": "Warrick county sherriff", "updated_at": "2026-08-04T16:29"}}, {"type": "Feature", "geometry": {"type": "Point", "coordinates": [-87.4048311, 38.0270161]}, "properties": {"camera_id": "osm_12345056363", "camera_type": "alpr", "road": "", "operator": "Warrick county sherriff", "updated_at": "2026-08-04T16:29"}}, {"type": "Feature", "geometry": {"type": "Point", "coordinates": [-87.2749389, 38.0499841]}, "properties": {"camera_id": "osm_12345075425", "camera_type": "alpr", "road": "", "operator": "city of Boonville/Boonville police", "updated_at": "2026-08-04T16:29"}}, {"type": "Feature", "geometry": {"type": "Point", "coordinates": [-86.1273268, 38.2367417]}, "properties": {"camera_id": "osm_12372364272", "camera_type": "alpr", "road": "", "operator": "", "updated_at": "2026-08-04T16:29"}}, {"type": "Feature", "geometry": {"type": "Point", "coordinates": [-86.1945996, 38.0224635]}, "properties": {"camera_id": "osm_12372398136", "camera_type": "alpr", "road": "", "operator": "", "updated_at": "2026-08-04T16:29"}}, {"type": "Feature", "geometry": {"type": "Point", "coordinates": [-85.8370386, 38.2925559]}, "properties": {"camera_id": "osm_12372407129", "camera_type": "alpr", "road": "", "operator": "", "updated_at": "2026-08-04T16:29"}}, {"type": "Feature", "geometry": {"type": "Point", "coordinates": [-85.983474, 38.2702784]}, "properties": {"camera_id": "osm_12372419409", "camera_type": "alpr", "road": "", "operator": "", "updated_at": "2026-08-04T16:29"}}, {"type": "Feature", "geometry": {"type": "Point", "coordinates": [-85.8958118, 38.3103432]}, "properties": {"camera_id": "osm_12372426424", "camera_type": "alpr", "road": "", "operator": "", "updated_at": "2026-08-04T16:29"}}, {"type": "Feature", "geometry": {"type": "Point", "coordinates": [-85.7499796, 38.2716794]}, "properties": {"camera_id": "osm_12376817020", "camera_type": "alpr", "road": "", "operator": "", "updated_at": "2026-08-04T16:29"}}, {"type": "Feature", "geometry": {"type": "Point", "coordinates": [-85.7497407, 38.2715581]}, "properties": {"camera_id": "osm_12376853711", "camera_type": "alpr", "road": "", "operator": "", "updated_at": "2026-08-04T16:29"}}, {"type": "Feature", "geometry": {"type": "Point", "coordinates": [-85.7468966, 38.2793556]}, "properties": {"camera_id": "osm_12376869391", "camera_type": "alpr", "road": "", "operator": "", "updated_at": "2026-08-04T16:29"}}, {"type": "Feature", "geometry": {"type": "Point", "coordinates": [-86.0201508, 39.9420675]}, "properties": {"camera_id": "osm_12378813449", "camera_type": "alpr", "road": "", "operator": "Flock Safety", "updated_at": "2026-08-04T16:29"}}, {"type": "Feature", "geometry": {"type": "Point", "coordinates": [-86.0194275, 39.9418289]}, "properties": {"camera_id": "osm_12378830424", "camera_type": "alpr", "road": "", "operator": "Flock Safety", "updated_at": "2026-08-04T16:29"}}, {"type": "Feature", "geometry": {"type": "Point", "coordinates": [-86.0197644, 39.9398993]}, "properties": {"camera_id": "osm_12378884891", "camera_type": "alpr", "road": "", "operator": "Flock Safety", "updated_at": "2026-08-04T16:29"}}, {"type": "Feature", "geometry": {"type": "Point", "coordinates": [-86.0092707, 39.9540566]}, "properties": {"camera_id": "osm_12378884892", "camera_type": "alpr", "road": "", "operator": "Flock Safety", "updated_at": "2026-08-04T16:29"}}, {"type": "Feature", "geometry": {"type": "Point", "coordinates": [-86.0043051, 39.9568935]}, "properties": {"camera_id": "osm_12378884893", "camera_type": "alpr", "road": "", "operator": "Flock Safety", "updated_at": "2026-08-04T16:29"}}, {"type": "Feature", "geometry": {"type": "Point", "coordinates": [-86.0167011, 39.9566713]}, "properties": {"camera_id": "osm_12378884894", "camera_type": "alpr", "road": "", "operator": "Flock Safety", "updated_at": "2026-08-04T16:29"}}, {"type": "Feature", "geometry": {"type": "Point", "coordinates": [-86.003133, 39.9649322]}, "properties": {"camera_id": "osm_12379231650", "camera_type": "alpr", "road": "", "operator": "Flock Safety", "updated_at": "2026-08-04T16:29"}}, {"type": "Feature", "geometry": {"type": "Point", "coordinates": [-86.0044797, 39.9621311]}, "properties": {"camera_id": "osm_12379231651", "camera_type": "alpr", "road": "", "operator": "Flock Safety", "updated_at": "2026-08-04T16:29"}}, {"type": "Feature", "geometry": {"type": "Point", "coordinates": [-86.0028024, 40.0006365]}, "properties": {"camera_id": "osm_12379231652", "camera_type": "alpr", "road": "", "operator": "Flock Safety", "updated_at": "2026-08-04T16:29"}}, {"type": "Feature", "geometry": {"type": "Point", "coordinates": [-86.0056364, 40.0009989]}, "properties": {"camera_id": "osm_12379231653", "camera_type": "alpr", "road": "", "operator": "Flock Safety", "updated_at": "2026-08-04T16:29"}}, {"type": "Feature", "geometry": {"type": "Point", "coordinates": [-85.9974596, 40.022597]}, "properties": {"camera_id": "osm_12379231655", "camera_type": "alpr", "road": "", "operator": "Flock Safety", "updated_at": "2026-08-04T16:29"}}, {"type": "Feature", "geometry": {"type": "Point", "coordinates": [-86.0785702, 39.9269561]}, "properties": {"camera_id": "osm_12379247293", "camera_type": "alpr", "road": "", "operator": "Flock Safety", "updated_at": "2026-08-04T16:29"}}, {"type": "Feature", "geometry": {"type": "Point", "coordinates": [-86.1107376, 39.9268131]}, "properties": {"camera_id": "osm_12379247294", "camera_type": "alpr", "road": "", "operator": "Flock Safety", "updated_at": "2026-08-04T16:29"}}, {"type": "Feature", "geometry": {"type": "Point", "coordinates": [-85.9214327, 39.9886565]}, "properties": {"camera_id": "osm_12379259050", "camera_type": "alpr", "road": "", "operator": "Flock Safety", "updated_at": "2026-08-04T16:29"}}, {"type": "Feature", "geometry": {"type": "Point", "coordinates": [-85.9194194, 39.9883254]}, "properties": {"camera_id": "osm_12379259051", "camera_type": "alpr", "road": "", "operator": "Flock Safety", "updated_at": "2026-08-04T16:29"}}, {"type": "Feature", "geometry": {"type": "Point", "coordinates": [-85.9256273, 39.9920971]}, "properties": {"camera_id": "osm_12379259052", "camera_type": "alpr", "road": "", "operator": "Flock Safety", "updated_at": "2026-08-04T16:29"}}, {"type": "Feature", "geometry": {"type": "Point", "coordinates": [-85.9188351, 39.9282035]}, "properties": {"camera_id": "osm_12379264102", "camera_type": "alpr", "road": "", "operator": "Flock Safety", "updated_at": "2026-08-04T16:29"}}, {"type": "Feature", "geometry": {"type": "Point", "coordinates": [-85.9191309, 39.927276]}, "properties": {"camera_id": "osm_12379264103", "camera_type": "alpr", "road": "", "operator": "Flock Safety", "updated_at": "2026-08-04T16:29"}}, {"type": "Feature", "geometry": {"type": "Point", "coordinates": [-87.4123559, 41.5496031]}, "properties": {"camera_id": "osm_12391700998", "camera_type": "alpr", "road": "", "operator": "Flock Safety", "updated_at": "2026-08-04T16:29"}}, {"type": "Feature", "geometry": {"type": "Point", "coordinates": [-87.4323166, 41.5514526]}, "properties": {"camera_id": "osm_12391830257", "camera_type": "alpr", "road": "", "operator": "Flock Safety", "updated_at": "2026-08-04T16:29"}}, {"type": "Feature", "geometry": {"type": "Point", "coordinates": [-87.4730682, 41.5664563]}, "properties": {"camera_id": "osm_12391830258", "camera_type": "alpr", "road": "", "operator": "Flock Safety", "updated_at": "2026-08-04T16:29"}}, {"type": "Feature", "geometry": {"type": "Point", "coordinates": [-85.8043495, 41.2349686]}, "properties": {"camera_id": "osm_12392931569", "camera_type": "alpr", "road": "", "operator": "Flock Safety", "updated_at": "2026-08-04T16:29"}}, {"type": "Feature", "geometry": {"type": "Point", "coordinates": [-85.9149628, 39.8129357]}, "properties": {"camera_id": "osm_12394024935", "camera_type": "alpr", "road": "", "operator": "Flock Safety", "updated_at": "2026-08-04T16:29"}}, {"type": "Feature", "geometry": {"type": "Point", "coordinates": [-85.9554429, 39.7347867]}, "properties": {"camera_id": "osm_12394029218", "camera_type": "alpr", "road": "", "operator": "Flock Safety", "updated_at": "2026-08-04T16:29"}}, {"type": "Feature", "geometry": {"type": "Point", "coordinates": [-85.9518548, 39.7555669]}, "properties": {"camera_id": "osm_12394053272", "camera_type": "alpr", "road": "", "operator": "Flock Safety", "updated_at": "2026-08-04T16:29"}}, {"type": "Feature", "geometry": {"type": "Point", "coordinates": [-86.1587551, 40.0424043]}, "properties": {"camera_id": "osm_12397136204", "camera_type": "alpr", "road": "", "operator": "Flock Safety", "updated_at": "2026-08-04T16:29"}}, {"type": "Feature", "geometry": {"type": "Point", "coordinates": [-86.0716817, 40.0003354]}, "properties": {"camera_id": "osm_12399005311", "camera_type": "alpr", "road": "", "operator": "Flock Safety", "updated_at": "2026-08-04T16:29"}}, {"type": "Feature", "geometry": {"type": "Point", "coordinates": [-87.5941379, 37.9779629]}, "properties": {"camera_id": "osm_12403391452", "camera_type": "alpr", "road": "", "operator": "Flock Safety", "updated_at": "2026-08-04T16:29"}}, {"type": "Feature", "geometry": {"type": "Point", "coordinates": [-87.5975583, 37.9776259]}, "properties": {"camera_id": "osm_12403426432", "camera_type": "alpr", "road": "", "operator": "Flock Safety", "updated_at": "2026-08-04T16:29"}}, {"type": "Feature", "geometry": {"type": "Point", "coordinates": [-87.6641707, 37.9657303]}, "properties": {"camera_id": "osm_12403465465", "camera_type": "alpr", "road": "", "operator": "Flock Safety", "updated_at": "2026-08-04T16:29"}}, {"type": "Feature", "geometry": {"type": "Point", "coordinates": [-87.5395567, 37.9986349]}, "properties": {"camera_id": "osm_12403610290", "camera_type": "alpr", "road": "", "operator": "Flock Safety", "updated_at": "2026-08-04T16:29"}}, {"type": "Feature", "geometry": {"type": "Point", "coordinates": [-87.5295735, 37.9628091]}, "properties": {"camera_id": "osm_12403612765", "camera_type": "alpr", "road": "", "operator": "Flock Safety", "updated_at": "2026-08-04T16:29"}}, {"type": "Feature", "geometry": {"type": "Point", "coordinates": [-87.6106256, 37.9630899]}, "properties": {"camera_id": "osm_12403656927", "camera_type": "alpr", "road": "", "operator": "Flock Safety", "updated_at": "2026-08-04T16:29"}}, {"type": "Feature", "geometry": {"type": "Point", "coordinates": [-87.610057, 37.963972]}, "properties": {"camera_id": "osm_12403658473", "camera_type": "alpr", "road": "", "operator": "Flock Safety", "updated_at": "2026-08-04T16:29"}}, {"type": "Feature", "geometry": {"type": "Point", "coordinates": [-87.5394033, 37.99922]}, "properties": {"camera_id": "osm_12403662171", "camera_type": "alpr", "road": "", "operator": "Flock Safety", "updated_at": "2026-08-04T16:29"}}, {"type": "Feature", "geometry": {"type": "Point", "coordinates": [-87.4747921, 37.9768494]}, "properties": {"camera_id": "osm_12403666685", "camera_type": "alpr", "road": "", "operator": "Flock Safety", "updated_at": "2026-08-04T16:29"}}, {"type": "Feature", "geometry": {"type": "Point", "coordinates": [-87.6453461, 37.9726801]}, "properties": {"camera_id": "osm_12405632886", "camera_type": "alpr", "road": "", "operator": "Flock Safety", "updated_at": "2026-08-04T16:29"}}, {"type": "Feature", "geometry": {"type": "Point", "coordinates": [-87.5566254, 37.9759023]}, "properties": {"camera_id": "osm_12405632893", "camera_type": "alpr", "road": "", "operator": "Flock Safety", "updated_at": "2026-08-04T16:29"}}, {"type": "Feature", "geometry": {"type": "Point", "coordinates": [-87.55908, 37.9762034]}, "properties": {"camera_id": "osm_12405649138", "camera_type": "alpr", "road": "", "operator": "Flock Safety", "updated_at": "2026-08-04T16:29"}}, {"type": "Feature", "geometry": {"type": "Point", "coordinates": [-86.3281521, 39.6471673]}, "properties": {"camera_id": "osm_12408234413", "camera_type": "alpr", "road": "", "operator": "", "updated_at": "2026-08-04T16:29"}}, {"type": "Feature", "geometry": {"type": "Point", "coordinates": [-87.5395864, 38.0095036]}, "properties": {"camera_id": "osm_12413310070", "camera_type": "alpr", "road": "", "operator": "Flock Safety", "updated_at": "2026-08-04T16:29"}}, {"type": "Feature", "geometry": {"type": "Point", "coordinates": [-87.5391455, 38.0109966]}, "properties": {"camera_id": "osm_12413324277", "camera_type": "alpr", "road": "", "operator": "Flock Safety", "updated_at": "2026-08-04T16:29"}}, {"type": "Feature", "geometry": {"type": "Point", "coordinates": [-87.4472364, 37.9549511]}, "properties": {"camera_id": "osm_12413357656", "camera_type": "alpr", "road": "", "operator": "Flock Safety", "updated_at": "2026-08-04T16:29"}}, {"type": "Feature", "geometry": {"type": "Point", "coordinates": [-86.1410199, 39.9837573]}, "properties": {"camera_id": "osm_12433935538", "camera_type": "alpr", "road": "", "operator": "", "updated_at": "2026-08-04T16:29"}}, {"type": "Feature", "geometry": {"type": "Point", "coordinates": [-86.1408304, 39.978169]}, "properties": {"camera_id": "osm_12433948870", "camera_type": "alpr", "road": "", "operator": "", "updated_at": "2026-08-04T16:29"}}, {"type": "Feature", "geometry": {"type": "Point", "coordinates": [-86.1414258, 39.9827979]}, "properties": {"camera_id": "osm_12433965764", "camera_type": "alpr", "road": "", "operator": "", "updated_at": "2026-08-04T16:29"}}, {"type": "Feature", "geometry": {"type": "Point", "coordinates": [-87.5811389, 37.9763372]}, "properties": {"camera_id": "osm_12434008415", "camera_type": "alpr", "road": "", "operator": "Flock Safety", "updated_at": "2026-08-04T16:29"}}, {"type": "Feature", "geometry": {"type": "Point", "coordinates": [-86.1555427, 39.978158]}, "properties": {"camera_id": "osm_12434328158", "camera_type": "alpr", "road": "", "operator": "", "updated_at": "2026-08-04T16:29"}}, {"type": "Feature", "geometry": {"type": "Point", "coordinates": [-86.9000348, 40.4193618]}, "properties": {"camera_id": "osm_12437509093", "camera_type": "alpr", "road": "", "operator": "", "updated_at": "2026-08-04T16:29"}}, {"type": "Feature", "geometry": {"type": "Point", "coordinates": [-86.8981998, 40.4181021]}, "properties": {"camera_id": "osm_12437524320", "camera_type": "alpr", "road": "", "operator": "", "updated_at": "2026-08-04T16:29"}}, {"type": "Feature", "geometry": {"type": "Point", "coordinates": [-86.1407831, 39.9563693]}, "properties": {"camera_id": "osm_12437529462", "camera_type": "alpr", "road": "", "operator": "", "updated_at": "2026-08-04T16:29"}}, {"type": "Feature", "geometry": {"type": "Point", "coordinates": [-87.2819763, 41.5713845]}, "properties": {"camera_id": "osm_12439001116", "camera_type": "alpr", "road": "", "operator": "", "updated_at": "2026-08-04T16:29"}}, {"type": "Feature", "geometry": {"type": "Point", "coordinates": [-87.6006729, 37.9801208]}, "properties": {"camera_id": "osm_12440427933", "camera_type": "alpr", "road": "", "operator": "Flock Safety", "updated_at": "2026-08-04T16:29"}}, {"type": "Feature", "geometry": {"type": "Point", "coordinates": [-87.6381745, 37.9773535]}, "properties": {"camera_id": "osm_12440427934", "camera_type": "alpr", "road": "", "operator": "Flock Safety", "updated_at": "2026-08-04T16:29"}}, {"type": "Feature", "geometry": {"type": "Point", "coordinates": [-87.676672, 37.9657812]}, "properties": {"camera_id": "osm_12441542688", "camera_type": "alpr", "road": "", "operator": "Flock Safety", "updated_at": "2026-08-04T16:29"}}, {"type": "Feature", "geometry": {"type": "Point", "coordinates": [-86.9050031, 40.4528306]}, "properties": {"camera_id": "osm_12442027565", "camera_type": "alpr", "road": "", "operator": "", "updated_at": "2026-08-04T16:29"}}, {"type": "Feature", "geometry": {"type": "Point", "coordinates": [-86.1106942, 38.4180869]}, "properties": {"camera_id": "osm_12445586163", "camera_type": "alpr", "road": "", "operator": "", "updated_at": "2026-08-04T16:29"}}, {"type": "Feature", "geometry": {"type": "Point", "coordinates": [-85.9693853, 39.7758724]}, "properties": {"camera_id": "osm_12446036272", "camera_type": "alpr", "road": "", "operator": "", "updated_at": "2026-08-04T16:29"}}, {"type": "Feature", "geometry": {"type": "Point", "coordinates": [-86.0340332, 39.8311459]}, "properties": {"camera_id": "osm_12446043556", "camera_type": "alpr", "road": "", "operator": "", "updated_at": "2026-08-04T16:29"}}, {"type": "Feature", "geometry": {"type": "Point", "coordinates": [-86.1675421, 39.7812161]}, "properties": {"camera_id": "osm_12446055954", "camera_type": "alpr", "road": "", "operator": "", "updated_at": "2026-08-04T16:29"}}, {"type": "Feature", "geometry": {"type": "Point", "coordinates": [-86.0313147, 39.7750747]}, "properties": {"camera_id": "osm_12446058854", "camera_type": "alpr", "road": "", "operator": "", "updated_at": "2026-08-04T16:29"}}, {"type": "Feature", "geometry": {"type": "Point", "coordinates": [-86.2387205, 39.7142033]}, "properties": {"camera_id": "osm_12446058856", "camera_type": "alpr", "road": "", "operator": "", "updated_at": "2026-08-04T16:29"}}, {"type": "Feature", "geometry": {"type": "Point", "coordinates": [-86.012766, 39.8000688]}, "properties": {"camera_id": "osm_12446058857", "camera_type": "alpr", "road": "", "operator": "", "updated_at": "2026-08-04T16:29"}}, {"type": "Feature", "geometry": {"type": "Point", "coordinates": [-86.0925761, 40.0429324]}, "properties": {"camera_id": "osm_12450096125", "camera_type": "alpr", "road": "", "operator": "", "updated_at": "2026-08-04T16:29"}}, {"type": "Feature", "geometry": {"type": "Point", "coordinates": [-86.0800502, 40.0432773]}, "properties": {"camera_id": "osm_12450098764", "camera_type": "alpr", "road": "", "operator": "", "updated_at": "2026-08-04T16:29"}}, {"type": "Feature", "geometry": {"type": "Point", "coordinates": [-86.4708091, 39.1648569]}, "properties": {"camera_id": "osm_12450434263", "camera_type": "alpr", "road": "", "operator": "", "updated_at": "2026-08-04T16:29"}}, {"type": "Feature", "geometry": {"type": "Point", "coordinates": [-87.6381147, 37.9774936]}, "properties": {"camera_id": "osm_12453132221", "camera_type": "alpr", "road": "", "operator": "Flock Safety", "updated_at": "2026-08-04T16:29"}}, {"type": "Feature", "geometry": {"type": "Point", "coordinates": [-87.4628112, 37.976025]}, "properties": {"camera_id": "osm_12453181808", "camera_type": "alpr", "road": "", "operator": "Flock Safety", "updated_at": "2026-08-04T16:29"}}, {"type": "Feature", "geometry": {"type": "Point", "coordinates": [-85.9713236, 40.0437855]}, "properties": {"camera_id": "osm_12453787558", "camera_type": "alpr", "road": "", "operator": "", "updated_at": "2026-08-04T16:29"}}, {"type": "Feature", "geometry": {"type": "Point", "coordinates": [-85.8942232, 41.6173201]}, "properties": {"camera_id": "osm_12456954749", "camera_type": "alpr", "road": "", "operator": "", "updated_at": "2026-08-04T16:29"}}, {"type": "Feature", "geometry": {"type": "Point", "coordinates": [-85.8320742, 41.58866]}, "properties": {"camera_id": "osm_12457033792", "camera_type": "alpr", "road": "", "operator": "", "updated_at": "2026-08-04T16:29"}}, {"type": "Feature", "geometry": {"type": "Point", "coordinates": [-86.0136042, 39.9277706]}, "properties": {"camera_id": "osm_12463122057", "camera_type": "alpr", "road": "", "operator": "", "updated_at": "2026-08-04T16:29"}}, {"type": "Feature", "geometry": {"type": "Point", "coordinates": [-85.9572566, 39.9418139]}, "properties": {"camera_id": "osm_12463195806", "camera_type": "alpr", "road": "", "operator": "", "updated_at": "2026-08-04T16:29"}}, {"type": "Feature", "geometry": {"type": "Point", "coordinates": [-85.8433032, 39.9922363]}, "properties": {"camera_id": "osm_12463347976", "camera_type": "alpr", "road": "", "operator": "", "updated_at": "2026-08-04T16:29"}}, {"type": "Feature", "geometry": {"type": "Point", "coordinates": [-85.8615285, 41.5998508]}, "properties": {"camera_id": "osm_12463431315", "camera_type": "alpr", "road": "", "operator": "", "updated_at": "2026-08-04T16:29"}}, {"type": "Feature", "geometry": {"type": "Point", "coordinates": [-85.8606052, 41.5991226]}, "properties": {"camera_id": "osm_12465342419", "camera_type": "alpr", "road": "", "operator": "", "updated_at": "2026-08-04T16:29"}}, {"type": "Feature", "geometry": {"type": "Point", "coordinates": [-87.5310852, 37.9627883]}, "properties": {"camera_id": "osm_12466285658", "camera_type": "alpr", "road": "", "operator": "Flock Safety", "updated_at": "2026-08-04T16:29"}}, {"type": "Feature", "geometry": {"type": "Point", "coordinates": [-87.52824, 37.9626411]}, "properties": {"camera_id": "osm_12466320014", "camera_type": "alpr", "road": "", "operator": "Flock Safety", "updated_at": "2026-08-04T16:29"}}, {"type": "Feature", "geometry": {"type": "Point", "coordinates": [-87.5813255, 37.9741857]}, "properties": {"camera_id": "osm_12473259896", "camera_type": "alpr", "road": "", "operator": "Flock Safety", "updated_at": "2026-08-04T16:29"}}, {"type": "Feature", "geometry": {"type": "Point", "coordinates": [-85.860664, 41.5992077]}, "properties": {"camera_id": "osm_12478821126", "camera_type": "alpr", "road": "", "operator": "", "updated_at": "2026-08-04T16:29"}}, {"type": "Feature", "geometry": {"type": "Point", "coordinates": [-85.8578809, 41.5975445]}, "properties": {"camera_id": "osm_12478830995", "camera_type": "alpr", "road": "", "operator": "", "updated_at": "2026-08-04T16:29"}}, {"type": "Feature", "geometry": {"type": "Point", "coordinates": [-85.8588866, 41.5979202]}, "properties": {"camera_id": "osm_12478833303", "camera_type": "alpr", "road": "", "operator": "", "updated_at": "2026-08-04T16:29"}}, {"type": "Feature", "geometry": {"type": "Point", "coordinates": [-85.8590064, 41.597972]}, "properties": {"camera_id": "osm_12478833304", "camera_type": "alpr", "road": "", "operator": "", "updated_at": "2026-08-04T16:29"}}, {"type": "Feature", "geometry": {"type": "Point", "coordinates": [-85.8478736, 41.5971737]}, "properties": {"camera_id": "osm_12478833826", "camera_type": "alpr", "road": "", "operator": "", "updated_at": "2026-08-04T16:29"}}, {"type": "Feature", "geometry": {"type": "Point", "coordinates": [-85.8577642, 41.5974747]}, "properties": {"camera_id": "osm_12478833827", "camera_type": "alpr", "road": "", "operator": "", "updated_at": "2026-08-04T16:29"}}, {"type": "Feature", "geometry": {"type": "Point", "coordinates": [-85.8615881, 41.5999338]}, "properties": {"camera_id": "osm_12478847215", "camera_type": "alpr", "road": "", "operator": "", "updated_at": "2026-08-04T16:29"}}, {"type": "Feature", "geometry": {"type": "Point", "coordinates": [-87.4924275, 37.9927676]}, "properties": {"camera_id": "osm_12504912508", "camera_type": "alpr", "road": "", "operator": "Flock Safety", "updated_at": "2026-08-04T16:29"}}, {"type": "Feature", "geometry": {"type": "Point", "coordinates": [-85.8287347, 41.5676943]}, "properties": {"camera_id": "osm_12505075730", "camera_type": "alpr", "road": "", "operator": "", "updated_at": "2026-08-04T16:29"}}, {"type": "Feature", "geometry": {"type": "Point", "coordinates": [-85.8489039, 41.593105]}, "properties": {"camera_id": "osm_12505090807", "camera_type": "alpr", "road": "", "operator": "", "updated_at": "2026-08-04T16:29"}}, {"type": "Feature", "geometry": {"type": "Point", "coordinates": [-85.7945176, 41.2234398]}, "properties": {"camera_id": "osm_12515497431", "camera_type": "alpr", "road": "", "operator": "", "updated_at": "2026-08-04T16:29"}}, {"type": "Feature", "geometry": {"type": "Point", "coordinates": [-86.1281625, 40.0867872]}, "properties": {"camera_id": "osm_12515634918", "camera_type": "alpr", "road": "", "operator": "", "updated_at": "2026-08-04T16:29"}}, {"type": "Feature", "geometry": {"type": "Point", "coordinates": [-86.1282119, 40.6429743]}, "properties": {"camera_id": "osm_12515662371", "camera_type": "alpr", "road": "", "operator": "Indiana Dept. of Corrections", "updated_at": "2026-08-04T16:29"}}, {"type": "Feature", "geometry": {"type": "Point", "coordinates": [-85.7430373, 41.0330416]}, "properties": {"camera_id": "osm_12515670396", "camera_type": "alpr", "road": "", "operator": "", "updated_at": "2026-08-04T16:29"}}, {"type": "Feature", "geometry": {"type": "Point", "coordinates": [-85.8748704, 41.2338342]}, "properties": {"camera_id": "osm_12515841295", "camera_type": "alpr", "road": "", "operator": "", "updated_at": "2026-08-04T16:29"}}, {"type": "Feature", "geometry": {"type": "Point", "coordinates": [-85.6289336, 41.1811711]}, "properties": {"camera_id": "osm_12515842287", "camera_type": "alpr", "road": "", "operator": "Whitley County Sheriffs Office", "updated_at": "2026-08-04T16:29"}}, {"type": "Feature", "geometry": {"type": "Point", "coordinates": [-85.7941423, 41.2257932]}, "properties": {"camera_id": "osm_12515844468", "camera_type": "alpr", "road": "", "operator": "", "updated_at": "2026-08-04T16:29"}}, {"type": "Feature", "geometry": {"type": "Point", "coordinates": [-85.8364016, 41.1462359]}, "properties": {"camera_id": "osm_12515846491", "camera_type": "alpr", "road": "", "operator": "", "updated_at": "2026-08-04T16:29"}}, {"type": "Feature", "geometry": {"type": "Point", "coordinates": [-85.8065765, 41.2032589]}, "properties": {"camera_id": "osm_12515851520", "camera_type": "alpr", "road": "", "operator": "", "updated_at": "2026-08-04T16:29"}}, {"type": "Feature", "geometry": {"type": "Point", "coordinates": [-85.8557024, 41.2701625]}, "properties": {"camera_id": "osm_12515861245", "camera_type": "alpr", "road": "", "operator": "", "updated_at": "2026-08-04T16:29"}}, {"type": "Feature", "geometry": {"type": "Point", "coordinates": [-85.356619, 41.1266503]}, "properties": {"camera_id": "osm_12515861316", "camera_type": "alpr", "road": "", "operator": "Whitley County Sheriffs Office", "updated_at": "2026-08-04T16:29"}}, {"type": "Feature", "geometry": {"type": "Point", "coordinates": [-86.0404877, 41.279793]}, "properties": {"camera_id": "osm_12515861322", "camera_type": "alpr", "road": "", "operator": "", "updated_at": "2026-08-04T16:29"}}, {"type": "Feature", "geometry": {"type": "Point", "coordinates": [-85.8567539, 41.2329309]}, "properties": {"camera_id": "osm_12515864070", "camera_type": "alpr", "road": "", "operator": "", "updated_at": "2026-08-04T16:29"}}, {"type": "Feature", "geometry": {"type": "Point", "coordinates": [-85.8740231, 41.2340446]}, "properties": {"camera_id": "osm_12515867344", "camera_type": "alpr", "road": "", "operator": "", "updated_at": "2026-08-04T16:29"}}, {"type": "Feature", "geometry": {"type": "Point", "coordinates": [-85.7071071, 41.3087098]}, "properties": {"camera_id": "osm_12515890932", "camera_type": "alpr", "road": "", "operator": "", "updated_at": "2026-08-04T16:29"}}, {"type": "Feature", "geometry": {"type": "Point", "coordinates": [-85.7101338, 41.2060422]}, "properties": {"camera_id": "osm_12515923633", "camera_type": "alpr", "road": "", "operator": "Kosciu County Sheriffs Office", "updated_at": "2026-08-04T16:29"}}, {"type": "Feature", "geometry": {"type": "Point", "coordinates": [-85.8219901, 41.2312695]}, "properties": {"camera_id": "osm_12515986483", "camera_type": "alpr", "road": "", "operator": "", "updated_at": "2026-08-04T16:29"}}, {"type": "Feature", "geometry": {"type": "Point", "coordinates": [-85.8643965, 41.218523]}, "properties": {"camera_id": "osm_12516110817", "camera_type": "alpr", "road": "", "operator": "", "updated_at": "2026-08-04T16:29"}}, {"type": "Feature", "geometry": {"type": "Point", "coordinates": [-85.71295, 41.3086383]}, "properties": {"camera_id": "osm_12516140161", "camera_type": "alpr", "road": "", "operator": "", "updated_at": "2026-08-04T16:29"}}, {"type": "Feature", "geometry": {"type": "Point", "coordinates": [-85.8539241, 41.2698438]}, "properties": {"camera_id": "osm_12516150184", "camera_type": "alpr", "road": "", "operator": "", "updated_at": "2026-08-04T16:29"}}, {"type": "Feature", "geometry": {"type": "Point", "coordinates": [-85.817455, 41.2378427]}, "properties": {"camera_id": "osm_12516152409", "camera_type": "alpr", "road": "", "operator": "", "updated_at": "2026-08-04T16:29"}}, {"type": "Feature", "geometry": {"type": "Point", "coordinates": [-85.8233304, 41.2602903]}, "properties": {"camera_id": "osm_12516188503", "camera_type": "alpr", "road": "", "operator": "", "updated_at": "2026-08-04T16:29"}}, {"type": "Feature", "geometry": {"type": "Point", "coordinates": [-85.8533409, 41.284397]}, "properties": {"camera_id": "osm_12516243540", "camera_type": "alpr", "road": "", "operator": "", "updated_at": "2026-08-04T16:29"}}, {"type": "Feature", "geometry": {"type": "Point", "coordinates": [-87.510421, 38.0146682]}, "properties": {"camera_id": "osm_12536822159", "camera_type": "alpr", "road": "", "operator": "Flock Safety", "updated_at": "2026-08-04T16:29"}}, {"type": "Feature", "geometry": {"type": "Point", "coordinates": [-86.5116961, 39.3356498]}, "properties": {"camera_id": "osm_12537130395", "camera_type": "alpr", "road": "", "operator": "", "updated_at": "2026-08-04T16:29"}}, {"type": "Feature", "geometry": {"type": "Point", "coordinates": [-86.2211395, 39.5577194]}, "properties": {"camera_id": "osm_12540232752", "camera_type": "alpr", "road": "", "operator": "", "updated_at": "2026-08-04T16:29"}}, {"type": "Feature", "geometry": {"type": "Point", "coordinates": [-86.0480756, 39.4757565]}, "properties": {"camera_id": "osm_12540326762", "camera_type": "alpr", "road": "", "operator": "", "updated_at": "2026-08-04T16:29"}}, {"type": "Feature", "geometry": {"type": "Point", "coordinates": [-86.075298, 39.520692]}, "properties": {"camera_id": "osm_12540348705", "camera_type": "alpr", "road": "", "operator": "", "updated_at": "2026-08-04T16:29"}}, {"type": "Feature", "geometry": {"type": "Point", "coordinates": [-86.0693424, 39.5039594]}, "properties": {"camera_id": "osm_12540348706", "camera_type": "alpr", "road": "", "operator": "", "updated_at": "2026-08-04T16:29"}}, {"type": "Feature", "geometry": {"type": "Point", "coordinates": [-86.0669637, 39.4991914]}, "properties": {"camera_id": "osm_12540348707", "camera_type": "alpr", "road": "", "operator": "", "updated_at": "2026-08-04T16:29"}}, {"type": "Feature", "geometry": {"type": "Point", "coordinates": [-86.0734381, 39.4797117]}, "properties": {"camera_id": "osm_12540348708", "camera_type": "alpr", "road": "", "operator": "", "updated_at": "2026-08-04T16:29"}}, {"type": "Feature", "geometry": {"type": "Point", "coordinates": [-86.0639872, 39.4803559]}, "properties": {"camera_id": "osm_12540348709", "camera_type": "alpr", "road": "", "operator": "", "updated_at": "2026-08-04T16:29"}}, {"type": "Feature", "geometry": {"type": "Point", "coordinates": [-86.064122, 39.4791713]}, "properties": {"camera_id": "osm_12540348710", "camera_type": "alpr", "road": "", "operator": "", "updated_at": "2026-08-04T16:29"}}, {"type": "Feature", "geometry": {"type": "Point", "coordinates": [-86.0872543, 39.5529469]}, "properties": {"camera_id": "osm_12540348711", "camera_type": "alpr", "road": "", "operator": "", "updated_at": "2026-08-04T16:29"}}, {"type": "Feature", "geometry": {"type": "Point", "coordinates": [-86.0989615, 39.5864998]}, "properties": {"camera_id": "osm_12540348712", "camera_type": "alpr", "road": "", "operator": "", "updated_at": "2026-08-04T16:29"}}, {"type": "Feature", "geometry": {"type": "Point", "coordinates": [-86.0716482, 39.5875493]}, "properties": {"camera_id": "osm_12540348713", "camera_type": "alpr", "road": "", "operator": "", "updated_at": "2026-08-04T16:29"}}, {"type": "Feature", "geometry": {"type": "Point", "coordinates": [-86.5846392, 39.1410201]}, "properties": {"camera_id": "osm_12540348714", "camera_type": "alpr", "road": "", "operator": "", "updated_at": "2026-08-04T16:29"}}, {"type": "Feature", "geometry": {"type": "Point", "coordinates": [-86.5812501, 39.1430872]}, "properties": {"camera_id": "osm_12540348715", "camera_type": "alpr", "road": "", "operator": "", "updated_at": "2026-08-04T16:29"}}, {"type": "Feature", "geometry": {"type": "Point", "coordinates": [-86.0556256, 39.5076052]}, "properties": {"camera_id": "osm_12540348716", "camera_type": "alpr", "road": "", "operator": "", "updated_at": "2026-08-04T16:29"}}, {"type": "Feature", "geometry": {"type": "Point", "coordinates": [-86.0689985, 39.9108161]}, "properties": {"camera_id": "osm_12540348717", "camera_type": "alpr", "road": "", "operator": "", "updated_at": "2026-08-04T16:29"}}, {"type": "Feature", "geometry": {"type": "Point", "coordinates": [-86.074319, 39.9122609]}, "properties": {"camera_id": "osm_12540348718", "camera_type": "alpr", "road": "", "operator": "", "updated_at": "2026-08-04T16:29"}}, {"type": "Feature", "geometry": {"type": "Point", "coordinates": [-86.0843567, 39.5500441]}, "properties": {"camera_id": "osm_12540348719", "camera_type": "alpr", "road": "", "operator": "", "updated_at": "2026-08-04T16:29"}}, {"type": "Feature", "geometry": {"type": "Point", "coordinates": [-86.0848637, 39.6141537]}, "properties": {"camera_id": "osm_12540348720", "camera_type": "alpr", "road": "", "operator": "", "updated_at": "2026-08-04T16:29"}}, {"type": "Feature", "geometry": {"type": "Point", "coordinates": [-86.1365962, 40.0404543]}, "properties": {"camera_id": "osm_12540871131", "camera_type": "alpr", "road": "", "operator": "", "updated_at": "2026-08-04T16:29"}}, {"type": "Feature", "geometry": {"type": "Point", "coordinates": [-86.1089674, 40.0403148]}, "properties": {"camera_id": "osm_12540916794", "camera_type": "alpr", "road": "", "operator": "", "updated_at": "2026-08-04T16:29"}}, {"type": "Feature", "geometry": {"type": "Point", "coordinates": [-86.1229287, 39.997905]}, "properties": {"camera_id": "osm_12540930185", "camera_type": "alpr", "road": "", "operator": "", "updated_at": "2026-08-04T16:29"}}, {"type": "Feature", "geometry": {"type": "Point", "coordinates": [-86.1085275, 40.0026952]}, "properties": {"camera_id": "osm_12540930981", "camera_type": "alpr", "road": "", "operator": "", "updated_at": "2026-08-04T16:29"}}, {"type": "Feature", "geometry": {"type": "Point", "coordinates": [-86.1086671, 39.9996742]}, "properties": {"camera_id": "osm_12540934589", "camera_type": "alpr", "road": "", "operator": "", "updated_at": "2026-08-04T16:29"}}, {"type": "Feature", "geometry": {"type": "Point", "coordinates": [-86.1271549, 40.0089057]}, "properties": {"camera_id": "osm_12540937458", "camera_type": "alpr", "road": "", "operator": "", "updated_at": "2026-08-04T16:29"}}, {"type": "Feature", "geometry": {"type": "Point", "coordinates": [-86.1276763, 40.0064421]}, "properties": {"camera_id": "osm_12540937459", "camera_type": "alpr", "road": "", "operator": "", "updated_at": "2026-08-04T16:29"}}, {"type": "Feature", "geometry": {"type": "Point", "coordinates": [-86.2026591, 39.9565894]}, "properties": {"camera_id": "osm_12540959636", "camera_type": "alpr", "road": "", "operator": "", "updated_at": "2026-08-04T16:29"}}, {"type": "Feature", "geometry": {"type": "Point", "coordinates": [-86.1229486, 39.998785]}, "properties": {"camera_id": "osm_12540959637", "camera_type": "alpr", "road": "", "operator": "", "updated_at": "2026-08-04T16:29"}}, {"type": "Feature", "geometry": {"type": "Point", "coordinates": [-86.1230662, 39.9979768]}, "properties": {"camera_id": "osm_12540961041", "camera_type": "alpr", "road": "", "operator": "", "updated_at": "2026-08-04T16:29"}}, {"type": "Feature", "geometry": {"type": "Point", "coordinates": [-86.1227481, 40.001332]}, "properties": {"camera_id": "osm_12540971528", "camera_type": "alpr", "road": "", "operator": "", "updated_at": "2026-08-04T16:29"}}, {"type": "Feature", "geometry": {"type": "Point", "coordinates": [-86.127036, 39.9957588]}, "properties": {"camera_id": "osm_12540982645", "camera_type": "alpr", "road": "", "operator": "", "updated_at": "2026-08-04T16:29"}}, {"type": "Feature", "geometry": {"type": "Point", "coordinates": [-86.1142714, 39.956224]}, "properties": {"camera_id": "osm_12540985434", "camera_type": "alpr", "road": "", "operator": "", "updated_at": "2026-08-04T16:29"}}, {"type": "Feature", "geometry": {"type": "Point", "coordinates": [-86.0740418, 39.9595668]}, "properties": {"camera_id": "osm_12540991857", "camera_type": "alpr", "road": "", "operator": "", "updated_at": "2026-08-04T16:29"}}, {"type": "Feature", "geometry": {"type": "Point", "coordinates": [-86.0629195, 39.9555419]}, "properties": {"camera_id": "osm_12540994330", "camera_type": "alpr", "road": "", "operator": "", "updated_at": "2026-08-04T16:29"}}, {"type": "Feature", "geometry": {"type": "Point", "coordinates": [-86.0339581, 39.9995273]}, "properties": {"camera_id": "osm_12541004203", "camera_type": "alpr", "road": "", "operator": "", "updated_at": "2026-08-04T16:29"}}, {"type": "Feature", "geometry": {"type": "Point", "coordinates": [-86.1122919, 39.929715]}, "properties": {"camera_id": "osm_12541004294", "camera_type": "alpr", "road": "", "operator": "", "updated_at": "2026-08-04T16:29"}}, {"type": "Feature", "geometry": {"type": "Point", "coordinates": [-86.2428206, 39.9551993]}, "properties": {"camera_id": "osm_12541004549", "camera_type": "alpr", "road": "", "operator": "", "updated_at": "2026-08-04T16:29"}}, {"type": "Feature", "geometry": {"type": "Point", "coordinates": [-86.2415695, 40.041626]}, "properties": {"camera_id": "osm_12541007747", "camera_type": "alpr", "road": "", "operator": "", "updated_at": "2026-08-04T16:29"}}, {"type": "Feature", "geometry": {"type": "Point", "coordinates": [-86.1123052, 39.9342348]}, "properties": {"camera_id": "osm_12541016737", "camera_type": "alpr", "road": "", "operator": "", "updated_at": "2026-08-04T16:29"}}, {"type": "Feature", "geometry": {"type": "Point", "coordinates": [-86.1839424, 39.9265234]}, "properties": {"camera_id": "osm_12541092530", "camera_type": "alpr", "road": "", "operator": "", "updated_at": "2026-08-04T16:29"}}, {"type": "Feature", "geometry": {"type": "Point", "coordinates": [-86.2288012, 39.9260917]}, "properties": {"camera_id": "osm_12541100543", "camera_type": "alpr", "road": "", "operator": "", "updated_at": "2026-08-04T16:29"}}, {"type": "Feature", "geometry": {"type": "Point", "coordinates": [-86.0705219, 39.9972325]}, "properties": {"camera_id": "osm_12541101009", "camera_type": "alpr", "road": "", "operator": "", "updated_at": "2026-08-04T16:29"}}, {"type": "Feature", "geometry": {"type": "Point", "coordinates": [-86.2030248, 39.9259978]}, "properties": {"camera_id": "osm_12541101865", "camera_type": "alpr", "road": "", "operator": "", "updated_at": "2026-08-04T16:29"}}, {"type": "Feature", "geometry": {"type": "Point", "coordinates": [-86.1650595, 39.9266429]}, "properties": {"camera_id": "osm_12541106160", "camera_type": "alpr", "road": "", "operator": "", "updated_at": "2026-08-04T16:29"}}, {"type": "Feature", "geometry": {"type": "Point", "coordinates": [-86.1577509, 39.941969]}, "properties": {"camera_id": "osm_12541113556", "camera_type": "alpr", "road": "", "operator": "", "updated_at": "2026-08-04T16:29"}}, {"type": "Feature", "geometry": {"type": "Point", "coordinates": [-86.1577235, 39.9358764]}, "properties": {"camera_id": "osm_12541114888", "camera_type": "alpr", "road": "", "operator": "", "updated_at": "2026-08-04T16:29"}}, {"type": "Feature", "geometry": {"type": "Point", "coordinates": [-86.158427, 39.9387478]}, "properties": {"camera_id": "osm_12541117690", "camera_type": "alpr", "road": "", "operator": "", "updated_at": "2026-08-04T16:29"}}, {"type": "Feature", "geometry": {"type": "Point", "coordinates": [-86.1130341, 39.9786299]}, "properties": {"camera_id": "osm_12541145525", "camera_type": "alpr", "road": "", "operator": "", "updated_at": "2026-08-04T16:29"}}, {"type": "Feature", "geometry": {"type": "Point", "coordinates": [-86.4001742, 39.4243623]}, "properties": {"camera_id": "osm_12541861226", "camera_type": "alpr", "road": "", "operator": "", "updated_at": "2026-08-04T16:29"}}, {"type": "Feature", "geometry": {"type": "Point", "coordinates": [-86.4228392, 39.4068657]}, "properties": {"camera_id": "osm_12541861227", "camera_type": "alpr", "road": "", "operator": "", "updated_at": "2026-08-04T16:29"}}, {"type": "Feature", "geometry": {"type": "Point", "coordinates": [-86.4387406, 39.4102591]}, "properties": {"camera_id": "osm_12541861228", "camera_type": "alpr", "road": "", "operator": "", "updated_at": "2026-08-04T16:29"}}, {"type": "Feature", "geometry": {"type": "Point", "coordinates": [-85.9778068, 41.7245821]}, "properties": {"camera_id": "osm_12541953075", "camera_type": "alpr", "road": "", "operator": "", "updated_at": "2026-08-04T16:29"}}, {"type": "Feature", "geometry": {"type": "Point", "coordinates": [-85.9780795, 41.7246477]}, "properties": {"camera_id": "osm_12541953076", "camera_type": "alpr", "road": "", "operator": "", "updated_at": "2026-08-04T16:29"}}, {"type": "Feature", "geometry": {"type": "Point", "coordinates": [-85.9797016, 41.7247396]}, "properties": {"camera_id": "osm_12541953077", "camera_type": "alpr", "road": "", "operator": "", "updated_at": "2026-08-04T16:29"}}, {"type": "Feature", "geometry": {"type": "Point", "coordinates": [-85.9707479, 41.702456]}, "properties": {"camera_id": "osm_12541957707", "camera_type": "alpr", "road": "", "operator": "", "updated_at": "2026-08-04T16:29"}}, {"type": "Feature", "geometry": {"type": "Point", "coordinates": [-85.888691, 41.7057788]}, "properties": {"camera_id": "osm_12541972544", "camera_type": "alpr", "road": "", "operator": "", "updated_at": "2026-08-04T16:29"}}, {"type": "Feature", "geometry": {"type": "Point", "coordinates": [-85.8954958, 41.6190491]}, "properties": {"camera_id": "osm_12541977961", "camera_type": "alpr", "road": "", "operator": "", "updated_at": "2026-08-04T16:29"}}, {"type": "Feature", "geometry": {"type": "Point", "coordinates": [-85.9104719, 41.6292119]}, "properties": {"camera_id": "osm_12541982803", "camera_type": "alpr", "road": "", "operator": "", "updated_at": "2026-08-04T16:29"}}, {"type": "Feature", "geometry": {"type": "Point", "coordinates": [-85.8283854, 41.5433545]}, "properties": {"camera_id": "osm_12541991434", "camera_type": "alpr", "road": "", "operator": "", "updated_at": "2026-08-04T16:29"}}, {"type": "Feature", "geometry": {"type": "Point", "coordinates": [-86.2220243, 39.9557738]}, "properties": {"camera_id": "osm_12543165382", "camera_type": "alpr", "road": "", "operator": "", "updated_at": "2026-08-04T16:29"}}, {"type": "Feature", "geometry": {"type": "Point", "coordinates": [-86.1216204, 39.9917228]}, "properties": {"camera_id": "osm_12548451435", "camera_type": "alpr", "road": "", "operator": "", "updated_at": "2026-08-04T16:29"}}, {"type": "Feature", "geometry": {"type": "Point", "coordinates": [-85.34689, 39.92776]}, "properties": {"camera_id": "osm_12565986718", "camera_type": "alpr", "road": "", "operator": "", "updated_at": "2026-08-04T16:29"}}, {"type": "Feature", "geometry": {"type": "Point", "coordinates": [-85.3670774, 40.1609043]}, "properties": {"camera_id": "osm_12566467784", "camera_type": "alpr", "road": "", "operator": "", "updated_at": "2026-08-04T16:29"}}, {"type": "Feature", "geometry": {"type": "Point", "coordinates": [-85.7696928, 39.8177766]}, "properties": {"camera_id": "osm_12566506123", "camera_type": "alpr", "road": "", "operator": "", "updated_at": "2026-08-04T16:29"}}, {"type": "Feature", "geometry": {"type": "Point", "coordinates": [-85.7208181, 40.0396363]}, "properties": {"camera_id": "osm_12566532579", "camera_type": "alpr", "road": "", "operator": "", "updated_at": "2026-08-04T16:29"}}, {"type": "Feature", "geometry": {"type": "Point", "coordinates": [-85.7659995, 39.7722865]}, "properties": {"camera_id": "osm_12566541672", "camera_type": "alpr", "road": "", "operator": "", "updated_at": "2026-08-04T16:29"}}, {"type": "Feature", "geometry": {"type": "Point", "coordinates": [-85.6526848, 40.0557642]}, "properties": {"camera_id": "osm_12566545650", "camera_type": "alpr", "road": "", "operator": "", "updated_at": "2026-08-04T16:29"}}, {"type": "Feature", "geometry": {"type": "Point", "coordinates": [-85.6533532, 40.0619444]}, "properties": {"camera_id": "osm_12566547771", "camera_type": "alpr", "road": "", "operator": "", "updated_at": "2026-08-04T16:29"}}, {"type": "Feature", "geometry": {"type": "Point", "coordinates": [-85.3673171, 40.1603253]}, "properties": {"camera_id": "osm_12566568451", "camera_type": "alpr", "road": "", "operator": "", "updated_at": "2026-08-04T16:29"}}, {"type": "Feature", "geometry": {"type": "Point", "coordinates": [-87.2566414, 38.0349399]}, "properties": {"camera_id": "osm_12569754683", "camera_type": "alpr", "road": "", "operator": "Warrick county sheriff", "updated_at": "2026-08-04T16:29"}}, {"type": "Feature", "geometry": {"type": "Point", "coordinates": [-87.5832316, 38.0039849]}, "properties": {"camera_id": "osm_12592913150", "camera_type": "alpr", "road": "", "operator": "Flock Safety", "updated_at": "2026-08-04T16:29"}}, {"type": "Feature", "geometry": {"type": "Point", "coordinates": [-87.6648105, 37.967404]}, "properties": {"camera_id": "osm_12592991558", "camera_type": "alpr", "road": "", "operator": "Flock Safety", "updated_at": "2026-08-04T16:29"}}, {"type": "Feature", "geometry": {"type": "Point", "coordinates": [-85.9230929, 41.636787]}, "properties": {"camera_id": "osm_12603926073", "camera_type": "alpr", "road": "", "operator": "", "updated_at": "2026-08-04T16:29"}}, {"type": "Feature", "geometry": {"type": "Point", "coordinates": [-85.4340302, 39.8045582]}, "properties": {"camera_id": "osm_12611702561", "camera_type": "alpr", "road": "", "operator": "", "updated_at": "2026-08-04T16:29"}}, {"type": "Feature", "geometry": {"type": "Point", "coordinates": [-85.9475117, 39.7410375]}, "properties": {"camera_id": "osm_12611722073", "camera_type": "alpr", "road": "", "operator": "", "updated_at": "2026-08-04T16:29"}}, {"type": "Feature", "geometry": {"type": "Point", "coordinates": [-85.5992571, 39.7918908]}, "properties": {"camera_id": "osm_12611757206", "camera_type": "alpr", "road": "", "operator": "", "updated_at": "2026-08-04T16:29"}}, {"type": "Feature", "geometry": {"type": "Point", "coordinates": [-85.8354124, 39.9400915]}, "properties": {"camera_id": "osm_12621323043", "camera_type": "alpr", "road": "", "operator": "", "updated_at": "2026-08-04T16:29"}}, {"type": "Feature", "geometry": {"type": "Point", "coordinates": [-86.1766612, 41.6297212]}, "properties": {"camera_id": "osm_12621597958", "camera_type": "alpr", "road": "", "operator": "", "updated_at": "2026-08-04T16:29"}}, {"type": "Feature", "geometry": {"type": "Point", "coordinates": [-85.8626982, 39.925955]}, "properties": {"camera_id": "osm_12621769075", "camera_type": "alpr", "road": "", "operator": "", "updated_at": "2026-08-04T16:29"}}, {"type": "Feature", "geometry": {"type": "Point", "coordinates": [-85.8535303, 39.9331261]}, "properties": {"camera_id": "osm_12621919110", "camera_type": "alpr", "road": "", "operator": "", "updated_at": "2026-08-04T16:29"}}, {"type": "Feature", "geometry": {"type": "Point", "coordinates": [-86.3594608, 39.7171358]}, "properties": {"camera_id": "osm_12622668889", "camera_type": "alpr", "road": "", "operator": "Plainfield Police Department", "updated_at": "2026-08-04T16:29"}}, {"type": "Feature", "geometry": {"type": "Point", "coordinates": [-86.0042173, 39.9715311]}, "properties": {"camera_id": "osm_12623450758", "camera_type": "alpr", "road": "", "operator": "", "updated_at": "2026-08-04T16:29"}}, {"type": "Feature", "geometry": {"type": "Point", "coordinates": [-85.8435553, 39.9438655]}, "properties": {"camera_id": "osm_12623476162", "camera_type": "alpr", "road": "", "operator": "", "updated_at": "2026-08-04T16:29"}}, {"type": "Feature", "geometry": {"type": "Point", "coordinates": [-85.8283331, 39.9008026]}, "properties": {"camera_id": "osm_12623489518", "camera_type": "alpr", "road": "", "operator": "", "updated_at": "2026-08-04T16:29"}}, {"type": "Feature", "geometry": {"type": "Point", "coordinates": [-85.9631739, 39.9544279]}, "properties": {"camera_id": "osm_12623521572", "camera_type": "alpr", "road": "", "operator": "", "updated_at": "2026-08-04T16:29"}}, {"type": "Feature", "geometry": {"type": "Point", "coordinates": [-85.9447573, 39.9465297]}, "properties": {"camera_id": "osm_12623555542", "camera_type": "alpr", "road": "", "operator": "", "updated_at": "2026-08-04T16:29"}}, {"type": "Feature", "geometry": {"type": "Point", "coordinates": [-85.9471913, 39.9347079]}, "properties": {"camera_id": "osm_12623556336", "camera_type": "alpr", "road": "", "operator": "", "updated_at": "2026-08-04T16:29"}}, {"type": "Feature", "geometry": {"type": "Point", "coordinates": [-85.93733, 39.887092]}, "properties": {"camera_id": "osm_12623812875", "camera_type": "alpr", "road": "", "operator": "", "updated_at": "2026-08-04T16:29"}}, {"type": "Feature", "geometry": {"type": "Point", "coordinates": [-86.413621, 39.7088043]}, "properties": {"camera_id": "osm_12623816945", "camera_type": "alpr", "road": "", "operator": "Plainfield Police Department", "updated_at": "2026-08-04T16:29"}}, {"type": "Feature", "geometry": {"type": "Point", "coordinates": [-86.4138573, 39.7100006]}, "properties": {"camera_id": "osm_12623831947", "camera_type": "alpr", "road": "", "operator": "Plainfield Police Department", "updated_at": "2026-08-04T16:29"}}, {"type": "Feature", "geometry": {"type": "Point", "coordinates": [-85.9193148, 39.9435372]}, "properties": {"camera_id": "osm_12623866648", "camera_type": "alpr", "road": "", "operator": "", "updated_at": "2026-08-04T16:29"}}, {"type": "Feature", "geometry": {"type": "Point", "coordinates": [-85.9152555, 39.8986783]}, "properties": {"camera_id": "osm_12623870012", "camera_type": "alpr", "road": "", "operator": "", "updated_at": "2026-08-04T16:29"}}, {"type": "Feature", "geometry": {"type": "Point", "coordinates": [-85.9191963, 39.9378467]}, "properties": {"camera_id": "osm_12623898642", "camera_type": "alpr", "road": "", "operator": "", "updated_at": "2026-08-04T16:29"}}, {"type": "Feature", "geometry": {"type": "Point", "coordinates": [-85.9191748, 39.9377109]}, "properties": {"camera_id": "osm_12623898643", "camera_type": "alpr", "road": "", "operator": "", "updated_at": "2026-08-04T16:29"}}, {"type": "Feature", "geometry": {"type": "Point", "coordinates": [-86.0328685, 39.927361]}, "properties": {"camera_id": "osm_12623971167", "camera_type": "alpr", "road": "", "operator": "", "updated_at": "2026-08-04T16:29"}}, {"type": "Feature", "geometry": {"type": "Point", "coordinates": [-86.0078579, 39.9561192]}, "properties": {"camera_id": "osm_12623975594", "camera_type": "alpr", "road": "", "operator": "", "updated_at": "2026-08-04T16:29"}}, {"type": "Feature", "geometry": {"type": "Point", "coordinates": [-85.8429267, 39.995715]}, "properties": {"camera_id": "osm_12624031127", "camera_type": "alpr", "road": "", "operator": "", "updated_at": "2026-08-04T16:29"}}, {"type": "Feature", "geometry": {"type": "Point", "coordinates": [-85.782265, 39.9677983]}, "properties": {"camera_id": "osm_12624046229", "camera_type": "alpr", "road": "", "operator": "", "updated_at": "2026-08-04T16:29"}}, {"type": "Feature", "geometry": {"type": "Point", "coordinates": [-85.9938756, 40.0326784]}, "properties": {"camera_id": "osm_12624065233", "camera_type": "alpr", "road": "", "operator": "", "updated_at": "2026-08-04T16:29"}}, {"type": "Feature", "geometry": {"type": "Point", "coordinates": [-85.931166, 39.9949415]}, "properties": {"camera_id": "osm_12624222900", "camera_type": "alpr", "road": "", "operator": "", "updated_at": "2026-08-04T16:29"}}, {"type": "Feature", "geometry": {"type": "Point", "coordinates": [-85.9287331, 39.9936796]}, "properties": {"camera_id": "osm_12624232130", "camera_type": "alpr", "road": "", "operator": "", "updated_at": "2026-08-04T16:29"}}, {"type": "Feature", "geometry": {"type": "Point", "coordinates": [-86.432735, 39.6927855]}, "properties": {"camera_id": "osm_12624399723", "camera_type": "alpr", "road": "", "operator": "", "updated_at": "2026-08-04T16:29"}}, {"type": "Feature", "geometry": {"type": "Point", "coordinates": [-86.1396951, 39.9497447]}, "properties": {"camera_id": "osm_12624436063", "camera_type": "alpr", "road": "", "operator": "", "updated_at": "2026-08-04T16:29"}}, {"type": "Feature", "geometry": {"type": "Point", "coordinates": [-86.1267339, 39.9263885]}, "properties": {"camera_id": "osm_12624437955", "camera_type": "alpr", "road": "", "operator": "", "updated_at": "2026-08-04T16:29"}}, {"type": "Feature", "geometry": {"type": "Point", "coordinates": [-86.1455694, 39.9524064]}, "properties": {"camera_id": "osm_12624448846", "camera_type": "alpr", "road": "", "operator": "", "updated_at": "2026-08-04T16:29"}}, {"type": "Feature", "geometry": {"type": "Point", "coordinates": [-86.4319678, 39.6927291]}, "properties": {"camera_id": "osm_12624509894", "camera_type": "alpr", "road": "", "operator": "", "updated_at": "2026-08-04T16:29"}}, {"type": "Feature", "geometry": {"type": "Point", "coordinates": [-85.9362587, 39.9273629]}, "properties": {"camera_id": "osm_12624523231", "camera_type": "alpr", "road": "", "operator": "", "updated_at": "2026-08-04T16:29"}}, {"type": "Feature", "geometry": {"type": "Point", "coordinates": [-85.9304839, 39.9278257]}, "properties": {"camera_id": "osm_12624534400", "camera_type": "alpr", "road": "", "operator": "", "updated_at": "2026-08-04T16:29"}}, {"type": "Feature", "geometry": {"type": "Point", "coordinates": [-85.930323, 39.927766]}, "properties": {"camera_id": "osm_12624557101", "camera_type": "alpr", "road": "", "operator": "", "updated_at": "2026-08-04T16:29"}}, {"type": "Feature", "geometry": {"type": "Point", "coordinates": [-85.9190283, 39.8918022]}, "properties": {"camera_id": "osm_12626226894", "camera_type": "alpr", "road": "", "operator": "", "updated_at": "2026-08-04T16:29"}}, {"type": "Feature", "geometry": {"type": "Point", "coordinates": [-85.914961, 39.8268423]}, "properties": {"camera_id": "osm_12626241203", "camera_type": "alpr", "road": "", "operator": "", "updated_at": "2026-08-04T16:29"}}, {"type": "Feature", "geometry": {"type": "Point", "coordinates": [-86.012052, 40.0262924]}, "properties": {"camera_id": "osm_12626382420", "camera_type": "alpr", "road": "", "operator": "", "updated_at": "2026-08-04T16:29"}}, {"type": "Feature", "geometry": {"type": "Point", "coordinates": [-86.1300802, 39.9999014]}, "properties": {"camera_id": "osm_12626505312", "camera_type": "alpr", "road": "", "operator": "", "updated_at": "2026-08-04T16:29"}}, {"type": "Feature", "geometry": {"type": "Point", "coordinates": [-86.0649898, 39.9063044]}, "properties": {"camera_id": "osm_12626529110", "camera_type": "alpr", "road": "", "operator": "", "updated_at": "2026-08-04T16:29"}}, {"type": "Feature", "geometry": {"type": "Point", "coordinates": [-86.0603227, 39.9079052]}, "properties": {"camera_id": "osm_12626532847", "camera_type": "alpr", "road": "", "operator": "", "updated_at": "2026-08-04T16:29"}}, {"type": "Feature", "geometry": {"type": "Point", "coordinates": [-86.0653228, 39.9121991]}, "properties": {"camera_id": "osm_12626549085", "camera_type": "alpr", "road": "", "operator": "", "updated_at": "2026-08-04T16:29"}}, {"type": "Feature", "geometry": {"type": "Point", "coordinates": [-86.0667091, 39.905788]}, "properties": {"camera_id": "osm_12626575251", "camera_type": "alpr", "road": "", "operator": "", "updated_at": "2026-08-04T16:29"}}, {"type": "Feature", "geometry": {"type": "Point", "coordinates": [-86.0603925, 39.9065102]}, "properties": {"camera_id": "osm_12626575252", "camera_type": "alpr", "road": "", "operator": "", "updated_at": "2026-08-04T16:29"}}, {"type": "Feature", "geometry": {"type": "Point", "coordinates": [-86.0624041, 39.9059403]}, "properties": {"camera_id": "osm_12626584350", "camera_type": "alpr", "road": "", "operator": "", "updated_at": "2026-08-04T16:29"}}, {"type": "Feature", "geometry": {"type": "Point", "coordinates": [-86.0703902, 39.9075505]}, "properties": {"camera_id": "osm_12626588205", "camera_type": "alpr", "road": "", "operator": "", "updated_at": "2026-08-04T16:29"}}, {"type": "Feature", "geometry": {"type": "Point", "coordinates": [-86.0264579, 39.9279566]}, "properties": {"camera_id": "osm_12626601500", "camera_type": "alpr", "road": "", "operator": "", "updated_at": "2026-08-04T16:29"}}, {"type": "Feature", "geometry": {"type": "Point", "coordinates": [-86.4435787, 39.872274]}, "properties": {"camera_id": "osm_12626607496", "camera_type": "alpr", "road": "", "operator": "", "updated_at": "2026-08-04T16:29"}}, {"type": "Feature", "geometry": {"type": "Point", "coordinates": [-86.0700814, 39.9096371]}, "properties": {"camera_id": "osm_12626607810", "camera_type": "alpr", "road": "", "operator": "", "updated_at": "2026-08-04T16:29"}}, {"type": "Feature", "geometry": {"type": "Point", "coordinates": [-86.4444804, 39.8648082]}, "properties": {"camera_id": "osm_12626619394", "camera_type": "alpr", "road": "", "operator": "", "updated_at": "2026-08-04T16:29"}}, {"type": "Feature", "geometry": {"type": "Point", "coordinates": [-85.9527099, 39.797339]}, "properties": {"camera_id": "osm_12626702472", "camera_type": "alpr", "road": "", "operator": "", "updated_at": "2026-08-04T16:29"}}, {"type": "Feature", "geometry": {"type": "Point", "coordinates": [-87.5111434, 37.9575191]}, "properties": {"camera_id": "osm_12627020591", "camera_type": "alpr", "road": "", "operator": "Flock Safety", "updated_at": "2026-08-04T16:29"}}, {"type": "Feature", "geometry": {"type": "Point", "coordinates": [-87.5113542, 37.9548396]}, "properties": {"camera_id": "osm_12627020592", "camera_type": "alpr", "road": "", "operator": "Flock Safety", "updated_at": "2026-08-04T16:29"}}, {"type": "Feature", "geometry": {"type": "Point", "coordinates": [-87.5421705, 37.9507673]}, "properties": {"camera_id": "osm_12627020593", "camera_type": "alpr", "road": "", "operator": "Flock Safety", "updated_at": "2026-08-04T16:29"}}, {"type": "Feature", "geometry": {"type": "Point", "coordinates": [-87.543069, 37.9515759]}, "properties": {"camera_id": "osm_12627020594", "camera_type": "alpr", "road": "", "operator": "Flock Safety", "updated_at": "2026-08-04T16:29"}}, {"type": "Feature", "geometry": {"type": "Point", "coordinates": [-87.600439, 37.9810938]}, "properties": {"camera_id": "osm_12627020595", "camera_type": "alpr", "road": "", "operator": "Flock Safety", "updated_at": "2026-08-04T16:29"}}, {"type": "Feature", "geometry": {"type": "Point", "coordinates": [-87.4928117, 37.9808704]}, "properties": {"camera_id": "osm_12627020596", "camera_type": "alpr", "road": "", "operator": "Flock Safety", "updated_at": "2026-08-04T16:29"}}, {"type": "Feature", "geometry": {"type": "Point", "coordinates": [-87.4927884, 37.989089]}, "properties": {"camera_id": "osm_12627020597", "camera_type": "alpr", "road": "", "operator": "Flock Safety", "updated_at": "2026-08-04T16:29"}}, {"type": "Feature", "geometry": {"type": "Point", "coordinates": [-85.7583445, 38.2958447]}, "properties": {"camera_id": "osm_12627040935", "camera_type": "alpr", "road": "", "operator": "Flock Safety", "updated_at": "2026-08-04T16:29"}}, {"type": "Feature", "geometry": {"type": "Point", "coordinates": [-85.7824707, 38.3451385]}, "properties": {"camera_id": "osm_12627045172", "camera_type": "alpr", "road": "", "operator": "Flock Safety", "updated_at": "2026-08-04T16:29"}}, {"type": "Feature", "geometry": {"type": "Point", "coordinates": [-85.7961131, 39.8274331]}, "properties": {"camera_id": "osm_12628617905", "camera_type": "alpr", "road": "", "operator": "", "updated_at": "2026-08-04T16:29"}}, {"type": "Feature", "geometry": {"type": "Point", "coordinates": [-85.9499157, 39.6972127]}, "properties": {"camera_id": "osm_12628620617", "camera_type": "alpr", "road": "", "operator": "", "updated_at": "2026-08-04T16:29"}}, {"type": "Feature", "geometry": {"type": "Point", "coordinates": [-85.7737236, 39.6942125]}, "properties": {"camera_id": "osm_12628624718", "camera_type": "alpr", "road": "", "operator": "", "updated_at": "2026-08-04T16:29"}}, {"type": "Feature", "geometry": {"type": "Point", "coordinates": [-85.9515064, 39.6982927]}, "properties": {"camera_id": "osm_12628646071", "camera_type": "alpr", "road": "", "operator": "", "updated_at": "2026-08-04T16:29"}}, {"type": "Feature", "geometry": {"type": "Point", "coordinates": [-85.9192944, 39.9437381]}, "properties": {"camera_id": "osm_12628867028", "camera_type": "alpr", "road": "", "operator": "", "updated_at": "2026-08-04T16:29"}}, {"type": "Feature", "geometry": {"type": "Point", "coordinates": [-86.2359475, 41.7307838]}, "properties": {"camera_id": "osm_12633688878", "camera_type": "alpr", "road": "", "operator": "", "updated_at": "2026-08-04T16:29"}}, {"type": "Feature", "geometry": {"type": "Point", "coordinates": [-86.2503984, 41.7235198]}, "properties": {"camera_id": "osm_12633734367", "camera_type": "alpr", "road": "", "operator": "", "updated_at": "2026-08-04T16:29"}}, {"type": "Feature", "geometry": {"type": "Point", "coordinates": [-85.7706799, 40.0046931]}, "properties": {"camera_id": "osm_12643896574", "camera_type": "alpr", "road": "", "operator": "", "updated_at": "2026-08-04T16:29"}}, {"type": "Feature", "geometry": {"type": "Point", "coordinates": [-85.5939619, 39.8735283]}, "properties": {"camera_id": "osm_12643896584", "camera_type": "alpr", "road": "", "operator": "", "updated_at": "2026-08-04T16:29"}}, {"type": "Feature", "geometry": {"type": "Point", "coordinates": [-85.7510502, 39.9837057]}, "properties": {"camera_id": "osm_12643904179", "camera_type": "alpr", "road": "", "operator": "", "updated_at": "2026-08-04T16:29"}}, {"type": "Feature", "geometry": {"type": "Point", "coordinates": [-85.7230733, 40.0357352]}, "properties": {"camera_id": "osm_12643949943", "camera_type": "alpr", "road": "", "operator": "", "updated_at": "2026-08-04T16:29"}}, {"type": "Feature", "geometry": {"type": "Point", "coordinates": [-85.6346018, 39.9455408]}, "properties": {"camera_id": "osm_12643976149", "camera_type": "alpr", "road": "", "operator": "", "updated_at": "2026-08-04T16:29"}}, {"type": "Feature", "geometry": {"type": "Point", "coordinates": [-85.7736458, 39.6992611]}, "properties": {"camera_id": "osm_12643977274", "camera_type": "alpr", "road": "", "operator": "", "updated_at": "2026-08-04T16:29"}}, {"type": "Feature", "geometry": {"type": "Point", "coordinates": [-85.5772158, 39.9019789]}, "properties": {"camera_id": "osm_12643990511", "camera_type": "alpr", "road": "", "operator": "", "updated_at": "2026-08-04T16:29"}}, {"type": "Feature", "geometry": {"type": "Point", "coordinates": [-85.953081, 39.7765544]}, "properties": {"camera_id": "osm_12644031677", "camera_type": "alpr", "road": "", "operator": "", "updated_at": "2026-08-04T16:29"}}, {"type": "Feature", "geometry": {"type": "Point", "coordinates": [-85.9376534, 39.9970692]}, "properties": {"camera_id": "osm_12647664390", "camera_type": "alpr", "road": "", "operator": "", "updated_at": "2026-08-04T16:29"}}, {"type": "Feature", "geometry": {"type": "Point", "coordinates": [-86.2405038, 39.9261159]}, "properties": {"camera_id": "osm_12650133567", "camera_type": "alpr", "road": "", "operator": "", "updated_at": "2026-08-04T16:29"}}, {"type": "Feature", "geometry": {"type": "Point", "coordinates": [-85.7677038, 39.9445233]}, "properties": {"camera_id": "osm_12650157820", "camera_type": "alpr", "road": "", "operator": "", "updated_at": "2026-08-04T16:29"}}, {"type": "Feature", "geometry": {"type": "Point", "coordinates": [-86.2304621, 39.9280486]}, "properties": {"camera_id": "osm_12650161067", "camera_type": "alpr", "road": "", "operator": "", "updated_at": "2026-08-04T16:29"}}, {"type": "Feature", "geometry": {"type": "Point", "coordinates": [-86.2597972, 39.9274561]}, "properties": {"camera_id": "osm_12650166134", "camera_type": "alpr", "road": "", "operator": "", "updated_at": "2026-08-04T16:29"}}, {"type": "Feature", "geometry": {"type": "Point", "coordinates": [-85.9523547, 39.8561111]}, "properties": {"camera_id": "osm_12650566967", "camera_type": "alpr", "road": "", "operator": "", "updated_at": "2026-08-04T16:29"}}, {"type": "Feature", "geometry": {"type": "Point", "coordinates": [-85.9490637, 39.716308]}, "properties": {"camera_id": "osm_12650619992", "camera_type": "alpr", "road": "", "operator": "", "updated_at": "2026-08-04T16:29"}}, {"type": "Feature", "geometry": {"type": "Point", "coordinates": [-85.9522454, 39.81204]}, "properties": {"camera_id": "osm_12650640405", "camera_type": "alpr", "road": "", "operator": "", "updated_at": "2026-08-04T16:29"}}, {"type": "Feature", "geometry": {"type": "Point", "coordinates": [-85.9529759, 39.8267223]}, "properties": {"camera_id": "osm_12650646313", "camera_type": "alpr", "road": "", "operator": "", "updated_at": "2026-08-04T16:29"}}, {"type": "Feature", "geometry": {"type": "Point", "coordinates": [-85.9374637, 39.8697811]}, "properties": {"camera_id": "osm_12650649383", "camera_type": "alpr", "road": "", "operator": "", "updated_at": "2026-08-04T16:29"}}, {"type": "Feature", "geometry": {"type": "Point", "coordinates": [-85.1704775, 40.7269876]}, "properties": {"camera_id": "osm_12663583650", "camera_type": "alpr", "road": "", "operator": "Bluffton Police Department", "updated_at": "2026-08-04T16:29"}}, {"type": "Feature", "geometry": {"type": "Point", "coordinates": [-85.1708895, 40.7429055]}, "properties": {"camera_id": "osm_12663614801", "camera_type": "alpr", "road": "", "operator": "Bluffton Police Department", "updated_at": "2026-08-04T16:29"}}, {"type": "Feature", "geometry": {"type": "Point", "coordinates": [-85.1642702, 40.7716107]}, "properties": {"camera_id": "osm_12663634849", "camera_type": "alpr", "road": "", "operator": "Lowe's", "updated_at": "2026-08-04T16:29"}}, {"type": "Feature", "geometry": {"type": "Point", "coordinates": [-85.1659737, 40.7719509]}, "properties": {"camera_id": "osm_12663634850", "camera_type": "alpr", "road": "", "operator": "Bluffton Police Department", "updated_at": "2026-08-04T16:29"}}, {"type": "Feature", "geometry": {"type": "Point", "coordinates": [-85.064398, 40.7430524]}, "properties": {"camera_id": "osm_12663634851", "camera_type": "alpr", "road": "", "operator": "Adams County Sheriff's Office", "updated_at": "2026-08-04T16:29"}}, {"type": "Feature", "geometry": {"type": "Point", "coordinates": [-85.0715353, 40.7431917]}, "properties": {"camera_id": "osm_12663634852", "camera_type": "alpr", "road": "", "operator": "Wells County Sheriff's Office", "updated_at": "2026-08-04T16:29"}}, {"type": "Feature", "geometry": {"type": "Point", "coordinates": [-85.1499526, 40.5813783]}, "properties": {"camera_id": "osm_12663634853", "camera_type": "alpr", "road": "", "operator": "Wells County Sheriff's Office", "updated_at": "2026-08-04T16:29"}}, {"type": "Feature", "geometry": {"type": "Point", "coordinates": [-85.0693192, 40.6554869]}, "properties": {"camera_id": "osm_12663634854", "camera_type": "alpr", "road": "", "operator": "Adams County Sheriff's Office", "updated_at": "2026-08-04T16:29"}}, {"type": "Feature", "geometry": {"type": "Point", "coordinates": [-85.1672357, 40.9164055]}, "properties": {"camera_id": "osm_12663634855", "camera_type": "alpr", "road": "", "operator": "Wells County Sheriff's Office", "updated_at": "2026-08-04T16:29"}}, {"type": "Feature", "geometry": {"type": "Point", "coordinates": [-84.9373852, 40.8047405]}, "properties": {"camera_id": "osm_12663634856", "camera_type": "alpr", "road": "", "operator": "Adams County Sheriff's Office", "updated_at": "2026-08-04T16:29"}}, {"type": "Feature", "geometry": {"type": "Point", "coordinates": [-84.9474342, 40.8691305]}, "properties": {"camera_id": "osm_12663634857", "camera_type": "alpr", "road": "", "operator": "Adams County Sheriff's Office", "updated_at": "2026-08-04T16:29"}}, {"type": "Feature", "geometry": {"type": "Point", "coordinates": [-84.9457248, 40.8686737]}, "properties": {"camera_id": "osm_12663634858", "camera_type": "alpr", "road": "", "operator": "Adams County Sheriff's Office", "updated_at": "2026-08-04T16:29"}}, {"type": "Feature", "geometry": {"type": "Point", "coordinates": [-84.8618757, 40.9209741]}, "properties": {"camera_id": "osm_12663634859", "camera_type": "alpr", "road": "", "operator": "Adams County Sheriff's Office", "updated_at": "2026-08-04T16:29"}}, {"type": "Feature", "geometry": {"type": "Point", "coordinates": [-85.8197719, 40.7784909]}, "properties": {"camera_id": "osm_12663634860", "camera_type": "alpr", "road": "", "operator": "", "updated_at": "2026-08-04T16:29"}}, {"type": "Feature", "geometry": {"type": "Point", "coordinates": [-85.8195007, 40.7774124]}, "properties": {"camera_id": "osm_12663634861", "camera_type": "alpr", "road": "", "operator": "", "updated_at": "2026-08-04T16:29"}}, {"type": "Feature", "geometry": {"type": "Point", "coordinates": [-85.8065866, 41.2036274]}, "properties": {"camera_id": "osm_12663634862", "camera_type": "alpr", "road": "", "operator": "", "updated_at": "2026-08-04T16:29"}}, {"type": "Feature", "geometry": {"type": "Point", "coordinates": [-85.3696442, 41.6417931]}, "properties": {"camera_id": "osm_12663634863", "camera_type": "alpr", "road": "", "operator": "LaGrange County Sheriffs Office", "updated_at": "2026-08-04T16:29"}}, {"type": "Feature", "geometry": {"type": "Point", "coordinates": [-85.050839, 41.3884912]}, "properties": {"camera_id": "osm_12663634864", "camera_type": "alpr", "road": "", "operator": "Auburn Police Department", "updated_at": "2026-08-04T16:29"}}, {"type": "Feature", "geometry": {"type": "Point", "coordinates": [-85.0592348, 41.3525892]}, "properties": {"camera_id": "osm_12663634865", "camera_type": "alpr", "road": "", "operator": "Auburn Police Department", "updated_at": "2026-08-04T16:29"}}, {"type": "Feature", "geometry": {"type": "Point", "coordinates": [-85.0812526, 41.3519194]}, "properties": {"camera_id": "osm_12663634866", "camera_type": "alpr", "road": "", "operator": "Auburn Police Department", "updated_at": "2026-08-04T16:29"}}, {"type": "Feature", "geometry": {"type": "Point", "coordinates": [-86.0467403, 41.1731651]}, "properties": {"camera_id": "osm_12663634867", "camera_type": "alpr", "road": "", "operator": "", "updated_at": "2026-08-04T16:29"}}, {"type": "Feature", "geometry": {"type": "Point", "coordinates": [-86.2420017, 41.172014]}, "properties": {"camera_id": "osm_12663634868", "camera_type": "alpr", "road": "", "operator": "", "updated_at": "2026-08-04T16:29"}}, {"type": "Feature", "geometry": {"type": "Point", "coordinates": [-86.5066494, 41.055436]}, "properties": {"camera_id": "osm_12663634869", "camera_type": "alpr", "road": "", "operator": "", "updated_at": "2026-08-04T16:29"}}, {"type": "Feature", "geometry": {"type": "Point", "coordinates": [-85.202564, 41.6420659]}, "properties": {"camera_id": "osm_12663645426", "camera_type": "alpr", "road": "", "operator": "LaGrange County Sheriffs Office", "updated_at": "2026-08-04T16:29"}}, {"type": "Feature", "geometry": {"type": "Point", "coordinates": [-85.7192267, 39.7877286]}, "properties": {"camera_id": "osm_12669371184", "camera_type": "alpr", "road": "", "operator": "", "updated_at": "2026-08-04T16:29"}}, {"type": "Feature", "geometry": {"type": "Point", "coordinates": [-85.7265049, 39.787038]}, "properties": {"camera_id": "osm_12669421824", "camera_type": "alpr", "road": "", "operator": "", "updated_at": "2026-08-04T16:29"}}, {"type": "Feature", "geometry": {"type": "Point", "coordinates": [-85.7571443, 39.7996232]}, "properties": {"camera_id": "osm_12669433653", "camera_type": "alpr", "road": "", "operator": "", "updated_at": "2026-08-04T16:29"}}, {"type": "Feature", "geometry": {"type": "Point", "coordinates": [-86.2944395, 39.7792525]}, "properties": {"camera_id": "osm_12671202027", "camera_type": "alpr", "road": "", "operator": "", "updated_at": "2026-08-04T16:29"}}, {"type": "Feature", "geometry": {"type": "Point", "coordinates": [-85.9526949, 39.8340879]}, "properties": {"camera_id": "osm_12673817580", "camera_type": "alpr", "road": "", "operator": "", "updated_at": "2026-08-04T16:29"}}, {"type": "Feature", "geometry": {"type": "Point", "coordinates": [-85.9523627, 39.8524895]}, "properties": {"camera_id": "osm_12673874093", "camera_type": "alpr", "road": "", "operator": "", "updated_at": "2026-08-04T16:29"}}, {"type": "Feature", "geometry": {"type": "Point", "coordinates": [-85.5523875, 40.4805991]}, "properties": {"camera_id": "osm_12699228356", "camera_type": "alpr", "road": "", "operator": "", "updated_at": "2026-08-04T16:29"}}, {"type": "Feature", "geometry": {"type": "Point", "coordinates": [-85.1656159, 40.7731162]}, "properties": {"camera_id": "osm_12699228357", "camera_type": "alpr", "road": "", "operator": "Lowe's", "updated_at": "2026-08-04T16:29"}}, {"type": "Feature", "geometry": {"type": "Point", "coordinates": [-84.8410632, 39.122884]}, "properties": {"camera_id": "osm_12699283813", "camera_type": "alpr", "road": "", "operator": "", "updated_at": "2026-08-04T16:29"}}, {"type": "Feature", "geometry": {"type": "Point", "coordinates": [-84.8457014, 39.1248697]}, "properties": {"camera_id": "osm_12699283814", "camera_type": "alpr", "road": "", "operator": "", "updated_at": "2026-08-04T16:29"}}, {"type": "Feature", "geometry": {"type": "Point", "coordinates": [-84.847219, 39.1243224]}, "properties": {"camera_id": "osm_12699283815", "camera_type": "alpr", "road": "", "operator": "", "updated_at": "2026-08-04T16:29"}}, {"type": "Feature", "geometry": {"type": "Point", "coordinates": [-84.8481033, 39.1231824]}, "properties": {"camera_id": "osm_12699283816", "camera_type": "alpr", "road": "", "operator": "", "updated_at": "2026-08-04T16:29"}}, {"type": "Feature", "geometry": {"type": "Point", "coordinates": [-87.5216326, 41.4717617]}, "properties": {"camera_id": "osm_12751770662", "camera_type": "alpr", "road": "", "operator": "", "updated_at": "2026-08-04T16:29"}}, {"type": "Feature", "geometry": {"type": "Point", "coordinates": [-87.5184271, 41.4639021]}, "properties": {"camera_id": "osm_12751770664", "camera_type": "alpr", "road": "", "operator": "", "updated_at": "2026-08-04T16:29"}}, {"type": "Feature", "geometry": {"type": "Point", "coordinates": [-86.3318264, 41.7601108]}, "properties": {"camera_id": "osm_12754435982", "camera_type": "alpr", "road": "", "operator": "", "updated_at": "2026-08-04T16:29"}}, {"type": "Feature", "geometry": {"type": "Point", "coordinates": [-86.0309846, 39.9269291]}, "properties": {"camera_id": "osm_12755180504", "camera_type": "alpr", "road": "", "operator": "", "updated_at": "2026-08-04T16:29"}}, {"type": "Feature", "geometry": {"type": "Point", "coordinates": [-86.0315279, 39.9268917]}, "properties": {"camera_id": "osm_12755194952", "camera_type": "alpr", "road": "", "operator": "", "updated_at": "2026-08-04T16:29"}}, {"type": "Feature", "geometry": {"type": "Point", "coordinates": [-85.385833, 39.8839105]}, "properties": {"camera_id": "osm_12755583970", "camera_type": "alpr", "road": "", "operator": "", "updated_at": "2026-08-04T16:29"}}, {"type": "Feature", "geometry": {"type": "Point", "coordinates": [-84.8025063, 40.7529365]}, "properties": {"camera_id": "osm_12763239797", "camera_type": "alpr", "road": "", "operator": "Adams County Sheriff's Office", "updated_at": "2026-08-04T16:29"}}, {"type": "Feature", "geometry": {"type": "Point", "coordinates": [-84.9588729, 40.5705452]}, "properties": {"camera_id": "osm_12763239798", "camera_type": "alpr", "road": "", "operator": "Adams County Sheriff's Office", "updated_at": "2026-08-04T16:29"}}, {"type": "Feature", "geometry": {"type": "Point", "coordinates": [-85.1722504, 40.7409471]}, "properties": {"camera_id": "osm_12763239799", "camera_type": "alpr", "road": "", "operator": "Bluffton Police Department", "updated_at": "2026-08-04T16:29"}}, {"type": "Feature", "geometry": {"type": "Point", "coordinates": [-85.3605686, 39.9440248]}, "properties": {"camera_id": "osm_12771175812", "camera_type": "alpr", "road": "", "operator": "", "updated_at": "2026-08-04T16:29"}}, {"type": "Feature", "geometry": {"type": "Point", "coordinates": [-85.5687155, 40.0046348]}, "properties": {"camera_id": "osm_12771211811", "camera_type": "alpr", "road": "", "operator": "", "updated_at": "2026-08-04T16:29"}}, {"type": "Feature", "geometry": {"type": "Point", "coordinates": [-85.7091654, 40.0613474]}, "properties": {"camera_id": "osm_12771219936", "camera_type": "alpr", "road": "", "operator": "", "updated_at": "2026-08-04T16:29"}}, {"type": "Feature", "geometry": {"type": "Point", "coordinates": [-86.8759418, 41.0560165]}, "properties": {"camera_id": "osm_12780168779", "camera_type": "alpr", "road": "", "operator": "", "updated_at": "2026-08-04T16:29"}}, {"type": "Feature", "geometry": {"type": "Point", "coordinates": [-87.2677712, 41.1445516]}, "properties": {"camera_id": "osm_12780168780", "camera_type": "alpr", "road": "", "operator": "", "updated_at": "2026-08-04T16:29"}}, {"type": "Feature", "geometry": {"type": "Point", "coordinates": [-87.2624175, 41.1443991]}, "properties": {"camera_id": "osm_12780168781", "camera_type": "alpr", "road": "", "operator": "", "updated_at": "2026-08-04T16:29"}}, {"type": "Feature", "geometry": {"type": "Point", "coordinates": [-87.2756171, 41.0131124]}, "properties": {"camera_id": "osm_12780168782", "camera_type": "alpr", "road": "", "operator": "", "updated_at": "2026-08-04T16:29"}}, {"type": "Feature", "geometry": {"type": "Point", "coordinates": [-87.2787639, 41.0130895]}, "properties": {"camera_id": "osm_12780168783", "camera_type": "alpr", "road": "", "operator": "", "updated_at": "2026-08-04T16:29"}}, {"type": "Feature", "geometry": {"type": "Point", "coordinates": [-87.4492203, 41.0138253]}, "properties": {"camera_id": "osm_12780168784", "camera_type": "alpr", "road": "", "operator": "", "updated_at": "2026-08-04T16:29"}}, {"type": "Feature", "geometry": {"type": "Point", "coordinates": [-87.5118361, 41.1523541]}, "properties": {"camera_id": "osm_12780168785", "camera_type": "alpr", "road": "", "operator": "", "updated_at": "2026-08-04T16:29"}}, {"type": "Feature", "geometry": {"type": "Point", "coordinates": [-86.2403714, 39.9483373]}, "properties": {"camera_id": "osm_12796143446", "camera_type": "alpr", "road": "", "operator": "ZionsvillePD", "updated_at": "2026-08-04T16:29"}}, {"type": "Feature", "geometry": {"type": "Point", "coordinates": [-86.2309528, 39.9283683]}, "properties": {"camera_id": "osm_12796308521", "camera_type": "alpr", "road": "", "operator": "", "updated_at": "2026-08-04T16:29"}}, {"type": "Feature", "geometry": {"type": "Point", "coordinates": [-87.3211687, 41.4716246]}, "properties": {"camera_id": "osm_12796379510", "camera_type": "alpr", "road": "", "operator": "Lake County Sheriffs Office", "updated_at": "2026-08-04T16:29"}}, {"type": "Feature", "geometry": {"type": "Point", "coordinates": [-87.1666871, 41.4702834]}, "properties": {"camera_id": "osm_12796379511", "camera_type": "alpr", "road": "", "operator": "Porter County Sheriffs Office", "updated_at": "2026-08-04T16:29"}}, {"type": "Feature", "geometry": {"type": "Point", "coordinates": [-87.1743176, 41.4708148]}, "properties": {"camera_id": "osm_12796379512", "camera_type": "alpr", "road": "", "operator": "Porter County Sheriffs Office", "updated_at": "2026-08-04T16:29"}}, {"type": "Feature", "geometry": {"type": "Point", "coordinates": [-87.0945403, 41.4613975]}, "properties": {"camera_id": "osm_12796379513", "camera_type": "alpr", "road": "", "operator": "Valparasio Police Department", "updated_at": "2026-08-04T16:29"}}, {"type": "Feature", "geometry": {"type": "Point", "coordinates": [-87.095955, 41.4617807]}, "properties": {"camera_id": "osm_12796379514", "camera_type": "alpr", "road": "", "operator": "Valparasio Police Department", "updated_at": "2026-08-04T16:29"}}, {"type": "Feature", "geometry": {"type": "Point", "coordinates": [-87.0315588, 41.4573555]}, "properties": {"camera_id": "osm_12796379515", "camera_type": "alpr", "road": "", "operator": "Valparasio Police Department", "updated_at": "2026-08-04T16:29"}}, {"type": "Feature", "geometry": {"type": "Point", "coordinates": [-86.9847382, 41.4428934]}, "properties": {"camera_id": "osm_12796379516", "camera_type": "alpr", "road": "", "operator": "Porter County Sheriffs Office", "updated_at": "2026-08-04T16:29"}}, {"type": "Feature", "geometry": {"type": "Point", "coordinates": [-86.984638, 41.4425783]}, "properties": {"camera_id": "osm_12796379517", "camera_type": "alpr", "road": "", "operator": "Porter County Sheriffs Office", "updated_at": "2026-08-04T16:29"}}, {"type": "Feature", "geometry": {"type": "Point", "coordinates": [-86.9299312, 41.4359355]}, "properties": {"camera_id": "osm_12796379518", "camera_type": "alpr", "road": "", "operator": "LaPorte County Sheriffs Office", "updated_at": "2026-08-04T16:29"}}, {"type": "Feature", "geometry": {"type": "Point", "coordinates": [-86.6536655, 41.3936711]}, "properties": {"camera_id": "osm_12796379519", "camera_type": "alpr", "road": "", "operator": "Starke County Sheriffs Office", "updated_at": "2026-08-04T16:29"}}, {"type": "Feature", "geometry": {"type": "Point", "coordinates": [-86.4664228, 41.3649292]}, "properties": {"camera_id": "osm_12796379520", "camera_type": "alpr", "road": "", "operator": "Starke County Sheriffs Office", "updated_at": "2026-08-04T16:29"}}, {"type": "Feature", "geometry": {"type": "Point", "coordinates": [-86.460836, 41.3643329]}, "properties": {"camera_id": "osm_12796379521", "camera_type": "alpr", "road": "", "operator": "Marshall County Sheriffs Office", "updated_at": "2026-08-04T16:29"}}, {"type": "Feature", "geometry": {"type": "Point", "coordinates": [-86.0674122, 41.2894075]}, "properties": {"camera_id": "osm_12796379522", "camera_type": "alpr", "road": "", "operator": "Marshall County Sheriffs Office", "updated_at": "2026-08-04T16:29"}}, {"type": "Feature", "geometry": {"type": "Point", "coordinates": [-85.8745292, 41.270304]}, "properties": {"camera_id": "osm_12796379523", "camera_type": "alpr", "road": "", "operator": "", "updated_at": "2026-08-04T16:29"}}, {"type": "Feature", "geometry": {"type": "Point", "coordinates": [-85.2064144, 41.1255908]}, "properties": {"camera_id": "osm_12796379524", "camera_type": "alpr", "road": "", "operator": "Fort Wayne Police Department", "updated_at": "2026-08-04T16:29"}}, {"type": "Feature", "geometry": {"type": "Point", "coordinates": [-86.2787321, 39.9274819]}, "properties": {"camera_id": "osm_12796412571", "camera_type": "alpr", "road": "", "operator": "ZionsvillePD", "updated_at": "2026-08-04T16:29"}}, {"type": "Feature", "geometry": {"type": "Point", "coordinates": [-86.2411484, 41.624128]}, "properties": {"camera_id": "osm_12797751675", "camera_type": "alpr", "road": "", "operator": "", "updated_at": "2026-08-04T16:29"}}, {"type": "Feature", "geometry": {"type": "Point", "coordinates": [-86.2585963, 41.624893]}, "properties": {"camera_id": "osm_12797769021", "camera_type": "alpr", "road": "", "operator": "", "updated_at": "2026-08-04T16:29"}}, {"type": "Feature", "geometry": {"type": "Point", "coordinates": [-86.241602, 39.9407602]}, "properties": {"camera_id": "osm_12797992650", "camera_type": "alpr", "road": "", "operator": "", "updated_at": "2026-08-04T16:29"}}, {"type": "Feature", "geometry": {"type": "Point", "coordinates": [-86.2418496, 39.9405835]}, "properties": {"camera_id": "osm_12797992651", "camera_type": "alpr", "road": "", "operator": "", "updated_at": "2026-08-04T16:29"}}, {"type": "Feature", "geometry": {"type": "Point", "coordinates": [-86.248452, 39.9547921]}, "properties": {"camera_id": "osm_12798366973", "camera_type": "alpr", "road": "", "operator": "", "updated_at": "2026-08-04T16:29"}}, {"type": "Feature", "geometry": {"type": "Point", "coordinates": [-86.2404545, 39.9499289]}, "properties": {"camera_id": "osm_12802632834", "camera_type": "alpr", "road": "", "operator": "", "updated_at": "2026-08-04T16:29"}}, {"type": "Feature", "geometry": {"type": "Point", "coordinates": [-86.2407531, 39.9498893]}, "properties": {"camera_id": "osm_12802632835", "camera_type": "alpr", "road": "", "operator": "", "updated_at": "2026-08-04T16:29"}}, {"type": "Feature", "geometry": {"type": "Point", "coordinates": [-86.2485903, 39.962548]}, "properties": {"camera_id": "osm_12802632836", "camera_type": "alpr", "road": "", "operator": "", "updated_at": "2026-08-04T16:29"}}, {"type": "Feature", "geometry": {"type": "Point", "coordinates": [-86.1586282, 39.9562215]}, "properties": {"camera_id": "osm_12802648675", "camera_type": "alpr", "road": "", "operator": "", "updated_at": "2026-08-04T16:29"}}, {"type": "Feature", "geometry": {"type": "Point", "coordinates": [-86.158299, 39.9546509]}, "properties": {"camera_id": "osm_12802648676", "camera_type": "alpr", "road": "", "operator": "", "updated_at": "2026-08-04T16:29"}}, {"type": "Feature", "geometry": {"type": "Point", "coordinates": [-86.1562364, 39.9561414]}, "properties": {"camera_id": "osm_12802648677", "camera_type": "alpr", "road": "", "operator": "", "updated_at": "2026-08-04T16:29"}}, {"type": "Feature", "geometry": {"type": "Point", "coordinates": [-86.1572888, 39.9566896]}, "properties": {"camera_id": "osm_12802648678", "camera_type": "alpr", "road": "", "operator": "", "updated_at": "2026-08-04T16:29"}}, {"type": "Feature", "geometry": {"type": "Point", "coordinates": [-86.1566438, 39.9776696]}, "properties": {"camera_id": "osm_12802648679", "camera_type": "alpr", "road": "", "operator": "", "updated_at": "2026-08-04T16:29"}}, {"type": "Feature", "geometry": {"type": "Point", "coordinates": [-86.1838378, 39.977544]}, "properties": {"camera_id": "osm_12802692000", "camera_type": "alpr", "road": "", "operator": "", "updated_at": "2026-08-04T16:29"}}, {"type": "Feature", "geometry": {"type": "Point", "coordinates": [-86.2032851, 39.9556272]}, "properties": {"camera_id": "osm_12802745622", "camera_type": "alpr", "road": "", "operator": "", "updated_at": "2026-08-04T16:29"}}, {"type": "Feature", "geometry": {"type": "Point", "coordinates": [-85.8208631, 40.2624235]}, "properties": {"camera_id": "osm_12803021792", "camera_type": "alpr", "road": "", "operator": "", "updated_at": "2026-08-04T16:29"}}, {"type": "Feature", "geometry": {"type": "Point", "coordinates": [-85.8206426, 40.2627043]}, "properties": {"camera_id": "osm_12803050300", "camera_type": "alpr", "road": "", "operator": "", "updated_at": "2026-08-04T16:29"}}, {"type": "Feature", "geometry": {"type": "Point", "coordinates": [-85.8413774, 40.2490345]}, "properties": {"camera_id": "osm_12803069853", "camera_type": "alpr", "road": "", "operator": "", "updated_at": "2026-08-04T16:29"}}, {"type": "Feature", "geometry": {"type": "Point", "coordinates": [-85.7346744, 40.4226893]}, "properties": {"camera_id": "osm_12803086672", "camera_type": "alpr", "road": "", "operator": "", "updated_at": "2026-08-04T16:29"}}, {"type": "Feature", "geometry": {"type": "Point", "coordinates": [-85.9533667, 40.2184402]}, "properties": {"camera_id": "osm_12803102027", "camera_type": "alpr", "road": "", "operator": "", "updated_at": "2026-08-04T16:29"}}, {"type": "Feature", "geometry": {"type": "Point", "coordinates": [-86.3383347, 39.9282718]}, "properties": {"camera_id": "osm_12804358472", "camera_type": "alpr", "road": "", "operator": "", "updated_at": "2026-08-04T16:29"}}, {"type": "Feature", "geometry": {"type": "Point", "coordinates": [-86.3181816, 39.9495684]}, "properties": {"camera_id": "osm_12804403275", "camera_type": "alpr", "road": "", "operator": "", "updated_at": "2026-08-04T16:29"}}, {"type": "Feature", "geometry": {"type": "Point", "coordinates": [-86.3501253, 39.9486041]}, "properties": {"camera_id": "osm_12804403276", "camera_type": "alpr", "road": "", "operator": "", "updated_at": "2026-08-04T16:29"}}, {"type": "Feature", "geometry": {"type": "Point", "coordinates": [-86.3495177, 39.9489921]}, "properties": {"camera_id": "osm_12804403277", "camera_type": "alpr", "road": "", "operator": "", "updated_at": "2026-08-04T16:29"}}, {"type": "Feature", "geometry": {"type": "Point", "coordinates": [-86.3123445, 39.9113875]}, "properties": {"camera_id": "osm_12804407111", "camera_type": "alpr", "road": "", "operator": "", "updated_at": "2026-08-04T16:29"}}, {"type": "Feature", "geometry": {"type": "Point", "coordinates": [-86.3122184, 39.9114134]}, "properties": {"camera_id": "osm_12804407112", "camera_type": "alpr", "road": "", "operator": "", "updated_at": "2026-08-04T16:29"}}, {"type": "Feature", "geometry": {"type": "Point", "coordinates": [-86.307296, 39.909993]}, "properties": {"camera_id": "osm_12804407113", "camera_type": "alpr", "road": "", "operator": "", "updated_at": "2026-08-04T16:29"}}, {"type": "Feature", "geometry": {"type": "Point", "coordinates": [-86.3073339, 39.9105472]}, "properties": {"camera_id": "osm_12804407114", "camera_type": "alpr", "road": "", "operator": "", "updated_at": "2026-08-04T16:29"}}, {"type": "Feature", "geometry": {"type": "Point", "coordinates": [-86.2598279, 39.922367]}, "properties": {"camera_id": "osm_12804597749", "camera_type": "alpr", "road": "", "operator": "", "updated_at": "2026-08-04T16:29"}}, {"type": "Feature", "geometry": {"type": "Point", "coordinates": [-86.3976366, 39.9237863]}, "properties": {"camera_id": "osm_12806554579", "camera_type": "alpr", "road": "", "operator": "", "updated_at": "2026-08-04T16:29"}}, {"type": "Feature", "geometry": {"type": "Point", "coordinates": [-86.6196711, 39.9438771]}, "properties": {"camera_id": "osm_12806640090", "camera_type": "alpr", "road": "", "operator": "", "updated_at": "2026-08-04T16:29"}}, {"type": "Feature", "geometry": {"type": "Point", "coordinates": [-86.5342334, 39.9225959]}, "properties": {"camera_id": "osm_12806647479", "camera_type": "alpr", "road": "", "operator": "", "updated_at": "2026-08-04T16:29"}}, {"type": "Feature", "geometry": {"type": "Point", "coordinates": [-86.6954406, 40.0546785]}, "properties": {"camera_id": "osm_12806655581", "camera_type": "alpr", "road": "", "operator": "", "updated_at": "2026-08-04T16:29"}}, {"type": "Feature", "geometry": {"type": "Point", "coordinates": [-86.6953833, 40.1383957]}, "properties": {"camera_id": "osm_12806702631", "camera_type": "alpr", "road": "", "operator": "", "updated_at": "2026-08-04T16:29"}}, {"type": "Feature", "geometry": {"type": "Point", "coordinates": [-86.4870873, 40.177149]}, "properties": {"camera_id": "osm_12806726694", "camera_type": "alpr", "road": "", "operator": "", "updated_at": "2026-08-04T16:29"}}, {"type": "Feature", "geometry": {"type": "Point", "coordinates": [-86.3496055, 40.1715471]}, "properties": {"camera_id": "osm_12806744061", "camera_type": "alpr", "road": "", "operator": "", "updated_at": "2026-08-04T16:29"}}, {"type": "Feature", "geometry": {"type": "Point", "coordinates": [-86.2423073, 40.1296791]}, "properties": {"camera_id": "osm_12806760309", "camera_type": "alpr", "road": "", "operator": "", "updated_at": "2026-08-04T16:29"}}, {"type": "Feature", "geometry": {"type": "Point", "coordinates": [-86.2464699, 39.9987931]}, "properties": {"camera_id": "osm_12806765130", "camera_type": "alpr", "road": "", "operator": "", "updated_at": "2026-08-04T16:29"}}, {"type": "Feature", "geometry": {"type": "Point", "coordinates": [-86.338738, 39.9310463]}, "properties": {"camera_id": "osm_12807462287", "camera_type": "alpr", "road": "", "operator": "", "updated_at": "2026-08-04T16:29"}}, {"type": "Feature", "geometry": {"type": "Point", "coordinates": [-86.2559091, 39.9766149]}, "properties": {"camera_id": "osm_12807504370", "camera_type": "alpr", "road": "", "operator": "", "updated_at": "2026-08-04T16:29"}}, {"type": "Feature", "geometry": {"type": "Point", "coordinates": [-86.2560929, 39.9766985]}, "properties": {"camera_id": "osm_12807504371", "camera_type": "alpr", "road": "", "operator": "", "updated_at": "2026-08-04T16:29"}}, {"type": "Feature", "geometry": {"type": "Point", "coordinates": [-86.4504126, 40.0311133]}, "properties": {"camera_id": "osm_12811748636", "camera_type": "alpr", "road": "", "operator": "", "updated_at": "2026-08-04T16:29"}}, {"type": "Feature", "geometry": {"type": "Point", "coordinates": [-87.5255587, 41.4947656]}, "properties": {"camera_id": "osm_12811770250", "camera_type": "alpr", "road": "", "operator": "", "updated_at": "2026-08-04T16:29"}}, {"type": "Feature", "geometry": {"type": "Point", "coordinates": [-86.2576842, 39.9823533]}, "properties": {"camera_id": "osm_12817885730", "camera_type": "alpr", "road": "", "operator": "", "updated_at": "2026-08-04T16:29"}}, {"type": "Feature", "geometry": {"type": "Point", "coordinates": [-86.2577676, 39.9825169]}, "properties": {"camera_id": "osm_12817885731", "camera_type": "alpr", "road": "", "operator": "", "updated_at": "2026-08-04T16:29"}}, {"type": "Feature", "geometry": {"type": "Point", "coordinates": [-86.2626207, 39.9890939]}, "properties": {"camera_id": "osm_12817885732", "camera_type": "alpr", "road": "", "operator": "", "updated_at": "2026-08-04T16:29"}}, {"type": "Feature", "geometry": {"type": "Point", "coordinates": [-86.2624834, 39.989091]}, "properties": {"camera_id": "osm_12817885733", "camera_type": "alpr", "road": "", "operator": "", "updated_at": "2026-08-04T16:29"}}, {"type": "Feature", "geometry": {"type": "Point", "coordinates": [-86.2249941, 39.9264681]}, "properties": {"camera_id": "osm_12817910025", "camera_type": "alpr", "road": "", "operator": "", "updated_at": "2026-08-04T16:29"}}, {"type": "Feature", "geometry": {"type": "Point", "coordinates": [-86.1885921, 41.7193574]}, "properties": {"camera_id": "osm_12823382930", "camera_type": "alpr", "road": "", "operator": "", "updated_at": "2026-08-04T16:29"}}, {"type": "Feature", "geometry": {"type": "Point", "coordinates": [-86.1122939, 39.9297415]}, "properties": {"camera_id": "osm_12837461570", "camera_type": "alpr", "road": "", "operator": "", "updated_at": "2026-08-04T16:29"}}, {"type": "Feature", "geometry": {"type": "Point", "coordinates": [-86.1122724, 39.9301447]}, "properties": {"camera_id": "osm_12837461571", "camera_type": "alpr", "road": "", "operator": "", "updated_at": "2026-08-04T16:29"}}, {"type": "Feature", "geometry": {"type": "Point", "coordinates": [-86.1122683, 39.9328957]}, "properties": {"camera_id": "osm_12837461572", "camera_type": "alpr", "road": "", "operator": "", "updated_at": "2026-08-04T16:29"}}, {"type": "Feature", "geometry": {"type": "Point", "coordinates": [-86.1273525, 40.2717056]}, "properties": {"camera_id": "osm_12837461573", "camera_type": "alpr", "road": "", "operator": "", "updated_at": "2026-08-04T16:29"}}, {"type": "Feature", "geometry": {"type": "Point", "coordinates": [-86.1383821, 39.9128509]}, "properties": {"camera_id": "osm_12837515491", "camera_type": "alpr", "road": "", "operator": "", "updated_at": "2026-08-04T16:29"}}, {"type": "Feature", "geometry": {"type": "Point", "coordinates": [-86.139601, 39.9126711]}, "properties": {"camera_id": "osm_12837516314", "camera_type": "alpr", "road": "", "operator": "", "updated_at": "2026-08-04T16:29"}}, {"type": "Feature", "geometry": {"type": "Point", "coordinates": [-85.4033566, 40.1975905]}, "properties": {"camera_id": "osm_12841010897", "camera_type": "alpr", "road": "", "operator": "", "updated_at": "2026-08-04T16:29"}}, {"type": "Feature", "geometry": {"type": "Point", "coordinates": [-85.4036106, 40.2003984]}, "properties": {"camera_id": "osm_12841017882", "camera_type": "alpr", "road": "", "operator": "", "updated_at": "2026-08-04T16:29"}}, {"type": "Feature", "geometry": {"type": "Point", "coordinates": [-85.3841267, 39.9375794]}, "properties": {"camera_id": "osm_12841017883", "camera_type": "alpr", "road": "", "operator": "", "updated_at": "2026-08-04T16:29"}}, {"type": "Feature", "geometry": {"type": "Point", "coordinates": [-85.3707528, 40.0757893]}, "properties": {"camera_id": "osm_12841023696", "camera_type": "alpr", "road": "", "operator": "", "updated_at": "2026-08-04T16:29"}}, {"type": "Feature", "geometry": {"type": "Point", "coordinates": [-85.4391909, 40.1367127]}, "properties": {"camera_id": "osm_12841031643", "camera_type": "alpr", "road": "", "operator": "", "updated_at": "2026-08-04T16:29"}}, {"type": "Feature", "geometry": {"type": "Point", "coordinates": [-86.3460238, 39.9839148]}, "properties": {"camera_id": "osm_12845340379", "camera_type": "alpr", "road": "", "operator": "", "updated_at": "2026-08-04T16:29"}}, {"type": "Feature", "geometry": {"type": "Point", "coordinates": [-86.4097398, 39.8580205]}, "properties": {"camera_id": "osm_12856687237", "camera_type": "alpr", "road": "", "operator": "", "updated_at": "2026-08-04T16:29"}}, {"type": "Feature", "geometry": {"type": "Point", "coordinates": [-86.0133754, 40.1201355]}, "properties": {"camera_id": "osm_12869356319", "camera_type": "alpr", "road": "", "operator": "", "updated_at": "2026-08-04T16:29"}}, {"type": "Feature", "geometry": {"type": "Point", "coordinates": [-86.4430585, 39.4299663]}, "properties": {"camera_id": "osm_12871489902", "camera_type": "alpr", "road": "", "operator": "", "updated_at": "2026-08-04T16:29"}}, {"type": "Feature", "geometry": {"type": "Point", "coordinates": [-86.6659932, 39.266935]}, "properties": {"camera_id": "osm_12871490364", "camera_type": "alpr", "road": "", "operator": "", "updated_at": "2026-08-04T16:29"}}, {"type": "Feature", "geometry": {"type": "Point", "coordinates": [-86.9188636, 40.3722766]}, "properties": {"camera_id": "osm_12873197650", "camera_type": "alpr", "road": "", "operator": "", "updated_at": "2026-08-04T16:29"}}, {"type": "Feature", "geometry": {"type": "Point", "coordinates": [-85.4453295, 39.6549445]}, "properties": {"camera_id": "osm_12880179731", "camera_type": "alpr", "road": "", "operator": "", "updated_at": "2026-08-04T16:29"}}, {"type": "Feature", "geometry": {"type": "Point", "coordinates": [-85.443942, 39.6034945]}, "properties": {"camera_id": "osm_12880182837", "camera_type": "alpr", "road": "", "operator": "", "updated_at": "2026-08-04T16:29"}}, {"type": "Feature", "geometry": {"type": "Point", "coordinates": [-85.7744366, 39.9740609]}, "properties": {"camera_id": "osm_12881351481", "camera_type": "alpr", "road": "", "operator": "Indiana Dept. of Corrections", "updated_at": "2026-08-04T16:29"}}, {"type": "Feature", "geometry": {"type": "Point", "coordinates": [-84.9371482, 40.8114107]}, "properties": {"camera_id": "osm_12882460864", "camera_type": "alpr", "road": "", "operator": "Adams County Sheriff's Office", "updated_at": "2026-08-04T16:29"}}, {"type": "Feature", "geometry": {"type": "Point", "coordinates": [-84.9476106, 40.868485]}, "properties": {"camera_id": "osm_12882460865", "camera_type": "alpr", "road": "", "operator": "Adams County Sheriff's Office", "updated_at": "2026-08-04T16:29"}}, {"type": "Feature", "geometry": {"type": "Point", "coordinates": [-84.8707875, 41.4152335]}, "properties": {"camera_id": "osm_12892025300", "camera_type": "alpr", "road": "", "operator": "Butler Police Department", "updated_at": "2026-08-04T16:29"}}, {"type": "Feature", "geometry": {"type": "Point", "coordinates": [-85.9299861, 39.9903039]}, "properties": {"camera_id": "osm_12892132828", "camera_type": "alpr", "road": "", "operator": "", "updated_at": "2026-08-04T16:29"}}, {"type": "Feature", "geometry": {"type": "Point", "coordinates": [-85.2164954, 41.0742635]}, "properties": {"camera_id": "osm_12893476936", "camera_type": "alpr", "road": "", "operator": "", "updated_at": "2026-08-04T16:29"}}, {"type": "Feature", "geometry": {"type": "Point", "coordinates": [-85.2185985, 41.074266]}, "properties": {"camera_id": "osm_12893538931", "camera_type": "alpr", "road": "", "operator": "", "updated_at": "2026-08-04T16:29"}}, {"type": "Feature", "geometry": {"type": "Point", "coordinates": [-86.3895054, 39.9822318]}, "properties": {"camera_id": "osm_12895981473", "camera_type": "alpr", "road": "", "operator": "", "updated_at": "2026-08-04T16:29"}}, {"type": "Feature", "geometry": {"type": "Point", "coordinates": [-85.2191554, 41.0730687]}, "properties": {"camera_id": "osm_12898012750", "camera_type": "alpr", "road": "", "operator": "", "updated_at": "2026-08-04T16:29"}}, {"type": "Feature", "geometry": {"type": "Point", "coordinates": [-85.2191854, 41.0720016]}, "properties": {"camera_id": "osm_12898012751", "camera_type": "alpr", "road": "", "operator": "", "updated_at": "2026-08-04T16:29"}}, {"type": "Feature", "geometry": {"type": "Point", "coordinates": [-86.2211644, 39.9078289]}, "properties": {"camera_id": "osm_12898330145", "camera_type": "alpr", "road": "", "operator": "", "updated_at": "2026-08-04T16:29"}}, {"type": "Feature", "geometry": {"type": "Point", "coordinates": [-85.7804105, 39.799346]}, "properties": {"camera_id": "osm_12899528330", "camera_type": "alpr", "road": "", "operator": "", "updated_at": "2026-08-04T16:29"}}, {"type": "Feature", "geometry": {"type": "Point", "coordinates": [-85.995561, 40.0522944]}, "properties": {"camera_id": "osm_12899641531", "camera_type": "alpr", "road": "", "operator": "", "updated_at": "2026-08-04T16:29"}}, {"type": "Feature", "geometry": {"type": "Point", "coordinates": [-85.9922913, 40.0335768]}, "properties": {"camera_id": "osm_12899663840", "camera_type": "alpr", "road": "", "operator": "", "updated_at": "2026-08-04T16:29"}}, {"type": "Feature", "geometry": {"type": "Point", "coordinates": [-85.3877609, 39.9314195]}, "properties": {"camera_id": "osm_12900510212", "camera_type": "alpr", "road": "", "operator": "", "updated_at": "2026-08-04T16:29"}}, {"type": "Feature", "geometry": {"type": "Point", "coordinates": [-85.7581328, 39.8141974]}, "properties": {"camera_id": "osm_12907492346", "camera_type": "alpr", "road": "", "operator": "", "updated_at": "2026-08-04T16:29"}}, {"type": "Feature", "geometry": {"type": "Point", "coordinates": [-85.3648382, 39.942633]}, "properties": {"camera_id": "osm_12915358625", "camera_type": "alpr", "road": "", "operator": "", "updated_at": "2026-08-04T16:29"}}, {"type": "Feature", "geometry": {"type": "Point", "coordinates": [-85.2735895, 40.0764569]}, "properties": {"camera_id": "osm_12918290389", "camera_type": "alpr", "road": "", "operator": "", "updated_at": "2026-08-04T16:29"}}, {"type": "Feature", "geometry": {"type": "Point", "coordinates": [-85.8619392, 40.3057611]}, "properties": {"camera_id": "osm_12919046658", "camera_type": "alpr", "road": "", "operator": "", "updated_at": "2026-08-04T16:29"}}, {"type": "Feature", "geometry": {"type": "Point", "coordinates": [-85.5039738, 40.6531002]}, "properties": {"camera_id": "osm_12919046659", "camera_type": "alpr", "road": "", "operator": "", "updated_at": "2026-08-04T16:29"}}, {"type": "Feature", "geometry": {"type": "Point", "coordinates": [-84.9557089, 40.6706062]}, "properties": {"camera_id": "osm_12920294146", "camera_type": "alpr", "road": "", "operator": "Adams County Sheriff's Office", "updated_at": "2026-08-04T16:29"}}, {"type": "Feature", "geometry": {"type": "Point", "coordinates": [-86.1120959, 39.9269367]}, "properties": {"camera_id": "osm_12920294938", "camera_type": "alpr", "road": "", "operator": "", "updated_at": "2026-08-04T16:29"}}, {"type": "Feature", "geometry": {"type": "Point", "coordinates": [-85.8912899, 41.0433047]}, "properties": {"camera_id": "osm_12920324063", "camera_type": "alpr", "road": "", "operator": "", "updated_at": "2026-08-04T16:29"}}, {"type": "Feature", "geometry": {"type": "Point", "coordinates": [-85.8538851, 41.2855582]}, "properties": {"camera_id": "osm_12920327611", "camera_type": "alpr", "road": "", "operator": "", "updated_at": "2026-08-04T16:29"}}, {"type": "Feature", "geometry": {"type": "Point", "coordinates": [-85.8485071, 41.2701946]}, "properties": {"camera_id": "osm_12920330113", "camera_type": "alpr", "road": "", "operator": "", "updated_at": "2026-08-04T16:29"}}, {"type": "Feature", "geometry": {"type": "Point", "coordinates": [-86.1204236, 39.956721]}, "properties": {"camera_id": "osm_12924856703", "camera_type": "alpr", "road": "", "operator": "", "updated_at": "2026-08-04T16:29"}}, {"type": "Feature", "geometry": {"type": "Point", "coordinates": [-84.956276, 40.8321978]}, "properties": {"camera_id": "osm_12926238627", "camera_type": "alpr", "road": "", "operator": "Adams County Sheriff's Office", "updated_at": "2026-08-04T16:29"}}, {"type": "Feature", "geometry": {"type": "Point", "coordinates": [-85.0541421, 39.6353073]}, "properties": {"camera_id": "osm_12926875778", "camera_type": "alpr", "road": "", "operator": "", "updated_at": "2026-08-04T16:29"}}, {"type": "Feature", "geometry": {"type": "Point", "coordinates": [-85.1868953, 39.9150996]}, "properties": {"camera_id": "osm_12926919519", "camera_type": "alpr", "road": "", "operator": "", "updated_at": "2026-08-04T16:29"}}, {"type": "Feature", "geometry": {"type": "Point", "coordinates": [-85.1681674, 41.0727247]}, "properties": {"camera_id": "osm_12943624784", "camera_type": "alpr", "road": "", "operator": "", "updated_at": "2026-08-04T16:29"}}, {"type": "Feature", "geometry": {"type": "Point", "coordinates": [-85.1680699, 41.0729016]}, "properties": {"camera_id": "osm_12943638290", "camera_type": "alpr", "road": "", "operator": "", "updated_at": "2026-08-04T16:29"}}, {"type": "Feature", "geometry": {"type": "Point", "coordinates": [-86.0067259, 39.8015894]}, "properties": {"camera_id": "osm_12951736224", "camera_type": "alpr", "road": "", "operator": "", "updated_at": "2026-08-04T16:29"}}, {"type": "Feature", "geometry": {"type": "Point", "coordinates": [-85.0776166, 41.3640047]}, "properties": {"camera_id": "osm_12952208775", "camera_type": "alpr", "road": "", "operator": "Auburn Police Department", "updated_at": "2026-08-04T16:29"}}, {"type": "Feature", "geometry": {"type": "Point", "coordinates": [-85.8384002, 40.8157344]}, "properties": {"camera_id": "osm_12964356780", "camera_type": "alpr", "road": "", "operator": "", "updated_at": "2026-08-04T16:29"}}, {"type": "Feature", "geometry": {"type": "Point", "coordinates": [-86.3461656, 39.9597569]}, "properties": {"camera_id": "osm_12964481505", "camera_type": "alpr", "road": "", "operator": "", "updated_at": "2026-08-04T16:29"}}, {"type": "Feature", "geometry": {"type": "Point", "coordinates": [-86.1699182, 39.9413824]}, "properties": {"camera_id": "osm_12964522392", "camera_type": "alpr", "road": "", "operator": "", "updated_at": "2026-08-04T16:29"}}, {"type": "Feature", "geometry": {"type": "Point", "coordinates": [-86.169919, 39.9413898]}, "properties": {"camera_id": "osm_12964522393", "camera_type": "alpr", "road": "", "operator": "", "updated_at": "2026-08-04T16:29"}}, {"type": "Feature", "geometry": {"type": "Point", "coordinates": [-86.183858, 39.9499764]}, "properties": {"camera_id": "osm_12964535505", "camera_type": "alpr", "road": "", "operator": "", "updated_at": "2026-08-04T16:29"}}, {"type": "Feature", "geometry": {"type": "Point", "coordinates": [-86.1820221, 39.927357]}, "properties": {"camera_id": "osm_12964553089", "camera_type": "alpr", "road": "", "operator": "", "updated_at": "2026-08-04T16:29"}}, {"type": "Feature", "geometry": {"type": "Point", "coordinates": [-86.182077, 39.927469]}, "properties": {"camera_id": "osm_12964553090", "camera_type": "alpr", "road": "", "operator": "", "updated_at": "2026-08-04T16:29"}}, {"type": "Feature", "geometry": {"type": "Point", "coordinates": [-86.2219424, 39.9988867]}, "properties": {"camera_id": "osm_12964826088", "camera_type": "alpr", "road": "", "operator": "", "updated_at": "2026-08-04T16:29"}}, {"type": "Feature", "geometry": {"type": "Point", "coordinates": [-86.183678, 39.999716]}, "properties": {"camera_id": "osm_12964834052", "camera_type": "alpr", "road": "", "operator": "", "updated_at": "2026-08-04T16:29"}}, {"type": "Feature", "geometry": {"type": "Point", "coordinates": [-86.2029993, 39.9990264]}, "properties": {"camera_id": "osm_12964840658", "camera_type": "alpr", "road": "", "operator": "", "updated_at": "2026-08-04T16:29"}}, {"type": "Feature", "geometry": {"type": "Point", "coordinates": [-86.1647721, 39.9985762]}, "properties": {"camera_id": "osm_12964849793", "camera_type": "alpr", "road": "", "operator": "", "updated_at": "2026-08-04T16:29"}}, {"type": "Feature", "geometry": {"type": "Point", "coordinates": [-84.8202522, 39.830595]}, "properties": {"camera_id": "osm_12966940967", "camera_type": "alpr", "road": "", "operator": "", "updated_at": "2026-08-04T16:29"}}, {"type": "Feature", "geometry": {"type": "Point", "coordinates": [-84.8208616, 39.8316452]}, "properties": {"camera_id": "osm_12966956928", "camera_type": "alpr", "road": "", "operator": "", "updated_at": "2026-08-04T16:29"}}, {"type": "Feature", "geometry": {"type": "Point", "coordinates": [-84.9583288, 39.8210525]}, "properties": {"camera_id": "osm_12966993324", "camera_type": "alpr", "road": "", "operator": "", "updated_at": "2026-08-04T16:29"}}, {"type": "Feature", "geometry": {"type": "Point", "coordinates": [-85.7516791, 39.9843117]}, "properties": {"camera_id": "osm_12967026256", "camera_type": "alpr", "road": "", "operator": "", "updated_at": "2026-08-04T16:29"}}, {"type": "Feature", "geometry": {"type": "Point", "coordinates": [-85.7559243, 39.9832608]}, "properties": {"camera_id": "osm_12967031037", "camera_type": "alpr", "road": "", "operator": "Indiana Dept. of Corrections", "updated_at": "2026-08-04T16:29"}}, {"type": "Feature", "geometry": {"type": "Point", "coordinates": [-85.8391462, 39.7820575]}, "properties": {"camera_id": "osm_12969504555", "camera_type": "alpr", "road": "", "operator": "", "updated_at": "2026-08-04T16:29"}}, {"type": "Feature", "geometry": {"type": "Point", "coordinates": [-85.8151802, 39.7829336]}, "properties": {"camera_id": "osm_12969548974", "camera_type": "alpr", "road": "", "operator": "", "updated_at": "2026-08-04T16:29"}}, {"type": "Feature", "geometry": {"type": "Point", "coordinates": [-85.8204579, 39.7829166]}, "properties": {"camera_id": "osm_12969551137", "camera_type": "alpr", "road": "", "operator": "", "updated_at": "2026-08-04T16:29"}}, {"type": "Feature", "geometry": {"type": "Point", "coordinates": [-84.8254281, 40.1850094]}, "properties": {"camera_id": "osm_12980472084", "camera_type": "alpr", "road": "", "operator": "", "updated_at": "2026-08-04T16:29"}}, {"type": "Feature", "geometry": {"type": "Point", "coordinates": [-84.8217389, 40.2159815]}, "properties": {"camera_id": "osm_12980472087", "camera_type": "alpr", "road": "", "operator": "", "updated_at": "2026-08-04T16:29"}}, {"type": "Feature", "geometry": {"type": "Point", "coordinates": [-85.0519218, 39.8155542]}, "properties": {"camera_id": "osm_12980509428", "camera_type": "alpr", "road": "", "operator": "", "updated_at": "2026-08-04T16:29"}}, {"type": "Feature", "geometry": {"type": "Point", "coordinates": [-85.112488, 39.7042628]}, "properties": {"camera_id": "osm_12980526966", "camera_type": "alpr", "road": "", "operator": "", "updated_at": "2026-08-04T16:29"}}, {"type": "Feature", "geometry": {"type": "Point", "coordinates": [-84.8994994, 40.8404908]}, "properties": {"camera_id": "osm_12980630510", "camera_type": "alpr", "road": "", "operator": "Adams County Sheriff's Office", "updated_at": "2026-08-04T16:29"}}, {"type": "Feature", "geometry": {"type": "Point", "coordinates": [-84.999523, 41.7356307]}, "properties": {"camera_id": "osm_12982956298", "camera_type": "alpr", "road": "", "operator": "", "updated_at": "2026-08-04T16:29"}}, {"type": "Feature", "geometry": {"type": "Point", "coordinates": [-86.8634221, 41.601389]}, "properties": {"camera_id": "osm_12982956299", "camera_type": "alpr", "road": "", "operator": "", "updated_at": "2026-08-04T16:29"}}, {"type": "Feature", "geometry": {"type": "Point", "coordinates": [-85.9932212, 40.0323862]}, "properties": {"camera_id": "osm_12986770851", "camera_type": "alpr", "road": "", "operator": "", "updated_at": "2026-08-04T16:29"}}, {"type": "Feature", "geometry": {"type": "Point", "coordinates": [-85.9937599, 40.0395197]}, "properties": {"camera_id": "osm_12986800874", "camera_type": "alpr", "road": "", "operator": "", "updated_at": "2026-08-04T16:29"}}, {"type": "Feature", "geometry": {"type": "Point", "coordinates": [-85.9934384, 40.0316974]}, "properties": {"camera_id": "osm_12986823032", "camera_type": "alpr", "road": "", "operator": "", "updated_at": "2026-08-04T16:29"}}, {"type": "Feature", "geometry": {"type": "Point", "coordinates": [-86.0835311, 39.7963343]}, "properties": {"camera_id": "osm_12988601165", "camera_type": "alpr", "road": "", "operator": "", "updated_at": "2026-08-04T16:29"}}, {"type": "Feature", "geometry": {"type": "Point", "coordinates": [-86.0837899, 39.8099362]}, "properties": {"camera_id": "osm_12988610443", "camera_type": "alpr", "road": "", "operator": "", "updated_at": "2026-08-04T16:29"}}, {"type": "Feature", "geometry": {"type": "Point", "coordinates": [-86.0856662, 39.8917005]}, "properties": {"camera_id": "osm_12988686350", "camera_type": "alpr", "road": "", "operator": "", "updated_at": "2026-08-04T16:29"}}, {"type": "Feature", "geometry": {"type": "Point", "coordinates": [-84.9276245, 39.6901983]}, "properties": {"camera_id": "osm_12990404339", "camera_type": "alpr", "road": "", "operator": "", "updated_at": "2026-08-04T16:29"}}, {"type": "Feature", "geometry": {"type": "Point", "coordinates": [-85.9302113, 39.1769214]}, "properties": {"camera_id": "osm_12992994752", "camera_type": "alpr", "road": "", "operator": "", "updated_at": "2026-08-04T16:29"}}, {"type": "Feature", "geometry": {"type": "Point", "coordinates": [-85.9303807, 39.1787217]}, "properties": {"camera_id": "osm_12992994753", "camera_type": "alpr", "road": "", "operator": "", "updated_at": "2026-08-04T16:29"}}, {"type": "Feature", "geometry": {"type": "Point", "coordinates": [-86.5745479, 39.1708292]}, "properties": {"camera_id": "osm_12996454695", "camera_type": "alpr", "road": "", "operator": "", "updated_at": "2026-08-04T16:29"}}, {"type": "Feature", "geometry": {"type": "Point", "coordinates": [-86.5745873, 39.1688658]}, "properties": {"camera_id": "osm_12996454696", "camera_type": "alpr", "road": "", "operator": "", "updated_at": "2026-08-04T16:29"}}, {"type": "Feature", "geometry": {"type": "Point", "coordinates": [-86.5735006, 39.1695687]}, "properties": {"camera_id": "osm_12996454697", "camera_type": "alpr", "road": "", "operator": "", "updated_at": "2026-08-04T16:29"}}, {"type": "Feature", "geometry": {"type": "Point", "coordinates": [-86.5481702, 38.9701893]}, "properties": {"camera_id": "osm_12996454698", "camera_type": "alpr", "road": "", "operator": "", "updated_at": "2026-08-04T16:29"}}, {"type": "Feature", "geometry": {"type": "Point", "coordinates": [-86.5494433, 38.9691874]}, "properties": {"camera_id": "osm_12996454699", "camera_type": "alpr", "road": "", "operator": "", "updated_at": "2026-08-04T16:29"}}, {"type": "Feature", "geometry": {"type": "Point", "coordinates": [-86.5452197, 38.9104998]}, "properties": {"camera_id": "osm_12996454700", "camera_type": "alpr", "road": "", "operator": "", "updated_at": "2026-08-04T16:29"}}, {"type": "Feature", "geometry": {"type": "Point", "coordinates": [-86.544296, 38.9085093]}, "properties": {"camera_id": "osm_12996482301", "camera_type": "alpr", "road": "", "operator": "", "updated_at": "2026-08-04T16:29"}}, {"type": "Feature", "geometry": {"type": "Point", "coordinates": [-86.5175332, 38.8596792]}, "properties": {"camera_id": "osm_12996482302", "camera_type": "alpr", "road": "", "operator": "", "updated_at": "2026-08-04T16:29"}}, {"type": "Feature", "geometry": {"type": "Point", "coordinates": [-87.3787837, 39.4630989]}, "properties": {"camera_id": "osm_13003483095", "camera_type": "alpr", "road": "", "operator": "", "updated_at": "2026-08-04T16:29"}}, {"type": "Feature", "geometry": {"type": "Point", "coordinates": [-87.3323389, 39.4321937]}, "properties": {"camera_id": "osm_13003542400", "camera_type": "alpr", "road": "", "operator": "", "updated_at": "2026-08-04T16:29"}}, {"type": "Feature", "geometry": {"type": "Point", "coordinates": [-87.3651384, 39.7930075]}, "properties": {"camera_id": "osm_13004626127", "camera_type": "alpr", "road": "", "operator": "", "updated_at": "2026-08-04T16:29"}}, {"type": "Feature", "geometry": {"type": "Point", "coordinates": [-86.0242285, 40.0471702]}, "properties": {"camera_id": "osm_13005174460", "camera_type": "alpr", "road": "", "operator": "", "updated_at": "2026-08-04T16:29"}}, {"type": "Feature", "geometry": {"type": "Point", "coordinates": [-87.3792235, 39.4920053]}, "properties": {"camera_id": "osm_13007223205", "camera_type": "alpr", "road": "", "operator": "", "updated_at": "2026-08-04T16:29"}}, {"type": "Feature", "geometry": {"type": "Point", "coordinates": [-87.3334257, 39.4629429]}, "properties": {"camera_id": "osm_13007240261", "camera_type": "alpr", "road": "", "operator": "", "updated_at": "2026-08-04T16:29"}}, {"type": "Feature", "geometry": {"type": "Point", "coordinates": [-86.1594261, 39.5778764]}, "properties": {"camera_id": "osm_13010520135", "camera_type": "alpr", "road": "", "operator": "", "updated_at": "2026-08-04T16:29"}}, {"type": "Feature", "geometry": {"type": "Point", "coordinates": [-86.1591165, 39.5741285]}, "properties": {"camera_id": "osm_13010520136", "camera_type": "alpr", "road": "", "operator": "", "updated_at": "2026-08-04T16:29"}}, {"type": "Feature", "geometry": {"type": "Point", "coordinates": [-86.1587988, 39.6205944]}, "properties": {"camera_id": "osm_13010520137", "camera_type": "alpr", "road": "", "operator": "", "updated_at": "2026-08-04T16:29"}}, {"type": "Feature", "geometry": {"type": "Point", "coordinates": [-86.084131, 39.6143771]}, "properties": {"camera_id": "osm_13010520138", "camera_type": "alpr", "road": "", "operator": "", "updated_at": "2026-08-04T16:29"}}, {"type": "Feature", "geometry": {"type": "Point", "coordinates": [-86.0856585, 39.6141447]}, "properties": {"camera_id": "osm_13010520139", "camera_type": "alpr", "road": "", "operator": "", "updated_at": "2026-08-04T16:29"}}, {"type": "Feature", "geometry": {"type": "Point", "coordinates": [-86.2116066, 39.6048716]}, "properties": {"camera_id": "osm_13010520140", "camera_type": "alpr", "road": "", "operator": "", "updated_at": "2026-08-04T16:29"}}, {"type": "Feature", "geometry": {"type": "Point", "coordinates": [-86.1964616, 39.6329445]}, "properties": {"camera_id": "osm_13010520141", "camera_type": "alpr", "road": "", "operator": "", "updated_at": "2026-08-04T16:29"}}, {"type": "Feature", "geometry": {"type": "Point", "coordinates": [-85.9444053, 39.1999156]}, "properties": {"camera_id": "osm_13012232698", "camera_type": "alpr", "road": "", "operator": "", "updated_at": "2026-08-04T16:29"}}, {"type": "Feature", "geometry": {"type": "Point", "coordinates": [-85.9401187, 39.1999234]}, "properties": {"camera_id": "osm_13012253637", "camera_type": "alpr", "road": "", "operator": "", "updated_at": "2026-08-04T16:29"}}, {"type": "Feature", "geometry": {"type": "Point", "coordinates": [-87.3892215, 39.2580602]}, "properties": {"camera_id": "osm_13016413292", "camera_type": "alpr", "road": "", "operator": "", "updated_at": "2026-08-04T16:29"}}, {"type": "Feature", "geometry": {"type": "Point", "coordinates": [-87.3119655, 39.1863636]}, "properties": {"camera_id": "osm_13016450650", "camera_type": "alpr", "road": "", "operator": "", "updated_at": "2026-08-04T16:29"}}, {"type": "Feature", "geometry": {"type": "Point", "coordinates": [-87.4261925, 39.4671307]}, "properties": {"camera_id": "osm_13016451913", "camera_type": "alpr", "road": "", "operator": "", "updated_at": "2026-08-04T16:29"}}, {"type": "Feature", "geometry": {"type": "Point", "coordinates": [-87.4262745, 39.4669591]}, "properties": {"camera_id": "osm_13016453803", "camera_type": "alpr", "road": "", "operator": "", "updated_at": "2026-08-04T16:29"}}, {"type": "Feature", "geometry": {"type": "Point", "coordinates": [-87.3885764, 39.2630583]}, "properties": {"camera_id": "osm_13016460113", "camera_type": "alpr", "road": "", "operator": "", "updated_at": "2026-08-04T16:29"}}, {"type": "Feature", "geometry": {"type": "Point", "coordinates": [-87.4011756, 39.3991975]}, "properties": {"camera_id": "osm_13017213747", "camera_type": "alpr", "road": "", "operator": "", "updated_at": "2026-08-04T16:29"}}, {"type": "Feature", "geometry": {"type": "Point", "coordinates": [-87.3587768, 39.4740748]}, "properties": {"camera_id": "osm_13018166245", "camera_type": "alpr", "road": "", "operator": "", "updated_at": "2026-08-04T16:29"}}, {"type": "Feature", "geometry": {"type": "Point", "coordinates": [-87.4376386, 39.6007135]}, "properties": {"camera_id": "osm_13022343491", "camera_type": "alpr", "road": "", "operator": "", "updated_at": "2026-08-04T16:29"}}, {"type": "Feature", "geometry": {"type": "Point", "coordinates": [-87.4520517, 40.1110314]}, "properties": {"camera_id": "osm_13022343492", "camera_type": "alpr", "road": "", "operator": "", "updated_at": "2026-08-04T16:29"}}, {"type": "Feature", "geometry": {"type": "Point", "coordinates": [-87.4358107, 39.6479375]}, "properties": {"camera_id": "osm_13025820760", "camera_type": "alpr", "road": "", "operator": "", "updated_at": "2026-08-04T16:29"}}, {"type": "Feature", "geometry": {"type": "Point", "coordinates": [-87.4140454, 39.4922897]}, "properties": {"camera_id": "osm_13025853339", "camera_type": "alpr", "road": "", "operator": "", "updated_at": "2026-08-04T16:29"}}, {"type": "Feature", "geometry": {"type": "Point", "coordinates": [-87.5255599, 38.0627577]}, "properties": {"camera_id": "osm_13026454446", "camera_type": "alpr", "road": "", "operator": "", "updated_at": "2026-08-04T16:29"}}, {"type": "Feature", "geometry": {"type": "Point", "coordinates": [-87.4465741, 40.1448785]}, "properties": {"camera_id": "osm_13030658362", "camera_type": "alpr", "road": "", "operator": "", "updated_at": "2026-08-04T16:29"}}, {"type": "Feature", "geometry": {"type": "Point", "coordinates": [-87.4483969, 41.1723876]}, "properties": {"camera_id": "osm_13030671217", "camera_type": "alpr", "road": "", "operator": "", "updated_at": "2026-08-04T16:29"}}, {"type": "Feature", "geometry": {"type": "Point", "coordinates": [-87.3731537, 40.4527566]}, "properties": {"camera_id": "osm_13030688330", "camera_type": "alpr", "road": "", "operator": "", "updated_at": "2026-08-04T16:29"}}, {"type": "Feature", "geometry": {"type": "Point", "coordinates": [-87.3946121, 39.0758122]}, "properties": {"camera_id": "osm_13032597681", "camera_type": "alpr", "road": "", "operator": "", "updated_at": "2026-08-04T16:29"}}, {"type": "Feature", "geometry": {"type": "Point", "coordinates": [-87.3323674, 39.4787577]}, "properties": {"camera_id": "osm_13040452311", "camera_type": "alpr", "road": "", "operator": "", "updated_at": "2026-08-04T16:29"}}, {"type": "Feature", "geometry": {"type": "Point", "coordinates": [-86.8484782, 39.6261903]}, "properties": {"camera_id": "osm_13040453456", "camera_type": "alpr", "road": "", "operator": "", "updated_at": "2026-08-04T16:29"}}, {"type": "Feature", "geometry": {"type": "Point", "coordinates": [-87.2479107, 39.4982987]}, "properties": {"camera_id": "osm_13040482705", "camera_type": "alpr", "road": "", "operator": "", "updated_at": "2026-08-04T16:29"}}, {"type": "Feature", "geometry": {"type": "Point", "coordinates": [-87.2467172, 39.4988364]}, "properties": {"camera_id": "osm_13040482706", "camera_type": "alpr", "road": "", "operator": "", "updated_at": "2026-08-04T16:29"}}, {"type": "Feature", "geometry": {"type": "Point", "coordinates": [-86.8862828, 39.5678505]}, "properties": {"camera_id": "osm_13040486544", "camera_type": "alpr", "road": "", "operator": "", "updated_at": "2026-08-04T16:29"}}, {"type": "Feature", "geometry": {"type": "Point", "coordinates": [-87.016845, 39.5480425]}, "properties": {"camera_id": "osm_13040488022", "camera_type": "alpr", "road": "", "operator": "", "updated_at": "2026-08-04T16:29"}}, {"type": "Feature", "geometry": {"type": "Point", "coordinates": [-86.047366, 39.7999938]}, "properties": {"camera_id": "osm_13056780931", "camera_type": "alpr", "road": "", "operator": "", "updated_at": "2026-08-04T16:29"}}, {"type": "Feature", "geometry": {"type": "Point", "coordinates": [-86.1497761, 39.722535]}, "properties": {"camera_id": "osm_13056798409", "camera_type": "alpr", "road": "", "operator": "", "updated_at": "2026-08-04T16:29"}}, {"type": "Feature", "geometry": {"type": "Point", "coordinates": [-86.0525063, 39.6143049]}, "properties": {"camera_id": "osm_13062163049", "camera_type": "alpr", "road": "", "operator": "", "updated_at": "2026-08-04T16:29"}}, {"type": "Feature", "geometry": {"type": "Point", "coordinates": [-86.0521584, 39.6144833]}, "properties": {"camera_id": "osm_13062169736", "camera_type": "alpr", "road": "", "operator": "", "updated_at": "2026-08-04T16:29"}}, {"type": "Feature", "geometry": {"type": "Point", "coordinates": [-85.9849204, 39.8567919]}, "properties": {"camera_id": "osm_13063457717", "camera_type": "alpr", "road": "", "operator": "", "updated_at": "2026-08-04T16:29"}}, {"type": "Feature", "geometry": {"type": "Point", "coordinates": [-87.4671429, 41.2523231]}, "properties": {"camera_id": "osm_13064416698", "camera_type": "alpr", "road": "", "operator": "", "updated_at": "2026-08-04T16:29"}}, {"type": "Feature", "geometry": {"type": "Point", "coordinates": [-87.370344, 39.6103791]}, "properties": {"camera_id": "osm_13064419096", "camera_type": "alpr", "road": "", "operator": "", "updated_at": "2026-08-04T16:29"}}, {"type": "Feature", "geometry": {"type": "Point", "coordinates": [-85.8326579, 39.0629024]}, "properties": {"camera_id": "osm_13067460939", "camera_type": "alpr", "road": "", "operator": "", "updated_at": "2026-08-04T16:29"}}, {"type": "Feature", "geometry": {"type": "Point", "coordinates": [-85.8622951, 38.9579886]}, "properties": {"camera_id": "osm_13067517067", "camera_type": "alpr", "road": "", "operator": "", "updated_at": "2026-08-04T16:29"}}, {"type": "Feature", "geometry": {"type": "Point", "coordinates": [-87.3700745, 39.5281319]}, "properties": {"camera_id": "osm_13067658911", "camera_type": "alpr", "road": "", "operator": "", "updated_at": "2026-08-04T16:29"}}, {"type": "Feature", "geometry": {"type": "Point", "coordinates": [-87.3705202, 39.6104016]}, "properties": {"camera_id": "osm_13067664932", "camera_type": "alpr", "road": "", "operator": "", "updated_at": "2026-08-04T16:29"}}, {"type": "Feature", "geometry": {"type": "Point", "coordinates": [-87.4147863, 39.4295324]}, "properties": {"camera_id": "osm_13071727586", "camera_type": "alpr", "road": "", "operator": "", "updated_at": "2026-08-04T16:29"}}, {"type": "Feature", "geometry": {"type": "Point", "coordinates": [-87.4705141, 41.5130732]}, "properties": {"camera_id": "osm_13071740666", "camera_type": "alpr", "road": "", "operator": "", "updated_at": "2026-08-04T16:29"}}, {"type": "Feature", "geometry": {"type": "Point", "coordinates": [-87.4695585, 41.5128916]}, "properties": {"camera_id": "osm_13071754340", "camera_type": "alpr", "road": "", "operator": "", "updated_at": "2026-08-04T16:29"}}, {"type": "Feature", "geometry": {"type": "Point", "coordinates": [-87.4134784, 39.4319927]}, "properties": {"camera_id": "osm_13071780425", "camera_type": "alpr", "road": "", "operator": "", "updated_at": "2026-08-04T16:29"}}, {"type": "Feature", "geometry": {"type": "Point", "coordinates": [-87.5623334, 38.503852]}, "properties": {"camera_id": "osm_13072244160", "camera_type": "alpr", "road": "", "operator": "", "updated_at": "2026-08-04T16:29"}}, {"type": "Feature", "geometry": {"type": "Point", "coordinates": [-86.4349086, 41.1713613]}, "properties": {"camera_id": "osm_13072814314", "camera_type": "alpr", "road": "", "operator": "", "updated_at": "2026-08-04T16:29"}}, {"type": "Feature", "geometry": {"type": "Point", "coordinates": [-87.4240912, 39.1028201]}, "properties": {"camera_id": "osm_13073125999", "camera_type": "alpr", "road": "", "operator": "", "updated_at": "2026-08-04T16:29"}}, {"type": "Feature", "geometry": {"type": "Point", "coordinates": [-87.3987841, 39.1861237]}, "properties": {"camera_id": "osm_13073126000", "camera_type": "alpr", "road": "", "operator": "", "updated_at": "2026-08-04T16:29"}}, {"type": "Feature", "geometry": {"type": "Point", "coordinates": [-87.405585, 38.9751699]}, "properties": {"camera_id": "osm_13073126605", "camera_type": "alpr", "road": "", "operator": "", "updated_at": "2026-08-04T16:29"}}, {"type": "Feature", "geometry": {"type": "Point", "coordinates": [-87.5623385, 38.500666]}, "properties": {"camera_id": "osm_13073126606", "camera_type": "alpr", "road": "", "operator": "", "updated_at": "2026-08-04T16:29"}}, {"type": "Feature", "geometry": {"type": "Point", "coordinates": [-87.3803503, 39.433857]}, "properties": {"camera_id": "osm_13073219031", "camera_type": "alpr", "road": "", "operator": "", "updated_at": "2026-08-04T16:29"}}, {"type": "Feature", "geometry": {"type": "Point", "coordinates": [-86.3981325, 39.8590064]}, "properties": {"camera_id": "osm_13074800150", "camera_type": "alpr", "road": "", "operator": "", "updated_at": "2026-08-04T16:29"}}, {"type": "Feature", "geometry": {"type": "Point", "coordinates": [-86.3923174, 39.8580425]}, "properties": {"camera_id": "osm_13075001170", "camera_type": "alpr", "road": "", "operator": "", "updated_at": "2026-08-04T16:29"}}, {"type": "Feature", "geometry": {"type": "Point", "coordinates": [-86.0464671, 39.900825]}, "properties": {"camera_id": "osm_13077998531", "camera_type": "alpr", "road": "", "operator": "", "updated_at": "2026-08-04T16:29"}}, {"type": "Feature", "geometry": {"type": "Point", "coordinates": [-85.0500074, 41.3600633]}, "properties": {"camera_id": "osm_13078261266", "camera_type": "alpr", "road": "", "operator": "Auburn Police Department", "updated_at": "2026-08-04T16:29"}}, {"type": "Feature", "geometry": {"type": "Point", "coordinates": [-85.0541609, 41.3590051]}, "properties": {"camera_id": "osm_13078261267", "camera_type": "alpr", "road": "", "operator": "Auburn Police Department", "updated_at": "2026-08-04T16:29"}}, {"type": "Feature", "geometry": {"type": "Point", "coordinates": [-86.9027311, 39.3419528]}, "properties": {"camera_id": "osm_13078318594", "camera_type": "alpr", "road": "", "operator": "", "updated_at": "2026-08-04T16:29"}}, {"type": "Feature", "geometry": {"type": "Point", "coordinates": [-87.3472225, 39.4338859]}, "properties": {"camera_id": "osm_13078351710", "camera_type": "alpr", "road": "", "operator": "", "updated_at": "2026-08-04T16:29"}}, {"type": "Feature", "geometry": {"type": "Point", "coordinates": [-86.110718, 39.92706]}, "properties": {"camera_id": "osm_13079159459", "camera_type": "alpr", "road": "", "operator": "Flock Safety", "updated_at": "2026-08-04T16:29"}}, {"type": "Feature", "geometry": {"type": "Point", "coordinates": [-86.0968543, 39.854636]}, "properties": {"camera_id": "osm_13081738582", "camera_type": "alpr", "road": "", "operator": "", "updated_at": "2026-08-04T16:29"}}, {"type": "Feature", "geometry": {"type": "Point", "coordinates": [-85.8868973, 41.5949467]}, "properties": {"camera_id": "osm_13082185047", "camera_type": "alpr", "road": "", "operator": "", "updated_at": "2026-08-04T16:29"}}, {"type": "Feature", "geometry": {"type": "Point", "coordinates": [-85.8389125, 38.9580652]}, "properties": {"camera_id": "osm_13082532394", "camera_type": "alpr", "road": "", "operator": "", "updated_at": "2026-08-04T16:29"}}, {"type": "Feature", "geometry": {"type": "Point", "coordinates": [-86.3122191, 41.6644788]}, "properties": {"camera_id": "osm_13086897515", "camera_type": "alpr", "road": "", "operator": "", "updated_at": "2026-08-04T16:29"}}, {"type": "Feature", "geometry": {"type": "Point", "coordinates": [-85.8946006, 39.2231472]}, "properties": {"camera_id": "osm_13089418961", "camera_type": "alpr", "road": "", "operator": "", "updated_at": "2026-08-04T16:29"}}, {"type": "Feature", "geometry": {"type": "Point", "coordinates": [-85.8367024, 39.0778788]}, "properties": {"camera_id": "osm_13089418962", "camera_type": "alpr", "road": "", "operator": "", "updated_at": "2026-08-04T16:29"}}, {"type": "Feature", "geometry": {"type": "Point", "coordinates": [-85.8860851, 38.1996027]}, "properties": {"camera_id": "osm_13092087715", "camera_type": "alpr", "road": "", "operator": "", "updated_at": "2026-08-04T16:29"}}, {"type": "Feature", "geometry": {"type": "Point", "coordinates": [-85.8555447, 38.2795615]}, "properties": {"camera_id": "osm_13092106754", "camera_type": "alpr", "road": "", "operator": "", "updated_at": "2026-08-04T16:29"}}, {"type": "Feature", "geometry": {"type": "Point", "coordinates": [-85.8283175, 38.285014]}, "properties": {"camera_id": "osm_13092244497", "camera_type": "alpr", "road": "", "operator": "", "updated_at": "2026-08-04T16:29"}}, {"type": "Feature", "geometry": {"type": "Point", "coordinates": [-85.8298518, 38.2848824]}, "properties": {"camera_id": "osm_13092252912", "camera_type": "alpr", "road": "", "operator": "", "updated_at": "2026-08-04T16:29"}}, {"type": "Feature", "geometry": {"type": "Point", "coordinates": [-86.0829123, 39.6360003]}, "properties": {"camera_id": "osm_13092259828", "camera_type": "alpr", "road": "", "operator": "", "updated_at": "2026-08-04T16:29"}}, {"type": "Feature", "geometry": {"type": "Point", "coordinates": [-86.0028248, 41.6247465]}, "properties": {"camera_id": "osm_13093121061", "camera_type": "alpr", "road": "", "operator": "", "updated_at": "2026-08-04T16:29"}}, {"type": "Feature", "geometry": {"type": "Point", "coordinates": [-85.8251431, 39.5841466]}, "properties": {"camera_id": "osm_13095929561", "camera_type": "alpr", "road": "", "operator": "", "updated_at": "2026-08-04T16:29"}}, {"type": "Feature", "geometry": {"type": "Point", "coordinates": [-85.974291, 39.6016526]}, "properties": {"camera_id": "osm_13095949050", "camera_type": "alpr", "road": "", "operator": "", "updated_at": "2026-08-04T16:29"}}, {"type": "Feature", "geometry": {"type": "Point", "coordinates": [-86.2410265, 39.8021401]}, "properties": {"camera_id": "osm_13095954941", "camera_type": "alpr", "road": "", "operator": "", "updated_at": "2026-08-04T16:29"}}, {"type": "Feature", "geometry": {"type": "Point", "coordinates": [-85.8198332, 39.5867747]}, "properties": {"camera_id": "osm_13095962020", "camera_type": "alpr", "road": "", "operator": "", "updated_at": "2026-08-04T16:29"}}, {"type": "Feature", "geometry": {"type": "Point", "coordinates": [-85.9373934, 39.5825689]}, "properties": {"camera_id": "osm_13095963695", "camera_type": "alpr", "road": "", "operator": "", "updated_at": "2026-08-04T16:29"}}, {"type": "Feature", "geometry": {"type": "Point", "coordinates": [-85.7703263, 38.4894311]}, "properties": {"camera_id": "osm_13095997483", "camera_type": "alpr", "road": "", "operator": "", "updated_at": "2026-08-04T16:29"}}, {"type": "Feature", "geometry": {"type": "Point", "coordinates": [-86.6921707, 39.2818402]}, "properties": {"camera_id": "osm_13097114053", "camera_type": "alpr", "road": "", "operator": "", "updated_at": "2026-08-04T16:29"}}, {"type": "Feature", "geometry": {"type": "Point", "coordinates": [-86.1248278, 39.800906]}, "properties": {"camera_id": "osm_13098610286", "camera_type": "alpr", "road": "", "operator": "", "updated_at": "2026-08-04T16:29"}}, {"type": "Feature", "geometry": {"type": "Point", "coordinates": [-86.1252383, 39.800191]}, "properties": {"camera_id": "osm_13098610287", "camera_type": "alpr", "road": "", "operator": "", "updated_at": "2026-08-04T16:29"}}, {"type": "Feature", "geometry": {"type": "Point", "coordinates": [-87.4711839, 37.946313]}, "properties": {"camera_id": "osm_13100871400", "camera_type": "alpr", "road": "", "operator": "", "updated_at": "2026-08-04T16:29"}}, {"type": "Feature", "geometry": {"type": "Point", "coordinates": [-87.4929925, 37.9375918]}, "properties": {"camera_id": "osm_13100904811", "camera_type": "alpr", "road": "", "operator": "", "updated_at": "2026-08-04T16:29"}}, {"type": "Feature", "geometry": {"type": "Point", "coordinates": [-87.4699797, 37.9942663]}, "properties": {"camera_id": "osm_13100916677", "camera_type": "alpr", "road": "", "operator": "", "updated_at": "2026-08-04T16:29"}}, {"type": "Feature", "geometry": {"type": "Point", "coordinates": [-87.4643424, 37.9978575]}, "properties": {"camera_id": "osm_13100928493", "camera_type": "alpr", "road": "", "operator": "", "updated_at": "2026-08-04T16:29"}}, {"type": "Feature", "geometry": {"type": "Point", "coordinates": [-87.4680857, 37.9970682]}, "properties": {"camera_id": "osm_13100928494", "camera_type": "alpr", "road": "", "operator": "", "updated_at": "2026-08-04T16:29"}}, {"type": "Feature", "geometry": {"type": "Point", "coordinates": [-87.4508828, 37.954153]}, "properties": {"camera_id": "osm_13100928638", "camera_type": "alpr", "road": "", "operator": "", "updated_at": "2026-08-04T16:29"}}, {"type": "Feature", "geometry": {"type": "Point", "coordinates": [-87.4456584, 37.9693729]}, "properties": {"camera_id": "osm_13100941274", "camera_type": "alpr", "road": "", "operator": "", "updated_at": "2026-08-04T16:29"}}, {"type": "Feature", "geometry": {"type": "Point", "coordinates": [-87.4712408, 37.9940287]}, "properties": {"camera_id": "osm_13100943504", "camera_type": "alpr", "road": "", "operator": "", "updated_at": "2026-08-04T16:29"}}, {"type": "Feature", "geometry": {"type": "Point", "coordinates": [-87.4935563, 37.9625227]}, "properties": {"camera_id": "osm_13100949277", "camera_type": "alpr", "road": "", "operator": "", "updated_at": "2026-08-04T16:29"}}, {"type": "Feature", "geometry": {"type": "Point", "coordinates": [-85.9193261, 39.9355263]}, "properties": {"camera_id": "osm_13101265412", "camera_type": "alpr", "road": "", "operator": "", "updated_at": "2026-08-04T16:29"}}, {"type": "Feature", "geometry": {"type": "Point", "coordinates": [-85.7060037, 38.3464986]}, "properties": {"camera_id": "osm_13104473859", "camera_type": "alpr", "road": "", "operator": "", "updated_at": "2026-08-04T16:29"}}, {"type": "Feature", "geometry": {"type": "Point", "coordinates": [-85.5243567, 38.6063397]}, "properties": {"camera_id": "osm_13104544754", "camera_type": "alpr", "road": "", "operator": "", "updated_at": "2026-08-04T16:29"}}, {"type": "Feature", "geometry": {"type": "Point", "coordinates": [-85.6763119, 38.4027745]}, "properties": {"camera_id": "osm_13104549353", "camera_type": "alpr", "road": "", "operator": "", "updated_at": "2026-08-04T16:29"}}, {"type": "Feature", "geometry": {"type": "Point", "coordinates": [-85.8480609, 38.3088618]}, "properties": {"camera_id": "osm_13104803488", "camera_type": "alpr", "road": "", "operator": "", "updated_at": "2026-08-04T16:29"}}, {"type": "Feature", "geometry": {"type": "Point", "coordinates": [-87.4046923, 37.9554079]}, "properties": {"camera_id": "osm_13106879465", "camera_type": "alpr", "road": "", "operator": "", "updated_at": "2026-08-04T16:29"}}, {"type": "Feature", "geometry": {"type": "Point", "coordinates": [-86.5058215, 40.2363497]}, "properties": {"camera_id": "osm_13109429632", "camera_type": "alpr", "road": "", "operator": "", "updated_at": "2026-08-04T16:29"}}, {"type": "Feature", "geometry": {"type": "Point", "coordinates": [-86.5189064, 38.8606376]}, "properties": {"camera_id": "osm_13111241594", "camera_type": "alpr", "road": "", "operator": "", "updated_at": "2026-08-04T16:29"}}, {"type": "Feature", "geometry": {"type": "Point", "coordinates": [-86.1656078, 39.79954]}, "properties": {"camera_id": "osm_13111241596", "camera_type": "alpr", "road": "", "operator": "", "updated_at": "2026-08-04T16:29"}}, {"type": "Feature", "geometry": {"type": "Point", "coordinates": [-86.5035839, 39.1714394]}, "properties": {"camera_id": "osm_13111241597", "camera_type": "alpr", "road": "", "operator": "", "updated_at": "2026-08-04T16:29"}}, {"type": "Feature", "geometry": {"type": "Point", "coordinates": [-86.8150644, 40.0470939]}, "properties": {"camera_id": "osm_13111241599", "camera_type": "alpr", "road": "", "operator": "", "updated_at": "2026-08-04T16:29"}}, {"type": "Feature", "geometry": {"type": "Point", "coordinates": [-86.0844484, 39.5430822]}, "properties": {"camera_id": "osm_13111664316", "camera_type": "alpr", "road": "", "operator": "", "updated_at": "2026-08-04T16:29"}}, {"type": "Feature", "geometry": {"type": "Point", "coordinates": [-86.083605, 39.5421536]}, "properties": {"camera_id": "osm_13111688713", "camera_type": "alpr", "road": "", "operator": "", "updated_at": "2026-08-04T16:29"}}, {"type": "Feature", "geometry": {"type": "Point", "coordinates": [-87.4907831, 37.9915391]}, "properties": {"camera_id": "osm_13116723993", "camera_type": "alpr", "road": "", "operator": "", "updated_at": "2026-08-04T16:29"}}, {"type": "Feature", "geometry": {"type": "Point", "coordinates": [-87.4973278, 37.991375]}, "properties": {"camera_id": "osm_13116724527", "camera_type": "alpr", "road": "", "operator": "", "updated_at": "2026-08-04T16:29"}}, {"type": "Feature", "geometry": {"type": "Point", "coordinates": [-87.4916634, 38.0361139]}, "properties": {"camera_id": "osm_13116732550", "camera_type": "alpr", "road": "", "operator": "", "updated_at": "2026-08-04T16:29"}}, {"type": "Feature", "geometry": {"type": "Point", "coordinates": [-87.510508, 38.0207174]}, "properties": {"camera_id": "osm_13116742594", "camera_type": "alpr", "road": "", "operator": "", "updated_at": "2026-08-04T16:29"}}, {"type": "Feature", "geometry": {"type": "Point", "coordinates": [-87.5091393, 37.9549659]}, "properties": {"camera_id": "osm_13116742601", "camera_type": "alpr", "road": "", "operator": "", "updated_at": "2026-08-04T16:29"}}, {"type": "Feature", "geometry": {"type": "Point", "coordinates": [-85.8806869, 39.2092791]}, "properties": {"camera_id": "osm_13117498525", "camera_type": "alpr", "road": "", "operator": "", "updated_at": "2026-08-04T16:29"}}, {"type": "Feature", "geometry": {"type": "Point", "coordinates": [-85.8792766, 39.2116433]}, "properties": {"camera_id": "osm_13117500490", "camera_type": "alpr", "road": "", "operator": "", "updated_at": "2026-08-04T16:29"}}, {"type": "Feature", "geometry": {"type": "Point", "coordinates": [-85.7915474, 40.8394649]}, "properties": {"camera_id": "osm_13118769701", "camera_type": "alpr", "road": "", "operator": "Wabash County Sheriff", "updated_at": "2026-08-04T16:29"}}, {"type": "Feature", "geometry": {"type": "Point", "coordinates": [-85.2007032, 41.0748504]}, "properties": {"camera_id": "osm_13120486817", "camera_type": "alpr", "road": "", "operator": "", "updated_at": "2026-08-04T16:29"}}, {"type": "Feature", "geometry": {"type": "Point", "coordinates": [-85.7872077, 41.364172]}, "properties": {"camera_id": "osm_13126293303", "camera_type": "alpr", "road": "", "operator": "", "updated_at": "2026-08-04T16:29"}}, {"type": "Feature", "geometry": {"type": "Point", "coordinates": [-86.4685148, 39.8593179]}, "properties": {"camera_id": "osm_13128863517", "camera_type": "alpr", "road": "", "operator": "", "updated_at": "2026-08-04T16:29"}}, {"type": "Feature", "geometry": {"type": "Point", "coordinates": [-85.7378154, 39.5259448]}, "properties": {"camera_id": "osm_13130020926", "camera_type": "alpr", "road": "", "operator": "", "updated_at": "2026-08-04T16:29"}}, {"type": "Feature", "geometry": {"type": "Point", "coordinates": [-86.0165311, 39.4833033]}, "properties": {"camera_id": "osm_13130043095", "camera_type": "alpr", "road": "", "operator": "", "updated_at": "2026-08-04T16:29"}}, {"type": "Feature", "geometry": {"type": "Point", "coordinates": [-86.0165371, 39.4830502]}, "properties": {"camera_id": "osm_13130055019", "camera_type": "alpr", "road": "", "operator": "", "updated_at": "2026-08-04T16:29"}}, {"type": "Feature", "geometry": {"type": "Point", "coordinates": [-86.1259751, 39.1999678]}, "properties": {"camera_id": "osm_13130073039", "camera_type": "alpr", "road": "", "operator": "", "updated_at": "2026-08-04T16:29"}}, {"type": "Feature", "geometry": {"type": "Point", "coordinates": [-86.0370656, 39.198705]}, "properties": {"camera_id": "osm_13130930835", "camera_type": "alpr", "road": "", "operator": "", "updated_at": "2026-08-04T16:29"}}, {"type": "Feature", "geometry": {"type": "Point", "coordinates": [-85.4413379, 39.8528969]}, "properties": {"camera_id": "osm_13130954853", "camera_type": "alpr", "road": "", "operator": "", "updated_at": "2026-08-04T16:29"}}, {"type": "Feature", "geometry": {"type": "Point", "coordinates": [-85.7423884, 41.001168]}, "properties": {"camera_id": "osm_13132056404", "camera_type": "alpr", "road": "", "operator": "", "updated_at": "2026-08-04T16:29"}}, {"type": "Feature", "geometry": {"type": "Point", "coordinates": [-85.6979687, 41.3304582]}, "properties": {"camera_id": "osm_13132076769", "camera_type": "alpr", "road": "", "operator": "", "updated_at": "2026-08-04T16:29"}}, {"type": "Feature", "geometry": {"type": "Point", "coordinates": [-86.1137169, 39.7987518]}, "properties": {"camera_id": "osm_13134439864", "camera_type": "alpr", "road": "", "operator": "", "updated_at": "2026-08-04T16:29"}}, {"type": "Feature", "geometry": {"type": "Point", "coordinates": [-85.4769439, 39.8533484]}, "properties": {"camera_id": "osm_13134450073", "camera_type": "alpr", "road": "", "operator": "", "updated_at": "2026-08-04T16:29"}}, {"type": "Feature", "geometry": {"type": "Point", "coordinates": [-86.1482768, 39.7696248]}, "properties": {"camera_id": "osm_13134552555", "camera_type": "alpr", "road": "", "operator": "", "updated_at": "2026-08-04T16:29"}}, {"type": "Feature", "geometry": {"type": "Point", "coordinates": [-86.3070466, 39.7111324]}, "properties": {"camera_id": "osm_13139634387", "camera_type": "alpr", "road": "", "operator": "", "updated_at": "2026-08-04T16:29"}}, {"type": "Feature", "geometry": {"type": "Point", "coordinates": [-86.3069484, 39.7113819]}, "properties": {"camera_id": "osm_13139634388", "camera_type": "alpr", "road": "", "operator": "", "updated_at": "2026-08-04T16:29"}}, {"type": "Feature", "geometry": {"type": "Point", "coordinates": [-84.8291473, 39.8450832]}, "properties": {"camera_id": "osm_13140944997", "camera_type": "alpr", "road": "", "operator": "", "updated_at": "2026-08-04T16:29"}}, {"type": "Feature", "geometry": {"type": "Point", "coordinates": [-86.7468631, 41.6388565]}, "properties": {"camera_id": "osm_13141363565", "camera_type": "alpr", "road": "", "operator": "", "updated_at": "2026-08-04T16:29"}}, {"type": "Feature", "geometry": {"type": "Point", "coordinates": [-86.7466513, 41.6391285]}, "properties": {"camera_id": "osm_13141363566", "camera_type": "alpr", "road": "", "operator": "", "updated_at": "2026-08-04T16:29"}}, {"type": "Feature", "geometry": {"type": "Point", "coordinates": [-86.8898443, 41.7218704]}, "properties": {"camera_id": "osm_13141448598", "camera_type": "alpr", "road": "", "operator": "", "updated_at": "2026-08-04T16:29"}}, {"type": "Feature", "geometry": {"type": "Point", "coordinates": [-86.7273766, 41.6136515]}, "properties": {"camera_id": "osm_13141454211", "camera_type": "alpr", "road": "", "operator": "", "updated_at": "2026-08-04T16:29"}}, {"type": "Feature", "geometry": {"type": "Point", "coordinates": [-86.8924021, 41.7156874]}, "properties": {"camera_id": "osm_13141465102", "camera_type": "alpr", "road": "", "operator": "", "updated_at": "2026-08-04T16:29"}}, {"type": "Feature", "geometry": {"type": "Point", "coordinates": [-86.5048415, 39.3441412]}, "properties": {"camera_id": "osm_13141480698", "camera_type": "alpr", "road": "", "operator": "", "updated_at": "2026-08-04T16:29"}}, {"type": "Feature", "geometry": {"type": "Point", "coordinates": [-86.9005753, 41.720319]}, "properties": {"camera_id": "osm_13141487002", "camera_type": "alpr", "road": "", "operator": "", "updated_at": "2026-08-04T16:29"}}, {"type": "Feature", "geometry": {"type": "Point", "coordinates": [-86.8921344, 41.7159321]}, "properties": {"camera_id": "osm_13141487003", "camera_type": "alpr", "road": "", "operator": "", "updated_at": "2026-08-04T16:29"}}, {"type": "Feature", "geometry": {"type": "Point", "coordinates": [-86.8931834, 41.7162655]}, "properties": {"camera_id": "osm_13141487004", "camera_type": "alpr", "road": "", "operator": "", "updated_at": "2026-08-04T16:29"}}, {"type": "Feature", "geometry": {"type": "Point", "coordinates": [-86.8938267, 41.6807565]}, "properties": {"camera_id": "osm_13143360002", "camera_type": "alpr", "road": "", "operator": "", "updated_at": "2026-08-04T16:29"}}, {"type": "Feature", "geometry": {"type": "Point", "coordinates": [-87.042656, 41.6068314]}, "properties": {"camera_id": "osm_13143370948", "camera_type": "alpr", "road": "", "operator": "", "updated_at": "2026-08-04T16:29"}}, {"type": "Feature", "geometry": {"type": "Point", "coordinates": [-87.0416347, 41.6067156]}, "properties": {"camera_id": "osm_13143370949", "camera_type": "alpr", "road": "", "operator": "", "updated_at": "2026-08-04T16:29"}}, {"type": "Feature", "geometry": {"type": "Point", "coordinates": [-87.042408, 41.6065441]}, "properties": {"camera_id": "osm_13143380768", "camera_type": "alpr", "road": "", "operator": "", "updated_at": "2026-08-04T16:29"}}, {"type": "Feature", "geometry": {"type": "Point", "coordinates": [-87.0417157, 41.6070008]}, "properties": {"camera_id": "osm_13143380769", "camera_type": "alpr", "road": "", "operator": "", "updated_at": "2026-08-04T16:29"}}, {"type": "Feature", "geometry": {"type": "Point", "coordinates": [-86.0615701, 39.9108517]}, "properties": {"camera_id": "osm_13147868468", "camera_type": "alpr", "road": "", "operator": "", "updated_at": "2026-08-04T16:29"}}, {"type": "Feature", "geometry": {"type": "Point", "coordinates": [-86.0636204, 39.9286894]}, "properties": {"camera_id": "osm_13147917266", "camera_type": "alpr", "road": "", "operator": "", "updated_at": "2026-08-04T16:29"}}, {"type": "Feature", "geometry": {"type": "Point", "coordinates": [-85.5840754, 40.4235116]}, "properties": {"camera_id": "osm_13149979309", "camera_type": "alpr", "road": "", "operator": "", "updated_at": "2026-08-04T16:29"}}, {"type": "Feature", "geometry": {"type": "Point", "coordinates": [-86.0903739, 40.5348374]}, "properties": {"camera_id": "osm_13150005077", "camera_type": "alpr", "road": "", "operator": "", "updated_at": "2026-08-04T16:29"}}, {"type": "Feature", "geometry": {"type": "Point", "coordinates": [-85.8243278, 40.4790907]}, "properties": {"camera_id": "osm_13150021826", "camera_type": "alpr", "road": "", "operator": "", "updated_at": "2026-08-04T16:29"}}, {"type": "Feature", "geometry": {"type": "Point", "coordinates": [-85.5058921, 40.5532193]}, "properties": {"camera_id": "osm_13150077557", "camera_type": "alpr", "road": "", "operator": "", "updated_at": "2026-08-04T16:29"}}, {"type": "Feature", "geometry": {"type": "Point", "coordinates": [-85.5567042, 40.5536446]}, "properties": {"camera_id": "osm_13150129057", "camera_type": "alpr", "road": "", "operator": "", "updated_at": "2026-08-04T16:29"}}, {"type": "Feature", "geometry": {"type": "Point", "coordinates": [-85.6751673, 40.535041]}, "properties": {"camera_id": "osm_13150153700", "camera_type": "alpr", "road": "", "operator": "Lowe's", "updated_at": "2026-08-04T16:29"}}, {"type": "Feature", "geometry": {"type": "Point", "coordinates": [-85.6295871, 40.6410207]}, "properties": {"camera_id": "osm_13150217117", "camera_type": "alpr", "road": "", "operator": "", "updated_at": "2026-08-04T16:29"}}, {"type": "Feature", "geometry": {"type": "Point", "coordinates": [-85.6715288, 40.385854]}, "properties": {"camera_id": "osm_13150217118", "camera_type": "alpr", "road": "", "operator": "", "updated_at": "2026-08-04T16:29"}}, {"type": "Feature", "geometry": {"type": "Point", "coordinates": [-85.5591732, 40.2244764]}, "properties": {"camera_id": "osm_13150258427", "camera_type": "alpr", "road": "", "operator": "", "updated_at": "2026-08-04T16:29"}}, {"type": "Feature", "geometry": {"type": "Point", "coordinates": [-86.1140059, 40.5077734]}, "properties": {"camera_id": "osm_13150821015", "camera_type": "alpr", "road": "", "operator": "", "updated_at": "2026-08-04T16:29"}}, {"type": "Feature", "geometry": {"type": "Point", "coordinates": [-85.6240397, 40.4880863]}, "properties": {"camera_id": "osm_13150875395", "camera_type": "alpr", "road": "", "operator": "", "updated_at": "2026-08-04T16:29"}}, {"type": "Feature", "geometry": {"type": "Point", "coordinates": [-85.8202104, 40.5776412]}, "properties": {"camera_id": "osm_13150946703", "camera_type": "alpr", "road": "", "operator": "", "updated_at": "2026-08-04T16:29"}}, {"type": "Feature", "geometry": {"type": "Point", "coordinates": [-85.6245089, 40.4880177]}, "properties": {"camera_id": "osm_13150955205", "camera_type": "alpr", "road": "", "operator": "", "updated_at": "2026-08-04T16:29"}}, {"type": "Feature", "geometry": {"type": "Point", "coordinates": [-85.7695952, 40.5813455]}, "properties": {"camera_id": "osm_13152736292", "camera_type": "alpr", "road": "", "operator": "", "updated_at": "2026-08-04T16:29"}}, {"type": "Feature", "geometry": {"type": "Point", "coordinates": [-86.8831212, 41.7162025]}, "properties": {"camera_id": "osm_13154509121", "camera_type": "alpr", "road": "", "operator": "", "updated_at": "2026-08-04T16:29"}}, {"type": "Feature", "geometry": {"type": "Point", "coordinates": [-86.0304405, 40.4200856]}, "properties": {"camera_id": "osm_13155108228", "camera_type": "alpr", "road": "", "operator": "", "updated_at": "2026-08-04T16:29"}}, {"type": "Feature", "geometry": {"type": "Point", "coordinates": [-85.5477207, 40.55335]}, "properties": {"camera_id": "osm_13155108229", "camera_type": "alpr", "road": "", "operator": "", "updated_at": "2026-08-04T16:29"}}, {"type": "Feature", "geometry": {"type": "Point", "coordinates": [-86.0935665, 40.4768724]}, "properties": {"camera_id": "osm_13155112018", "camera_type": "alpr", "road": "", "operator": "", "updated_at": "2026-08-04T16:29"}}, {"type": "Feature", "geometry": {"type": "Point", "coordinates": [-86.5798492, 39.2079466]}, "properties": {"camera_id": "osm_13155310604", "camera_type": "alpr", "road": "", "operator": "", "updated_at": "2026-08-04T16:29"}}, {"type": "Feature", "geometry": {"type": "Point", "coordinates": [-86.1282186, 40.6499545]}, "properties": {"camera_id": "osm_13155517877", "camera_type": "alpr", "road": "", "operator": "Indiana Dept. of Corrections", "updated_at": "2026-08-04T16:29"}}, {"type": "Feature", "geometry": {"type": "Point", "coordinates": [-85.7561162, 38.2888237]}, "properties": {"camera_id": "osm_13156145268", "camera_type": "alpr", "road": "", "operator": "", "updated_at": "2026-08-04T16:29"}}, {"type": "Feature", "geometry": {"type": "Point", "coordinates": [-85.798744, 38.3348815]}, "properties": {"camera_id": "osm_13156157547", "camera_type": "alpr", "road": "", "operator": "", "updated_at": "2026-08-04T16:29"}}, {"type": "Feature", "geometry": {"type": "Point", "coordinates": [-85.7788075, 38.3048621]}, "properties": {"camera_id": "osm_13156474517", "camera_type": "alpr", "road": "", "operator": "", "updated_at": "2026-08-04T16:29"}}, {"type": "Feature", "geometry": {"type": "Point", "coordinates": [-85.9350384, 39.8696367]}, "properties": {"camera_id": "osm_13156883628", "camera_type": "alpr", "road": "", "operator": "", "updated_at": "2026-08-04T16:29"}}, {"type": "Feature", "geometry": {"type": "Point", "coordinates": [-85.9381975, 39.8864206]}, "properties": {"camera_id": "osm_13157174421", "camera_type": "alpr", "road": "", "operator": "", "updated_at": "2026-08-04T16:29"}}, {"type": "Feature", "geometry": {"type": "Point", "coordinates": [-85.1988937, 41.0748254]}, "properties": {"camera_id": "osm_13158142221", "camera_type": "alpr", "road": "", "operator": "Fort Wayne Police Department", "updated_at": "2026-08-04T16:29"}}, {"type": "Feature", "geometry": {"type": "Point", "coordinates": [-85.2011981, 41.0755568]}, "properties": {"camera_id": "osm_13158142222", "camera_type": "alpr", "road": "", "operator": "Fort Wayne Police Department", "updated_at": "2026-08-04T16:29"}}, {"type": "Feature", "geometry": {"type": "Point", "coordinates": [-85.8283695, 39.5887582]}, "properties": {"camera_id": "osm_13158153477", "camera_type": "alpr", "road": "", "operator": "", "updated_at": "2026-08-04T16:29"}}, {"type": "Feature", "geometry": {"type": "Point", "coordinates": [-85.9142558, 39.643866]}, "properties": {"camera_id": "osm_13158153478", "camera_type": "alpr", "road": "", "operator": "", "updated_at": "2026-08-04T16:29"}}, {"type": "Feature", "geometry": {"type": "Point", "coordinates": [-85.9728527, 41.7244463]}, "properties": {"camera_id": "osm_13160526477", "camera_type": "alpr", "road": "", "operator": "", "updated_at": "2026-08-04T16:29"}}, {"type": "Feature", "geometry": {"type": "Point", "coordinates": [-85.7934014, 41.7250687]}, "properties": {"camera_id": "osm_13160550880", "camera_type": "alpr", "road": "", "operator": "", "updated_at": "2026-08-04T16:29"}}, {"type": "Feature", "geometry": {"type": "Point", "coordinates": [-85.9662858, 41.7027145]}, "properties": {"camera_id": "osm_13160578742", "camera_type": "alpr", "road": "", "operator": "", "updated_at": "2026-08-04T16:29"}}, {"type": "Feature", "geometry": {"type": "Point", "coordinates": [-85.8886625, 41.7067196]}, "properties": {"camera_id": "osm_13160637841", "camera_type": "alpr", "road": "", "operator": "", "updated_at": "2026-08-04T16:29"}}, {"type": "Feature", "geometry": {"type": "Point", "coordinates": [-86.0421854, 41.7245892]}, "properties": {"camera_id": "osm_13160649569", "camera_type": "alpr", "road": "", "operator": "", "updated_at": "2026-08-04T16:29"}}, {"type": "Feature", "geometry": {"type": "Point", "coordinates": [-85.850458, 41.4208284]}, "properties": {"camera_id": "osm_13160689342", "camera_type": "alpr", "road": "", "operator": "", "updated_at": "2026-08-04T16:29"}}, {"type": "Feature", "geometry": {"type": "Point", "coordinates": [-85.9465451, 41.7242025]}, "properties": {"camera_id": "osm_13160937634", "camera_type": "alpr", "road": "", "operator": "", "updated_at": "2026-08-04T16:29"}}, {"type": "Feature", "geometry": {"type": "Point", "coordinates": [-85.9470561, 41.7244367]}, "properties": {"camera_id": "osm_13160949342", "camera_type": "alpr", "road": "", "operator": "", "updated_at": "2026-08-04T16:29"}}, {"type": "Feature", "geometry": {"type": "Point", "coordinates": [-85.8038558, 41.7310594]}, "properties": {"camera_id": "osm_13160982396", "camera_type": "alpr", "road": "", "operator": "", "updated_at": "2026-08-04T16:29"}}, {"type": "Feature", "geometry": {"type": "Point", "coordinates": [-85.8537655, 41.7117405]}, "properties": {"camera_id": "osm_13160988633", "camera_type": "alpr", "road": "", "operator": "", "updated_at": "2026-08-04T16:29"}}, {"type": "Feature", "geometry": {"type": "Point", "coordinates": [-85.0583475, 41.0574152]}, "properties": {"camera_id": "osm_13162146777", "camera_type": "alpr", "road": "", "operator": "Fort Wayne Police Department", "updated_at": "2026-08-04T16:29"}}, {"type": "Feature", "geometry": {"type": "Point", "coordinates": [-85.784526, 38.3031838]}, "properties": {"camera_id": "osm_13162921666", "camera_type": "alpr", "road": "", "operator": "", "updated_at": "2026-08-04T16:29"}}, {"type": "Feature", "geometry": {"type": "Point", "coordinates": [-85.7779511, 38.3008706]}, "properties": {"camera_id": "osm_13162921667", "camera_type": "alpr", "road": "", "operator": "", "updated_at": "2026-08-04T16:29"}}, {"type": "Feature", "geometry": {"type": "Point", "coordinates": [-85.9461714, 39.3621801]}, "properties": {"camera_id": "osm_13163123147", "camera_type": "alpr", "road": "", "operator": "", "updated_at": "2026-08-04T16:29"}}, {"type": "Feature", "geometry": {"type": "Point", "coordinates": [-85.7387141, 39.5254038]}, "properties": {"camera_id": "osm_13163125062", "camera_type": "alpr", "road": "", "operator": "", "updated_at": "2026-08-04T16:29"}}, {"type": "Feature", "geometry": {"type": "Point", "coordinates": [-85.6326709, 39.5694209]}, "properties": {"camera_id": "osm_13163138869", "camera_type": "alpr", "road": "", "operator": "", "updated_at": "2026-08-04T16:29"}}, {"type": "Feature", "geometry": {"type": "Point", "coordinates": [-85.692663, 39.2688333]}, "properties": {"camera_id": "osm_13163138875", "camera_type": "alpr", "road": "", "operator": "", "updated_at": "2026-08-04T16:29"}}, {"type": "Feature", "geometry": {"type": "Point", "coordinates": [-85.6312154, 39.5693143]}, "properties": {"camera_id": "osm_13163139431", "camera_type": "alpr", "road": "", "operator": "", "updated_at": "2026-08-04T16:29"}}, {"type": "Feature", "geometry": {"type": "Point", "coordinates": [-85.6783754, 39.2710607]}, "properties": {"camera_id": "osm_13163148177", "camera_type": "alpr", "road": "", "operator": "", "updated_at": "2026-08-04T16:29"}}, {"type": "Feature", "geometry": {"type": "Point", "coordinates": [-85.9394272, 39.3621957]}, "properties": {"camera_id": "osm_13163163302", "camera_type": "alpr", "road": "", "operator": "", "updated_at": "2026-08-04T16:29"}}, {"type": "Feature", "geometry": {"type": "Point", "coordinates": [-84.9995164, 41.6704229]}, "properties": {"camera_id": "osm_13163377692", "camera_type": "alpr", "road": "", "operator": "Angola Police Department", "updated_at": "2026-08-04T16:29"}}, {"type": "Feature", "geometry": {"type": "Point", "coordinates": [-84.999841, 41.6761074]}, "properties": {"camera_id": "osm_13163377693", "camera_type": "alpr", "road": "", "operator": "Angola Police Department", "updated_at": "2026-08-04T16:29"}}, {"type": "Feature", "geometry": {"type": "Point", "coordinates": [-85.2009345, 41.0759369]}, "properties": {"camera_id": "osm_13163741764", "camera_type": "alpr", "road": "", "operator": "Fort Wayne Police Department", "updated_at": "2026-08-04T16:29"}}, {"type": "Feature", "geometry": {"type": "Point", "coordinates": [-85.7563877, 38.2846728]}, "properties": {"camera_id": "osm_13164202004", "camera_type": "alpr", "road": "", "operator": "", "updated_at": "2026-08-04T16:29"}}, {"type": "Feature", "geometry": {"type": "Point", "coordinates": [-84.8941305, 39.0693994]}, "properties": {"camera_id": "osm_13164477707", "camera_type": "alpr", "road": "", "operator": "", "updated_at": "2026-08-04T16:29"}}, {"type": "Feature", "geometry": {"type": "Point", "coordinates": [-84.8957613, 39.0643748]}, "properties": {"camera_id": "osm_13164477708", "camera_type": "alpr", "road": "", "operator": "", "updated_at": "2026-08-04T16:29"}}, {"type": "Feature", "geometry": {"type": "Point", "coordinates": [-84.8800643, 39.0843265]}, "properties": {"camera_id": "osm_13164477709", "camera_type": "alpr", "road": "", "operator": "Lowe's", "updated_at": "2026-08-04T16:29"}}, {"type": "Feature", "geometry": {"type": "Point", "coordinates": [-84.8793022, 39.0849514]}, "properties": {"camera_id": "osm_13164477710", "camera_type": "alpr", "road": "", "operator": "Lowe's", "updated_at": "2026-08-04T16:29"}}, {"type": "Feature", "geometry": {"type": "Point", "coordinates": [-84.8787464, 39.0845832]}, "properties": {"camera_id": "osm_13164477711", "camera_type": "alpr", "road": "", "operator": "Lowe's", "updated_at": "2026-08-04T16:29"}}, {"type": "Feature", "geometry": {"type": "Point", "coordinates": [-84.8798924, 39.0833363]}, "properties": {"camera_id": "osm_13164477712", "camera_type": "alpr", "road": "", "operator": "Lowe's", "updated_at": "2026-08-04T16:29"}}, {"type": "Feature", "geometry": {"type": "Point", "coordinates": [-86.1304284, 38.9544835]}, "properties": {"camera_id": "osm_13164477713", "camera_type": "alpr", "road": "", "operator": "", "updated_at": "2026-08-04T16:29"}}, {"type": "Feature", "geometry": {"type": "Point", "coordinates": [-85.4353328, 38.7915391]}, "properties": {"camera_id": "osm_13164477714", "camera_type": "alpr", "road": "", "operator": "", "updated_at": "2026-08-04T16:29"}}, {"type": "Feature", "geometry": {"type": "Point", "coordinates": [-86.8229567, 40.4177991]}, "properties": {"camera_id": "osm_13165170480", "camera_type": "alpr", "road": "", "operator": "", "updated_at": "2026-08-04T16:29"}}, {"type": "Feature", "geometry": {"type": "Point", "coordinates": [-86.1229375, 39.6281378]}, "properties": {"camera_id": "osm_13165237452", "camera_type": "alpr", "road": "", "operator": "", "updated_at": "2026-08-04T16:29"}}, {"type": "Feature", "geometry": {"type": "Point", "coordinates": [-87.3696876, 39.4725018]}, "properties": {"camera_id": "osm_13165334986", "camera_type": "alpr", "road": "", "operator": "", "updated_at": "2026-08-04T16:29"}}, {"type": "Feature", "geometry": {"type": "Point", "coordinates": [-87.3602314, 39.5202862]}, "properties": {"camera_id": "osm_13165343840", "camera_type": "alpr", "road": "", "operator": "", "updated_at": "2026-08-04T16:29"}}, {"type": "Feature", "geometry": {"type": "Point", "coordinates": [-85.8912207, 38.9847076]}, "properties": {"camera_id": "osm_13165532602", "camera_type": "alpr", "road": "", "operator": "", "updated_at": "2026-08-04T16:29"}}, {"type": "Feature", "geometry": {"type": "Point", "coordinates": [-85.8472995, 38.9583024]}, "properties": {"camera_id": "osm_13165533584", "camera_type": "alpr", "road": "", "operator": "", "updated_at": "2026-08-04T16:29"}}, {"type": "Feature", "geometry": {"type": "Point", "coordinates": [-85.8482034, 38.9578936]}, "properties": {"camera_id": "osm_13165540834", "camera_type": "alpr", "road": "", "operator": "", "updated_at": "2026-08-04T16:29"}}, {"type": "Feature", "geometry": {"type": "Point", "coordinates": [-85.8589001, 38.9582138]}, "properties": {"camera_id": "osm_13165542200", "camera_type": "alpr", "road": "", "operator": "", "updated_at": "2026-08-04T16:29"}}, {"type": "Feature", "geometry": {"type": "Point", "coordinates": [-85.8382444, 38.9584818]}, "properties": {"camera_id": "osm_13165549929", "camera_type": "alpr", "road": "", "operator": "", "updated_at": "2026-08-04T16:29"}}, {"type": "Feature", "geometry": {"type": "Point", "coordinates": [-87.5297956, 37.9612654]}, "properties": {"camera_id": "osm_13165835479", "camera_type": "alpr", "road": "", "operator": "", "updated_at": "2026-08-04T16:29"}}, {"type": "Feature", "geometry": {"type": "Point", "coordinates": [-86.1165341, 39.6344496]}, "properties": {"camera_id": "osm_13166630877", "camera_type": "alpr", "road": "", "operator": "", "updated_at": "2026-08-04T16:29"}}, {"type": "Feature", "geometry": {"type": "Point", "coordinates": [-85.1580499, 41.1323014]}, "properties": {"camera_id": "osm_13167704968", "camera_type": "alpr", "road": "", "operator": "Fort Wayne Police Department", "updated_at": "2026-08-04T16:29"}}, {"type": "Feature", "geometry": {"type": "Point", "coordinates": [-85.7538703, 41.4289213]}, "properties": {"camera_id": "osm_13167978006", "camera_type": "alpr", "road": "", "operator": "", "updated_at": "2026-08-04T16:29"}}, {"type": "Feature", "geometry": {"type": "Point", "coordinates": [-87.3978896, 39.4776446]}, "properties": {"camera_id": "osm_13168342982", "camera_type": "alpr", "road": "", "operator": "", "updated_at": "2026-08-04T16:29"}}, {"type": "Feature", "geometry": {"type": "Point", "coordinates": [-87.3979419, 39.4848803]}, "properties": {"camera_id": "osm_13168369718", "camera_type": "alpr", "road": "", "operator": "", "updated_at": "2026-08-04T16:29"}}, {"type": "Feature", "geometry": {"type": "Point", "coordinates": [-87.3976728, 39.4774811]}, "properties": {"camera_id": "osm_13168383667", "camera_type": "alpr", "road": "", "operator": "", "updated_at": "2026-08-04T16:29"}}, {"type": "Feature", "geometry": {"type": "Point", "coordinates": [-85.7688884, 40.552668]}, "properties": {"camera_id": "osm_13169354942", "camera_type": "alpr", "road": "", "operator": "", "updated_at": "2026-08-04T16:29"}}, {"type": "Feature", "geometry": {"type": "Point", "coordinates": [-85.6945421, 40.5525405]}, "properties": {"camera_id": "osm_13169365167", "camera_type": "alpr", "road": "", "operator": "", "updated_at": "2026-08-04T16:29"}}, {"type": "Feature", "geometry": {"type": "Point", "coordinates": [-85.1618886, 41.1365951]}, "properties": {"camera_id": "osm_13171710207", "camera_type": "alpr", "road": "", "operator": "", "updated_at": "2026-08-04T16:29"}}, {"type": "Feature", "geometry": {"type": "Point", "coordinates": [-85.4451264, 40.450778]}, "properties": {"camera_id": "osm_13172874408", "camera_type": "alpr", "road": "", "operator": "", "updated_at": "2026-08-04T16:29"}}, {"type": "Feature", "geometry": {"type": "Point", "coordinates": [-85.3859931, 40.4504971]}, "properties": {"camera_id": "osm_13172874655", "camera_type": "alpr", "road": "", "operator": "", "updated_at": "2026-08-04T16:29"}}, {"type": "Feature", "geometry": {"type": "Point", "coordinates": [-86.1274659, 40.3845064]}, "properties": {"camera_id": "osm_13173522003", "camera_type": "alpr", "road": "", "operator": "", "updated_at": "2026-08-04T16:29"}}, {"type": "Feature", "geometry": {"type": "Point", "coordinates": [-86.1267979, 40.2815634]}, "properties": {"camera_id": "osm_13173626860", "camera_type": "alpr", "road": "", "operator": "", "updated_at": "2026-08-04T16:29"}}, {"type": "Feature", "geometry": {"type": "Point", "coordinates": [-86.0356617, 40.1321483]}, "properties": {"camera_id": "osm_13173724351", "camera_type": "alpr", "road": "", "operator": "", "updated_at": "2026-08-04T16:29"}}, {"type": "Feature", "geometry": {"type": "Point", "coordinates": [-84.8971077, 41.4292666]}, "properties": {"camera_id": "osm_13175799589", "camera_type": "alpr", "road": "", "operator": "Butler Police Department", "updated_at": "2026-08-04T16:29"}}, {"type": "Feature", "geometry": {"type": "Point", "coordinates": [-87.4055369, 39.448334]}, "properties": {"camera_id": "osm_13184526355", "camera_type": "alpr", "road": "", "operator": "", "updated_at": "2026-08-04T16:29"}}, {"type": "Feature", "geometry": {"type": "Point", "coordinates": [-87.0270343, 41.4473636]}, "properties": {"camera_id": "osm_13185966492", "camera_type": "alpr", "road": "", "operator": "", "updated_at": "2026-08-04T16:29"}}, {"type": "Feature", "geometry": {"type": "Point", "coordinates": [-87.0257326, 41.3186065]}, "properties": {"camera_id": "osm_13185966493", "camera_type": "alpr", "road": "", "operator": "", "updated_at": "2026-08-04T16:29"}}, {"type": "Feature", "geometry": {"type": "Point", "coordinates": [-87.0266206, 41.3183936]}, "properties": {"camera_id": "osm_13185966494", "camera_type": "alpr", "road": "", "operator": "", "updated_at": "2026-08-04T16:29"}}, {"type": "Feature", "geometry": {"type": "Point", "coordinates": [-87.02597, 41.3180877]}, "properties": {"camera_id": "osm_13185966495", "camera_type": "alpr", "road": "", "operator": "", "updated_at": "2026-08-04T16:29"}}, {"type": "Feature", "geometry": {"type": "Point", "coordinates": [-87.0255777, 41.3182365]}, "properties": {"camera_id": "osm_13185966496", "camera_type": "alpr", "road": "", "operator": "", "updated_at": "2026-08-04T16:29"}}, {"type": "Feature", "geometry": {"type": "Point", "coordinates": [-87.0263407, 41.4583898]}, "properties": {"camera_id": "osm_13186384856", "camera_type": "alpr", "road": "", "operator": "", "updated_at": "2026-08-04T16:29"}}, {"type": "Feature", "geometry": {"type": "Point", "coordinates": [-85.7680054, 38.3798175]}, "properties": {"camera_id": "osm_13186478035", "camera_type": "alpr", "road": "", "operator": "", "updated_at": "2026-08-04T16:29"}}, {"type": "Feature", "geometry": {"type": "Point", "coordinates": [-85.1669428, 41.1364169]}, "properties": {"camera_id": "osm_13186592515", "camera_type": "alpr", "road": "", "operator": "", "updated_at": "2026-08-04T16:29"}}, {"type": "Feature", "geometry": {"type": "Point", "coordinates": [-85.3326398, 40.7419148]}, "properties": {"camera_id": "osm_13186909950", "camera_type": "alpr", "road": "", "operator": "Wells County Sheriff's Office", "updated_at": "2026-08-04T16:29"}}, {"type": "Feature", "geometry": {"type": "Point", "coordinates": [-86.1193026, 39.636061]}, "properties": {"camera_id": "osm_13187656236", "camera_type": "alpr", "road": "", "operator": "", "updated_at": "2026-08-04T16:29"}}, {"type": "Feature", "geometry": {"type": "Point", "coordinates": [-86.1220397, 39.6506152]}, "properties": {"camera_id": "osm_13187669621", "camera_type": "alpr", "road": "", "operator": "", "updated_at": "2026-08-04T16:29"}}, {"type": "Feature", "geometry": {"type": "Point", "coordinates": [-86.031504, 40.4774519]}, "properties": {"camera_id": "osm_13188701788", "camera_type": "alpr", "road": "", "operator": "", "updated_at": "2026-08-04T16:29"}}, {"type": "Feature", "geometry": {"type": "Point", "coordinates": [-86.265628, 39.8808827]}, "properties": {"camera_id": "osm_13188862983", "camera_type": "alpr", "road": "", "operator": "", "updated_at": "2026-08-04T16:29"}}, {"type": "Feature", "geometry": {"type": "Point", "coordinates": [-86.2655068, 39.8795185]}, "properties": {"camera_id": "osm_13188862984", "camera_type": "alpr", "road": "", "operator": "", "updated_at": "2026-08-04T16:29"}}, {"type": "Feature", "geometry": {"type": "Point", "coordinates": [-86.2650078, 39.8744051]}, "properties": {"camera_id": "osm_13188862985", "camera_type": "alpr", "road": "", "operator": "", "updated_at": "2026-08-04T16:29"}}, {"type": "Feature", "geometry": {"type": "Point", "coordinates": [-86.2669036, 39.8729556]}, "properties": {"camera_id": "osm_13188862986", "camera_type": "alpr", "road": "", "operator": "", "updated_at": "2026-08-04T16:29"}}, {"type": "Feature", "geometry": {"type": "Point", "coordinates": [-86.1791555, 40.7577161]}, "properties": {"camera_id": "osm_13188863312", "camera_type": "alpr", "road": "", "operator": "Cass County Sheriffs Office", "updated_at": "2026-08-04T16:29"}}, {"type": "Feature", "geometry": {"type": "Point", "coordinates": [-85.7985126, 40.8324353]}, "properties": {"camera_id": "osm_13188985033", "camera_type": "alpr", "road": "", "operator": "Wabash County Sheriff", "updated_at": "2026-08-04T16:29"}}, {"type": "Feature", "geometry": {"type": "Point", "coordinates": [-85.5737044, 41.0023026]}, "properties": {"camera_id": "osm_13189065241", "camera_type": "alpr", "road": "", "operator": "Huntington County SO", "updated_at": "2026-08-04T16:29"}}, {"type": "Feature", "geometry": {"type": "Point", "coordinates": [-85.4715566, 41.0040378]}, "properties": {"camera_id": "osm_13190020335", "camera_type": "alpr", "road": "", "operator": "Huntington County SO", "updated_at": "2026-08-04T16:29"}}, {"type": "Feature", "geometry": {"type": "Point", "coordinates": [-85.1016587, 41.1335811]}, "properties": {"camera_id": "osm_13190363560", "camera_type": "alpr", "road": "", "operator": "", "updated_at": "2026-08-04T16:29"}}, {"type": "Feature", "geometry": {"type": "Point", "coordinates": [-86.3999721, 39.6919994]}, "properties": {"camera_id": "osm_13191756366", "camera_type": "alpr", "road": "", "operator": "", "updated_at": "2026-08-04T16:29"}}, {"type": "Feature", "geometry": {"type": "Point", "coordinates": [-86.8938151, 41.7125336]}, "properties": {"camera_id": "osm_13192826793", "camera_type": "alpr", "road": "", "operator": "", "updated_at": "2026-08-04T16:29"}}, {"type": "Feature", "geometry": {"type": "Point", "coordinates": [-86.8794368, 41.7057505]}, "properties": {"camera_id": "osm_13192826794", "camera_type": "alpr", "road": "", "operator": "", "updated_at": "2026-08-04T16:29"}}, {"type": "Feature", "geometry": {"type": "Point", "coordinates": [-86.0016099, 41.4649265]}, "properties": {"camera_id": "osm_13193693481", "camera_type": "alpr", "road": "", "operator": "", "updated_at": "2026-08-04T16:29"}}, {"type": "Feature", "geometry": {"type": "Point", "coordinates": [-86.0017287, 41.5471871]}, "properties": {"camera_id": "osm_13193693482", "camera_type": "alpr", "road": "", "operator": "Wakarusa Police Department", "updated_at": "2026-08-04T16:29"}}, {"type": "Feature", "geometry": {"type": "Point", "coordinates": [-86.3056015, 41.7081509]}, "properties": {"camera_id": "osm_13193693484", "camera_type": "alpr", "road": "", "operator": "", "updated_at": "2026-08-04T16:29"}}, {"type": "Feature", "geometry": {"type": "Point", "coordinates": [-86.305604, 41.7080428]}, "properties": {"camera_id": "osm_13193693485", "camera_type": "alpr", "road": "", "operator": "", "updated_at": "2026-08-04T16:29"}}, {"type": "Feature", "geometry": {"type": "Point", "coordinates": [-85.9305904, 39.2370878]}, "properties": {"camera_id": "osm_13194405678", "camera_type": "alpr", "road": "", "operator": "", "updated_at": "2026-08-04T16:29"}}, {"type": "Feature", "geometry": {"type": "Point", "coordinates": [-85.8807889, 39.2091079]}, "properties": {"camera_id": "osm_13194409670", "camera_type": "alpr", "road": "", "operator": "", "updated_at": "2026-08-04T16:29"}}, {"type": "Feature", "geometry": {"type": "Point", "coordinates": [-85.9372521, 39.2381209]}, "properties": {"camera_id": "osm_13194431463", "camera_type": "alpr", "road": "", "operator": "", "updated_at": "2026-08-04T16:29"}}, {"type": "Feature", "geometry": {"type": "Point", "coordinates": [-85.2628218, 39.8601567]}, "properties": {"camera_id": "osm_13194590245", "camera_type": "alpr", "road": "", "operator": "", "updated_at": "2026-08-04T16:29"}}, {"type": "Feature", "geometry": {"type": "Point", "coordinates": [-85.6667785, 40.5658583]}, "properties": {"camera_id": "osm_13194682208", "camera_type": "alpr", "road": "", "operator": "", "updated_at": "2026-08-04T16:29"}}, {"type": "Feature", "geometry": {"type": "Point", "coordinates": [-87.2403235, 41.5788226]}, "properties": {"camera_id": "osm_13196660858", "camera_type": "alpr", "road": "", "operator": "", "updated_at": "2026-08-04T16:29"}}, {"type": "Feature", "geometry": {"type": "Point", "coordinates": [-87.2216056, 41.5745168]}, "properties": {"camera_id": "osm_13196818436", "camera_type": "alpr", "road": "", "operator": "", "updated_at": "2026-08-04T16:29"}}, {"type": "Feature", "geometry": {"type": "Point", "coordinates": [-85.7200014, 38.3299561]}, "properties": {"camera_id": "osm_13197903895", "camera_type": "alpr", "road": "", "operator": "", "updated_at": "2026-08-04T16:29"}}, {"type": "Feature", "geometry": {"type": "Point", "coordinates": [-85.8473656, 38.309149]}, "properties": {"camera_id": "osm_13197923396", "camera_type": "alpr", "road": "", "operator": "", "updated_at": "2026-08-04T16:29"}}, {"type": "Feature", "geometry": {"type": "Point", "coordinates": [-85.8183614, 38.3339652]}, "properties": {"camera_id": "osm_13197923841", "camera_type": "alpr", "road": "", "operator": "", "updated_at": "2026-08-04T16:29"}}, {"type": "Feature", "geometry": {"type": "Point", "coordinates": [-85.6853857, 38.3256057]}, "properties": {"camera_id": "osm_13197924747", "camera_type": "alpr", "road": "", "operator": "", "updated_at": "2026-08-04T16:29"}}, {"type": "Feature", "geometry": {"type": "Point", "coordinates": [-85.7194525, 38.2905152]}, "properties": {"camera_id": "osm_13197937117", "camera_type": "alpr", "road": "", "operator": "", "updated_at": "2026-08-04T16:29"}}, {"type": "Feature", "geometry": {"type": "Point", "coordinates": [-85.6752988, 38.3129754]}, "properties": {"camera_id": "osm_13197948283", "camera_type": "alpr", "road": "", "operator": "", "updated_at": "2026-08-04T16:29"}}, {"type": "Feature", "geometry": {"type": "Point", "coordinates": [-85.7066285, 38.3395884]}, "properties": {"camera_id": "osm_13197955558", "camera_type": "alpr", "road": "", "operator": "", "updated_at": "2026-08-04T16:29"}}, {"type": "Feature", "geometry": {"type": "Point", "coordinates": [-85.7510745, 38.3295296]}, "properties": {"camera_id": "osm_13197966869", "camera_type": "alpr", "road": "", "operator": "", "updated_at": "2026-08-04T16:29"}}, {"type": "Feature", "geometry": {"type": "Point", "coordinates": [-85.7553364, 38.3295284]}, "properties": {"camera_id": "osm_13197973940", "camera_type": "alpr", "road": "", "operator": "", "updated_at": "2026-08-04T16:29"}}, {"type": "Feature", "geometry": {"type": "Point", "coordinates": [-85.7539594, 38.3187691]}, "properties": {"camera_id": "osm_13197979224", "camera_type": "alpr", "road": "", "operator": "", "updated_at": "2026-08-04T16:29"}}, {"type": "Feature", "geometry": {"type": "Point", "coordinates": [-85.746039, 38.2789272]}, "properties": {"camera_id": "osm_13197988819", "camera_type": "alpr", "road": "", "operator": "", "updated_at": "2026-08-04T16:29"}}, {"type": "Feature", "geometry": {"type": "Point", "coordinates": [-85.7462249, 38.2722426]}, "properties": {"camera_id": "osm_13197988820", "camera_type": "alpr", "road": "", "operator": "", "updated_at": "2026-08-04T16:29"}}, {"type": "Feature", "geometry": {"type": "Point", "coordinates": [-85.7531376, 38.2845551]}, "properties": {"camera_id": "osm_13197988821", "camera_type": "alpr", "road": "", "operator": "", "updated_at": "2026-08-04T16:29"}}, {"type": "Feature", "geometry": {"type": "Point", "coordinates": [-85.7532214, 38.2844941]}, "properties": {"camera_id": "osm_13197988822", "camera_type": "alpr", "road": "", "operator": "", "updated_at": "2026-08-04T16:29"}}, {"type": "Feature", "geometry": {"type": "Point", "coordinates": [-85.7556273, 38.2936993]}, "properties": {"camera_id": "osm_13197993792", "camera_type": "alpr", "road": "", "operator": "", "updated_at": "2026-08-04T16:29"}}, {"type": "Feature", "geometry": {"type": "Point", "coordinates": [-85.7508401, 38.3297795]}, "properties": {"camera_id": "osm_13200987539", "camera_type": "alpr", "road": "", "operator": "", "updated_at": "2026-08-04T16:29"}}, {"type": "Feature", "geometry": {"type": "Point", "coordinates": [-85.7323927, 38.2790506]}, "properties": {"camera_id": "osm_13201050092", "camera_type": "alpr", "road": "", "operator": "", "updated_at": "2026-08-04T16:29"}}, {"type": "Feature", "geometry": {"type": "Point", "coordinates": [-85.7213447, 38.2798277]}, "properties": {"camera_id": "osm_13201050093", "camera_type": "alpr", "road": "", "operator": "", "updated_at": "2026-08-04T16:29"}}, {"type": "Feature", "geometry": {"type": "Point", "coordinates": [-85.7205972, 38.2897682]}, "properties": {"camera_id": "osm_13201050094", "camera_type": "alpr", "road": "", "operator": "", "updated_at": "2026-08-04T16:29"}}, {"type": "Feature", "geometry": {"type": "Point", "coordinates": [-85.7305768, 38.2875265]}, "properties": {"camera_id": "osm_13201050095", "camera_type": "alpr", "road": "", "operator": "", "updated_at": "2026-08-04T16:29"}}, {"type": "Feature", "geometry": {"type": "Point", "coordinates": [-85.7648106, 38.391878]}, "properties": {"camera_id": "osm_13201071328", "camera_type": "alpr", "road": "", "operator": "", "updated_at": "2026-08-04T16:29"}}, {"type": "Feature", "geometry": {"type": "Point", "coordinates": [-85.7594808, 38.3953759]}, "properties": {"camera_id": "osm_13201071329", "camera_type": "alpr", "road": "", "operator": "", "updated_at": "2026-08-04T16:29"}}, {"type": "Feature", "geometry": {"type": "Point", "coordinates": [-85.772727, 38.4910783]}, "properties": {"camera_id": "osm_13201071330", "camera_type": "alpr", "road": "", "operator": "", "updated_at": "2026-08-04T16:29"}}, {"type": "Feature", "geometry": {"type": "Point", "coordinates": [-85.7758256, 38.5400749]}, "properties": {"camera_id": "osm_13201071331", "camera_type": "alpr", "road": "", "operator": "", "updated_at": "2026-08-04T16:29"}}, {"type": "Feature", "geometry": {"type": "Point", "coordinates": [-85.4032395, 41.3413592]}, "properties": {"camera_id": "osm_13201140335", "camera_type": "alpr", "road": "", "operator": "", "updated_at": "2026-08-04T16:29"}}, {"type": "Feature", "geometry": {"type": "Point", "coordinates": [-85.745445, 38.2795291]}, "properties": {"camera_id": "osm_13201147137", "camera_type": "alpr", "road": "", "operator": "", "updated_at": "2026-08-04T16:29"}}, {"type": "Feature", "geometry": {"type": "Point", "coordinates": [-85.7463901, 38.2796988]}, "properties": {"camera_id": "osm_13201147138", "camera_type": "alpr", "road": "", "operator": "", "updated_at": "2026-08-04T16:29"}}, {"type": "Feature", "geometry": {"type": "Point", "coordinates": [-85.7437261, 38.3187631]}, "properties": {"camera_id": "osm_13201150322", "camera_type": "alpr", "road": "", "operator": "", "updated_at": "2026-08-04T16:29"}}, {"type": "Feature", "geometry": {"type": "Point", "coordinates": [-86.3506706, 39.8077293]}, "properties": {"camera_id": "osm_13201468217", "camera_type": "alpr", "road": "", "operator": "", "updated_at": "2026-08-04T16:29"}}, {"type": "Feature", "geometry": {"type": "Point", "coordinates": [-86.355318, 39.8371181]}, "properties": {"camera_id": "osm_13201474740", "camera_type": "alpr", "road": "", "operator": "", "updated_at": "2026-08-04T16:29"}}, {"type": "Feature", "geometry": {"type": "Point", "coordinates": [-85.8444875, 38.3095133]}, "properties": {"camera_id": "osm_13201631886", "camera_type": "alpr", "road": "", "operator": "", "updated_at": "2026-08-04T16:29"}}, {"type": "Feature", "geometry": {"type": "Point", "coordinates": [-85.8427336, 38.3066087]}, "properties": {"camera_id": "osm_13201631887", "camera_type": "alpr", "road": "", "operator": "", "updated_at": "2026-08-04T16:29"}}, {"type": "Feature", "geometry": {"type": "Point", "coordinates": [-87.4662052, 38.0884568]}, "properties": {"camera_id": "osm_13201829462", "camera_type": "alpr", "road": "", "operator": "", "updated_at": "2026-08-04T16:29"}}, {"type": "Feature", "geometry": {"type": "Point", "coordinates": [-87.4739282, 38.0887368]}, "properties": {"camera_id": "osm_13201836577", "camera_type": "alpr", "road": "", "operator": "", "updated_at": "2026-08-04T16:29"}}, {"type": "Feature", "geometry": {"type": "Point", "coordinates": [-85.7299204, 38.287671]}, "properties": {"camera_id": "osm_13202594473", "camera_type": "alpr", "road": "", "operator": "", "updated_at": "2026-08-04T16:29"}}, {"type": "Feature", "geometry": {"type": "Point", "coordinates": [-86.1067582, 39.7010579]}, "properties": {"camera_id": "osm_13204943001", "camera_type": "alpr", "road": "", "operator": "", "updated_at": "2026-08-04T16:29"}}, {"type": "Feature", "geometry": {"type": "Point", "coordinates": [-85.7938847, 38.3331493]}, "properties": {"camera_id": "osm_13207310158", "camera_type": "alpr", "road": "", "operator": "", "updated_at": "2026-08-04T16:29"}}, {"type": "Feature", "geometry": {"type": "Point", "coordinates": [-87.5110519, 41.6477951]}, "properties": {"camera_id": "osm_13228644801", "camera_type": "alpr", "road": "", "operator": "", "updated_at": "2026-08-04T16:29"}}, {"type": "Feature", "geometry": {"type": "Point", "coordinates": [-85.5097639, 40.8975072]}, "properties": {"camera_id": "osm_13230320701", "camera_type": "alpr", "road": "", "operator": "", "updated_at": "2026-08-04T16:29"}}, {"type": "Feature", "geometry": {"type": "Point", "coordinates": [-85.6477922, 41.6539545]}, "properties": {"camera_id": "osm_13230518523", "camera_type": "alpr", "road": "", "operator": "", "updated_at": "2026-08-04T16:29"}}, {"type": "Feature", "geometry": {"type": "Point", "coordinates": [-85.5094622, 40.8970104]}, "properties": {"camera_id": "osm_13231885101", "camera_type": "alpr", "road": "", "operator": "", "updated_at": "2026-08-04T16:29"}}, {"type": "Feature", "geometry": {"type": "Point", "coordinates": [-85.8386902, 40.8147745]}, "properties": {"camera_id": "osm_13232167311", "camera_type": "alpr", "road": "", "operator": "", "updated_at": "2026-08-04T16:29"}}, {"type": "Feature", "geometry": {"type": "Point", "coordinates": [-85.8371637, 40.8152168]}, "properties": {"camera_id": "osm_13232167312", "camera_type": "alpr", "road": "", "operator": "", "updated_at": "2026-08-04T16:29"}}, {"type": "Feature", "geometry": {"type": "Point", "coordinates": [-85.7097764, 40.6412744]}, "properties": {"camera_id": "osm_13232167313", "camera_type": "alpr", "road": "", "operator": "", "updated_at": "2026-08-04T16:29"}}, {"type": "Feature", "geometry": {"type": "Point", "coordinates": [-85.8210159, 40.7804661]}, "properties": {"camera_id": "osm_13232176807", "camera_type": "alpr", "road": "", "operator": "", "updated_at": "2026-08-04T16:29"}}, {"type": "Feature", "geometry": {"type": "Point", "coordinates": [-85.7973376, 40.832084]}, "properties": {"camera_id": "osm_13232185319", "camera_type": "alpr", "road": "", "operator": "", "updated_at": "2026-08-04T16:29"}}, {"type": "Feature", "geometry": {"type": "Point", "coordinates": [-85.8281791, 41.5428838]}, "properties": {"camera_id": "osm_13233760342", "camera_type": "alpr", "road": "", "operator": "", "updated_at": "2026-08-04T16:29"}}, {"type": "Feature", "geometry": {"type": "Point", "coordinates": [-86.1234325, 39.6353628]}, "properties": {"camera_id": "osm_13238272940", "camera_type": "alpr", "road": "", "operator": "", "updated_at": "2026-08-04T16:29"}}, {"type": "Feature", "geometry": {"type": "Point", "coordinates": [-86.204512, 39.634485]}, "properties": {"camera_id": "osm_13238303682", "camera_type": "alpr", "road": "", "operator": "", "updated_at": "2026-08-04T16:29"}}, {"type": "Feature", "geometry": {"type": "Point", "coordinates": [-86.1316645, 39.6357976]}, "properties": {"camera_id": "osm_13238304272", "camera_type": "alpr", "road": "", "operator": "", "updated_at": "2026-08-04T16:29"}}, {"type": "Feature", "geometry": {"type": "Point", "coordinates": [-86.1341766, 39.63566]}, "properties": {"camera_id": "osm_13238323317", "camera_type": "alpr", "road": "", "operator": "", "updated_at": "2026-08-04T16:29"}}, {"type": "Feature", "geometry": {"type": "Point", "coordinates": [-86.1310989, 39.6392881]}, "properties": {"camera_id": "osm_13238327123", "camera_type": "alpr", "road": "", "operator": "", "updated_at": "2026-08-04T16:29"}}, {"type": "Feature", "geometry": {"type": "Point", "coordinates": [-86.1775045, 39.6346029]}, "properties": {"camera_id": "osm_13238333339", "camera_type": "alpr", "road": "", "operator": "", "updated_at": "2026-08-04T16:29"}}, {"type": "Feature", "geometry": {"type": "Point", "coordinates": [-85.6809714, 40.1020753]}, "properties": {"camera_id": "osm_13238509163", "camera_type": "alpr", "road": "", "operator": "", "updated_at": "2026-08-04T16:29"}}, {"type": "Feature", "geometry": {"type": "Point", "coordinates": [-85.6738843, 40.1022462]}, "properties": {"camera_id": "osm_13238509164", "camera_type": "alpr", "road": "", "operator": "", "updated_at": "2026-08-04T16:29"}}, {"type": "Feature", "geometry": {"type": "Point", "coordinates": [-85.6778518, 40.0873552]}, "properties": {"camera_id": "osm_13238509165", "camera_type": "alpr", "road": "", "operator": "", "updated_at": "2026-08-04T16:29"}}, {"type": "Feature", "geometry": {"type": "Point", "coordinates": [-85.6776421, 40.0872396]}, "properties": {"camera_id": "osm_13238509166", "camera_type": "alpr", "road": "", "operator": "", "updated_at": "2026-08-04T16:29"}}, {"type": "Feature", "geometry": {"type": "Point", "coordinates": [-85.6918801, 40.0908121]}, "properties": {"camera_id": "osm_13238509167", "camera_type": "alpr", "road": "", "operator": "", "updated_at": "2026-08-04T16:29"}}, {"type": "Feature", "geometry": {"type": "Point", "coordinates": [-85.692026, 40.0911282]}, "properties": {"camera_id": "osm_13238509168", "camera_type": "alpr", "road": "", "operator": "", "updated_at": "2026-08-04T16:29"}}, {"type": "Feature", "geometry": {"type": "Point", "coordinates": [-85.690311, 40.0949212]}, "properties": {"camera_id": "osm_13238509169", "camera_type": "alpr", "road": "", "operator": "", "updated_at": "2026-08-04T16:29"}}, {"type": "Feature", "geometry": {"type": "Point", "coordinates": [-85.6920352, 40.1016407]}, "properties": {"camera_id": "osm_13238509170", "camera_type": "alpr", "road": "", "operator": "", "updated_at": "2026-08-04T16:29"}}, {"type": "Feature", "geometry": {"type": "Point", "coordinates": [-85.6920433, 40.1043437]}, "properties": {"camera_id": "osm_13238509171", "camera_type": "alpr", "road": "", "operator": "", "updated_at": "2026-08-04T16:29"}}, {"type": "Feature", "geometry": {"type": "Point", "coordinates": [-85.6918402, 40.1039239]}, "properties": {"camera_id": "osm_13238509172", "camera_type": "alpr", "road": "", "operator": "", "updated_at": "2026-08-04T16:29"}}, {"type": "Feature", "geometry": {"type": "Point", "coordinates": [-85.846952, 38.3004421]}, "properties": {"camera_id": "osm_13239414983", "camera_type": "alpr", "road": "", "operator": "", "updated_at": "2026-08-04T16:29"}}, {"type": "Feature", "geometry": {"type": "Point", "coordinates": [-85.7529413, 38.4054775]}, "properties": {"camera_id": "osm_13239414984", "camera_type": "alpr", "road": "", "operator": "", "updated_at": "2026-08-04T16:29"}}, {"type": "Feature", "geometry": {"type": "Point", "coordinates": [-85.9388259, 38.2911311]}, "properties": {"camera_id": "osm_13239612857", "camera_type": "alpr", "road": "", "operator": "", "updated_at": "2026-08-04T16:29"}}, {"type": "Feature", "geometry": {"type": "Point", "coordinates": [-86.1268124, 38.2417043]}, "properties": {"camera_id": "osm_13239616120", "camera_type": "alpr", "road": "", "operator": "", "updated_at": "2026-08-04T16:29"}}, {"type": "Feature", "geometry": {"type": "Point", "coordinates": [-84.8904513, 40.8256196]}, "properties": {"camera_id": "osm_13248320747", "camera_type": "alpr", "road": "", "operator": "Adams County Sheriff's Office", "updated_at": "2026-08-04T16:29"}}, {"type": "Feature", "geometry": {"type": "Point", "coordinates": [-86.1709158, 40.4183318]}, "properties": {"camera_id": "osm_13250149115", "camera_type": "alpr", "road": "", "operator": "", "updated_at": "2026-08-04T16:29"}}, {"type": "Feature", "geometry": {"type": "Point", "coordinates": [-86.7564161, 40.726748]}, "properties": {"camera_id": "osm_13251099326", "camera_type": "alpr", "road": "", "operator": "", "updated_at": "2026-08-04T16:29"}}, {"type": "Feature", "geometry": {"type": "Point", "coordinates": [-86.1165309, 39.6332521]}, "properties": {"camera_id": "osm_13254570748", "camera_type": "alpr", "road": "", "operator": "", "updated_at": "2026-08-04T16:29"}}, {"type": "Feature", "geometry": {"type": "Point", "coordinates": [-86.0543975, 39.0510673]}, "properties": {"camera_id": "osm_13254883585", "camera_type": "alpr", "road": "", "operator": "", "updated_at": "2026-08-04T16:29"}}, {"type": "Feature", "geometry": {"type": "Point", "coordinates": [-85.1652621, 41.139441]}, "properties": {"camera_id": "osm_13255012855", "camera_type": "alpr", "road": "", "operator": "", "updated_at": "2026-08-04T16:29"}}, {"type": "Feature", "geometry": {"type": "Point", "coordinates": [-85.1632329, 41.1412097]}, "properties": {"camera_id": "osm_13255016593", "camera_type": "alpr", "road": "", "operator": "", "updated_at": "2026-08-04T16:29"}}, {"type": "Feature", "geometry": {"type": "Point", "coordinates": [-85.1639955, 41.1397689]}, "properties": {"camera_id": "osm_13255064773", "camera_type": "alpr", "road": "", "operator": "", "updated_at": "2026-08-04T16:29"}}, {"type": "Feature", "geometry": {"type": "Point", "coordinates": [-85.1651038, 41.1397305]}, "properties": {"camera_id": "osm_13255068675", "camera_type": "alpr", "road": "", "operator": "", "updated_at": "2026-08-04T16:29"}}, {"type": "Feature", "geometry": {"type": "Point", "coordinates": [-85.9644247, 39.755522]}, "properties": {"camera_id": "osm_13256251101", "camera_type": "alpr", "road": "", "operator": "", "updated_at": "2026-08-04T16:29"}}, {"type": "Feature", "geometry": {"type": "Point", "coordinates": [-84.8196454, 39.2766417]}, "properties": {"camera_id": "osm_13259662650", "camera_type": "alpr", "road": "", "operator": "", "updated_at": "2026-08-04T16:29"}}, {"type": "Feature", "geometry": {"type": "Point", "coordinates": [-86.3425984, 39.9482998]}, "properties": {"camera_id": "osm_13259808789", "camera_type": "alpr", "road": "", "operator": "", "updated_at": "2026-08-04T16:29"}}, {"type": "Feature", "geometry": {"type": "Point", "coordinates": [-87.3952047, 39.4339913]}, "properties": {"camera_id": "osm_13259810472", "camera_type": "alpr", "road": "", "operator": "", "updated_at": "2026-08-04T16:29"}}, {"type": "Feature", "geometry": {"type": "Point", "coordinates": [-85.1537137, 41.0785224]}, "properties": {"camera_id": "osm_13260329831", "camera_type": "alpr", "road": "", "operator": "", "updated_at": "2026-08-04T16:29"}}, {"type": "Feature", "geometry": {"type": "Point", "coordinates": [-85.1538826, 41.0783583]}, "properties": {"camera_id": "osm_13260329832", "camera_type": "alpr", "road": "", "operator": "", "updated_at": "2026-08-04T16:29"}}, {"type": "Feature", "geometry": {"type": "Point", "coordinates": [-85.2063476, 41.1031853]}, "properties": {"camera_id": "osm_13260359125", "camera_type": "alpr", "road": "", "operator": "", "updated_at": "2026-08-04T16:29"}}, {"type": "Feature", "geometry": {"type": "Point", "coordinates": [-85.8472376, 38.3121451]}, "properties": {"camera_id": "osm_13261519764", "camera_type": "alpr", "road": "", "operator": "", "updated_at": "2026-08-04T16:29"}}, {"type": "Feature", "geometry": {"type": "Point", "coordinates": [-85.7425925, 38.2774631]}, "properties": {"camera_id": "osm_13261538002", "camera_type": "alpr", "road": "", "operator": "", "updated_at": "2026-08-04T16:29"}}, {"type": "Feature", "geometry": {"type": "Point", "coordinates": [-85.7420279, 38.2778802]}, "properties": {"camera_id": "osm_13261538003", "camera_type": "alpr", "road": "", "operator": "", "updated_at": "2026-08-04T16:29"}}, {"type": "Feature", "geometry": {"type": "Point", "coordinates": [-85.7230339, 38.279415]}, "properties": {"camera_id": "osm_13261538004", "camera_type": "alpr", "road": "", "operator": "", "updated_at": "2026-08-04T16:29"}}, {"type": "Feature", "geometry": {"type": "Point", "coordinates": [-85.7052349, 38.3141161]}, "properties": {"camera_id": "osm_13261538005", "camera_type": "alpr", "road": "", "operator": "", "updated_at": "2026-08-04T16:29"}}, {"type": "Feature", "geometry": {"type": "Point", "coordinates": [-85.7055332, 38.3147275]}, "properties": {"camera_id": "osm_13261538006", "camera_type": "alpr", "road": "", "operator": "", "updated_at": "2026-08-04T16:29"}}, {"type": "Feature", "geometry": {"type": "Point", "coordinates": [-85.7047795, 38.3077742]}, "properties": {"camera_id": "osm_13261538007", "camera_type": "alpr", "road": "", "operator": "", "updated_at": "2026-08-04T16:29"}}, {"type": "Feature", "geometry": {"type": "Point", "coordinates": [-86.1701586, 40.4400195]}, "properties": {"camera_id": "osm_13261760156", "camera_type": "alpr", "road": "", "operator": "", "updated_at": "2026-08-04T16:29"}}, {"type": "Feature", "geometry": {"type": "Point", "coordinates": [-86.1229529, 40.4459421]}, "properties": {"camera_id": "osm_13261772554", "camera_type": "alpr", "road": "", "operator": "", "updated_at": "2026-08-04T16:29"}}, {"type": "Feature", "geometry": {"type": "Point", "coordinates": [-85.5850209, 40.0727716]}, "properties": {"camera_id": "osm_13264016701", "camera_type": "alpr", "road": "", "operator": "", "updated_at": "2026-08-04T16:29"}}, {"type": "Feature", "geometry": {"type": "Point", "coordinates": [-86.0301353, 39.7740961]}, "properties": {"camera_id": "osm_13264020201", "camera_type": "alpr", "road": "", "operator": "", "updated_at": "2026-08-04T16:29"}}, {"type": "Feature", "geometry": {"type": "Point", "coordinates": [-85.5070252, 40.8584448]}, "properties": {"camera_id": "osm_13264020202", "camera_type": "alpr", "road": "", "operator": "", "updated_at": "2026-08-04T16:29"}}, {"type": "Feature", "geometry": {"type": "Point", "coordinates": [-86.198483, 40.5047067]}, "properties": {"camera_id": "osm_13265178508", "camera_type": "alpr", "road": "", "operator": "", "updated_at": "2026-08-04T16:29"}}, {"type": "Feature", "geometry": {"type": "Point", "coordinates": [-85.9556374, 38.2766351]}, "properties": {"camera_id": "osm_13267009186", "camera_type": "alpr", "road": "", "operator": "", "updated_at": "2026-08-04T16:29"}}, {"type": "Feature", "geometry": {"type": "Point", "coordinates": [-85.1380866, 41.0992117]}, "properties": {"camera_id": "osm_13274383711", "camera_type": "alpr", "road": "", "operator": "", "updated_at": "2026-08-04T16:29"}}, {"type": "Feature", "geometry": {"type": "Point", "coordinates": [-86.1782602, 41.7236795]}, "properties": {"camera_id": "osm_13274539912", "camera_type": "alpr", "road": "", "operator": "", "updated_at": "2026-08-04T16:29"}}, {"type": "Feature", "geometry": {"type": "Point", "coordinates": [-86.2499924, 41.6653417]}, "properties": {"camera_id": "osm_13274539913", "camera_type": "alpr", "road": "", "operator": "", "updated_at": "2026-08-04T16:29"}}, {"type": "Feature", "geometry": {"type": "Point", "coordinates": [-86.2801906, 41.6504103]}, "properties": {"camera_id": "osm_13274539914", "camera_type": "alpr", "road": "", "operator": "", "updated_at": "2026-08-04T16:29"}}, {"type": "Feature", "geometry": {"type": "Point", "coordinates": [-86.290726, 41.6448428]}, "properties": {"camera_id": "osm_13274539915", "camera_type": "alpr", "road": "", "operator": "", "updated_at": "2026-08-04T16:29"}}, {"type": "Feature", "geometry": {"type": "Point", "coordinates": [-85.206524, 41.1032932]}, "properties": {"camera_id": "osm_13274556131", "camera_type": "alpr", "road": "", "operator": "", "updated_at": "2026-08-04T16:29"}}, {"type": "Feature", "geometry": {"type": "Point", "coordinates": [-85.13559, 41.127336]}, "properties": {"camera_id": "osm_13274556132", "camera_type": "alpr", "road": "", "operator": "", "updated_at": "2026-08-04T16:29"}}, {"type": "Feature", "geometry": {"type": "Point", "coordinates": [-85.1358831, 41.1267641]}, "properties": {"camera_id": "osm_13274556133", "camera_type": "alpr", "road": "", "operator": "", "updated_at": "2026-08-04T16:29"}}, {"type": "Feature", "geometry": {"type": "Point", "coordinates": [-85.798912, 40.831622]}, "properties": {"camera_id": "osm_13274678850", "camera_type": "alpr", "road": "", "operator": "", "updated_at": "2026-08-04T16:29"}}, {"type": "Feature", "geometry": {"type": "Point", "coordinates": [-85.8376205, 40.8145143]}, "properties": {"camera_id": "osm_13274678851", "camera_type": "alpr", "road": "", "operator": "", "updated_at": "2026-08-04T16:29"}}, {"type": "Feature", "geometry": {"type": "Point", "coordinates": [-85.5730589, 40.7421601]}, "properties": {"camera_id": "osm_13274840501", "camera_type": "alpr", "road": "", "operator": "", "updated_at": "2026-08-04T16:29"}}, {"type": "Feature", "geometry": {"type": "Point", "coordinates": [-85.1381832, 41.1075295]}, "properties": {"camera_id": "osm_13276072204", "camera_type": "alpr", "road": "", "operator": "", "updated_at": "2026-08-04T16:29"}}, {"type": "Feature", "geometry": {"type": "Point", "coordinates": [-85.1462048, 41.08351]}, "properties": {"camera_id": "osm_13276072205", "camera_type": "alpr", "road": "", "operator": "", "updated_at": "2026-08-04T16:29"}}, {"type": "Feature", "geometry": {"type": "Point", "coordinates": [-86.6631573, 39.6300083]}, "properties": {"camera_id": "osm_13276829299", "camera_type": "alpr", "road": "", "operator": "", "updated_at": "2026-08-04T16:29"}}, {"type": "Feature", "geometry": {"type": "Point", "coordinates": [-86.6488696, 39.6338942]}, "properties": {"camera_id": "osm_13276829300", "camera_type": "alpr", "road": "", "operator": "", "updated_at": "2026-08-04T16:29"}}, {"type": "Feature", "geometry": {"type": "Point", "coordinates": [-86.7987579, 39.644857]}, "properties": {"camera_id": "osm_13276871601", "camera_type": "alpr", "road": "", "operator": "", "updated_at": "2026-08-04T16:29"}}, {"type": "Feature", "geometry": {"type": "Point", "coordinates": [-86.3823431, 39.7628519]}, "properties": {"camera_id": "osm_13276871603", "camera_type": "alpr", "road": "", "operator": "", "updated_at": "2026-08-04T16:29"}}, {"type": "Feature", "geometry": {"type": "Point", "coordinates": [-86.3812232, 39.7611857]}, "properties": {"camera_id": "osm_13276871604", "camera_type": "alpr", "road": "", "operator": "", "updated_at": "2026-08-04T16:29"}}, {"type": "Feature", "geometry": {"type": "Point", "coordinates": [-86.025163, 39.9273474]}, "properties": {"camera_id": "osm_13277462700", "camera_type": "alpr", "road": "", "operator": "", "updated_at": "2026-08-04T16:29"}}, {"type": "Feature", "geometry": {"type": "Point", "coordinates": [-87.2378689, 39.5640888]}, "properties": {"camera_id": "osm_13278961755", "camera_type": "alpr", "road": "", "operator": "", "updated_at": "2026-08-04T16:29"}}, {"type": "Feature", "geometry": {"type": "Point", "coordinates": [-87.3281069, 41.3966826]}, "properties": {"camera_id": "osm_13279676780", "camera_type": "alpr", "road": "", "operator": "Crown Point Indiana Police", "updated_at": "2026-08-04T16:29"}}, {"type": "Feature", "geometry": {"type": "Point", "coordinates": [-86.2556843, 41.6273806]}, "properties": {"camera_id": "osm_13281622453", "camera_type": "alpr", "road": "", "operator": "", "updated_at": "2026-08-04T16:29"}}, {"type": "Feature", "geometry": {"type": "Point", "coordinates": [-86.2526829, 41.627948]}, "properties": {"camera_id": "osm_13281622454", "camera_type": "alpr", "road": "", "operator": "", "updated_at": "2026-08-04T16:29"}}, {"type": "Feature", "geometry": {"type": "Point", "coordinates": [-87.3439225, 41.4706438]}, "properties": {"camera_id": "osm_13283161911", "camera_type": "alpr", "road": "", "operator": "", "updated_at": "2026-08-04T16:29"}}, {"type": "Feature", "geometry": {"type": "Point", "coordinates": [-87.3270096, 41.4707191]}, "properties": {"camera_id": "osm_13283161912", "camera_type": "alpr", "road": "", "operator": "", "updated_at": "2026-08-04T16:29"}}, {"type": "Feature", "geometry": {"type": "Point", "coordinates": [-86.2761678, 39.8267926]}, "properties": {"camera_id": "osm_13283161913", "camera_type": "alpr", "road": "", "operator": "", "updated_at": "2026-08-04T16:29"}}, {"type": "Feature", "geometry": {"type": "Point", "coordinates": [-86.0745716, 39.642198]}, "properties": {"camera_id": "osm_13283161914", "camera_type": "alpr", "road": "", "operator": "", "updated_at": "2026-08-04T16:29"}}, {"type": "Feature", "geometry": {"type": "Point", "coordinates": [-86.0506331, 39.6028103]}, "properties": {"camera_id": "osm_13283161915", "camera_type": "alpr", "road": "", "operator": "", "updated_at": "2026-08-04T16:29"}}, {"type": "Feature", "geometry": {"type": "Point", "coordinates": [-86.0508827, 39.6029456]}, "properties": {"camera_id": "osm_13283161916", "camera_type": "alpr", "road": "", "operator": "", "updated_at": "2026-08-04T16:29"}}, {"type": "Feature", "geometry": {"type": "Point", "coordinates": [-86.043521, 39.6027875]}, "properties": {"camera_id": "osm_13283161917", "camera_type": "alpr", "road": "", "operator": "", "updated_at": "2026-08-04T16:29"}}, {"type": "Feature", "geometry": {"type": "Point", "coordinates": [-86.0438059, 39.6030034]}, "properties": {"camera_id": "osm_13283161918", "camera_type": "alpr", "road": "", "operator": "", "updated_at": "2026-08-04T16:29"}}, {"type": "Feature", "geometry": {"type": "Point", "coordinates": [-86.3987069, 39.6536334]}, "properties": {"camera_id": "osm_13283228489", "camera_type": "alpr", "road": "", "operator": "", "updated_at": "2026-08-04T16:29"}}, {"type": "Feature", "geometry": {"type": "Point", "coordinates": [-86.3990686, 39.6518682]}, "properties": {"camera_id": "osm_13283228490", "camera_type": "alpr", "road": "", "operator": "", "updated_at": "2026-08-04T16:29"}}, {"type": "Feature", "geometry": {"type": "Point", "coordinates": [-86.5437941, 39.5926511]}, "properties": {"camera_id": "osm_13283228491", "camera_type": "alpr", "road": "", "operator": "", "updated_at": "2026-08-04T16:29"}}, {"type": "Feature", "geometry": {"type": "Point", "coordinates": [-84.8205411, 39.1491751]}, "properties": {"camera_id": "osm_13284288884", "camera_type": "alpr", "road": "", "operator": "", "updated_at": "2026-08-04T16:29"}}, {"type": "Feature", "geometry": {"type": "Point", "coordinates": [-84.8211719, 39.1582467]}, "properties": {"camera_id": "osm_13284360454", "camera_type": "alpr", "road": "", "operator": "", "updated_at": "2026-08-04T16:29"}}, {"type": "Feature", "geometry": {"type": "Point", "coordinates": [-86.0822326, 39.7749833]}, "properties": {"camera_id": "osm_13286226936", "camera_type": "alpr", "road": "", "operator": "", "updated_at": "2026-08-04T16:29"}}, {"type": "Feature", "geometry": {"type": "Point", "coordinates": [-86.2507651, 41.6896819]}, "properties": {"camera_id": "osm_13286227209", "camera_type": "alpr", "road": "", "operator": "", "updated_at": "2026-08-04T16:29"}}, {"type": "Feature", "geometry": {"type": "Point", "coordinates": [-86.2501633, 41.7107127]}, "properties": {"camera_id": "osm_13286227210", "camera_type": "alpr", "road": "", "operator": "", "updated_at": "2026-08-04T16:29"}}, {"type": "Feature", "geometry": {"type": "Point", "coordinates": [-86.2506436, 41.7211909]}, "properties": {"camera_id": "osm_13286227211", "camera_type": "alpr", "road": "", "operator": "", "updated_at": "2026-08-04T16:29"}}, {"type": "Feature", "geometry": {"type": "Point", "coordinates": [-86.0835852, 39.7748295]}, "properties": {"camera_id": "osm_13286263065", "camera_type": "alpr", "road": "", "operator": "", "updated_at": "2026-08-04T16:29"}}, {"type": "Feature", "geometry": {"type": "Point", "coordinates": [-86.0830476, 39.7740869]}, "properties": {"camera_id": "osm_13286263066", "camera_type": "alpr", "road": "", "operator": "", "updated_at": "2026-08-04T16:29"}}, {"type": "Feature", "geometry": {"type": "Point", "coordinates": [-86.0830362, 39.7732595]}, "properties": {"camera_id": "osm_13286263067", "camera_type": "alpr", "road": "", "operator": "", "updated_at": "2026-08-04T16:29"}}, {"type": "Feature", "geometry": {"type": "Point", "coordinates": [-86.0836431, 39.7702419]}, "properties": {"camera_id": "osm_13286268272", "camera_type": "alpr", "road": "", "operator": "", "updated_at": "2026-08-04T16:29"}}, {"type": "Feature", "geometry": {"type": "Point", "coordinates": [-85.1620648, 41.1379649]}, "properties": {"camera_id": "osm_13286557401", "camera_type": "alpr", "road": "", "operator": "", "updated_at": "2026-08-04T16:29"}}, {"type": "Feature", "geometry": {"type": "Point", "coordinates": [-86.1022707, 39.7690038]}, "properties": {"camera_id": "osm_13287556741", "camera_type": "alpr", "road": "", "operator": "", "updated_at": "2026-08-04T16:29"}}, {"type": "Feature", "geometry": {"type": "Point", "coordinates": [-86.1145211, 39.7684176]}, "properties": {"camera_id": "osm_13287556742", "camera_type": "alpr", "road": "", "operator": "", "updated_at": "2026-08-04T16:29"}}, {"type": "Feature", "geometry": {"type": "Point", "coordinates": [-86.0831678, 39.7705604]}, "properties": {"camera_id": "osm_13287561699", "camera_type": "alpr", "road": "", "operator": "", "updated_at": "2026-08-04T16:29"}}, {"type": "Feature", "geometry": {"type": "Point", "coordinates": [-86.0825616, 39.7053834]}, "properties": {"camera_id": "osm_13287619484", "camera_type": "alpr", "road": "", "operator": "", "updated_at": "2026-08-04T16:29"}}, {"type": "Feature", "geometry": {"type": "Point", "coordinates": [-86.0765015, 39.6970171]}, "properties": {"camera_id": "osm_13287625065", "camera_type": "alpr", "road": "", "operator": "", "updated_at": "2026-08-04T16:29"}}, {"type": "Feature", "geometry": {"type": "Point", "coordinates": [-86.0788167, 39.6983191]}, "properties": {"camera_id": "osm_13287625068", "camera_type": "alpr", "road": "", "operator": "", "updated_at": "2026-08-04T16:29"}}, {"type": "Feature", "geometry": {"type": "Point", "coordinates": [-86.078774, 39.6981385]}, "properties": {"camera_id": "osm_13287625069", "camera_type": "alpr", "road": "", "operator": "", "updated_at": "2026-08-04T16:29"}}, {"type": "Feature", "geometry": {"type": "Point", "coordinates": [-86.0753063, 39.7007393]}, "properties": {"camera_id": "osm_13287625070", "camera_type": "alpr", "road": "", "operator": "", "updated_at": "2026-08-04T16:29"}}, {"type": "Feature", "geometry": {"type": "Point", "coordinates": [-86.0829043, 39.7020414]}, "properties": {"camera_id": "osm_13287627567", "camera_type": "alpr", "road": "", "operator": "", "updated_at": "2026-08-04T16:29"}}, {"type": "Feature", "geometry": {"type": "Point", "coordinates": [-86.0825343, 39.7233993]}, "properties": {"camera_id": "osm_13287650997", "camera_type": "alpr", "road": "", "operator": "", "updated_at": "2026-08-04T16:29"}}, {"type": "Feature", "geometry": {"type": "Point", "coordinates": [-86.0822845, 39.6951038]}, "properties": {"camera_id": "osm_13287664060", "camera_type": "alpr", "road": "", "operator": "", "updated_at": "2026-08-04T16:29"}}, {"type": "Feature", "geometry": {"type": "Point", "coordinates": [-86.0825386, 39.6345961]}, "properties": {"camera_id": "osm_13287680579", "camera_type": "alpr", "road": "", "operator": "", "updated_at": "2026-08-04T16:29"}}, {"type": "Feature", "geometry": {"type": "Point", "coordinates": [-86.0463313, 39.9014326]}, "properties": {"camera_id": "osm_13287692492", "camera_type": "alpr", "road": "", "operator": "", "updated_at": "2026-08-04T16:29"}}, {"type": "Feature", "geometry": {"type": "Point", "coordinates": [-86.0918035, 39.6946533]}, "properties": {"camera_id": "osm_13287746276", "camera_type": "alpr", "road": "", "operator": "", "updated_at": "2026-08-04T16:29"}}, {"type": "Feature", "geometry": {"type": "Point", "coordinates": [-86.1391255, 39.7811077]}, "properties": {"camera_id": "osm_13288017523", "camera_type": "alpr", "road": "", "operator": "", "updated_at": "2026-08-04T16:29"}}, {"type": "Feature", "geometry": {"type": "Point", "coordinates": [-86.1382716, 39.781333]}, "properties": {"camera_id": "osm_13288017524", "camera_type": "alpr", "road": "", "operator": "", "updated_at": "2026-08-04T16:29"}}, {"type": "Feature", "geometry": {"type": "Point", "coordinates": [-86.1170869, 39.6350308]}, "properties": {"camera_id": "osm_13288018734", "camera_type": "alpr", "road": "", "operator": "", "updated_at": "2026-08-04T16:29"}}, {"type": "Feature", "geometry": {"type": "Point", "coordinates": [-86.117783, 39.6369791]}, "properties": {"camera_id": "osm_13288030435", "camera_type": "alpr", "road": "", "operator": "", "updated_at": "2026-08-04T16:29"}}, {"type": "Feature", "geometry": {"type": "Point", "coordinates": [-86.1189422, 39.6378433]}, "properties": {"camera_id": "osm_13288030436", "camera_type": "alpr", "road": "", "operator": "", "updated_at": "2026-08-04T16:29"}}, {"type": "Feature", "geometry": {"type": "Point", "coordinates": [-86.0663707, 39.6151966]}, "properties": {"camera_id": "osm_13288095032", "camera_type": "alpr", "road": "", "operator": "", "updated_at": "2026-08-04T16:29"}}, {"type": "Feature", "geometry": {"type": "Point", "coordinates": [-86.0664846, 39.6163831]}, "properties": {"camera_id": "osm_13288095033", "camera_type": "alpr", "road": "", "operator": "", "updated_at": "2026-08-04T16:29"}}, {"type": "Feature", "geometry": {"type": "Point", "coordinates": [-86.0664358, 39.6165757]}, "properties": {"camera_id": "osm_13288095034", "camera_type": "alpr", "road": "", "operator": "", "updated_at": "2026-08-04T16:29"}}, {"type": "Feature", "geometry": {"type": "Point", "coordinates": [-86.0689618, 39.6165555]}, "properties": {"camera_id": "osm_13288095035", "camera_type": "alpr", "road": "", "operator": "", "updated_at": "2026-08-04T16:29"}}, {"type": "Feature", "geometry": {"type": "Point", "coordinates": [-86.0692516, 39.6179965]}, "properties": {"camera_id": "osm_13288095036", "camera_type": "alpr", "road": "", "operator": "", "updated_at": "2026-08-04T16:29"}}, {"type": "Feature", "geometry": {"type": "Point", "coordinates": [-86.0692439, 39.6189123]}, "properties": {"camera_id": "osm_13288095037", "camera_type": "alpr", "road": "", "operator": "", "updated_at": "2026-08-04T16:29"}}, {"type": "Feature", "geometry": {"type": "Point", "coordinates": [-86.0692183, 39.6191369]}, "properties": {"camera_id": "osm_13288095038", "camera_type": "alpr", "road": "", "operator": "", "updated_at": "2026-08-04T16:29"}}, {"type": "Feature", "geometry": {"type": "Point", "coordinates": [-86.0690787, 39.6207998]}, "properties": {"camera_id": "osm_13288095039", "camera_type": "alpr", "road": "", "operator": "", "updated_at": "2026-08-04T16:29"}}, {"type": "Feature", "geometry": {"type": "Point", "coordinates": [-86.0664109, 39.6216288]}, "properties": {"camera_id": "osm_13288095040", "camera_type": "alpr", "road": "", "operator": "", "updated_at": "2026-08-04T16:29"}}, {"type": "Feature", "geometry": {"type": "Point", "coordinates": [-84.9961382, 41.7478258]}, "properties": {"camera_id": "osm_13289082010", "camera_type": "alpr", "road": "", "operator": "", "updated_at": "2026-08-04T16:29"}}, {"type": "Feature", "geometry": {"type": "Point", "coordinates": [-86.1270733, 39.6646675]}, "properties": {"camera_id": "osm_13289305688", "camera_type": "alpr", "road": "", "operator": "", "updated_at": "2026-08-04T16:29"}}, {"type": "Feature", "geometry": {"type": "Point", "coordinates": [-86.1269997, 39.6651853]}, "properties": {"camera_id": "osm_13289305689", "camera_type": "alpr", "road": "", "operator": "", "updated_at": "2026-08-04T16:29"}}, {"type": "Feature", "geometry": {"type": "Point", "coordinates": [-86.0664242, 39.6072332]}, "properties": {"camera_id": "osm_13289376600", "camera_type": "alpr", "road": "", "operator": "", "updated_at": "2026-08-04T16:29"}}, {"type": "Feature", "geometry": {"type": "Point", "coordinates": [-86.0663985, 39.6072347]}, "properties": {"camera_id": "osm_13289386301", "camera_type": "alpr", "road": "", "operator": "", "updated_at": "2026-08-04T16:29"}}, {"type": "Feature", "geometry": {"type": "Point", "coordinates": [-86.0666368, 39.607139]}, "properties": {"camera_id": "osm_13289386302", "camera_type": "alpr", "road": "", "operator": "", "updated_at": "2026-08-04T16:29"}}, {"type": "Feature", "geometry": {"type": "Point", "coordinates": [-86.0665399, 39.6069929]}, "properties": {"camera_id": "osm_13289386303", "camera_type": "alpr", "road": "", "operator": "", "updated_at": "2026-08-04T16:29"}}, {"type": "Feature", "geometry": {"type": "Point", "coordinates": [-86.0665491, 39.608877]}, "properties": {"camera_id": "osm_13289386304", "camera_type": "alpr", "road": "", "operator": "", "updated_at": "2026-08-04T16:29"}}, {"type": "Feature", "geometry": {"type": "Point", "coordinates": [-85.1288296, 41.0720647]}, "properties": {"camera_id": "osm_13290122914", "camera_type": "alpr", "road": "", "operator": "", "updated_at": "2026-08-04T16:29"}}, {"type": "Feature", "geometry": {"type": "Point", "coordinates": [-85.1498062, 41.0704404]}, "properties": {"camera_id": "osm_13290122915", "camera_type": "alpr", "road": "", "operator": "", "updated_at": "2026-08-04T16:29"}}, {"type": "Feature", "geometry": {"type": "Point", "coordinates": [-87.1829821, 41.5782076]}, "properties": {"camera_id": "osm_13291462423", "camera_type": "alpr", "road": "", "operator": "", "updated_at": "2026-08-04T16:29"}}, {"type": "Feature", "geometry": {"type": "Point", "coordinates": [-86.0011958, 41.522491]}, "properties": {"camera_id": "osm_13291479655", "camera_type": "alpr", "road": "", "operator": "Wakarusa Police Department", "updated_at": "2026-08-04T16:29"}}, {"type": "Feature", "geometry": {"type": "Point", "coordinates": [-85.9961351, 41.5362218]}, "properties": {"camera_id": "osm_13291486994", "camera_type": "alpr", "road": "", "operator": "Wakarusa Police Department", "updated_at": "2026-08-04T16:29"}}, {"type": "Feature", "geometry": {"type": "Point", "coordinates": [-86.0281174, 41.5361075]}, "properties": {"camera_id": "osm_13291486995", "camera_type": "alpr", "road": "", "operator": "Wakarusa Police Department", "updated_at": "2026-08-04T16:29"}}, {"type": "Feature", "geometry": {"type": "Point", "coordinates": [-86.0211476, 41.542471]}, "properties": {"camera_id": "osm_13291486996", "camera_type": "alpr", "road": "", "operator": "Wakarusa Police Department", "updated_at": "2026-08-04T16:29"}}, {"type": "Feature", "geometry": {"type": "Point", "coordinates": [-86.0207705, 41.5291394]}, "properties": {"camera_id": "osm_13291486997", "camera_type": "alpr", "road": "", "operator": "Wakarusa Police Department", "updated_at": "2026-08-04T16:29"}}, {"type": "Feature", "geometry": {"type": "Point", "coordinates": [-86.0028956, 41.6552754]}, "properties": {"camera_id": "osm_13293359125", "camera_type": "alpr", "road": "", "operator": "Elkhart Police Department", "updated_at": "2026-08-04T16:29"}}, {"type": "Feature", "geometry": {"type": "Point", "coordinates": [-86.0022379, 41.6707427]}, "properties": {"camera_id": "osm_13293359126", "camera_type": "alpr", "road": "", "operator": "Elkhart Police Department", "updated_at": "2026-08-04T16:29"}}, {"type": "Feature", "geometry": {"type": "Point", "coordinates": [-85.0222228, 41.7080131]}, "properties": {"camera_id": "osm_13293542593", "camera_type": "alpr", "road": "", "operator": "", "updated_at": "2026-08-04T16:29"}}, {"type": "Feature", "geometry": {"type": "Point", "coordinates": [-86.7387448, 41.6628898]}, "properties": {"camera_id": "osm_13294044638", "camera_type": "alpr", "road": "", "operator": "", "updated_at": "2026-08-04T16:29"}}, {"type": "Feature", "geometry": {"type": "Point", "coordinates": [-86.7387966, 41.6745]}, "properties": {"camera_id": "osm_13294050293", "camera_type": "alpr", "road": "", "operator": "", "updated_at": "2026-08-04T16:29"}}, {"type": "Feature", "geometry": {"type": "Point", "coordinates": [-86.910018, 39.0277175]}, "properties": {"camera_id": "osm_13294283901", "camera_type": "alpr", "road": "", "operator": "", "updated_at": "2026-08-04T16:29"}}, {"type": "Feature", "geometry": {"type": "Point", "coordinates": [-85.0879011, 41.1777808]}, "properties": {"camera_id": "osm_13294905101", "camera_type": "alpr", "road": "", "operator": "", "updated_at": "2026-08-04T16:29"}}, {"type": "Feature", "geometry": {"type": "Point", "coordinates": [-86.2458048, 41.7115652]}, "properties": {"camera_id": "osm_13295344096", "camera_type": "alpr", "road": "", "operator": "", "updated_at": "2026-08-04T16:29"}}, {"type": "Feature", "geometry": {"type": "Point", "coordinates": [-86.241909, 41.7135813]}, "properties": {"camera_id": "osm_13295344097", "camera_type": "alpr", "road": "", "operator": "", "updated_at": "2026-08-04T16:29"}}, {"type": "Feature", "geometry": {"type": "Point", "coordinates": [-86.1949679, 41.7092281]}, "properties": {"camera_id": "osm_13295344098", "camera_type": "alpr", "road": "", "operator": "", "updated_at": "2026-08-04T16:29"}}, {"type": "Feature", "geometry": {"type": "Point", "coordinates": [-87.0407227, 37.9189394]}, "properties": {"camera_id": "osm_13295591201", "camera_type": "alpr", "road": "", "operator": "", "updated_at": "2026-08-04T16:29"}}, {"type": "Feature", "geometry": {"type": "Point", "coordinates": [-86.9736054, 38.2098439]}, "properties": {"camera_id": "osm_13295591202", "camera_type": "alpr", "road": "", "operator": "", "updated_at": "2026-08-04T16:29"}}, {"type": "Feature", "geometry": {"type": "Point", "coordinates": [-86.9514729, 38.3293735]}, "properties": {"camera_id": "osm_13295681601", "camera_type": "alpr", "road": "", "operator": "", "updated_at": "2026-08-04T16:29"}}, {"type": "Feature", "geometry": {"type": "Point", "coordinates": [-85.8421045, 40.2491996]}, "properties": {"camera_id": "osm_13295705301", "camera_type": "alpr", "road": "", "operator": "", "updated_at": "2026-08-04T16:29"}}, {"type": "Feature", "geometry": {"type": "Point", "coordinates": [-85.4743831, 40.8950146]}, "properties": {"camera_id": "osm_13295725701", "camera_type": "alpr", "road": "", "operator": "", "updated_at": "2026-08-04T16:29"}}, {"type": "Feature", "geometry": {"type": "Point", "coordinates": [-86.2360673, 39.7145489]}, "properties": {"camera_id": "osm_13295809701", "camera_type": "alpr", "road": "", "operator": "", "updated_at": "2026-08-04T16:29"}}, {"type": "Feature", "geometry": {"type": "Point", "coordinates": [-86.4899895, 39.6073653]}, "properties": {"camera_id": "osm_13295830901", "camera_type": "alpr", "road": "", "operator": "", "updated_at": "2026-08-04T16:29"}}, {"type": "Feature", "geometry": {"type": "Point", "coordinates": [-86.4798006, 39.6135614]}, "properties": {"camera_id": "osm_13295831701", "camera_type": "alpr", "road": "", "operator": "", "updated_at": "2026-08-04T16:29"}}, {"type": "Feature", "geometry": {"type": "Point", "coordinates": [-86.0421418, 41.6605702]}, "properties": {"camera_id": "osm_13295905347", "camera_type": "alpr", "road": "", "operator": "", "updated_at": "2026-08-04T16:29"}}, {"type": "Feature", "geometry": {"type": "Point", "coordinates": [-86.1097271, 41.6634171]}, "properties": {"camera_id": "osm_13295923588", "camera_type": "alpr", "road": "", "operator": "Mishawaka Police Department", "updated_at": "2026-08-04T16:29"}}, {"type": "Feature", "geometry": {"type": "Point", "coordinates": [-85.1671762, 41.0029824]}, "properties": {"camera_id": "osm_13296713902", "camera_type": "alpr", "road": "", "operator": "", "updated_at": "2026-08-04T16:29"}}, {"type": "Feature", "geometry": {"type": "Point", "coordinates": [-85.1628793, 41.0678513]}, "properties": {"camera_id": "osm_13298087756", "camera_type": "alpr", "road": "", "operator": "", "updated_at": "2026-08-04T16:29"}}, {"type": "Feature", "geometry": {"type": "Point", "coordinates": [-85.1322046, 41.0522668]}, "properties": {"camera_id": "osm_13298132801", "camera_type": "alpr", "road": "", "operator": "", "updated_at": "2026-08-04T16:29"}}, {"type": "Feature", "geometry": {"type": "Point", "coordinates": [-85.1671762, 41.0029824]}, "properties": {"camera_id": "osm_13298220701", "camera_type": "alpr", "road": "", "operator": "", "updated_at": "2026-08-04T16:29"}}, {"type": "Feature", "geometry": {"type": "Point", "coordinates": [-86.2910632, 41.6446612]}, "properties": {"camera_id": "osm_13298228601", "camera_type": "alpr", "road": "", "operator": "", "updated_at": "2026-08-04T16:29"}}, {"type": "Feature", "geometry": {"type": "Point", "coordinates": [-86.2500845, 41.6570389]}, "properties": {"camera_id": "osm_13298231101", "camera_type": "alpr", "road": "", "operator": "", "updated_at": "2026-08-04T16:29"}}, {"type": "Feature", "geometry": {"type": "Point", "coordinates": [-86.2507513, 41.6314891]}, "properties": {"camera_id": "osm_13298231102", "camera_type": "alpr", "road": "", "operator": "", "updated_at": "2026-08-04T16:29"}}, {"type": "Feature", "geometry": {"type": "Point", "coordinates": [-86.2494994, 41.6498539]}, "properties": {"camera_id": "osm_13298234601", "camera_type": "alpr", "road": "", "operator": "", "updated_at": "2026-08-04T16:29"}}, {"type": "Feature", "geometry": {"type": "Point", "coordinates": [-87.4976439, 39.2769274]}, "properties": {"camera_id": "osm_13299310202", "camera_type": "alpr", "road": "", "operator": "", "updated_at": "2026-08-04T16:29"}}, {"type": "Feature", "geometry": {"type": "Point", "coordinates": [-87.4126691, 39.4086447]}, "properties": {"camera_id": "osm_13299310204", "camera_type": "alpr", "road": "", "operator": "", "updated_at": "2026-08-04T16:29"}}, {"type": "Feature", "geometry": {"type": "Point", "coordinates": [-87.411783, 39.4087908]}, "properties": {"camera_id": "osm_13299317602", "camera_type": "alpr", "road": "", "operator": "", "updated_at": "2026-08-04T16:29"}}, {"type": "Feature", "geometry": {"type": "Point", "coordinates": [-87.427065, 39.4350844]}, "properties": {"camera_id": "osm_13299322301", "camera_type": "alpr", "road": "", "operator": "", "updated_at": "2026-08-04T16:29"}}, {"type": "Feature", "geometry": {"type": "Point", "coordinates": [-87.3460802, 39.5294943]}, "properties": {"camera_id": "osm_13299364501", "camera_type": "alpr", "road": "", "operator": "", "updated_at": "2026-08-04T16:29"}}, {"type": "Feature", "geometry": {"type": "Point", "coordinates": [-85.0740439, 41.0196343]}, "properties": {"camera_id": "osm_13299684401", "camera_type": "alpr", "road": "", "operator": "", "updated_at": "2026-08-04T16:29"}}, {"type": "Feature", "geometry": {"type": "Point", "coordinates": [-85.0743575, 41.0202469]}, "properties": {"camera_id": "osm_13299685801", "camera_type": "alpr", "road": "", "operator": "", "updated_at": "2026-08-04T16:29"}}, {"type": "Feature", "geometry": {"type": "Point", "coordinates": [-85.0746897, 41.020773]}, "properties": {"camera_id": "osm_13299686401", "camera_type": "alpr", "road": "", "operator": "", "updated_at": "2026-08-04T16:29"}}, {"type": "Feature", "geometry": {"type": "Point", "coordinates": [-87.5006336, 38.6922742]}, "properties": {"camera_id": "osm_13299997101", "camera_type": "alpr", "road": "", "operator": "", "updated_at": "2026-08-04T16:29"}}, {"type": "Feature", "geometry": {"type": "Point", "coordinates": [-87.5003578, 38.6919116]}, "properties": {"camera_id": "osm_13299997201", "camera_type": "alpr", "road": "", "operator": "", "updated_at": "2026-08-04T16:29"}}, {"type": "Feature", "geometry": {"type": "Point", "coordinates": [-87.5026582, 38.6913483]}, "properties": {"camera_id": "osm_13300017001", "camera_type": "alpr", "road": "", "operator": "", "updated_at": "2026-08-04T16:29"}}, {"type": "Feature", "geometry": {"type": "Point", "coordinates": [-87.5022701, 38.6907713]}, "properties": {"camera_id": "osm_13300037001", "camera_type": "alpr", "road": "", "operator": "", "updated_at": "2026-08-04T16:29"}}, {"type": "Feature", "geometry": {"type": "Point", "coordinates": [-87.4968081, 38.6931445]}, "properties": {"camera_id": "osm_13300039201", "camera_type": "alpr", "road": "", "operator": "", "updated_at": "2026-08-04T16:29"}}, {"type": "Feature", "geometry": {"type": "Point", "coordinates": [-85.1103838, 41.1335327]}, "properties": {"camera_id": "osm_13300516567", "camera_type": "alpr", "road": "", "operator": "", "updated_at": "2026-08-04T16:29"}}, {"type": "Feature", "geometry": {"type": "Point", "coordinates": [-86.0827467, 39.7018549]}, "properties": {"camera_id": "osm_13300527643", "camera_type": "alpr", "road": "", "operator": "", "updated_at": "2026-08-04T16:29"}}, {"type": "Feature", "geometry": {"type": "Point", "coordinates": [-86.0825408, 39.7052351]}, "properties": {"camera_id": "osm_13300527644", "camera_type": "alpr", "road": "", "operator": "", "updated_at": "2026-08-04T16:29"}}, {"type": "Feature", "geometry": {"type": "Point", "coordinates": [-86.0827486, 39.7356604]}, "properties": {"camera_id": "osm_13300527645", "camera_type": "alpr", "road": "", "operator": "", "updated_at": "2026-08-04T16:29"}}, {"type": "Feature", "geometry": {"type": "Point", "coordinates": [-86.0826023, 39.7396186]}, "properties": {"camera_id": "osm_13300527646", "camera_type": "alpr", "road": "", "operator": "", "updated_at": "2026-08-04T16:29"}}, {"type": "Feature", "geometry": {"type": "Point", "coordinates": [-86.0829461, 39.7520629]}, "properties": {"camera_id": "osm_13300527647", "camera_type": "alpr", "road": "", "operator": "", "updated_at": "2026-08-04T16:29"}}, {"type": "Feature", "geometry": {"type": "Point", "coordinates": [-86.0828117, 39.7524062]}, "properties": {"camera_id": "osm_13300527648", "camera_type": "alpr", "road": "", "operator": "", "updated_at": "2026-08-04T16:29"}}, {"type": "Feature", "geometry": {"type": "Point", "coordinates": [-86.2811154, 41.6287413]}, "properties": {"camera_id": "osm_13300879604", "camera_type": "alpr", "road": "", "operator": "", "updated_at": "2026-08-04T16:29"}}, {"type": "Feature", "geometry": {"type": "Point", "coordinates": [-85.6717916, 40.3728809]}, "properties": {"camera_id": "osm_13301329714", "camera_type": "alpr", "road": "", "operator": "", "updated_at": "2026-08-04T16:29"}}, {"type": "Feature", "geometry": {"type": "Point", "coordinates": [-87.435585, 39.6475492]}, "properties": {"camera_id": "osm_13301477002", "camera_type": "alpr", "road": "", "operator": "", "updated_at": "2026-08-04T16:29"}}, {"type": "Feature", "geometry": {"type": "Point", "coordinates": [-84.8055358, 40.9993622]}, "properties": {"camera_id": "osm_13301586902", "camera_type": "alpr", "road": "", "operator": "", "updated_at": "2026-08-04T16:29"}}, {"type": "Feature", "geometry": {"type": "Point", "coordinates": [-85.8210688, 38.8436499]}, "properties": {"camera_id": "osm_13302063968", "camera_type": "alpr", "road": "", "operator": "", "updated_at": "2026-08-04T16:29"}}, {"type": "Feature", "geometry": {"type": "Point", "coordinates": [-86.0823071, 39.7814691]}, "properties": {"camera_id": "osm_13302320849", "camera_type": "alpr", "road": "", "operator": "", "updated_at": "2026-08-04T16:29"}}, {"type": "Feature", "geometry": {"type": "Point", "coordinates": [-86.3215854, 41.6717206]}, "properties": {"camera_id": "osm_13302359801", "camera_type": "alpr", "road": "", "operator": "", "updated_at": "2026-08-04T16:29"}}, {"type": "Feature", "geometry": {"type": "Point", "coordinates": [-86.0739678, 39.7873539]}, "properties": {"camera_id": "osm_13302373971", "camera_type": "alpr", "road": "", "operator": "", "updated_at": "2026-08-04T16:29"}}, {"type": "Feature", "geometry": {"type": "Point", "coordinates": [-86.0739473, 39.7860897]}, "properties": {"camera_id": "osm_13302373972", "camera_type": "alpr", "road": "", "operator": "", "updated_at": "2026-08-04T16:29"}}, {"type": "Feature", "geometry": {"type": "Point", "coordinates": [-86.0768422, 39.7853563]}, "properties": {"camera_id": "osm_13302373973", "camera_type": "alpr", "road": "", "operator": "", "updated_at": "2026-08-04T16:29"}}, {"type": "Feature", "geometry": {"type": "Point", "coordinates": [-86.076283, 39.785364]}, "properties": {"camera_id": "osm_13302373974", "camera_type": "alpr", "road": "", "operator": "", "updated_at": "2026-08-04T16:29"}}, {"type": "Feature", "geometry": {"type": "Point", "coordinates": [-86.0773626, 39.7887058]}, "properties": {"camera_id": "osm_13302373975", "camera_type": "alpr", "road": "", "operator": "", "updated_at": "2026-08-04T16:29"}}, {"type": "Feature", "geometry": {"type": "Point", "coordinates": [-86.0751979, 39.7886865]}, "properties": {"camera_id": "osm_13302373976", "camera_type": "alpr", "road": "", "operator": "", "updated_at": "2026-08-04T16:29"}}, {"type": "Feature", "geometry": {"type": "Point", "coordinates": [-87.5279854, 39.6063298]}, "properties": {"camera_id": "osm_13302416202", "camera_type": "alpr", "road": "", "operator": "", "updated_at": "2026-08-04T16:29"}}, {"type": "Feature", "geometry": {"type": "Point", "coordinates": [-85.9133462, 39.6469428]}, "properties": {"camera_id": "osm_13302424692", "camera_type": "alpr", "road": "", "operator": "", "updated_at": "2026-08-04T16:29"}}, {"type": "Feature", "geometry": {"type": "Point", "coordinates": [-85.8207493, 39.5847067]}, "properties": {"camera_id": "osm_13302426737", "camera_type": "alpr", "road": "", "operator": "", "updated_at": "2026-08-04T16:29"}}, {"type": "Feature", "geometry": {"type": "Point", "coordinates": [-85.9422861, 39.6623891]}, "properties": {"camera_id": "osm_13302432126", "camera_type": "alpr", "road": "", "operator": "", "updated_at": "2026-08-04T16:29"}}, {"type": "Feature", "geometry": {"type": "Point", "coordinates": [-85.944722, 39.6599317]}, "properties": {"camera_id": "osm_13302432127", "camera_type": "alpr", "road": "", "operator": "", "updated_at": "2026-08-04T16:29"}}, {"type": "Feature", "geometry": {"type": "Point", "coordinates": [-86.0737233, 39.7961923]}, "properties": {"camera_id": "osm_13302464258", "camera_type": "alpr", "road": "", "operator": "", "updated_at": "2026-08-04T16:29"}}, {"type": "Feature", "geometry": {"type": "Point", "coordinates": [-86.0090745, 39.7750255]}, "properties": {"camera_id": "osm_13302469077", "camera_type": "alpr", "road": "", "operator": "", "updated_at": "2026-08-04T16:29"}}, {"type": "Feature", "geometry": {"type": "Point", "coordinates": [-86.0093978, 39.7736606]}, "properties": {"camera_id": "osm_13302469078", "camera_type": "alpr", "road": "", "operator": "", "updated_at": "2026-08-04T16:29"}}, {"type": "Feature", "geometry": {"type": "Point", "coordinates": [-86.0831457, 39.7967977]}, "properties": {"camera_id": "osm_13302503571", "camera_type": "alpr", "road": "", "operator": "", "updated_at": "2026-08-04T16:29"}}, {"type": "Feature", "geometry": {"type": "Point", "coordinates": [-86.044841, 39.7962849]}, "properties": {"camera_id": "osm_13302505893", "camera_type": "alpr", "road": "", "operator": "", "updated_at": "2026-08-04T16:29"}}, {"type": "Feature", "geometry": {"type": "Point", "coordinates": [-86.0460923, 39.7965367]}, "properties": {"camera_id": "osm_13302505894", "camera_type": "alpr", "road": "", "operator": "", "updated_at": "2026-08-04T16:29"}}, {"type": "Feature", "geometry": {"type": "Point", "coordinates": [-86.3263419, 39.6461973]}, "properties": {"camera_id": "osm_13302536801", "camera_type": "alpr", "road": "", "operator": "", "updated_at": "2026-08-04T16:29"}}, {"type": "Feature", "geometry": {"type": "Point", "coordinates": [-86.3225966, 41.6721299]}, "properties": {"camera_id": "osm_13302565602", "camera_type": "alpr", "road": "", "operator": "", "updated_at": "2026-08-04T16:29"}}, {"type": "Feature", "geometry": {"type": "Point", "coordinates": [-85.9661385, 39.7758351]}, "properties": {"camera_id": "osm_13302930401", "camera_type": "alpr", "road": "", "operator": "Meijer", "updated_at": "2026-08-04T16:29"}}, {"type": "Feature", "geometry": {"type": "Point", "coordinates": [-85.9708728, 39.7823074]}, "properties": {"camera_id": "osm_13302930402", "camera_type": "alpr", "road": "", "operator": "", "updated_at": "2026-08-04T16:29"}}, {"type": "Feature", "geometry": {"type": "Point", "coordinates": [-85.9638923, 39.7761945]}, "properties": {"camera_id": "osm_13302930701", "camera_type": "alpr", "road": "", "operator": "", "updated_at": "2026-08-04T16:29"}}, {"type": "Feature", "geometry": {"type": "Point", "coordinates": [-85.962361, 39.7759756]}, "properties": {"camera_id": "osm_13302931201", "camera_type": "alpr", "road": "", "operator": "Meijer", "updated_at": "2026-08-04T16:29"}}, {"type": "Feature", "geometry": {"type": "Point", "coordinates": [-85.9705016, 39.7731379]}, "properties": {"camera_id": "osm_13302931901", "camera_type": "alpr", "road": "", "operator": "Meijer", "updated_at": "2026-08-04T16:29"}}, {"type": "Feature", "geometry": {"type": "Point", "coordinates": [-85.793521, 41.0000114]}, "properties": {"camera_id": "osm_13304900287", "camera_type": "alpr", "road": "", "operator": "", "updated_at": "2026-08-04T16:29"}}, {"type": "Feature", "geometry": {"type": "Point", "coordinates": [-87.4091408, 39.1272001]}, "properties": {"camera_id": "osm_13305214201", "camera_type": "alpr", "road": "", "operator": "", "updated_at": "2026-08-04T16:29"}}, {"type": "Feature", "geometry": {"type": "Point", "coordinates": [-86.9616787, 40.4672483]}, "properties": {"camera_id": "osm_13305591701", "camera_type": "alpr", "road": "", "operator": "", "updated_at": "2026-08-04T16:29"}}, {"type": "Feature", "geometry": {"type": "Point", "coordinates": [-87.4388354, 40.7435782]}, "properties": {"camera_id": "osm_13305592301", "camera_type": "alpr", "road": "", "operator": "", "updated_at": "2026-08-04T16:29"}}, {"type": "Feature", "geometry": {"type": "Point", "coordinates": [-86.2363549, 39.824141]}, "properties": {"camera_id": "osm_13305895801", "camera_type": "alpr", "road": "", "operator": "", "updated_at": "2026-08-04T16:29"}}, {"type": "Feature", "geometry": {"type": "Point", "coordinates": [-86.0938675, 39.7813103]}, "properties": {"camera_id": "osm_13306758329", "camera_type": "alpr", "road": "", "operator": "", "updated_at": "2026-08-04T16:29"}}, {"type": "Feature", "geometry": {"type": "Point", "coordinates": [-86.0859493, 39.7815739]}, "properties": {"camera_id": "osm_13306758330", "camera_type": "alpr", "road": "", "operator": "", "updated_at": "2026-08-04T16:29"}}, {"type": "Feature", "geometry": {"type": "Point", "coordinates": [-86.1021353, 39.7752349]}, "properties": {"camera_id": "osm_13306758331", "camera_type": "alpr", "road": "", "operator": "", "updated_at": "2026-08-04T16:29"}}, {"type": "Feature", "geometry": {"type": "Point", "coordinates": [-86.0985294, 39.7720266]}, "properties": {"camera_id": "osm_13306758332", "camera_type": "alpr", "road": "", "operator": "", "updated_at": "2026-08-04T16:29"}}, {"type": "Feature", "geometry": {"type": "Point", "coordinates": [-86.0835193, 39.7991466]}, "properties": {"camera_id": "osm_13306758333", "camera_type": "alpr", "road": "", "operator": "", "updated_at": "2026-08-04T16:29"}}, {"type": "Feature", "geometry": {"type": "Point", "coordinates": [-86.1412437, 39.7670455]}, "properties": {"camera_id": "osm_13306801481", "camera_type": "alpr", "road": "", "operator": "", "updated_at": "2026-08-04T16:29"}}, {"type": "Feature", "geometry": {"type": "Point", "coordinates": [-86.1421576, 39.7667735]}, "properties": {"camera_id": "osm_13306801482", "camera_type": "alpr", "road": "", "operator": "", "updated_at": "2026-08-04T16:29"}}, {"type": "Feature", "geometry": {"type": "Point", "coordinates": [-86.1305017, 39.7674657]}, "properties": {"camera_id": "osm_13306801483", "camera_type": "alpr", "road": "", "operator": "", "updated_at": "2026-08-04T16:29"}}, {"type": "Feature", "geometry": {"type": "Point", "coordinates": [-86.1018631, 39.7308603]}, "properties": {"camera_id": "osm_13306826093", "camera_type": "alpr", "road": "", "operator": "", "updated_at": "2026-08-04T16:29"}}, {"type": "Feature", "geometry": {"type": "Point", "coordinates": [-86.0269165, 39.8347306]}, "properties": {"camera_id": "osm_13306870523", "camera_type": "alpr", "road": "", "operator": "", "updated_at": "2026-08-04T16:29"}}, {"type": "Feature", "geometry": {"type": "Point", "coordinates": [-86.0102852, 39.8358523]}, "properties": {"camera_id": "osm_13306871730", "camera_type": "alpr", "road": "", "operator": "", "updated_at": "2026-08-04T16:29"}}, {"type": "Feature", "geometry": {"type": "Point", "coordinates": [-86.1414132, 39.8722316]}, "properties": {"camera_id": "osm_13306900036", "camera_type": "alpr", "road": "", "operator": "", "updated_at": "2026-08-04T16:29"}}, {"type": "Feature", "geometry": {"type": "Point", "coordinates": [-86.1133909, 39.9714271]}, "properties": {"camera_id": "osm_13306986451", "camera_type": "alpr", "road": "", "operator": "", "updated_at": "2026-08-04T16:29"}}, {"type": "Feature", "geometry": {"type": "Point", "coordinates": [-86.0736801, 39.7705399]}, "properties": {"camera_id": "osm_13307381793", "camera_type": "alpr", "road": "", "operator": "", "updated_at": "2026-08-04T16:29"}}, {"type": "Feature", "geometry": {"type": "Point", "coordinates": [-86.0638686, 39.761313]}, "properties": {"camera_id": "osm_13307381794", "camera_type": "alpr", "road": "", "operator": "", "updated_at": "2026-08-04T16:29"}}, {"type": "Feature", "geometry": {"type": "Point", "coordinates": [-86.9412501, 38.4002741]}, "properties": {"camera_id": "osm_13308055001", "camera_type": "alpr", "road": "", "operator": "", "updated_at": "2026-08-04T16:29"}}, {"type": "Feature", "geometry": {"type": "Point", "coordinates": [-86.9302907, 38.3915536]}, "properties": {"camera_id": "osm_13308367301", "camera_type": "alpr", "road": "", "operator": "", "updated_at": "2026-08-04T16:29"}}, {"type": "Feature", "geometry": {"type": "Point", "coordinates": [-86.9303554, 38.3918209]}, "properties": {"camera_id": "osm_13308367302", "camera_type": "alpr", "road": "", "operator": "", "updated_at": "2026-08-04T16:29"}}, {"type": "Feature", "geometry": {"type": "Point", "coordinates": [-86.9303146, 38.3918533]}, "properties": {"camera_id": "osm_13308367303", "camera_type": "alpr", "road": "", "operator": "", "updated_at": "2026-08-04T16:29"}}, {"type": "Feature", "geometry": {"type": "Point", "coordinates": [-86.9306566, 38.3918616]}, "properties": {"camera_id": "osm_13308367801", "camera_type": "alpr", "road": "", "operator": "", "updated_at": "2026-08-04T16:29"}}, {"type": "Feature", "geometry": {"type": "Point", "coordinates": [-86.9307093, 38.3918822]}, "properties": {"camera_id": "osm_13308367802", "camera_type": "alpr", "road": "", "operator": "", "updated_at": "2026-08-04T16:29"}}, {"type": "Feature", "geometry": {"type": "Point", "coordinates": [-86.9307104, 38.3921014]}, "properties": {"camera_id": "osm_13308368701", "camera_type": "alpr", "road": "", "operator": "", "updated_at": "2026-08-04T16:29"}}, {"type": "Feature", "geometry": {"type": "Point", "coordinates": [-86.9302881, 38.3915105]}, "properties": {"camera_id": "osm_13308368704", "camera_type": "alpr", "road": "", "operator": "", "updated_at": "2026-08-04T16:29"}}, {"type": "Feature", "geometry": {"type": "Point", "coordinates": [-86.9303001, 38.3921003]}, "properties": {"camera_id": "osm_13308370401", "camera_type": "alpr", "road": "", "operator": "", "updated_at": "2026-08-04T16:29"}}, {"type": "Feature", "geometry": {"type": "Point", "coordinates": [-86.0642875, 39.7712205]}, "properties": {"camera_id": "osm_13308458570", "camera_type": "alpr", "road": "", "operator": "", "updated_at": "2026-08-04T16:29"}}, {"type": "Feature", "geometry": {"type": "Point", "coordinates": [-86.0639648, 39.7710293]}, "properties": {"camera_id": "osm_13308458571", "camera_type": "alpr", "road": "", "operator": "", "updated_at": "2026-08-04T16:29"}}, {"type": "Feature", "geometry": {"type": "Point", "coordinates": [-86.1165326, 39.7944827]}, "properties": {"camera_id": "osm_13308552201", "camera_type": "alpr", "road": "", "operator": "", "updated_at": "2026-08-04T16:29"}}, {"type": "Feature", "geometry": {"type": "Point", "coordinates": [-86.1166685, 39.7924749]}, "properties": {"camera_id": "osm_13308552202", "camera_type": "alpr", "road": "", "operator": "", "updated_at": "2026-08-04T16:29"}}, {"type": "Feature", "geometry": {"type": "Point", "coordinates": [-87.0417415, 37.9056694]}, "properties": {"camera_id": "osm_13308612101", "camera_type": "alpr", "road": "", "operator": "", "updated_at": "2026-08-04T16:29"}}, {"type": "Feature", "geometry": {"type": "Point", "coordinates": [-87.0722465, 37.8941442]}, "properties": {"camera_id": "osm_13308620901", "camera_type": "alpr", "road": "", "operator": "", "updated_at": "2026-08-04T16:29"}}, {"type": "Feature", "geometry": {"type": "Point", "coordinates": [-87.2731693, 37.9213365]}, "properties": {"camera_id": "osm_13308648301", "camera_type": "alpr", "road": "", "operator": "", "updated_at": "2026-08-04T16:29"}}, {"type": "Feature", "geometry": {"type": "Point", "coordinates": [-87.4452899, 39.4067366]}, "properties": {"camera_id": "osm_13308657601", "camera_type": "alpr", "road": "", "operator": "", "updated_at": "2026-08-04T16:29"}}, {"type": "Feature", "geometry": {"type": "Point", "coordinates": [-87.4066301, 39.43398]}, "properties": {"camera_id": "osm_13308657602", "camera_type": "alpr", "road": "", "operator": "", "updated_at": "2026-08-04T16:29"}}, {"type": "Feature", "geometry": {"type": "Point", "coordinates": [-87.4133941, 39.4336276]}, "properties": {"camera_id": "osm_13308659901", "camera_type": "alpr", "road": "", "operator": "", "updated_at": "2026-08-04T16:29"}}, {"type": "Feature", "geometry": {"type": "Point", "coordinates": [-87.2673675, 39.5012579]}, "properties": {"camera_id": "osm_13308823101", "camera_type": "alpr", "road": "", "operator": "", "updated_at": "2026-08-04T16:29"}}, {"type": "Feature", "geometry": {"type": "Point", "coordinates": [-86.8860562, 41.70607]}, "properties": {"camera_id": "osm_13308866401", "camera_type": "alpr", "road": "", "operator": "", "updated_at": "2026-08-04T16:29"}}, {"type": "Feature", "geometry": {"type": "Point", "coordinates": [-87.0099212, 39.5487883]}, "properties": {"camera_id": "osm_13308866701", "camera_type": "alpr", "road": "", "operator": "", "updated_at": "2026-08-04T16:29"}}, {"type": "Feature", "geometry": {"type": "Point", "coordinates": [-86.8942613, 41.6651794]}, "properties": {"camera_id": "osm_13308874101", "camera_type": "alpr", "road": "", "operator": "", "updated_at": "2026-08-04T16:29"}}, {"type": "Feature", "geometry": {"type": "Point", "coordinates": [-86.0634285, 39.7218697]}, "properties": {"camera_id": "osm_13309162501", "camera_type": "alpr", "road": "", "operator": "", "updated_at": "2026-08-04T16:29"}}, {"type": "Feature", "geometry": {"type": "Point", "coordinates": [-86.0607622, 39.724164]}, "properties": {"camera_id": "osm_13309165001", "camera_type": "alpr", "road": "", "operator": "", "updated_at": "2026-08-04T16:29"}}, {"type": "Feature", "geometry": {"type": "Point", "coordinates": [-85.0902258, 41.0974357]}, "properties": {"camera_id": "osm_13309247201", "camera_type": "alpr", "road": "", "operator": "", "updated_at": "2026-08-04T16:29"}}, {"type": "Feature", "geometry": {"type": "Point", "coordinates": [-86.2456427, 41.7158492]}, "properties": {"camera_id": "osm_13309420101", "camera_type": "alpr", "road": "", "operator": "", "updated_at": "2026-08-04T16:29"}}, {"type": "Feature", "geometry": {"type": "Point", "coordinates": [-86.0848796, 39.7012091]}, "properties": {"camera_id": "osm_13309451602", "camera_type": "alpr", "road": "", "operator": "", "updated_at": "2026-08-04T16:29"}}, {"type": "Feature", "geometry": {"type": "Point", "coordinates": [-86.0836596, 39.7019861]}, "properties": {"camera_id": "osm_13309461605", "camera_type": "alpr", "road": "", "operator": "", "updated_at": "2026-08-04T16:29"}}, {"type": "Feature", "geometry": {"type": "Point", "coordinates": [-86.8987068, 40.4253879]}, "properties": {"camera_id": "osm_13309717235", "camera_type": "alpr", "road": "", "operator": "", "updated_at": "2026-08-04T16:29"}}, {"type": "Feature", "geometry": {"type": "Point", "coordinates": [-86.159621, 39.6131548]}, "properties": {"camera_id": "osm_13309717503", "camera_type": "alpr", "road": "", "operator": "Meijer", "updated_at": "2026-08-04T16:29"}}, {"type": "Feature", "geometry": {"type": "Point", "coordinates": [-86.1586665, 39.6165635]}, "properties": {"camera_id": "osm_13309717504", "camera_type": "alpr", "road": "", "operator": "Meijer", "updated_at": "2026-08-04T16:29"}}, {"type": "Feature", "geometry": {"type": "Point", "coordinates": [-86.1596306, 39.613055]}, "properties": {"camera_id": "osm_13309717804", "camera_type": "alpr", "road": "", "operator": "Meijer", "updated_at": "2026-08-04T16:29"}}, {"type": "Feature", "geometry": {"type": "Point", "coordinates": [-86.1586212, 39.6157054]}, "properties": {"camera_id": "osm_13309727801", "camera_type": "alpr", "road": "", "operator": "Meijer", "updated_at": "2026-08-04T16:29"}}, {"type": "Feature", "geometry": {"type": "Point", "coordinates": [-86.1368915, 39.3023787]}, "properties": {"camera_id": "osm_13309778199", "camera_type": "alpr", "road": "", "operator": "", "updated_at": "2026-08-04T16:29"}}, {"type": "Feature", "geometry": {"type": "Point", "coordinates": [-86.1368949, 39.3024646]}, "properties": {"camera_id": "osm_13309778200", "camera_type": "alpr", "road": "", "operator": "", "updated_at": "2026-08-04T16:29"}}, {"type": "Feature", "geometry": {"type": "Point", "coordinates": [-86.1082208, 39.7575187]}, "properties": {"camera_id": "osm_13309798196", "camera_type": "alpr", "road": "", "operator": "", "updated_at": "2026-08-04T16:29"}}, {"type": "Feature", "geometry": {"type": "Point", "coordinates": [-86.1081885, 39.7573929]}, "properties": {"camera_id": "osm_13309798197", "camera_type": "alpr", "road": "", "operator": "", "updated_at": "2026-08-04T16:29"}}, {"type": "Feature", "geometry": {"type": "Point", "coordinates": [-86.1131688, 39.7568663]}, "properties": {"camera_id": "osm_13309798198", "camera_type": "alpr", "road": "", "operator": "", "updated_at": "2026-08-04T16:29"}}, {"type": "Feature", "geometry": {"type": "Point", "coordinates": [-86.1130202, 39.7569792]}, "properties": {"camera_id": "osm_13309798199", "camera_type": "alpr", "road": "", "operator": "", "updated_at": "2026-08-04T16:29"}}, {"type": "Feature", "geometry": {"type": "Point", "coordinates": [-86.1162222, 39.7526722]}, "properties": {"camera_id": "osm_13309798200", "camera_type": "alpr", "road": "", "operator": "", "updated_at": "2026-08-04T16:29"}}, {"type": "Feature", "geometry": {"type": "Point", "coordinates": [-86.1389302, 39.3062056]}, "properties": {"camera_id": "osm_13309812680", "camera_type": "alpr", "road": "", "operator": "", "updated_at": "2026-08-04T16:29"}}, {"type": "Feature", "geometry": {"type": "Point", "coordinates": [-86.1387691, 39.306291]}, "properties": {"camera_id": "osm_13309812681", "camera_type": "alpr", "road": "", "operator": "", "updated_at": "2026-08-04T16:29"}}, {"type": "Feature", "geometry": {"type": "Point", "coordinates": [-86.9378484, 38.4229202]}, "properties": {"camera_id": "osm_13309813601", "camera_type": "alpr", "road": "", "operator": "", "updated_at": "2026-08-04T16:29"}}, {"type": "Feature", "geometry": {"type": "Point", "coordinates": [-86.9327535, 40.4595718]}, "properties": {"camera_id": "osm_13309829417", "camera_type": "alpr", "road": "", "operator": "", "updated_at": "2026-08-04T16:29"}}, {"type": "Feature", "geometry": {"type": "Point", "coordinates": [-86.7814301, 40.3739098]}, "properties": {"camera_id": "osm_13309844401", "camera_type": "alpr", "road": "", "operator": "", "updated_at": "2026-08-04T16:29"}}, {"type": "Feature", "geometry": {"type": "Point", "coordinates": [-86.7795343, 40.3743886]}, "properties": {"camera_id": "osm_13309844501", "camera_type": "alpr", "road": "", "operator": "", "updated_at": "2026-08-04T16:29"}}, {"type": "Feature", "geometry": {"type": "Point", "coordinates": [-86.1212833, 39.7571257]}, "properties": {"camera_id": "osm_13309879496", "camera_type": "alpr", "road": "", "operator": "", "updated_at": "2026-08-04T16:29"}}, {"type": "Feature", "geometry": {"type": "Point", "coordinates": [-86.1163588, 39.7528522]}, "properties": {"camera_id": "osm_13309888801", "camera_type": "alpr", "road": "", "operator": "", "updated_at": "2026-08-04T16:29"}}, {"type": "Feature", "geometry": {"type": "Point", "coordinates": [-86.1135256, 39.7528254]}, "properties": {"camera_id": "osm_13309888802", "camera_type": "alpr", "road": "", "operator": "", "updated_at": "2026-08-04T16:29"}}, {"type": "Feature", "geometry": {"type": "Point", "coordinates": [-86.113797, 39.7527964]}, "properties": {"camera_id": "osm_13309888803", "camera_type": "alpr", "road": "", "operator": "", "updated_at": "2026-08-04T16:29"}}, {"type": "Feature", "geometry": {"type": "Point", "coordinates": [-86.087905, 41.7569674]}, "properties": {"camera_id": "osm_13310061213", "camera_type": "alpr", "road": "", "operator": "", "updated_at": "2026-08-04T16:29"}}, {"type": "Feature", "geometry": {"type": "Point", "coordinates": [-86.1834369, 40.0009452]}, "properties": {"camera_id": "osm_13311098801", "camera_type": "alpr", "road": "", "operator": "", "updated_at": "2026-08-04T16:29"}}, {"type": "Feature", "geometry": {"type": "Point", "coordinates": [-86.183624, 40.0426459]}, "properties": {"camera_id": "osm_13311100401", "camera_type": "alpr", "road": "", "operator": "", "updated_at": "2026-08-04T16:29"}}, {"type": "Feature", "geometry": {"type": "Point", "coordinates": [-85.3712775, 40.5522197]}, "properties": {"camera_id": "osm_13311693401", "camera_type": "alpr", "road": "", "operator": "", "updated_at": "2026-08-04T16:29"}}, {"type": "Feature", "geometry": {"type": "Point", "coordinates": [-87.1995063, 41.2867071]}, "properties": {"camera_id": "osm_13311729876", "camera_type": "alpr", "road": "", "operator": "", "updated_at": "2026-08-04T16:29"}}, {"type": "Feature", "geometry": {"type": "Point", "coordinates": [-87.1994056, 41.2907573]}, "properties": {"camera_id": "osm_13311739307", "camera_type": "alpr", "road": "", "operator": "", "updated_at": "2026-08-04T16:29"}}, {"type": "Feature", "geometry": {"type": "Point", "coordinates": [-85.370047, 40.453157]}, "properties": {"camera_id": "osm_13311746601", "camera_type": "alpr", "road": "", "operator": "", "updated_at": "2026-08-04T16:29"}}, {"type": "Feature", "geometry": {"type": "Point", "coordinates": [-85.3781329, 40.4651311]}, "properties": {"camera_id": "osm_13311751101", "camera_type": "alpr", "road": "", "operator": "", "updated_at": "2026-08-04T16:29"}}, {"type": "Feature", "geometry": {"type": "Point", "coordinates": [-85.3707268, 40.4513271]}, "properties": {"camera_id": "osm_13311764301", "camera_type": "alpr", "road": "", "operator": "", "updated_at": "2026-08-04T16:29"}}, {"type": "Feature", "geometry": {"type": "Point", "coordinates": [-85.4464018, 40.552062]}, "properties": {"camera_id": "osm_13311764302", "camera_type": "alpr", "road": "", "operator": "", "updated_at": "2026-08-04T16:29"}}, {"type": "Feature", "geometry": {"type": "Point", "coordinates": [-87.2020327, 41.2893413]}, "properties": {"camera_id": "osm_13311764445", "camera_type": "alpr", "road": "", "operator": "", "updated_at": "2026-08-04T16:29"}}, {"type": "Feature", "geometry": {"type": "Point", "coordinates": [-86.896663, 41.5598545]}, "properties": {"camera_id": "osm_13311769213", "camera_type": "alpr", "road": "", "operator": "", "updated_at": "2026-08-04T16:29"}}, {"type": "Feature", "geometry": {"type": "Point", "coordinates": [-85.2404929, 40.5528284]}, "properties": {"camera_id": "osm_13311772701", "camera_type": "alpr", "road": "", "operator": "", "updated_at": "2026-08-04T16:29"}}, {"type": "Feature", "geometry": {"type": "Point", "coordinates": [-85.4444647, 40.7423705]}, "properties": {"camera_id": "osm_13311784901", "camera_type": "alpr", "road": "", "operator": "", "updated_at": "2026-08-04T16:29"}}, {"type": "Feature", "geometry": {"type": "Point", "coordinates": [-87.2233903, 41.2893948]}, "properties": {"camera_id": "osm_13311791606", "camera_type": "alpr", "road": "", "operator": "Lake County Indiana Sheriff", "updated_at": "2026-08-04T16:29"}}, {"type": "Feature", "geometry": {"type": "Point", "coordinates": [-85.3544613, 40.8305754]}, "properties": {"camera_id": "osm_13311791701", "camera_type": "alpr", "road": "", "operator": "", "updated_at": "2026-08-04T16:29"}}, {"type": "Feature", "geometry": {"type": "Point", "coordinates": [-85.3555668, 40.8442394]}, "properties": {"camera_id": "osm_13311792901", "camera_type": "alpr", "road": "", "operator": "", "updated_at": "2026-08-04T16:29"}}, {"type": "Feature", "geometry": {"type": "Point", "coordinates": [-85.4715588, 40.8652692]}, "properties": {"camera_id": "osm_13311796801", "camera_type": "alpr", "road": "", "operator": "", "updated_at": "2026-08-04T16:29"}}, {"type": "Feature", "geometry": {"type": "Point", "coordinates": [-86.8971401, 41.5617687]}, "properties": {"camera_id": "osm_13311812053", "camera_type": "alpr", "road": "", "operator": "", "updated_at": "2026-08-04T16:29"}}, {"type": "Feature", "geometry": {"type": "Point", "coordinates": [-87.2196372, 41.3330669]}, "properties": {"camera_id": "osm_13311863661", "camera_type": "alpr", "road": "", "operator": "", "updated_at": "2026-08-04T16:29"}}, {"type": "Feature", "geometry": {"type": "Point", "coordinates": [-86.6558837, 40.5930526]}, "properties": {"camera_id": "osm_13312043132", "camera_type": "alpr", "road": "", "operator": "", "updated_at": "2026-08-04T16:29"}}, {"type": "Feature", "geometry": {"type": "Point", "coordinates": [-87.3093072, 41.2894629]}, "properties": {"camera_id": "osm_13312043187", "camera_type": "alpr", "road": "", "operator": "Lake County Sheriff", "updated_at": "2026-08-04T16:29"}}, {"type": "Feature", "geometry": {"type": "Point", "coordinates": [-86.686988, 40.5872551]}, "properties": {"camera_id": "osm_13312072412", "camera_type": "alpr", "road": "", "operator": "", "updated_at": "2026-08-04T16:29"}}, {"type": "Feature", "geometry": {"type": "Point", "coordinates": [-87.0637792, 41.4589452]}, "properties": {"camera_id": "osm_13312100581", "camera_type": "alpr", "road": "", "operator": "", "updated_at": "2026-08-04T16:29"}}, {"type": "Feature", "geometry": {"type": "Point", "coordinates": [-87.1240146, 41.5865271]}, "properties": {"camera_id": "osm_13312100584", "camera_type": "alpr", "road": "", "operator": "", "updated_at": "2026-08-04T16:29"}}, {"type": "Feature", "geometry": {"type": "Point", "coordinates": [-87.4698715, 41.4219167]}, "properties": {"camera_id": "osm_13312108128", "camera_type": "alpr", "road": "", "operator": "", "updated_at": "2026-08-04T16:29"}}, {"type": "Feature", "geometry": {"type": "Point", "coordinates": [-87.3083125, 41.5510158]}, "properties": {"camera_id": "osm_13312119234", "camera_type": "alpr", "road": "", "operator": "", "updated_at": "2026-08-04T16:29"}}, {"type": "Feature", "geometry": {"type": "Point", "coordinates": [-87.073474, 41.4705635]}, "properties": {"camera_id": "osm_13312119235", "camera_type": "alpr", "road": "", "operator": "", "updated_at": "2026-08-04T16:29"}}, {"type": "Feature", "geometry": {"type": "Point", "coordinates": [-87.3169809, 41.5071948]}, "properties": {"camera_id": "osm_13312122709", "camera_type": "alpr", "road": "", "operator": "", "updated_at": "2026-08-04T16:29"}}, {"type": "Feature", "geometry": {"type": "Point", "coordinates": [-87.3076605, 41.5512509]}, "properties": {"camera_id": "osm_13312127011", "camera_type": "alpr", "road": "", "operator": "", "updated_at": "2026-08-04T16:29"}}, {"type": "Feature", "geometry": {"type": "Point", "coordinates": [-87.1243538, 41.5492987]}, "properties": {"camera_id": "osm_13312127085", "camera_type": "alpr", "road": "", "operator": "", "updated_at": "2026-08-04T16:29"}}, {"type": "Feature", "geometry": {"type": "Point", "coordinates": [-87.1241587, 41.5509692]}, "properties": {"camera_id": "osm_13312127661", "camera_type": "alpr", "road": "", "operator": "", "updated_at": "2026-08-04T16:29"}}, {"type": "Feature", "geometry": {"type": "Point", "coordinates": [-87.0715682, 41.4697059]}, "properties": {"camera_id": "osm_13312128682", "camera_type": "alpr", "road": "", "operator": "", "updated_at": "2026-08-04T16:29"}}, {"type": "Feature", "geometry": {"type": "Point", "coordinates": [-87.0460377, 41.5729292]}, "properties": {"camera_id": "osm_13312133829", "camera_type": "alpr", "road": "", "operator": "", "updated_at": "2026-08-04T16:29"}}, {"type": "Feature", "geometry": {"type": "Point", "coordinates": [-87.1252653, 41.5503516]}, "properties": {"camera_id": "osm_13312144270", "camera_type": "alpr", "road": "", "operator": "", "updated_at": "2026-08-04T16:29"}}, {"type": "Feature", "geometry": {"type": "Point", "coordinates": [-87.0452703, 41.5759262]}, "properties": {"camera_id": "osm_13312144273", "camera_type": "alpr", "road": "", "operator": "", "updated_at": "2026-08-04T16:29"}}, {"type": "Feature", "geometry": {"type": "Point", "coordinates": [-87.0249502, 41.4696451]}, "properties": {"camera_id": "osm_13312145831", "camera_type": "alpr", "road": "", "operator": "", "updated_at": "2026-08-04T16:29"}}, {"type": "Feature", "geometry": {"type": "Point", "coordinates": [-87.0255913, 41.4692938]}, "properties": {"camera_id": "osm_13312147805", "camera_type": "alpr", "road": "", "operator": "", "updated_at": "2026-08-04T16:29"}}, {"type": "Feature", "geometry": {"type": "Point", "coordinates": [-87.1231866, 41.5501328]}, "properties": {"camera_id": "osm_13312152110", "camera_type": "alpr", "road": "", "operator": "", "updated_at": "2026-08-04T16:29"}}, {"type": "Feature", "geometry": {"type": "Point", "coordinates": [-86.1650761, 40.0378361]}, "properties": {"camera_id": "osm_13312160801", "camera_type": "alpr", "road": "", "operator": "", "updated_at": "2026-08-04T16:29"}}, {"type": "Feature", "geometry": {"type": "Point", "coordinates": [-87.0621694, 41.638257]}, "properties": {"camera_id": "osm_13312166565", "camera_type": "alpr", "road": "", "operator": "", "updated_at": "2026-08-04T16:29"}}, {"type": "Feature", "geometry": {"type": "Point", "coordinates": [-87.0462145, 41.5738482]}, "properties": {"camera_id": "osm_13312170124", "camera_type": "alpr", "road": "", "operator": "", "updated_at": "2026-08-04T16:29"}}, {"type": "Feature", "geometry": {"type": "Point", "coordinates": [-86.1910027, 39.7808717]}, "properties": {"camera_id": "osm_13312337184", "camera_type": "alpr", "road": "", "operator": "", "updated_at": "2026-08-04T16:29"}}, {"type": "Feature", "geometry": {"type": "Point", "coordinates": [-86.1907207, 39.7805402]}, "properties": {"camera_id": "osm_13312337992", "camera_type": "alpr", "road": "", "operator": "", "updated_at": "2026-08-04T16:29"}}, {"type": "Feature", "geometry": {"type": "Point", "coordinates": [-86.9034603, 39.9977881]}, "properties": {"camera_id": "osm_13312442001", "camera_type": "alpr", "road": "", "operator": "", "updated_at": "2026-08-04T16:29"}}, {"type": "Feature", "geometry": {"type": "Point", "coordinates": [-85.4020308, 40.2180641]}, "properties": {"camera_id": "osm_13312506001", "camera_type": "alpr", "road": "", "operator": "", "updated_at": "2026-08-04T16:29"}}, {"type": "Feature", "geometry": {"type": "Point", "coordinates": [-85.4026235, 40.2187282]}, "properties": {"camera_id": "osm_13312506902", "camera_type": "alpr", "road": "", "operator": "", "updated_at": "2026-08-04T16:29"}}, {"type": "Feature", "geometry": {"type": "Point", "coordinates": [-85.4020308, 40.2180641]}, "properties": {"camera_id": "osm_13312507001", "camera_type": "alpr", "road": "", "operator": "", "updated_at": "2026-08-04T16:29"}}, {"type": "Feature", "geometry": {"type": "Point", "coordinates": [-86.1328541, 39.788722]}, "properties": {"camera_id": "osm_13312518401", "camera_type": "alpr", "road": "", "operator": "", "updated_at": "2026-08-04T16:29"}}, {"type": "Feature", "geometry": {"type": "Point", "coordinates": [-85.4391154, 40.2174547]}, "properties": {"camera_id": "osm_13313333001", "camera_type": "alpr", "road": "", "operator": "", "updated_at": "2026-08-04T16:29"}}, {"type": "Feature", "geometry": {"type": "Point", "coordinates": [-85.640734, 40.5235335]}, "properties": {"camera_id": "osm_13313379001", "camera_type": "alpr", "road": "", "operator": "", "updated_at": "2026-08-04T16:29"}}, {"type": "Feature", "geometry": {"type": "Point", "coordinates": [-85.1684565, 41.1068372]}, "properties": {"camera_id": "osm_13314182202", "camera_type": "alpr", "road": "", "operator": "", "updated_at": "2026-08-04T16:29"}}, {"type": "Feature", "geometry": {"type": "Point", "coordinates": [-86.0985901, 39.7746784]}, "properties": {"camera_id": "osm_13314365655", "camera_type": "alpr", "road": "", "operator": "", "updated_at": "2026-08-04T16:29"}}, {"type": "Feature", "geometry": {"type": "Point", "coordinates": [-86.1165259, 39.77491]}, "properties": {"camera_id": "osm_13314365656", "camera_type": "alpr", "road": "", "operator": "", "updated_at": "2026-08-04T16:29"}}, {"type": "Feature", "geometry": {"type": "Point", "coordinates": [-86.1165891, 39.7738956]}, "properties": {"camera_id": "osm_13314365657", "camera_type": "alpr", "road": "", "operator": "", "updated_at": "2026-08-04T16:29"}}, {"type": "Feature", "geometry": {"type": "Point", "coordinates": [-86.1136818, 39.7812895]}, "properties": {"camera_id": "osm_13314365658", "camera_type": "alpr", "road": "", "operator": "", "updated_at": "2026-08-04T16:29"}}, {"type": "Feature", "geometry": {"type": "Point", "coordinates": [-86.1113613, 39.7814257]}, "properties": {"camera_id": "osm_13314365659", "camera_type": "alpr", "road": "", "operator": "", "updated_at": "2026-08-04T16:29"}}, {"type": "Feature", "geometry": {"type": "Point", "coordinates": [-86.1354311, 39.7743662]}, "properties": {"camera_id": "osm_13314365660", "camera_type": "alpr", "road": "", "operator": "", "updated_at": "2026-08-04T16:29"}}, {"type": "Feature", "geometry": {"type": "Point", "coordinates": [-86.1045843, 39.78158]}, "properties": {"camera_id": "osm_13314365661", "camera_type": "alpr", "road": "", "operator": "", "updated_at": "2026-08-04T16:29"}}, {"type": "Feature", "geometry": {"type": "Point", "coordinates": [-85.1508295, 41.0693757]}, "properties": {"camera_id": "osm_13314494463", "camera_type": "alpr", "road": "", "operator": "", "updated_at": "2026-08-04T16:29"}}, {"type": "Feature", "geometry": {"type": "Point", "coordinates": [-87.0254605, 41.4928464]}, "properties": {"camera_id": "osm_13314657461", "camera_type": "alpr", "road": "", "operator": "", "updated_at": "2026-08-04T16:29"}}, {"type": "Feature", "geometry": {"type": "Point", "coordinates": [-85.7589079, 38.3271665]}, "properties": {"camera_id": "osm_13314819601", "camera_type": "alpr", "road": "", "operator": "Lowe's", "updated_at": "2026-08-04T16:29"}}, {"type": "Feature", "geometry": {"type": "Point", "coordinates": [-86.886415, 40.42012]}, "properties": {"camera_id": "osm_13315604057", "camera_type": "alpr", "road": "", "operator": "", "updated_at": "2026-08-04T16:29"}}, {"type": "Feature", "geometry": {"type": "Point", "coordinates": [-85.3702169, 40.4710809]}, "properties": {"camera_id": "osm_13316382801", "camera_type": "alpr", "road": "", "operator": "", "updated_at": "2026-08-04T16:29"}}, {"type": "Feature", "geometry": {"type": "Point", "coordinates": [-85.3702618, 40.4504767]}, "properties": {"camera_id": "osm_13316403001", "camera_type": "alpr", "road": "", "operator": "", "updated_at": "2026-08-04T16:29"}}, {"type": "Feature", "geometry": {"type": "Point", "coordinates": [-85.3700706, 40.4331305]}, "properties": {"camera_id": "osm_13316404301", "camera_type": "alpr", "road": "", "operator": "", "updated_at": "2026-08-04T16:29"}}, {"type": "Feature", "geometry": {"type": "Point", "coordinates": [-86.6883981, 41.5987995]}, "properties": {"camera_id": "osm_13317010101", "camera_type": "alpr", "road": "", "operator": "", "updated_at": "2026-08-04T16:29"}}, {"type": "Feature", "geometry": {"type": "Point", "coordinates": [-86.0836112, 39.7699678]}, "properties": {"camera_id": "osm_13317736701", "camera_type": "alpr", "road": "", "operator": "", "updated_at": "2026-08-04T16:29"}}, {"type": "Feature", "geometry": {"type": "Point", "coordinates": [-86.2539179, 41.6288362]}, "properties": {"camera_id": "osm_13317834201", "camera_type": "alpr", "road": "", "operator": "", "updated_at": "2026-08-04T16:29"}}, {"type": "Feature", "geometry": {"type": "Point", "coordinates": [-85.0986276, 41.0752258]}, "properties": {"camera_id": "osm_13317856501", "camera_type": "alpr", "road": "", "operator": "", "updated_at": "2026-08-04T16:29"}}, {"type": "Feature", "geometry": {"type": "Point", "coordinates": [-85.1529056, 41.0816971]}, "properties": {"camera_id": "osm_13317857229", "camera_type": "alpr", "road": "", "operator": "", "updated_at": "2026-08-04T16:29"}}, {"type": "Feature", "geometry": {"type": "Point", "coordinates": [-86.1022684, 39.7969813]}, "properties": {"camera_id": "osm_13318153961", "camera_type": "alpr", "road": "", "operator": "", "updated_at": "2026-08-04T16:29"}}, {"type": "Feature", "geometry": {"type": "Point", "coordinates": [-86.085098, 39.796321]}, "properties": {"camera_id": "osm_13318162177", "camera_type": "alpr", "road": "", "operator": "", "updated_at": "2026-08-04T16:29"}}, {"type": "Feature", "geometry": {"type": "Point", "coordinates": [-86.1025732, 39.788863]}, "properties": {"camera_id": "osm_13318162178", "camera_type": "alpr", "road": "", "operator": "", "updated_at": "2026-08-04T16:29"}}, {"type": "Feature", "geometry": {"type": "Point", "coordinates": [-86.0817754, 39.7888058]}, "properties": {"camera_id": "osm_13318214412", "camera_type": "alpr", "road": "", "operator": "", "updated_at": "2026-08-04T16:29"}}, {"type": "Feature", "geometry": {"type": "Point", "coordinates": [-86.154083, 39.7224218]}, "properties": {"camera_id": "osm_13318237267", "camera_type": "alpr", "road": "", "operator": "", "updated_at": "2026-08-04T16:29"}}, {"type": "Feature", "geometry": {"type": "Point", "coordinates": [-86.1538059, 39.7205465]}, "properties": {"camera_id": "osm_13318237268", "camera_type": "alpr", "road": "", "operator": "", "updated_at": "2026-08-04T16:29"}}, {"type": "Feature", "geometry": {"type": "Point", "coordinates": [-86.1397021, 39.7394814]}, "properties": {"camera_id": "osm_13318318520", "camera_type": "alpr", "road": "", "operator": "", "updated_at": "2026-08-04T16:29"}}, {"type": "Feature", "geometry": {"type": "Point", "coordinates": [-86.7475943, 41.6042293]}, "properties": {"camera_id": "osm_13318372101", "camera_type": "alpr", "road": "", "operator": "", "updated_at": "2026-08-04T16:29"}}, {"type": "Feature", "geometry": {"type": "Point", "coordinates": [-86.7391142, 41.591125]}, "properties": {"camera_id": "osm_13318377501", "camera_type": "alpr", "road": "", "operator": "", "updated_at": "2026-08-04T16:29"}}, {"type": "Feature", "geometry": {"type": "Point", "coordinates": [-86.7505912, 41.591463]}, "properties": {"camera_id": "osm_13318392601", "camera_type": "alpr", "road": "", "operator": "", "updated_at": "2026-08-04T16:29"}}, {"type": "Feature", "geometry": {"type": "Point", "coordinates": [-86.7401854, 37.9062537]}, "properties": {"camera_id": "osm_13318412501", "camera_type": "alpr", "road": "", "operator": "", "updated_at": "2026-08-04T16:29"}}, {"type": "Feature", "geometry": {"type": "Point", "coordinates": [-86.0638622, 39.7350361]}, "properties": {"camera_id": "osm_13319169701", "camera_type": "alpr", "road": "", "operator": "", "updated_at": "2026-08-04T16:29"}}, {"type": "Feature", "geometry": {"type": "Point", "coordinates": [-86.0633068, 39.7344173]}, "properties": {"camera_id": "osm_13319417901", "camera_type": "alpr", "road": "", "operator": "", "updated_at": "2026-08-04T16:29"}}, {"type": "Feature", "geometry": {"type": "Point", "coordinates": [-86.5170393, 38.8142449]}, "properties": {"camera_id": "osm_13319703524", "camera_type": "alpr", "road": "", "operator": "", "updated_at": "2026-08-04T16:29"}}, {"type": "Feature", "geometry": {"type": "Point", "coordinates": [-86.5167832, 38.8121636]}, "properties": {"camera_id": "osm_13319703525", "camera_type": "alpr", "road": "", "operator": "", "updated_at": "2026-08-04T16:29"}}, {"type": "Feature", "geometry": {"type": "Point", "coordinates": [-86.5170536, 38.8142977]}, "properties": {"camera_id": "osm_13319703526", "camera_type": "alpr", "road": "", "operator": "", "updated_at": "2026-08-04T16:29"}}, {"type": "Feature", "geometry": {"type": "Point", "coordinates": [-86.516815, 38.8121448]}, "properties": {"camera_id": "osm_13319703527", "camera_type": "alpr", "road": "", "operator": "", "updated_at": "2026-08-04T16:29"}}, {"type": "Feature", "geometry": {"type": "Point", "coordinates": [-86.1765926, 39.8112809]}, "properties": {"camera_id": "osm_13319738457", "camera_type": "alpr", "road": "", "operator": "", "updated_at": "2026-08-04T16:29"}}, {"type": "Feature", "geometry": {"type": "Point", "coordinates": [-86.2360552, 39.825373]}, "properties": {"camera_id": "osm_13319744567", "camera_type": "alpr", "road": "", "operator": "", "updated_at": "2026-08-04T16:29"}}, {"type": "Feature", "geometry": {"type": "Point", "coordinates": [-86.3272511, 39.7787192]}, "properties": {"camera_id": "osm_13319982291", "camera_type": "alpr", "road": "", "operator": "", "updated_at": "2026-08-04T16:29"}}, {"type": "Feature", "geometry": {"type": "Point", "coordinates": [-86.3280667, 39.7638437]}, "properties": {"camera_id": "osm_13319983725", "camera_type": "alpr", "road": "", "operator": "", "updated_at": "2026-08-04T16:29"}}, {"type": "Feature", "geometry": {"type": "Point", "coordinates": [-86.2720114, 39.8007122]}, "properties": {"camera_id": "osm_13319997075", "camera_type": "alpr", "road": "", "operator": "", "updated_at": "2026-08-04T16:29"}}, {"type": "Feature", "geometry": {"type": "Point", "coordinates": [-85.5336887, 40.8780744]}, "properties": {"camera_id": "osm_13320370801", "camera_type": "alpr", "road": "", "operator": "", "updated_at": "2026-08-04T16:29"}}, {"type": "Feature", "geometry": {"type": "Point", "coordinates": [-86.1733159, 39.6931852]}, "properties": {"camera_id": "osm_13320434501", "camera_type": "alpr", "road": "", "operator": "", "updated_at": "2026-08-04T16:29"}}, {"type": "Feature", "geometry": {"type": "Point", "coordinates": [-85.3661917, 40.219181]}, "properties": {"camera_id": "osm_13321817201", "camera_type": "alpr", "road": "", "operator": "", "updated_at": "2026-08-04T16:29"}}, {"type": "Feature", "geometry": {"type": "Point", "coordinates": [-85.4040548, 40.2040757]}, "properties": {"camera_id": "osm_13322119801", "camera_type": "alpr", "road": "", "operator": "", "updated_at": "2026-08-04T16:29"}}, {"type": "Feature", "geometry": {"type": "Point", "coordinates": [-85.4162048, 40.2002728]}, "properties": {"camera_id": "osm_13322156001", "camera_type": "alpr", "road": "", "operator": "", "updated_at": "2026-08-04T16:29"}}, {"type": "Feature", "geometry": {"type": "Point", "coordinates": [-85.4120651, 40.2095673]}, "properties": {"camera_id": "osm_13322169701", "camera_type": "alpr", "road": "", "operator": "", "updated_at": "2026-08-04T16:29"}}, {"type": "Feature", "geometry": {"type": "Point", "coordinates": [-87.5106551, 38.6635357]}, "properties": {"camera_id": "osm_13322635011", "camera_type": "alpr", "road": "", "operator": "", "updated_at": "2026-08-04T16:29"}}, {"type": "Feature", "geometry": {"type": "Point", "coordinates": [-87.5085294, 38.6603202]}, "properties": {"camera_id": "osm_13322639426", "camera_type": "alpr", "road": "", "operator": "", "updated_at": "2026-08-04T16:29"}}, {"type": "Feature", "geometry": {"type": "Point", "coordinates": [-86.0734805, 39.8258668]}, "properties": {"camera_id": "osm_13322828702", "camera_type": "alpr", "road": "", "operator": "Lowe's", "updated_at": "2026-08-04T16:29"}}, {"type": "Feature", "geometry": {"type": "Point", "coordinates": [-87.110601, 37.7882748]}, "properties": {"camera_id": "osm_13323194901", "camera_type": "alpr", "road": "", "operator": "Owensboro Police Dept.", "updated_at": "2026-08-04T16:29"}}, {"type": "Feature", "geometry": {"type": "Point", "coordinates": [-85.6408311, 40.8521566]}, "properties": {"camera_id": "osm_13323266902", "camera_type": "alpr", "road": "", "operator": "", "updated_at": "2026-08-04T16:29"}}, {"type": "Feature", "geometry": {"type": "Point", "coordinates": [-85.6745707, 40.5362648]}, "properties": {"camera_id": "osm_13323317801", "camera_type": "alpr", "road": "", "operator": "Lowe's", "updated_at": "2026-08-04T16:29"}}, {"type": "Feature", "geometry": {"type": "Point", "coordinates": [-86.7410435, 37.9052957]}, "properties": {"camera_id": "osm_13323327301", "camera_type": "alpr", "road": "", "operator": "", "updated_at": "2026-08-04T16:29"}}, {"type": "Feature", "geometry": {"type": "Point", "coordinates": [-86.0599247, 39.912352]}, "properties": {"camera_id": "osm_13324597901", "camera_type": "alpr", "road": "", "operator": "", "updated_at": "2026-08-04T16:29"}}, {"type": "Feature", "geometry": {"type": "Point", "coordinates": [-86.0396895, 39.9050105]}, "properties": {"camera_id": "osm_13324639301", "camera_type": "alpr", "road": "", "operator": "", "updated_at": "2026-08-04T16:29"}}, {"type": "Feature", "geometry": {"type": "Point", "coordinates": [-85.0887597, 41.0958432]}, "properties": {"camera_id": "osm_13324641101", "camera_type": "alpr", "road": "", "operator": "", "updated_at": "2026-08-04T16:29"}}, {"type": "Feature", "geometry": {"type": "Point", "coordinates": [-85.0894619, 41.0971703]}, "properties": {"camera_id": "osm_13324641301", "camera_type": "alpr", "road": "", "operator": "", "updated_at": "2026-08-04T16:29"}}, {"type": "Feature", "geometry": {"type": "Point", "coordinates": [-85.4183008, 40.1977478]}, "properties": {"camera_id": "osm_13324687601", "camera_type": "alpr", "road": "", "operator": "", "updated_at": "2026-08-04T16:29"}}, {"type": "Feature", "geometry": {"type": "Point", "coordinates": [-86.0801066, 39.6631111]}, "properties": {"camera_id": "osm_13324718741", "camera_type": "alpr", "road": "", "operator": "", "updated_at": "2026-08-04T16:29"}}, {"type": "Feature", "geometry": {"type": "Point", "coordinates": [-85.1081368, 41.097172]}, "properties": {"camera_id": "osm_13324749801", "camera_type": "alpr", "road": "", "operator": "", "updated_at": "2026-08-04T16:29"}}, {"type": "Feature", "geometry": {"type": "Point", "coordinates": [-85.1114461, 41.0969558]}, "properties": {"camera_id": "osm_13324753201", "camera_type": "alpr", "road": "", "operator": "", "updated_at": "2026-08-04T16:29"}}, {"type": "Feature", "geometry": {"type": "Point", "coordinates": [-86.1228421, 39.9784192]}, "properties": {"camera_id": "osm_13325197901", "camera_type": "alpr", "road": "", "operator": "", "updated_at": "2026-08-04T16:29"}}, {"type": "Feature", "geometry": {"type": "Point", "coordinates": [-85.8235908, 39.5869011]}, "properties": {"camera_id": "osm_13325373201", "camera_type": "alpr", "road": "", "operator": "", "updated_at": "2026-08-04T16:29"}}, {"type": "Feature", "geometry": {"type": "Point", "coordinates": [-86.1216075, 39.8834328]}, "properties": {"camera_id": "osm_13325538701", "camera_type": "alpr", "road": "", "operator": "", "updated_at": "2026-08-04T16:29"}}, {"type": "Feature", "geometry": {"type": "Point", "coordinates": [-86.1224063, 39.8830046]}, "properties": {"camera_id": "osm_13325542101", "camera_type": "alpr", "road": "", "operator": "", "updated_at": "2026-08-04T16:29"}}, {"type": "Feature", "geometry": {"type": "Point", "coordinates": [-86.1200983, 39.8644334]}, "properties": {"camera_id": "osm_13325545501", "camera_type": "alpr", "road": "", "operator": "", "updated_at": "2026-08-04T16:29"}}, {"type": "Feature", "geometry": {"type": "Point", "coordinates": [-85.627412, 39.4498924]}, "properties": {"camera_id": "osm_13325603073", "camera_type": "alpr", "road": "", "operator": "", "updated_at": "2026-08-04T16:29"}}, {"type": "Feature", "geometry": {"type": "Point", "coordinates": [-85.7758216, 39.5488968]}, "properties": {"camera_id": "osm_13325608360", "camera_type": "alpr", "road": "", "operator": "", "updated_at": "2026-08-04T16:29"}}, {"type": "Feature", "geometry": {"type": "Point", "coordinates": [-85.5119124, 39.3576898]}, "properties": {"camera_id": "osm_13325637088", "camera_type": "alpr", "road": "", "operator": "", "updated_at": "2026-08-04T16:29"}}, {"type": "Feature", "geometry": {"type": "Point", "coordinates": [-85.4914894, 39.3364457]}, "properties": {"camera_id": "osm_13325661163", "camera_type": "alpr", "road": "", "operator": "", "updated_at": "2026-08-04T16:29"}}, {"type": "Feature", "geometry": {"type": "Point", "coordinates": [-85.4797731, 39.3600304]}, "properties": {"camera_id": "osm_13325672126", "camera_type": "alpr", "road": "", "operator": "", "updated_at": "2026-08-04T16:29"}}, {"type": "Feature", "geometry": {"type": "Point", "coordinates": [-86.0508136, 39.8807039]}, "properties": {"camera_id": "osm_13326398901", "camera_type": "alpr", "road": "", "operator": "", "updated_at": "2026-08-04T16:29"}}, {"type": "Feature", "geometry": {"type": "Point", "coordinates": [-86.0028174, 39.8875481]}, "properties": {"camera_id": "osm_13326485402", "camera_type": "alpr", "road": "", "operator": "", "updated_at": "2026-08-04T16:29"}}, {"type": "Feature", "geometry": {"type": "Point", "coordinates": [-86.0458644, 39.901705]}, "properties": {"camera_id": "osm_13326635401", "camera_type": "alpr", "road": "", "operator": "", "updated_at": "2026-08-04T16:29"}}, {"type": "Feature", "geometry": {"type": "Point", "coordinates": [-86.1889242, 40.0421859]}, "properties": {"camera_id": "osm_13326689301", "camera_type": "alpr", "road": "", "operator": "", "updated_at": "2026-08-04T16:29"}}, {"type": "Feature", "geometry": {"type": "Point", "coordinates": [-85.9971471, 39.8964506]}, "properties": {"camera_id": "osm_13326702501", "camera_type": "alpr", "road": "", "operator": "", "updated_at": "2026-08-04T16:29"}}, {"type": "Feature", "geometry": {"type": "Point", "coordinates": [-85.1329852, 41.0817241]}, "properties": {"camera_id": "osm_13326796002", "camera_type": "alpr", "road": "", "operator": "", "updated_at": "2026-08-04T16:29"}}, {"type": "Feature", "geometry": {"type": "Point", "coordinates": [-86.8572493, 40.3673212]}, "properties": {"camera_id": "osm_13326815301", "camera_type": "alpr", "road": "", "operator": "", "updated_at": "2026-08-04T16:29"}}, {"type": "Feature", "geometry": {"type": "Point", "coordinates": [-86.9381849, 40.4241449]}, "properties": {"camera_id": "osm_13326836001", "camera_type": "alpr", "road": "", "operator": "", "updated_at": "2026-08-04T16:29"}}, {"type": "Feature", "geometry": {"type": "Point", "coordinates": [-86.9473493, 40.4405887]}, "properties": {"camera_id": "osm_13326844701", "camera_type": "alpr", "road": "", "operator": "", "updated_at": "2026-08-04T16:29"}}, {"type": "Feature", "geometry": {"type": "Point", "coordinates": [-86.8686233, 40.5014958]}, "properties": {"camera_id": "osm_13326853101", "camera_type": "alpr", "road": "", "operator": "", "updated_at": "2026-08-04T16:29"}}, {"type": "Feature", "geometry": {"type": "Point", "coordinates": [-86.8687014, 40.5618041]}, "properties": {"camera_id": "osm_13326853801", "camera_type": "alpr", "road": "", "operator": "", "updated_at": "2026-08-04T16:29"}}, {"type": "Feature", "geometry": {"type": "Point", "coordinates": [-86.8429502, 40.3910996]}, "properties": {"camera_id": "osm_13326859702", "camera_type": "alpr", "road": "", "operator": "", "updated_at": "2026-08-04T16:29"}}, {"type": "Feature", "geometry": {"type": "Point", "coordinates": [-86.9102057, 40.3892149]}, "properties": {"camera_id": "osm_13326865902", "camera_type": "alpr", "road": "", "operator": "", "updated_at": "2026-08-04T16:29"}}, {"type": "Feature", "geometry": {"type": "Point", "coordinates": [-86.8568237, 40.4503159]}, "properties": {"camera_id": "osm_13326868901", "camera_type": "alpr", "road": "", "operator": "", "updated_at": "2026-08-04T16:29"}}, {"type": "Feature", "geometry": {"type": "Point", "coordinates": [-86.8764438, 40.3962245]}, "properties": {"camera_id": "osm_13326895601", "camera_type": "alpr", "road": "", "operator": "", "updated_at": "2026-08-04T16:29"}}, {"type": "Feature", "geometry": {"type": "Point", "coordinates": [-86.8868776, 40.4198005]}, "properties": {"camera_id": "osm_13326912201", "camera_type": "alpr", "road": "", "operator": "", "updated_at": "2026-08-04T16:29"}}, {"type": "Feature", "geometry": {"type": "Point", "coordinates": [-86.8384311, 40.4003479]}, "properties": {"camera_id": "osm_13326942201", "camera_type": "alpr", "road": "", "operator": "", "updated_at": "2026-08-04T16:29"}}, {"type": "Feature", "geometry": {"type": "Point", "coordinates": [-86.8422655, 40.3820093]}, "properties": {"camera_id": "osm_13326942901", "camera_type": "alpr", "road": "", "operator": "", "updated_at": "2026-08-04T16:29"}}, {"type": "Feature", "geometry": {"type": "Point", "coordinates": [-86.8805288, 40.4184801]}, "properties": {"camera_id": "osm_13326943001", "camera_type": "alpr", "road": "", "operator": "", "updated_at": "2026-08-04T16:29"}}, {"type": "Feature", "geometry": {"type": "Point", "coordinates": [-86.8436567, 40.4174364]}, "properties": {"camera_id": "osm_13326943002", "camera_type": "alpr", "road": "", "operator": "", "updated_at": "2026-08-04T16:29"}}, {"type": "Feature", "geometry": {"type": "Point", "coordinates": [-86.8178663, 40.3624122]}, "properties": {"camera_id": "osm_13326956301", "camera_type": "alpr", "road": "", "operator": "", "updated_at": "2026-08-04T16:29"}}, {"type": "Feature", "geometry": {"type": "Point", "coordinates": [-86.6597237, 40.5692553]}, "properties": {"camera_id": "osm_13326975602", "camera_type": "alpr", "road": "", "operator": "", "updated_at": "2026-08-04T16:29"}}, {"type": "Feature", "geometry": {"type": "Point", "coordinates": [-86.9456, 40.3751624]}, "properties": {"camera_id": "osm_13326979801", "camera_type": "alpr", "road": "", "operator": "", "updated_at": "2026-08-04T16:29"}}, {"type": "Feature", "geometry": {"type": "Point", "coordinates": [-86.1179251, 39.6284755]}, "properties": {"camera_id": "osm_13326991116", "camera_type": "alpr", "road": "", "operator": "", "updated_at": "2026-08-04T16:29"}}, {"type": "Feature", "geometry": {"type": "Point", "coordinates": [-85.132988, 41.0819911]}, "properties": {"camera_id": "osm_13326992001", "camera_type": "alpr", "road": "", "operator": "", "updated_at": "2026-08-04T16:29"}}, {"type": "Feature", "geometry": {"type": "Point", "coordinates": [-85.0915875, 41.1770984]}, "properties": {"camera_id": "osm_13327022201", "camera_type": "alpr", "road": "", "operator": "", "updated_at": "2026-08-04T16:29"}}, {"type": "Feature", "geometry": {"type": "Point", "coordinates": [-86.051303, 39.9053171]}, "properties": {"camera_id": "osm_13327121001", "camera_type": "alpr", "road": "", "operator": "", "updated_at": "2026-08-04T16:29"}}, {"type": "Feature", "geometry": {"type": "Point", "coordinates": [-86.1232721, 39.6310031]}, "properties": {"camera_id": "osm_13327133378", "camera_type": "alpr", "road": "", "operator": "", "updated_at": "2026-08-04T16:29"}}, {"type": "Feature", "geometry": {"type": "Point", "coordinates": [-86.1389513, 39.6530023]}, "properties": {"camera_id": "osm_13327175477", "camera_type": "alpr", "road": "", "operator": "", "updated_at": "2026-08-04T16:29"}}, {"type": "Feature", "geometry": {"type": "Point", "coordinates": [-86.0666933, 39.6090286]}, "properties": {"camera_id": "osm_13327210879", "camera_type": "alpr", "road": "", "operator": "", "updated_at": "2026-08-04T16:29"}}, {"type": "Feature", "geometry": {"type": "Point", "coordinates": [-86.1316801, 39.7866247]}, "properties": {"camera_id": "osm_13327229701", "camera_type": "alpr", "road": "", "operator": "", "updated_at": "2026-08-04T16:29"}}, {"type": "Feature", "geometry": {"type": "Point", "coordinates": [-86.120635, 39.7951633]}, "properties": {"camera_id": "osm_13327230001", "camera_type": "alpr", "road": "", "operator": "", "updated_at": "2026-08-04T16:29"}}, {"type": "Feature", "geometry": {"type": "Point", "coordinates": [-86.122306, 39.8526835]}, "properties": {"camera_id": "osm_13327235301", "camera_type": "alpr", "road": "", "operator": "", "updated_at": "2026-08-04T16:29"}}, {"type": "Feature", "geometry": {"type": "Point", "coordinates": [-85.8060586, 39.5044873]}, "properties": {"camera_id": "osm_13327306964", "camera_type": "alpr", "road": "", "operator": "", "updated_at": "2026-08-04T16:29"}}, {"type": "Feature", "geometry": {"type": "Point", "coordinates": [-85.7701563, 39.3514399]}, "properties": {"camera_id": "osm_13327317639", "camera_type": "alpr", "road": "", "operator": "", "updated_at": "2026-08-04T16:29"}}, {"type": "Feature", "geometry": {"type": "Point", "coordinates": [-87.0990487, 40.4461181]}, "properties": {"camera_id": "osm_13327356201", "camera_type": "alpr", "road": "", "operator": "", "updated_at": "2026-08-04T16:29"}}, {"type": "Feature", "geometry": {"type": "Point", "coordinates": [-87.0939839, 40.7653836]}, "properties": {"camera_id": "osm_13327358101", "camera_type": "alpr", "road": "", "operator": "", "updated_at": "2026-08-04T16:29"}}, {"type": "Feature", "geometry": {"type": "Point", "coordinates": [-86.8803886, 40.9111943]}, "properties": {"camera_id": "osm_13327361401", "camera_type": "alpr", "road": "", "operator": "", "updated_at": "2026-08-04T16:29"}}, {"type": "Feature", "geometry": {"type": "Point", "coordinates": [-85.9980145, 40.0370755]}, "properties": {"camera_id": "osm_13328029801", "camera_type": "alpr", "road": "", "operator": "", "updated_at": "2026-08-04T16:29"}}, {"type": "Feature", "geometry": {"type": "Point", "coordinates": [-85.9044739, 39.2085652]}, "properties": {"camera_id": "osm_13328034901", "camera_type": "alpr", "road": "", "operator": "", "updated_at": "2026-08-04T16:29"}}, {"type": "Feature", "geometry": {"type": "Point", "coordinates": [-85.9640589, 41.690032]}, "properties": {"camera_id": "osm_13328527904", "camera_type": "alpr", "road": "", "operator": "", "updated_at": "2026-08-04T16:29"}}, {"type": "Feature", "geometry": {"type": "Point", "coordinates": [-85.9640597, 41.690039]}, "properties": {"camera_id": "osm_13328531601", "camera_type": "alpr", "road": "", "operator": "", "updated_at": "2026-08-04T16:29"}}, {"type": "Feature", "geometry": {"type": "Point", "coordinates": [-85.9640176, 41.6900531]}, "properties": {"camera_id": "osm_13328533201", "camera_type": "alpr", "road": "", "operator": "", "updated_at": "2026-08-04T16:29"}}, {"type": "Feature", "geometry": {"type": "Point", "coordinates": [-85.9751693, 41.7572938]}, "properties": {"camera_id": "osm_13328534602", "camera_type": "alpr", "road": "", "operator": "", "updated_at": "2026-08-04T16:29"}}, {"type": "Feature", "geometry": {"type": "Point", "coordinates": [-86.1949493, 39.8556731]}, "properties": {"camera_id": "osm_13328716701", "camera_type": "alpr", "road": "", "operator": "", "updated_at": "2026-08-04T16:29"}}, {"type": "Feature", "geometry": {"type": "Point", "coordinates": [-85.9768873, 38.4809426]}, "properties": {"camera_id": "osm_13328815401", "camera_type": "alpr", "road": "", "operator": "", "updated_at": "2026-08-04T16:29"}}, {"type": "Feature", "geometry": {"type": "Point", "coordinates": [-85.9657915, 39.9634365]}, "properties": {"camera_id": "osm_13329001992", "camera_type": "alpr", "road": "", "operator": "", "updated_at": "2026-08-04T16:29"}}, {"type": "Feature", "geometry": {"type": "Point", "coordinates": [-87.0662526, 41.5139775]}, "properties": {"camera_id": "osm_13329541501", "camera_type": "alpr", "road": "", "operator": "", "updated_at": "2026-08-04T16:29"}}, {"type": "Feature", "geometry": {"type": "Point", "coordinates": [-86.0183858, 41.7012457]}, "properties": {"camera_id": "osm_13329647101", "camera_type": "alpr", "road": "", "operator": "", "updated_at": "2026-08-04T16:29"}}, {"type": "Feature", "geometry": {"type": "Point", "coordinates": [-86.0182726, 41.6967103]}, "properties": {"camera_id": "osm_13329647301", "camera_type": "alpr", "road": "", "operator": "", "updated_at": "2026-08-04T16:29"}}, {"type": "Feature", "geometry": {"type": "Point", "coordinates": [-86.1041483, 41.6867697]}, "properties": {"camera_id": "osm_13329652603", "camera_type": "alpr", "road": "", "operator": "", "updated_at": "2026-08-04T16:29"}}, {"type": "Feature", "geometry": {"type": "Point", "coordinates": [-86.0639091, 41.6885155]}, "properties": {"camera_id": "osm_13329655001", "camera_type": "alpr", "road": "", "operator": "", "updated_at": "2026-08-04T16:29"}}, {"type": "Feature", "geometry": {"type": "Point", "coordinates": [-86.0501548, 41.6885148]}, "properties": {"camera_id": "osm_13329655101", "camera_type": "alpr", "road": "", "operator": "", "updated_at": "2026-08-04T16:29"}}, {"type": "Feature", "geometry": {"type": "Point", "coordinates": [-85.9297466, 38.9391684]}, "properties": {"camera_id": "osm_13330521301", "camera_type": "alpr", "road": "", "operator": "", "updated_at": "2026-08-04T16:29"}}, {"type": "Feature", "geometry": {"type": "Point", "coordinates": [-85.9294277, 38.9401293]}, "properties": {"camera_id": "osm_13330521701", "camera_type": "alpr", "road": "", "operator": "", "updated_at": "2026-08-04T16:29"}}, {"type": "Feature", "geometry": {"type": "Point", "coordinates": [-86.131673, 39.7871401]}, "properties": {"camera_id": "osm_13331203701", "camera_type": "alpr", "road": "", "operator": "", "updated_at": "2026-08-04T16:29"}}, {"type": "Feature", "geometry": {"type": "Point", "coordinates": [-86.3558937, 39.8443684]}, "properties": {"camera_id": "osm_13331205401", "camera_type": "alpr", "road": "", "operator": "", "updated_at": "2026-08-04T16:29"}}, {"type": "Feature", "geometry": {"type": "Point", "coordinates": [-86.1368209, 41.6732017]}, "properties": {"camera_id": "osm_13331565302", "camera_type": "alpr", "road": "", "operator": "", "updated_at": "2026-08-04T16:29"}}, {"type": "Feature", "geometry": {"type": "Point", "coordinates": [-84.8153625, 41.0004648]}, "properties": {"camera_id": "osm_13332316987", "camera_type": "alpr", "road": "", "operator": "", "updated_at": "2026-08-04T16:29"}}, {"type": "Feature", "geometry": {"type": "Point", "coordinates": [-86.4708706, 41.2878773]}, "properties": {"camera_id": "osm_13332663201", "camera_type": "alpr", "road": "", "operator": "", "updated_at": "2026-08-04T16:29"}}, {"type": "Feature", "geometry": {"type": "Point", "coordinates": [-86.2542883, 41.6080554]}, "properties": {"camera_id": "osm_13332669101", "camera_type": "alpr", "road": "", "operator": "", "updated_at": "2026-08-04T16:29"}}, {"type": "Feature", "geometry": {"type": "Point", "coordinates": [-86.0833243, 39.809604]}, "properties": {"camera_id": "osm_13332810301", "camera_type": "alpr", "road": "", "operator": "", "updated_at": "2026-08-04T16:29"}}, {"type": "Feature", "geometry": {"type": "Point", "coordinates": [-86.3831595, 39.7628678]}, "properties": {"camera_id": "osm_13332916801", "camera_type": "alpr", "road": "", "operator": "", "updated_at": "2026-08-04T16:29"}}, {"type": "Feature", "geometry": {"type": "Point", "coordinates": [-85.9194755, 39.9353822]}, "properties": {"camera_id": "osm_13332919201", "camera_type": "alpr", "road": "", "operator": "", "updated_at": "2026-08-04T16:29"}}, {"type": "Feature", "geometry": {"type": "Point", "coordinates": [-86.7349363, 41.3314811]}, "properties": {"camera_id": "osm_13332930201", "camera_type": "alpr", "road": "", "operator": "", "updated_at": "2026-08-04T16:29"}}, {"type": "Feature", "geometry": {"type": "Point", "coordinates": [-84.9447764, 41.0778679]}, "properties": {"camera_id": "osm_13333031601", "camera_type": "alpr", "road": "", "operator": "", "updated_at": "2026-08-04T16:29"}}, {"type": "Feature", "geometry": {"type": "Point", "coordinates": [-86.9302598, 38.9988689]}, "properties": {"camera_id": "osm_13334199401", "camera_type": "alpr", "road": "", "operator": "", "updated_at": "2026-08-04T16:29"}}, {"type": "Feature", "geometry": {"type": "Point", "coordinates": [-86.9219487, 38.9178376]}, "properties": {"camera_id": "osm_13334270902", "camera_type": "alpr", "road": "", "operator": "", "updated_at": "2026-08-04T16:29"}}, {"type": "Feature", "geometry": {"type": "Point", "coordinates": [-85.0724619, 40.8309848]}, "properties": {"camera_id": "osm_13334554701", "camera_type": "alpr", "road": "", "operator": "Wells County Sheriff's Office", "updated_at": "2026-08-04T16:29"}}, {"type": "Feature", "geometry": {"type": "Point", "coordinates": [-86.1538552, 39.7814449]}, "properties": {"camera_id": "osm_13334578701", "camera_type": "alpr", "road": "", "operator": "", "updated_at": "2026-08-04T16:29"}}, {"type": "Feature", "geometry": {"type": "Point", "coordinates": [-86.3275355, 39.7312752]}, "properties": {"camera_id": "osm_13334580983", "camera_type": "alpr", "road": "", "operator": "", "updated_at": "2026-08-04T16:29"}}, {"type": "Feature", "geometry": {"type": "Point", "coordinates": [-86.1765111, 39.971533]}, "properties": {"camera_id": "osm_13334619944", "camera_type": "alpr", "road": "", "operator": "", "updated_at": "2026-08-04T16:29"}}, {"type": "Feature", "geometry": {"type": "Point", "coordinates": [-86.1767026, 39.971609]}, "properties": {"camera_id": "osm_13334651284", "camera_type": "alpr", "road": "", "operator": "", "updated_at": "2026-08-04T16:29"}}, {"type": "Feature", "geometry": {"type": "Point", "coordinates": [-85.9196539, 39.8271212]}, "properties": {"camera_id": "osm_13334798101", "camera_type": "alpr", "road": "", "operator": "", "updated_at": "2026-08-04T16:29"}}, {"type": "Feature", "geometry": {"type": "Point", "coordinates": [-85.9196539, 39.8271212]}, "properties": {"camera_id": "osm_13334798201", "camera_type": "alpr", "road": "", "operator": "", "updated_at": "2026-08-04T16:29"}}, {"type": "Feature", "geometry": {"type": "Point", "coordinates": [-85.9196539, 39.8271212]}, "properties": {"camera_id": "osm_13334798401", "camera_type": "alpr", "road": "", "operator": "", "updated_at": "2026-08-04T16:29"}}, {"type": "Feature", "geometry": {"type": "Point", "coordinates": [-84.8512362, 39.0998104]}, "properties": {"camera_id": "osm_13334950757", "camera_type": "alpr", "road": "", "operator": "", "updated_at": "2026-08-04T16:29"}}, {"type": "Feature", "geometry": {"type": "Point", "coordinates": [-84.8498932, 39.1039958]}, "properties": {"camera_id": "osm_13334967533", "camera_type": "alpr", "road": "", "operator": "", "updated_at": "2026-08-04T16:29"}}, {"type": "Feature", "geometry": {"type": "Point", "coordinates": [-84.8841627, 39.0810773]}, "properties": {"camera_id": "osm_13335005357", "camera_type": "alpr", "road": "", "operator": "", "updated_at": "2026-08-04T16:29"}}, {"type": "Feature", "geometry": {"type": "Point", "coordinates": [-84.8835706, 39.0811771]}, "properties": {"camera_id": "osm_13335013103", "camera_type": "alpr", "road": "", "operator": "", "updated_at": "2026-08-04T16:29"}}, {"type": "Feature", "geometry": {"type": "Point", "coordinates": [-85.9649773, 41.6665688]}, "properties": {"camera_id": "osm_13335056101", "camera_type": "alpr", "road": "", "operator": "", "updated_at": "2026-08-04T16:29"}}, {"type": "Feature", "geometry": {"type": "Point", "coordinates": [-86.0083448, 39.7125681]}, "properties": {"camera_id": "osm_13335317340", "camera_type": "alpr", "road": "", "operator": "", "updated_at": "2026-08-04T16:29"}}, {"type": "Feature", "geometry": {"type": "Point", "coordinates": [-85.9226172, 39.8166589]}, "properties": {"camera_id": "osm_13335377652", "camera_type": "alpr", "road": "", "operator": "", "updated_at": "2026-08-04T16:29"}}, {"type": "Feature", "geometry": {"type": "Point", "coordinates": [-86.8860785, 39.5684305]}, "properties": {"camera_id": "osm_13336625701", "camera_type": "alpr", "road": "", "operator": "", "updated_at": "2026-08-04T16:29"}}, {"type": "Feature", "geometry": {"type": "Point", "coordinates": [-86.8823149, 39.5691809]}, "properties": {"camera_id": "osm_13336626902", "camera_type": "alpr", "road": "", "operator": "", "updated_at": "2026-08-04T16:29"}}, {"type": "Feature", "geometry": {"type": "Point", "coordinates": [-85.9998865, 40.0457622]}, "properties": {"camera_id": "osm_13336644401", "camera_type": "alpr", "road": "", "operator": "", "updated_at": "2026-08-04T16:29"}}, {"type": "Feature", "geometry": {"type": "Point", "coordinates": [-86.3342626, 39.6903039]}, "properties": {"camera_id": "osm_13336644402", "camera_type": "alpr", "road": "", "operator": "", "updated_at": "2026-08-04T16:29"}}, {"type": "Feature", "geometry": {"type": "Point", "coordinates": [-86.3750195, 39.6298627]}, "properties": {"camera_id": "osm_13336645101", "camera_type": "alpr", "road": "", "operator": "", "updated_at": "2026-08-04T16:29"}}, {"type": "Feature", "geometry": {"type": "Point", "coordinates": [-86.3717763, 39.7001569]}, "properties": {"camera_id": "osm_13336647001", "camera_type": "alpr", "road": "", "operator": "", "updated_at": "2026-08-04T16:29"}}, {"type": "Feature", "geometry": {"type": "Point", "coordinates": [-86.3387306, 39.7349023]}, "properties": {"camera_id": "osm_13336739903", "camera_type": "alpr", "road": "", "operator": "", "updated_at": "2026-08-04T16:29"}}, {"type": "Feature", "geometry": {"type": "Point", "coordinates": [-86.339996, 39.7343811]}, "properties": {"camera_id": "osm_13336745801", "camera_type": "alpr", "road": "", "operator": "", "updated_at": "2026-08-04T16:29"}}, {"type": "Feature", "geometry": {"type": "Point", "coordinates": [-85.3242987, 39.311042]}, "properties": {"camera_id": "osm_13337123409", "camera_type": "alpr", "road": "", "operator": "", "updated_at": "2026-08-04T16:29"}}, {"type": "Feature", "geometry": {"type": "Point", "coordinates": [-86.3892622, 39.6654005]}, "properties": {"camera_id": "osm_13337405912", "camera_type": "alpr", "road": "", "operator": "", "updated_at": "2026-08-04T16:29"}}, {"type": "Feature", "geometry": {"type": "Point", "coordinates": [-86.3703872, 39.663379]}, "properties": {"camera_id": "osm_13337408114", "camera_type": "alpr", "road": "", "operator": "", "updated_at": "2026-08-04T16:29"}}, {"type": "Feature", "geometry": {"type": "Point", "coordinates": [-86.3707214, 39.6718435]}, "properties": {"camera_id": "osm_13337409407", "camera_type": "alpr", "road": "", "operator": "", "updated_at": "2026-08-04T16:29"}}, {"type": "Feature", "geometry": {"type": "Point", "coordinates": [-86.418591, 39.6868955]}, "properties": {"camera_id": "osm_13337409408", "camera_type": "alpr", "road": "", "operator": "Indiana Dept. of Corrections", "updated_at": "2026-08-04T16:29"}}, {"type": "Feature", "geometry": {"type": "Point", "coordinates": [-86.4185071, 39.6910706]}, "properties": {"camera_id": "osm_13337409703", "camera_type": "alpr", "road": "", "operator": "Indiana Dept. of Corrections", "updated_at": "2026-08-04T16:29"}}, {"type": "Feature", "geometry": {"type": "Point", "coordinates": [-86.3204356, 39.7005868]}, "properties": {"camera_id": "osm_13337451601", "camera_type": "alpr", "road": "", "operator": "", "updated_at": "2026-08-04T16:29"}}, {"type": "Feature", "geometry": {"type": "Point", "coordinates": [-86.3103177, 39.7036675]}, "properties": {"camera_id": "osm_13337454401", "camera_type": "alpr", "road": "", "operator": "", "updated_at": "2026-08-04T16:29"}}, {"type": "Feature", "geometry": {"type": "Point", "coordinates": [-86.093175, 39.6657899]}, "properties": {"camera_id": "osm_13337454780", "camera_type": "alpr", "road": "", "operator": "", "updated_at": "2026-08-04T16:29"}}, {"type": "Feature", "geometry": {"type": "Point", "coordinates": [-86.3041281, 39.7094464]}, "properties": {"camera_id": "osm_13337463601", "camera_type": "alpr", "road": "", "operator": "", "updated_at": "2026-08-04T16:29"}}, {"type": "Feature", "geometry": {"type": "Point", "coordinates": [-86.3046288, 39.7095673]}, "properties": {"camera_id": "osm_13337464301", "camera_type": "alpr", "road": "", "operator": "", "updated_at": "2026-08-04T16:29"}}, {"type": "Feature", "geometry": {"type": "Point", "coordinates": [-86.2988272, 39.7113436]}, "properties": {"camera_id": "osm_13337469601", "camera_type": "alpr", "road": "", "operator": "", "updated_at": "2026-08-04T16:29"}}, {"type": "Feature", "geometry": {"type": "Point", "coordinates": [-86.3000726, 39.7114577]}, "properties": {"camera_id": "osm_13337471301", "camera_type": "alpr", "road": "", "operator": "", "updated_at": "2026-08-04T16:29"}}, {"type": "Feature", "geometry": {"type": "Point", "coordinates": [-86.2975854, 39.7126798]}, "properties": {"camera_id": "osm_13337472701", "camera_type": "alpr", "road": "", "operator": "", "updated_at": "2026-08-04T16:29"}}, {"type": "Feature", "geometry": {"type": "Point", "coordinates": [-86.2969314, 39.7126498]}, "properties": {"camera_id": "osm_13337472702", "camera_type": "alpr", "road": "", "operator": "", "updated_at": "2026-08-04T16:29"}}, {"type": "Feature", "geometry": {"type": "Point", "coordinates": [-86.3109677, 39.7074586]}, "properties": {"camera_id": "osm_13337482101", "camera_type": "alpr", "road": "", "operator": "", "updated_at": "2026-08-04T16:29"}}, {"type": "Feature", "geometry": {"type": "Point", "coordinates": [-86.3120417, 39.7054967]}, "properties": {"camera_id": "osm_13337482401", "camera_type": "alpr", "road": "", "operator": "", "updated_at": "2026-08-04T16:29"}}, {"type": "Feature", "geometry": {"type": "Point", "coordinates": [-86.3087381, 39.7332937]}, "properties": {"camera_id": "osm_13337485702", "camera_type": "alpr", "road": "", "operator": "", "updated_at": "2026-08-04T16:29"}}, {"type": "Feature", "geometry": {"type": "Point", "coordinates": [-86.2992119, 39.7115106]}, "properties": {"camera_id": "osm_13337494601", "camera_type": "alpr", "road": "", "operator": "", "updated_at": "2026-08-04T16:29"}}, {"type": "Feature", "geometry": {"type": "Point", "coordinates": [-86.3059166, 39.7116444]}, "properties": {"camera_id": "osm_13337495201", "camera_type": "alpr", "road": "", "operator": "", "updated_at": "2026-08-04T16:29"}}, {"type": "Feature", "geometry": {"type": "Point", "coordinates": [-86.319349, 39.7311309]}, "properties": {"camera_id": "osm_13337495801", "camera_type": "alpr", "road": "", "operator": "", "updated_at": "2026-08-04T16:29"}}, {"type": "Feature", "geometry": {"type": "Point", "coordinates": [-86.2982831, 39.7369152]}, "properties": {"camera_id": "osm_13337496501", "camera_type": "alpr", "road": "", "operator": "", "updated_at": "2026-08-04T16:29"}}, {"type": "Feature", "geometry": {"type": "Point", "coordinates": [-86.2889373, 39.7383499]}, "properties": {"camera_id": "osm_13337498201", "camera_type": "alpr", "road": "", "operator": "", "updated_at": "2026-08-04T16:29"}}, {"type": "Feature", "geometry": {"type": "Point", "coordinates": [-86.073178, 39.7164448]}, "properties": {"camera_id": "osm_13337513731", "camera_type": "alpr", "road": "", "operator": "", "updated_at": "2026-08-04T16:29"}}, {"type": "Feature", "geometry": {"type": "Point", "coordinates": [-86.3368984, 39.7603208]}, "properties": {"camera_id": "osm_13337518601", "camera_type": "alpr", "road": "", "operator": "", "updated_at": "2026-08-04T16:29"}}, {"type": "Feature", "geometry": {"type": "Point", "coordinates": [-86.3599583, 39.616242]}, "properties": {"camera_id": "osm_13337520301", "camera_type": "alpr", "road": "", "operator": "Lowe's", "updated_at": "2026-08-04T16:29"}}, {"type": "Feature", "geometry": {"type": "Point", "coordinates": [-86.3601718, 39.6163314]}, "properties": {"camera_id": "osm_13337520901", "camera_type": "alpr", "road": "", "operator": "", "updated_at": "2026-08-04T16:29"}}, {"type": "Feature", "geometry": {"type": "Point", "coordinates": [-86.3570953, 39.6158512]}, "properties": {"camera_id": "osm_13337520902", "camera_type": "alpr", "road": "", "operator": "", "updated_at": "2026-08-04T16:29"}}, {"type": "Feature", "geometry": {"type": "Point", "coordinates": [-86.344299, 39.6346923]}, "properties": {"camera_id": "osm_13337520903", "camera_type": "alpr", "road": "", "operator": "", "updated_at": "2026-08-04T16:29"}}, {"type": "Feature", "geometry": {"type": "Point", "coordinates": [-86.3580429, 39.6165082]}, "properties": {"camera_id": "osm_13337522401", "camera_type": "alpr", "road": "", "operator": "Lowe's", "updated_at": "2026-08-04T16:29"}}, {"type": "Feature", "geometry": {"type": "Point", "coordinates": [-86.3764517, 39.5756619]}, "properties": {"camera_id": "osm_13337534101", "camera_type": "alpr", "road": "", "operator": "", "updated_at": "2026-08-04T16:29"}}, {"type": "Feature", "geometry": {"type": "Point", "coordinates": [-86.3759694, 39.5755891]}, "properties": {"camera_id": "osm_13337534301", "camera_type": "alpr", "road": "", "operator": "", "updated_at": "2026-08-04T16:29"}}, {"type": "Feature", "geometry": {"type": "Point", "coordinates": [-86.4022459, 39.5144514]}, "properties": {"camera_id": "osm_13337537801", "camera_type": "alpr", "road": "", "operator": "", "updated_at": "2026-08-04T16:29"}}, {"type": "Feature", "geometry": {"type": "Point", "coordinates": [-86.8734623, 40.0388132]}, "properties": {"camera_id": "osm_13337573301", "camera_type": "alpr", "road": "", "operator": "", "updated_at": "2026-08-04T16:29"}}, {"type": "Feature", "geometry": {"type": "Point", "coordinates": [-86.9049875, 40.0779486]}, "properties": {"camera_id": "osm_13337579801", "camera_type": "alpr", "road": "", "operator": "", "updated_at": "2026-08-04T16:29"}}, {"type": "Feature", "geometry": {"type": "Point", "coordinates": [-85.6683447, 38.3582094]}, "properties": {"camera_id": "osm_13338705602", "camera_type": "alpr", "road": "", "operator": "", "updated_at": "2026-08-04T16:29"}}, {"type": "Feature", "geometry": {"type": "Point", "coordinates": [-85.6457387, 38.3447042]}, "properties": {"camera_id": "osm_13338708101", "camera_type": "alpr", "road": "", "operator": "", "updated_at": "2026-08-04T16:29"}}, {"type": "Feature", "geometry": {"type": "Point", "coordinates": [-85.6677053, 38.3508293]}, "properties": {"camera_id": "osm_13338709401", "camera_type": "alpr", "road": "", "operator": "", "updated_at": "2026-08-04T16:29"}}, {"type": "Feature", "geometry": {"type": "Point", "coordinates": [-85.6673453, 38.3544227]}, "properties": {"camera_id": "osm_13338710801", "camera_type": "alpr", "road": "", "operator": "", "updated_at": "2026-08-04T16:29"}}, {"type": "Feature", "geometry": {"type": "Point", "coordinates": [-85.6635603, 38.3852193]}, "properties": {"camera_id": "osm_13338717801", "camera_type": "alpr", "road": "", "operator": "", "updated_at": "2026-08-04T16:29"}}, {"type": "Feature", "geometry": {"type": "Point", "coordinates": [-85.6765837, 38.4014308]}, "properties": {"camera_id": "osm_13338722201", "camera_type": "alpr", "road": "", "operator": "", "updated_at": "2026-08-04T16:29"}}, {"type": "Feature", "geometry": {"type": "Point", "coordinates": [-86.3804029, 41.7131687]}, "properties": {"camera_id": "osm_13338927901", "camera_type": "alpr", "road": "", "operator": "", "updated_at": "2026-08-04T16:29"}}, {"type": "Feature", "geometry": {"type": "Point", "coordinates": [-86.5051511, 41.7067672]}, "properties": {"camera_id": "osm_13338949401", "camera_type": "alpr", "road": "", "operator": "", "updated_at": "2026-08-04T16:29"}}, {"type": "Feature", "geometry": {"type": "Point", "coordinates": [-85.7837198, 39.7729191]}, "properties": {"camera_id": "osm_13338968101", "camera_type": "alpr", "road": "", "operator": "", "updated_at": "2026-08-04T16:29"}}, {"type": "Feature", "geometry": {"type": "Point", "coordinates": [-86.5226295, 41.7044025]}, "properties": {"camera_id": "osm_13338990502", "camera_type": "alpr", "road": "", "operator": "", "updated_at": "2026-08-04T16:29"}}, {"type": "Feature", "geometry": {"type": "Point", "coordinates": [-86.1284044, 39.9929697]}, "properties": {"camera_id": "osm_13339588701", "camera_type": "alpr", "road": "", "operator": "", "updated_at": "2026-08-04T16:29"}}, {"type": "Feature", "geometry": {"type": "Point", "coordinates": [-86.1579049, 39.9323864]}, "properties": {"camera_id": "osm_13339589201", "camera_type": "alpr", "road": "", "operator": "", "updated_at": "2026-08-04T16:29"}}, {"type": "Feature", "geometry": {"type": "Point", "coordinates": [-86.03797, 39.8353079]}, "properties": {"camera_id": "osm_13340528602", "camera_type": "alpr", "road": "", "operator": "", "updated_at": "2026-08-04T16:29"}}, {"type": "Feature", "geometry": {"type": "Point", "coordinates": [-86.0643426, 39.7963247]}, "properties": {"camera_id": "osm_13340631501", "camera_type": "alpr", "road": "", "operator": "", "updated_at": "2026-08-04T16:29"}}, {"type": "Feature", "geometry": {"type": "Point", "coordinates": [-86.0644436, 39.796265]}, "properties": {"camera_id": "osm_13340632401", "camera_type": "alpr", "road": "", "operator": "", "updated_at": "2026-08-04T16:29"}}, {"type": "Feature", "geometry": {"type": "Point", "coordinates": [-86.0649455, 39.8404281]}, "properties": {"camera_id": "osm_13340647001", "camera_type": "alpr", "road": "", "operator": "", "updated_at": "2026-08-04T16:29"}}, {"type": "Feature", "geometry": {"type": "Point", "coordinates": [-86.0650793, 39.8403156]}, "properties": {"camera_id": "osm_13340647101", "camera_type": "alpr", "road": "", "operator": "", "updated_at": "2026-08-04T16:29"}}, {"type": "Feature", "geometry": {"type": "Point", "coordinates": [-86.0428805, 39.8551553]}, "properties": {"camera_id": "osm_13340661301", "camera_type": "alpr", "road": "", "operator": "", "updated_at": "2026-08-04T16:29"}}, {"type": "Feature", "geometry": {"type": "Point", "coordinates": [-86.0450583, 39.853828]}, "properties": {"camera_id": "osm_13340661302", "camera_type": "alpr", "road": "", "operator": "", "updated_at": "2026-08-04T16:29"}}, {"type": "Feature", "geometry": {"type": "Point", "coordinates": [-86.0460071, 39.8430829]}, "properties": {"camera_id": "osm_13340675501", "camera_type": "alpr", "road": "", "operator": "", "updated_at": "2026-08-04T16:29"}}, {"type": "Feature", "geometry": {"type": "Point", "coordinates": [-86.04639, 39.8380661]}, "properties": {"camera_id": "osm_13340676401", "camera_type": "alpr", "road": "", "operator": "", "updated_at": "2026-08-04T16:29"}}, {"type": "Feature", "geometry": {"type": "Point", "coordinates": [-86.0460715, 39.837294]}, "properties": {"camera_id": "osm_13340684901", "camera_type": "alpr", "road": "", "operator": "", "updated_at": "2026-08-04T16:29"}}, {"type": "Feature", "geometry": {"type": "Point", "coordinates": [-86.0460715, 39.837294]}, "properties": {"camera_id": "osm_13340685001", "camera_type": "alpr", "road": "", "operator": "", "updated_at": "2026-08-04T16:29"}}, {"type": "Feature", "geometry": {"type": "Point", "coordinates": [-86.011794, 39.8023022]}, "properties": {"camera_id": "osm_13340716702", "camera_type": "alpr", "road": "", "operator": "", "updated_at": "2026-08-04T16:29"}}, {"type": "Feature", "geometry": {"type": "Point", "coordinates": [-86.0130139, 39.803745]}, "properties": {"camera_id": "osm_13340719502", "camera_type": "alpr", "road": "", "operator": "", "updated_at": "2026-08-04T16:29"}}, {"type": "Feature", "geometry": {"type": "Point", "coordinates": [-86.9036485, 40.0815539]}, "properties": {"camera_id": "osm_13340719503", "camera_type": "alpr", "road": "", "operator": "", "updated_at": "2026-08-04T16:29"}}, {"type": "Feature", "geometry": {"type": "Point", "coordinates": [-86.0118979, 39.803802]}, "properties": {"camera_id": "osm_13340727101", "camera_type": "alpr", "road": "", "operator": "", "updated_at": "2026-08-04T16:29"}}, {"type": "Feature", "geometry": {"type": "Point", "coordinates": [-86.0128676, 39.8018773]}, "properties": {"camera_id": "osm_13340728802", "camera_type": "alpr", "road": "", "operator": "", "updated_at": "2026-08-04T16:29"}}, {"type": "Feature", "geometry": {"type": "Point", "coordinates": [-86.0137116, 39.8014935]}, "properties": {"camera_id": "osm_13340729902", "camera_type": "alpr", "road": "", "operator": "", "updated_at": "2026-08-04T16:29"}}, {"type": "Feature", "geometry": {"type": "Point", "coordinates": [-85.6400095, 39.0220699]}, "properties": {"camera_id": "osm_13340736952", "camera_type": "alpr", "road": "", "operator": "", "updated_at": "2026-08-04T16:29"}}, {"type": "Feature", "geometry": {"type": "Point", "coordinates": [-85.650579, 39.0240331]}, "properties": {"camera_id": "osm_13340741877", "camera_type": "alpr", "road": "", "operator": "", "updated_at": "2026-08-04T16:29"}}, {"type": "Feature", "geometry": {"type": "Point", "coordinates": [-85.6668013, 38.3479843]}, "properties": {"camera_id": "osm_13340752401", "camera_type": "alpr", "road": "", "operator": "", "updated_at": "2026-08-04T16:29"}}, {"type": "Feature", "geometry": {"type": "Point", "coordinates": [-85.1403807, 41.0882321]}, "properties": {"camera_id": "osm_13340914401", "camera_type": "alpr", "road": "", "operator": "", "updated_at": "2026-08-04T16:29"}}, {"type": "Feature", "geometry": {"type": "Point", "coordinates": [-86.2258392, 40.3015654]}, "properties": {"camera_id": "osm_13340927094", "camera_type": "alpr", "road": "", "operator": "", "updated_at": "2026-08-04T16:29"}}, {"type": "Feature", "geometry": {"type": "Point", "coordinates": [-87.4719595, 38.1658538]}, "properties": {"camera_id": "osm_13341322789", "camera_type": "alpr", "road": "", "operator": "", "updated_at": "2026-08-04T16:29"}}, {"type": "Feature", "geometry": {"type": "Point", "coordinates": [-88.0220747, 37.9442367]}, "properties": {"camera_id": "osm_13341322917", "camera_type": "alpr", "road": "", "operator": "", "updated_at": "2026-08-04T16:29"}}, {"type": "Feature", "geometry": {"type": "Point", "coordinates": [-87.9292365, 37.9289592]}, "properties": {"camera_id": "osm_13341329832", "camera_type": "alpr", "road": "", "operator": "", "updated_at": "2026-08-04T16:29"}}, {"type": "Feature", "geometry": {"type": "Point", "coordinates": [-87.7123174, 37.9448365]}, "properties": {"camera_id": "osm_13341336682", "camera_type": "alpr", "road": "", "operator": "", "updated_at": "2026-08-04T16:29"}}, {"type": "Feature", "geometry": {"type": "Point", "coordinates": [-85.1353596, 41.0868565]}, "properties": {"camera_id": "osm_13341343101", "camera_type": "alpr", "road": "", "operator": "", "updated_at": "2026-08-04T16:29"}}, {"type": "Feature", "geometry": {"type": "Point", "coordinates": [-85.6383782, 39.0188131]}, "properties": {"camera_id": "osm_13341561080", "camera_type": "alpr", "road": "", "operator": "", "updated_at": "2026-08-04T16:29"}}, {"type": "Feature", "geometry": {"type": "Point", "coordinates": [-85.36964, 38.7336679]}, "properties": {"camera_id": "osm_13341646620", "camera_type": "alpr", "road": "", "operator": "", "updated_at": "2026-08-04T16:29"}}, {"type": "Feature", "geometry": {"type": "Point", "coordinates": [-87.4709754, 41.5249863]}, "properties": {"camera_id": "osm_13341673001", "camera_type": "alpr", "road": "", "operator": "", "updated_at": "2026-08-04T16:29"}}, {"type": "Feature", "geometry": {"type": "Point", "coordinates": [-87.4711884, 41.5235521]}, "properties": {"camera_id": "osm_13341674601", "camera_type": "alpr", "road": "", "operator": "", "updated_at": "2026-08-04T16:29"}}, {"type": "Feature", "geometry": {"type": "Point", "coordinates": [-87.5465368, 38.079279]}, "properties": {"camera_id": "osm_13341725503", "camera_type": "alpr", "road": "", "operator": "", "updated_at": "2026-08-04T16:29"}}, {"type": "Feature", "geometry": {"type": "Point", "coordinates": [-87.2189848, 41.5748397]}, "properties": {"camera_id": "osm_13341816701", "camera_type": "alpr", "road": "", "operator": "", "updated_at": "2026-08-04T16:29"}}, {"type": "Feature", "geometry": {"type": "Point", "coordinates": [-87.1879699, 41.5759094]}, "properties": {"camera_id": "osm_13341817601", "camera_type": "alpr", "road": "", "operator": "", "updated_at": "2026-08-04T16:29"}}, {"type": "Feature", "geometry": {"type": "Point", "coordinates": [-87.2219786, 41.5704172]}, "properties": {"camera_id": "osm_13341818401", "camera_type": "alpr", "road": "", "operator": "", "updated_at": "2026-08-04T16:29"}}, {"type": "Feature", "geometry": {"type": "Point", "coordinates": [-86.2504102, 41.7113917]}, "properties": {"camera_id": "osm_13342518302", "camera_type": "alpr", "road": "", "operator": "", "updated_at": "2026-08-04T16:29"}}, {"type": "Feature", "geometry": {"type": "Point", "coordinates": [-86.2031479, 39.9264813]}, "properties": {"camera_id": "osm_13342577002", "camera_type": "alpr", "road": "", "operator": "", "updated_at": "2026-08-04T16:29"}}, {"type": "Feature", "geometry": {"type": "Point", "coordinates": [-86.1654556, 39.9271158]}, "properties": {"camera_id": "osm_13342581301", "camera_type": "alpr", "road": "", "operator": "", "updated_at": "2026-08-04T16:29"}}, {"type": "Feature", "geometry": {"type": "Point", "coordinates": [-86.0929254, 39.5866808]}, "properties": {"camera_id": "osm_13342775101", "camera_type": "alpr", "road": "", "operator": "", "updated_at": "2026-08-04T16:29"}}, {"type": "Feature", "geometry": {"type": "Point", "coordinates": [-86.2504102, 41.7113917]}, "properties": {"camera_id": "osm_13342831401", "camera_type": "alpr", "road": "", "operator": "", "updated_at": "2026-08-04T16:29"}}, {"type": "Feature", "geometry": {"type": "Point", "coordinates": [-87.0776626, 39.8815023]}, "properties": {"camera_id": "osm_13342882002", "camera_type": "alpr", "road": "", "operator": "", "updated_at": "2026-08-04T16:29"}}, {"type": "Feature", "geometry": {"type": "Point", "coordinates": [-86.8485759, 39.9672261]}, "properties": {"camera_id": "osm_13342882501", "camera_type": "alpr", "road": "", "operator": "", "updated_at": "2026-08-04T16:29"}}, {"type": "Feature", "geometry": {"type": "Point", "coordinates": [-86.8485759, 39.9672261]}, "properties": {"camera_id": "osm_13342882601", "camera_type": "alpr", "road": "", "operator": "", "updated_at": "2026-08-04T16:29"}}, {"type": "Feature", "geometry": {"type": "Point", "coordinates": [-86.7714268, 40.201134]}, "properties": {"camera_id": "osm_13342882702", "camera_type": "alpr", "road": "", "operator": "", "updated_at": "2026-08-04T16:29"}}, {"type": "Feature", "geometry": {"type": "Point", "coordinates": [-85.1282134, 39.2801124]}, "properties": {"camera_id": "osm_13342960602", "camera_type": "alpr", "road": "", "operator": "", "updated_at": "2026-08-04T16:29"}}, {"type": "Feature", "geometry": {"type": "Point", "coordinates": [-85.6687395, 38.4771689]}, "properties": {"camera_id": "osm_13343042901", "camera_type": "alpr", "road": "", "operator": "", "updated_at": "2026-08-04T16:29"}}, {"type": "Feature", "geometry": {"type": "Point", "coordinates": [-84.8887252, 39.8652333]}, "properties": {"camera_id": "osm_13343727507", "camera_type": "alpr", "road": "", "operator": "", "updated_at": "2026-08-04T16:29"}}, {"type": "Feature", "geometry": {"type": "Point", "coordinates": [-87.0227296, 41.4511105]}, "properties": {"camera_id": "osm_13343788555", "camera_type": "alpr", "road": "", "operator": "", "updated_at": "2026-08-04T16:29"}}, {"type": "Feature", "geometry": {"type": "Point", "coordinates": [-86.1121755, 39.9290743]}, "properties": {"camera_id": "osm_13344595010", "camera_type": "alpr", "road": "", "operator": "", "updated_at": "2026-08-04T16:29"}}, {"type": "Feature", "geometry": {"type": "Point", "coordinates": [-86.1205156, 39.9915573]}, "properties": {"camera_id": "osm_13344595802", "camera_type": "alpr", "road": "", "operator": "", "updated_at": "2026-08-04T16:29"}}, {"type": "Feature", "geometry": {"type": "Point", "coordinates": [-86.1803092, 39.8082072]}, "properties": {"camera_id": "osm_13344714601", "camera_type": "alpr", "road": "", "operator": "", "updated_at": "2026-08-04T16:29"}}, {"type": "Feature", "geometry": {"type": "Point", "coordinates": [-86.1218283, 39.8476974]}, "properties": {"camera_id": "osm_13344978677", "camera_type": "alpr", "road": "", "operator": "", "updated_at": "2026-08-04T16:29"}}, {"type": "Feature", "geometry": {"type": "Point", "coordinates": [-86.1803478, 39.8073049]}, "properties": {"camera_id": "osm_13345263501", "camera_type": "alpr", "road": "", "operator": "", "updated_at": "2026-08-04T16:29"}}, {"type": "Feature", "geometry": {"type": "Point", "coordinates": [-86.180378, 39.8054869]}, "properties": {"camera_id": "osm_13345276901", "camera_type": "alpr", "road": "", "operator": "", "updated_at": "2026-08-04T16:29"}}, {"type": "Feature", "geometry": {"type": "Point", "coordinates": [-85.7434011, 38.3195755]}, "properties": {"camera_id": "osm_13345474301", "camera_type": "alpr", "road": "", "operator": "", "updated_at": "2026-08-04T16:29"}}, {"type": "Feature", "geometry": {"type": "Point", "coordinates": [-86.2499482, 41.6999221]}, "properties": {"camera_id": "osm_13346199801", "camera_type": "alpr", "road": "", "operator": "", "updated_at": "2026-08-04T16:29"}}, {"type": "Feature", "geometry": {"type": "Point", "coordinates": [-86.117594, 39.8633018]}, "properties": {"camera_id": "osm_13346699642", "camera_type": "alpr", "road": "", "operator": "", "updated_at": "2026-08-04T16:29"}}, {"type": "Feature", "geometry": {"type": "Point", "coordinates": [-86.1374421, 39.912713]}, "properties": {"camera_id": "osm_13346707776", "camera_type": "alpr", "road": "", "operator": "", "updated_at": "2026-08-04T16:29"}}, {"type": "Feature", "geometry": {"type": "Point", "coordinates": [-86.8490571, 40.3527634]}, "properties": {"camera_id": "osm_13346720402", "camera_type": "alpr", "road": "", "operator": "", "updated_at": "2026-08-04T16:29"}}, {"type": "Feature", "geometry": {"type": "Point", "coordinates": [-86.8567123, 40.3584745]}, "properties": {"camera_id": "osm_13346720403", "camera_type": "alpr", "road": "", "operator": "", "updated_at": "2026-08-04T16:29"}}, {"type": "Feature", "geometry": {"type": "Point", "coordinates": [-86.0457058, 39.9006449]}, "properties": {"camera_id": "osm_13346723982", "camera_type": "alpr", "road": "", "operator": "", "updated_at": "2026-08-04T16:29"}}, {"type": "Feature", "geometry": {"type": "Point", "coordinates": [-86.1396752, 39.9131174]}, "properties": {"camera_id": "osm_13346733632", "camera_type": "alpr", "road": "", "operator": "", "updated_at": "2026-08-04T16:29"}}, {"type": "Feature", "geometry": {"type": "Point", "coordinates": [-86.1388166, 39.9159793]}, "properties": {"camera_id": "osm_13346761026", "camera_type": "alpr", "road": "", "operator": "", "updated_at": "2026-08-04T16:29"}}, {"type": "Feature", "geometry": {"type": "Point", "coordinates": [-86.1271013, 39.9271152]}, "properties": {"camera_id": "osm_13346761027", "camera_type": "alpr", "road": "", "operator": "", "updated_at": "2026-08-04T16:29"}}, {"type": "Feature", "geometry": {"type": "Point", "coordinates": [-85.9632744, 39.9543618]}, "properties": {"camera_id": "osm_13346781506", "camera_type": "alpr", "road": "", "operator": "", "updated_at": "2026-08-04T16:29"}}, {"type": "Feature", "geometry": {"type": "Point", "coordinates": [-85.9572484, 39.9416921]}, "properties": {"camera_id": "osm_13346781507", "camera_type": "alpr", "road": "", "operator": "", "updated_at": "2026-08-04T16:29"}}, {"type": "Feature", "geometry": {"type": "Point", "coordinates": [-85.4899797, 38.7129181]}, "properties": {"camera_id": "osm_13346794958", "camera_type": "alpr", "road": "", "operator": "", "updated_at": "2026-08-04T16:29"}}, {"type": "Feature", "geometry": {"type": "Point", "coordinates": [-85.9437475, 39.9466823]}, "properties": {"camera_id": "osm_13346801301", "camera_type": "alpr", "road": "", "operator": "", "updated_at": "2026-08-04T16:29"}}, {"type": "Feature", "geometry": {"type": "Point", "coordinates": [-85.9245399, 39.8270752]}, "properties": {"camera_id": "osm_13346810601", "camera_type": "alpr", "road": "", "operator": "", "updated_at": "2026-08-04T16:29"}}, {"type": "Feature", "geometry": {"type": "Point", "coordinates": [-85.9245399, 39.8270752]}, "properties": {"camera_id": "osm_13346811101", "camera_type": "alpr", "road": "", "operator": "", "updated_at": "2026-08-04T16:29"}}, {"type": "Feature", "geometry": {"type": "Point", "coordinates": [-85.9245399, 39.8270752]}, "properties": {"camera_id": "osm_13346811102", "camera_type": "alpr", "road": "", "operator": "", "updated_at": "2026-08-04T16:29"}}, {"type": "Feature", "geometry": {"type": "Point", "coordinates": [-86.8741933, 39.627284]}, "properties": {"camera_id": "osm_13348376403", "camera_type": "alpr", "road": "", "operator": "", "updated_at": "2026-08-04T16:29"}}, {"type": "Feature", "geometry": {"type": "Point", "coordinates": [-86.1181103, 40.7726665]}, "properties": {"camera_id": "osm_13348594917", "camera_type": "alpr", "road": "", "operator": "", "updated_at": "2026-08-04T16:29"}}, {"type": "Feature", "geometry": {"type": "Point", "coordinates": [-86.4559787, 40.7055392]}, "properties": {"camera_id": "osm_13348612836", "camera_type": "alpr", "road": "", "operator": "", "updated_at": "2026-08-04T16:29"}}, {"type": "Feature", "geometry": {"type": "Point", "coordinates": [-86.1615577, 39.6166486]}, "properties": {"camera_id": "osm_13348986501", "camera_type": "alpr", "road": "", "operator": "Meijer", "updated_at": "2026-08-04T16:29"}}, {"type": "Feature", "geometry": {"type": "Point", "coordinates": [-86.1597111, 39.6166626]}, "properties": {"camera_id": "osm_13348987601", "camera_type": "alpr", "road": "", "operator": "Meijer", "updated_at": "2026-08-04T16:29"}}, {"type": "Feature", "geometry": {"type": "Point", "coordinates": [-86.8546747, 40.3524963]}, "properties": {"camera_id": "osm_13349329001", "camera_type": "alpr", "road": "", "operator": "", "updated_at": "2026-08-04T16:29"}}, {"type": "Feature", "geometry": {"type": "Point", "coordinates": [-86.8543939, 40.3521549]}, "properties": {"camera_id": "osm_13349329201", "camera_type": "alpr", "road": "", "operator": "", "updated_at": "2026-08-04T16:29"}}, {"type": "Feature", "geometry": {"type": "Point", "coordinates": [-86.2826272, 39.6930933]}, "properties": {"camera_id": "osm_13350615488", "camera_type": "alpr", "road": "", "operator": "", "updated_at": "2026-08-04T16:29"}}, {"type": "Feature", "geometry": {"type": "Point", "coordinates": [-86.2810094, 39.6943764]}, "properties": {"camera_id": "osm_13350620515", "camera_type": "alpr", "road": "", "operator": "", "updated_at": "2026-08-04T16:29"}}, {"type": "Feature", "geometry": {"type": "Point", "coordinates": [-86.2817306, 39.6943526]}, "properties": {"camera_id": "osm_13350622726", "camera_type": "alpr", "road": "", "operator": "", "updated_at": "2026-08-04T16:29"}}, {"type": "Feature", "geometry": {"type": "Point", "coordinates": [-86.2836388, 39.6928518]}, "properties": {"camera_id": "osm_13350623214", "camera_type": "alpr", "road": "", "operator": "", "updated_at": "2026-08-04T16:29"}}, {"type": "Feature", "geometry": {"type": "Point", "coordinates": [-86.2841165, 39.6929894]}, "properties": {"camera_id": "osm_13350623215", "camera_type": "alpr", "road": "", "operator": "", "updated_at": "2026-08-04T16:29"}}, {"type": "Feature", "geometry": {"type": "Point", "coordinates": [-86.2814785, 39.6943494]}, "properties": {"camera_id": "osm_13350625104", "camera_type": "alpr", "road": "", "operator": "", "updated_at": "2026-08-04T16:29"}}, {"type": "Feature", "geometry": {"type": "Point", "coordinates": [-87.0167706, 38.9382881]}, "properties": {"camera_id": "osm_13351355301", "camera_type": "alpr", "road": "", "operator": "", "updated_at": "2026-08-04T16:29"}}, {"type": "Feature", "geometry": {"type": "Point", "coordinates": [-85.0875663, 41.0792845]}, "properties": {"camera_id": "osm_13351968172", "camera_type": "alpr", "road": "", "operator": "", "updated_at": "2026-08-04T16:29"}}, {"type": "Feature", "geometry": {"type": "Point", "coordinates": [-85.0878301, 41.0838577]}, "properties": {"camera_id": "osm_13351968173", "camera_type": "alpr", "road": "", "operator": "", "updated_at": "2026-08-04T16:29"}}, {"type": "Feature", "geometry": {"type": "Point", "coordinates": [-86.1965254, 41.6658623]}, "properties": {"camera_id": "osm_13352011301", "camera_type": "alpr", "road": "", "operator": "", "updated_at": "2026-08-04T16:29"}}, {"type": "Feature", "geometry": {"type": "Point", "coordinates": [-86.1963988, 41.6657871]}, "properties": {"camera_id": "osm_13352012601", "camera_type": "alpr", "road": "", "operator": "", "updated_at": "2026-08-04T16:29"}}, {"type": "Feature", "geometry": {"type": "Point", "coordinates": [-87.528228, 38.6504831]}, "properties": {"camera_id": "osm_13352137601", "camera_type": "alpr", "road": "", "operator": "", "updated_at": "2026-08-04T16:29"}}, {"type": "Feature", "geometry": {"type": "Point", "coordinates": [-86.7163368, 39.0405932]}, "properties": {"camera_id": "osm_13352499201", "camera_type": "alpr", "road": "", "operator": "", "updated_at": "2026-08-04T16:29"}}, {"type": "Feature", "geometry": {"type": "Point", "coordinates": [-86.7451321, 39.0419569]}, "properties": {"camera_id": "osm_13352500601", "camera_type": "alpr", "road": "", "operator": "", "updated_at": "2026-08-04T16:29"}}, {"type": "Feature", "geometry": {"type": "Point", "coordinates": [-86.7471149, 39.0431272]}, "properties": {"camera_id": "osm_13352501901", "camera_type": "alpr", "road": "", "operator": "", "updated_at": "2026-08-04T16:29"}}, {"type": "Feature", "geometry": {"type": "Point", "coordinates": [-86.6103257, 38.536676]}, "properties": {"camera_id": "osm_13353842404", "camera_type": "alpr", "road": "", "operator": "", "updated_at": "2026-08-04T16:29"}}, {"type": "Feature", "geometry": {"type": "Point", "coordinates": [-87.548115, 37.9245397]}, "properties": {"camera_id": "osm_13354186301", "camera_type": "alpr", "road": "", "operator": "", "updated_at": "2026-08-04T16:29"}}, {"type": "Feature", "geometry": {"type": "Point", "coordinates": [-87.5475286, 37.934283]}, "properties": {"camera_id": "osm_13354187901", "camera_type": "alpr", "road": "", "operator": "", "updated_at": "2026-08-04T16:29"}}, {"type": "Feature", "geometry": {"type": "Point", "coordinates": [-87.5430316, 38.0467751]}, "properties": {"camera_id": "osm_13354219101", "camera_type": "alpr", "road": "", "operator": "", "updated_at": "2026-08-04T16:29"}}, {"type": "Feature", "geometry": {"type": "Point", "coordinates": [-86.1135193, 39.9710918]}, "properties": {"camera_id": "osm_13354219204", "camera_type": "alpr", "road": "", "operator": "", "updated_at": "2026-08-04T16:29"}}, {"type": "Feature", "geometry": {"type": "Point", "coordinates": [-87.0099811, 39.0312975]}, "properties": {"camera_id": "osm_13354220601", "camera_type": "alpr", "road": "", "operator": "", "updated_at": "2026-08-04T16:29"}}, {"type": "Feature", "geometry": {"type": "Point", "coordinates": [-87.5508761, 38.1596355]}, "properties": {"camera_id": "osm_13354232801", "camera_type": "alpr", "road": "", "operator": "", "updated_at": "2026-08-04T16:29"}}, {"type": "Feature", "geometry": {"type": "Point", "coordinates": [-85.9567205, 40.4056953]}, "properties": {"camera_id": "osm_13354334235", "camera_type": "alpr", "road": "", "operator": "", "updated_at": "2026-08-04T16:29"}}, {"type": "Feature", "geometry": {"type": "Point", "coordinates": [-87.2203492, 41.5506471]}, "properties": {"camera_id": "osm_13354372501", "camera_type": "alpr", "road": "", "operator": "", "updated_at": "2026-08-04T16:29"}}, {"type": "Feature", "geometry": {"type": "Point", "coordinates": [-87.2162744, 41.5505235]}, "properties": {"camera_id": "osm_13354388202", "camera_type": "alpr", "road": "", "operator": "", "updated_at": "2026-08-04T16:29"}}, {"type": "Feature", "geometry": {"type": "Point", "coordinates": [-87.1824624, 41.5513192]}, "properties": {"camera_id": "osm_13354394102", "camera_type": "alpr", "road": "", "operator": "", "updated_at": "2026-08-04T16:29"}}, {"type": "Feature", "geometry": {"type": "Point", "coordinates": [-86.028301, 39.8331041]}, "properties": {"camera_id": "osm_13354397701", "camera_type": "alpr", "road": "", "operator": "", "updated_at": "2026-08-04T16:29"}}, {"type": "Feature", "geometry": {"type": "Point", "coordinates": [-86.2761032, 39.7063873]}, "properties": {"camera_id": "osm_13354537788", "camera_type": "alpr", "road": "", "operator": "", "updated_at": "2026-08-04T16:29"}}, {"type": "Feature", "geometry": {"type": "Point", "coordinates": [-86.2758292, 39.7061397]}, "properties": {"camera_id": "osm_13354555260", "camera_type": "alpr", "road": "", "operator": "", "updated_at": "2026-08-04T16:29"}}, {"type": "Feature", "geometry": {"type": "Point", "coordinates": [-86.5931884, 41.6731474]}, "properties": {"camera_id": "osm_13355946501", "camera_type": "alpr", "road": "", "operator": "", "updated_at": "2026-08-04T16:29"}}, {"type": "Feature", "geometry": {"type": "Point", "coordinates": [-86.8102454, 41.693844]}, "properties": {"camera_id": "osm_13355976101", "camera_type": "alpr", "road": "", "operator": "", "updated_at": "2026-08-04T16:29"}}, {"type": "Feature", "geometry": {"type": "Point", "coordinates": [-86.1957027, 41.6801803]}, "properties": {"camera_id": "osm_13356318701", "camera_type": "alpr", "road": "", "operator": "", "updated_at": "2026-08-04T16:29"}}, {"type": "Feature", "geometry": {"type": "Point", "coordinates": [-87.1429045, 41.5501373]}, "properties": {"camera_id": "osm_13356460301", "camera_type": "alpr", "road": "", "operator": "", "updated_at": "2026-08-04T16:29"}}, {"type": "Feature", "geometry": {"type": "Point", "coordinates": [-87.1433497, 41.5506977]}, "properties": {"camera_id": "osm_13356460401", "camera_type": "alpr", "road": "", "operator": "", "updated_at": "2026-08-04T16:29"}}, {"type": "Feature", "geometry": {"type": "Point", "coordinates": [-87.1436939, 41.550085]}, "properties": {"camera_id": "osm_13356460601", "camera_type": "alpr", "road": "", "operator": "", "updated_at": "2026-08-04T16:29"}}, {"type": "Feature", "geometry": {"type": "Point", "coordinates": [-87.1447742, 41.5504692]}, "properties": {"camera_id": "osm_13356460901", "camera_type": "alpr", "road": "", "operator": "", "updated_at": "2026-08-04T16:29"}}, {"type": "Feature", "geometry": {"type": "Point", "coordinates": [-87.1668591, 41.550389]}, "properties": {"camera_id": "osm_13356463001", "camera_type": "alpr", "road": "", "operator": "", "updated_at": "2026-08-04T16:29"}}, {"type": "Feature", "geometry": {"type": "Point", "coordinates": [-86.4109298, 39.6994249]}, "properties": {"camera_id": "osm_13357661901", "camera_type": "alpr", "road": "", "operator": "", "updated_at": "2026-08-04T16:29"}}, {"type": "Feature", "geometry": {"type": "Point", "coordinates": [-87.0706476, 40.4894677]}, "properties": {"camera_id": "osm_13358163801", "camera_type": "alpr", "road": "", "operator": "", "updated_at": "2026-08-04T16:29"}}, {"type": "Feature", "geometry": {"type": "Point", "coordinates": [-86.1121013, 39.9125056]}, "properties": {"camera_id": "osm_13358210080", "camera_type": "alpr", "road": "", "operator": "", "updated_at": "2026-08-04T16:29"}}, {"type": "Feature", "geometry": {"type": "Point", "coordinates": [-86.0738019, 39.9079995]}, "properties": {"camera_id": "osm_13358211064", "camera_type": "alpr", "road": "", "operator": "", "updated_at": "2026-08-04T16:29"}}, {"type": "Feature", "geometry": {"type": "Point", "coordinates": [-85.9924386, 38.2346088]}, "properties": {"camera_id": "osm_13358658501", "camera_type": "alpr", "road": "", "operator": "", "updated_at": "2026-08-04T16:29"}}, {"type": "Feature", "geometry": {"type": "Point", "coordinates": [-85.4815971, 40.6821683]}, "properties": {"camera_id": "osm_13359596401", "camera_type": "alpr", "road": "", "operator": "", "updated_at": "2026-08-04T16:29"}}, {"type": "Feature", "geometry": {"type": "Point", "coordinates": [-86.3274469, 39.6823975]}, "properties": {"camera_id": "osm_13359869802", "camera_type": "alpr", "road": "", "operator": "", "updated_at": "2026-08-04T16:29"}}, {"type": "Feature", "geometry": {"type": "Point", "coordinates": [-86.3274688, 39.6824212]}, "properties": {"camera_id": "osm_13359878301", "camera_type": "alpr", "road": "", "operator": "", "updated_at": "2026-08-04T16:29"}}, {"type": "Feature", "geometry": {"type": "Point", "coordinates": [-86.2524566, 39.7243783]}, "properties": {"camera_id": "osm_13359885001", "camera_type": "alpr", "road": "", "operator": "", "updated_at": "2026-08-04T16:29"}}, {"type": "Feature", "geometry": {"type": "Point", "coordinates": [-86.2555587, 39.7211095]}, "properties": {"camera_id": "osm_13359887202", "camera_type": "alpr", "road": "", "operator": "", "updated_at": "2026-08-04T16:29"}}, {"type": "Feature", "geometry": {"type": "Point", "coordinates": [-86.2530168, 39.7238881]}, "properties": {"camera_id": "osm_13359888001", "camera_type": "alpr", "road": "", "operator": "", "updated_at": "2026-08-04T16:29"}}, {"type": "Feature", "geometry": {"type": "Point", "coordinates": [-86.2374131, 40.1298538]}, "properties": {"camera_id": "osm_13360125901", "camera_type": "alpr", "road": "", "operator": "", "updated_at": "2026-08-04T16:29"}}, {"type": "Feature", "geometry": {"type": "Point", "coordinates": [-86.1828212, 39.6640154]}, "properties": {"camera_id": "osm_13360134601", "camera_type": "alpr", "road": "", "operator": "", "updated_at": "2026-08-04T16:29"}}, {"type": "Feature", "geometry": {"type": "Point", "coordinates": [-86.1796698, 39.6638342]}, "properties": {"camera_id": "osm_13360134901", "camera_type": "alpr", "road": "", "operator": "", "updated_at": "2026-08-04T16:29"}}, {"type": "Feature", "geometry": {"type": "Point", "coordinates": [-86.4796881, 39.6156984]}, "properties": {"camera_id": "osm_13360261401", "camera_type": "alpr", "road": "", "operator": "", "updated_at": "2026-08-04T16:29"}}, {"type": "Feature", "geometry": {"type": "Point", "coordinates": [-86.6811918, 41.6059637]}, "properties": {"camera_id": "osm_13360281701", "camera_type": "alpr", "road": "", "operator": "", "updated_at": "2026-08-04T16:29"}}, {"type": "Feature", "geometry": {"type": "Point", "coordinates": [-86.2553713, 39.7275989]}, "properties": {"camera_id": "osm_13360573101", "camera_type": "alpr", "road": "", "operator": "", "updated_at": "2026-08-04T16:29"}}, {"type": "Feature", "geometry": {"type": "Point", "coordinates": [-86.2545583, 39.7254139]}, "properties": {"camera_id": "osm_13360574901", "camera_type": "alpr", "road": "", "operator": "", "updated_at": "2026-08-04T16:29"}}, {"type": "Feature", "geometry": {"type": "Point", "coordinates": [-86.2553853, 39.7245637]}, "properties": {"camera_id": "osm_13360575201", "camera_type": "alpr", "road": "", "operator": "", "updated_at": "2026-08-04T16:29"}}, {"type": "Feature", "geometry": {"type": "Point", "coordinates": [-86.2560165, 39.7235089]}, "properties": {"camera_id": "osm_13360577401", "camera_type": "alpr", "road": "", "operator": "", "updated_at": "2026-08-04T16:29"}}, {"type": "Feature", "geometry": {"type": "Point", "coordinates": [-86.2564905, 39.7230561]}, "properties": {"camera_id": "osm_13360578901", "camera_type": "alpr", "road": "", "operator": "", "updated_at": "2026-08-04T16:29"}}, {"type": "Feature", "geometry": {"type": "Point", "coordinates": [-86.2561201, 39.7217458]}, "properties": {"camera_id": "osm_13360579201", "camera_type": "alpr", "road": "", "operator": "", "updated_at": "2026-08-04T16:29"}}, {"type": "Feature", "geometry": {"type": "Point", "coordinates": [-86.2591448, 39.7218685]}, "properties": {"camera_id": "osm_13360579202", "camera_type": "alpr", "road": "", "operator": "", "updated_at": "2026-08-04T16:29"}}, {"type": "Feature", "geometry": {"type": "Point", "coordinates": [-86.2604641, 39.721847]}, "properties": {"camera_id": "osm_13360579203", "camera_type": "alpr", "road": "", "operator": "", "updated_at": "2026-08-04T16:29"}}, {"type": "Feature", "geometry": {"type": "Point", "coordinates": [-86.257705, 39.7220605]}, "properties": {"camera_id": "osm_13360579401", "camera_type": "alpr", "road": "", "operator": "", "updated_at": "2026-08-04T16:29"}}, {"type": "Feature", "geometry": {"type": "Point", "coordinates": [-86.2576535, 39.7219194]}, "properties": {"camera_id": "osm_13360580001", "camera_type": "alpr", "road": "", "operator": "", "updated_at": "2026-08-04T16:29"}}, {"type": "Feature", "geometry": {"type": "Point", "coordinates": [-86.2576535, 39.7219194]}, "properties": {"camera_id": "osm_13360580201", "camera_type": "alpr", "road": "", "operator": "", "updated_at": "2026-08-04T16:29"}}, {"type": "Feature", "geometry": {"type": "Point", "coordinates": [-86.2568914, 39.7291329]}, "properties": {"camera_id": "osm_13360593901", "camera_type": "alpr", "road": "", "operator": "", "updated_at": "2026-08-04T16:29"}}, {"type": "Feature", "geometry": {"type": "Point", "coordinates": [-86.2543022, 39.7264164]}, "properties": {"camera_id": "osm_13360594801", "camera_type": "alpr", "road": "", "operator": "", "updated_at": "2026-08-04T16:29"}}, {"type": "Feature", "geometry": {"type": "Point", "coordinates": [-86.2616442, 39.7217602]}, "properties": {"camera_id": "osm_13360595901", "camera_type": "alpr", "road": "", "operator": "", "updated_at": "2026-08-04T16:29"}}, {"type": "Feature", "geometry": {"type": "Point", "coordinates": [-86.2519693, 39.7263154]}, "properties": {"camera_id": "osm_13360596501", "camera_type": "alpr", "road": "", "operator": "", "updated_at": "2026-08-04T16:29"}}, {"type": "Feature", "geometry": {"type": "Point", "coordinates": [-86.2542874, 39.7358384]}, "properties": {"camera_id": "osm_13360598501", "camera_type": "alpr", "road": "", "operator": "", "updated_at": "2026-08-04T16:29"}}, {"type": "Feature", "geometry": {"type": "Point", "coordinates": [-86.252907, 39.7358726]}, "properties": {"camera_id": "osm_13360598801", "camera_type": "alpr", "road": "", "operator": "", "updated_at": "2026-08-04T16:29"}}, {"type": "Feature", "geometry": {"type": "Point", "coordinates": [-86.2513556, 39.7359568]}, "properties": {"camera_id": "osm_13360600001", "camera_type": "alpr", "road": "", "operator": "", "updated_at": "2026-08-04T16:29"}}, {"type": "Feature", "geometry": {"type": "Point", "coordinates": [-86.2506424, 39.735925]}, "properties": {"camera_id": "osm_13360600201", "camera_type": "alpr", "road": "", "operator": "", "updated_at": "2026-08-04T16:29"}}, {"type": "Feature", "geometry": {"type": "Point", "coordinates": [-86.2507843, 39.7368019]}, "properties": {"camera_id": "osm_13360600901", "camera_type": "alpr", "road": "", "operator": "", "updated_at": "2026-08-04T16:29"}}, {"type": "Feature", "geometry": {"type": "Point", "coordinates": [-86.1289728, 40.4404886]}, "properties": {"camera_id": "osm_13360601702", "camera_type": "alpr", "road": "", "operator": "", "updated_at": "2026-08-04T16:29"}}, {"type": "Feature", "geometry": {"type": "Point", "coordinates": [-86.2507471, 39.7423512]}, "properties": {"camera_id": "osm_13360602601", "camera_type": "alpr", "road": "", "operator": "", "updated_at": "2026-08-04T16:29"}}, {"type": "Feature", "geometry": {"type": "Point", "coordinates": [-86.2515461, 39.743035]}, "properties": {"camera_id": "osm_13360602602", "camera_type": "alpr", "road": "", "operator": "", "updated_at": "2026-08-04T16:29"}}, {"type": "Feature", "geometry": {"type": "Point", "coordinates": [-86.2528739, 39.7422942]}, "properties": {"camera_id": "osm_13360604201", "camera_type": "alpr", "road": "", "operator": "", "updated_at": "2026-08-04T16:29"}}, {"type": "Feature", "geometry": {"type": "Point", "coordinates": [-86.2532317, 39.7419253]}, "properties": {"camera_id": "osm_13360604601", "camera_type": "alpr", "road": "", "operator": "", "updated_at": "2026-08-04T16:29"}}, {"type": "Feature", "geometry": {"type": "Point", "coordinates": [-86.2536026, 39.7409179]}, "properties": {"camera_id": "osm_13360608301", "camera_type": "alpr", "road": "", "operator": "", "updated_at": "2026-08-04T16:29"}}, {"type": "Feature", "geometry": {"type": "Point", "coordinates": [-86.2547354, 39.7411576]}, "properties": {"camera_id": "osm_13360610401", "camera_type": "alpr", "road": "", "operator": "", "updated_at": "2026-08-04T16:29"}}, {"type": "Feature", "geometry": {"type": "Point", "coordinates": [-86.2539154, 39.7398025]}, "properties": {"camera_id": "osm_13360611101", "camera_type": "alpr", "road": "", "operator": "", "updated_at": "2026-08-04T16:29"}}, {"type": "Feature", "geometry": {"type": "Point", "coordinates": [-86.2551962, 39.7393335]}, "properties": {"camera_id": "osm_13360611601", "camera_type": "alpr", "road": "", "operator": "", "updated_at": "2026-08-04T16:29"}}, {"type": "Feature", "geometry": {"type": "Point", "coordinates": [-87.1898787, 41.6180447]}, "properties": {"camera_id": "osm_13360993348", "camera_type": "alpr", "road": "", "operator": "", "updated_at": "2026-08-04T16:29"}}, {"type": "Feature", "geometry": {"type": "Point", "coordinates": [-86.1966087, 41.680326]}, "properties": {"camera_id": "osm_13361827201", "camera_type": "alpr", "road": "", "operator": "", "updated_at": "2026-08-04T16:29"}}, {"type": "Feature", "geometry": {"type": "Point", "coordinates": [-86.1774831, 41.7239185]}, "properties": {"camera_id": "osm_13361828001", "camera_type": "alpr", "road": "", "operator": "", "updated_at": "2026-08-04T16:29"}}, {"type": "Feature", "geometry": {"type": "Point", "coordinates": [-86.1769856, 41.642154]}, "properties": {"camera_id": "osm_13361881901", "camera_type": "alpr", "road": "", "operator": "", "updated_at": "2026-08-04T16:29"}}, {"type": "Feature", "geometry": {"type": "Point", "coordinates": [-86.1769856, 41.642154]}, "properties": {"camera_id": "osm_13361882001", "camera_type": "alpr", "road": "", "operator": "", "updated_at": "2026-08-04T16:29"}}, {"type": "Feature", "geometry": {"type": "Point", "coordinates": [-84.9668718, 40.1567036]}, "properties": {"camera_id": "osm_13361954201", "camera_type": "alpr", "road": "", "operator": "", "updated_at": "2026-08-04T16:29"}}, {"type": "Feature", "geometry": {"type": "Point", "coordinates": [-85.1082666, 41.0757146]}, "properties": {"camera_id": "osm_13362017401", "camera_type": "alpr", "road": "", "operator": "", "updated_at": "2026-08-04T16:29"}}, {"type": "Feature", "geometry": {"type": "Point", "coordinates": [-85.0932699, 41.0739174]}, "properties": {"camera_id": "osm_13362017402", "camera_type": "alpr", "road": "", "operator": "", "updated_at": "2026-08-04T16:29"}}, {"type": "Feature", "geometry": {"type": "Point", "coordinates": [-86.3376759, 39.7619232]}, "properties": {"camera_id": "osm_13362160401", "camera_type": "alpr", "road": "", "operator": "", "updated_at": "2026-08-04T16:29"}}, {"type": "Feature", "geometry": {"type": "Point", "coordinates": [-86.3558486, 39.7675058]}, "properties": {"camera_id": "osm_13362160402", "camera_type": "alpr", "road": "", "operator": "", "updated_at": "2026-08-04T16:29"}}, {"type": "Feature", "geometry": {"type": "Point", "coordinates": [-85.1554112, 39.7990319]}, "properties": {"camera_id": "osm_13362418826", "camera_type": "alpr", "road": "", "operator": "", "updated_at": "2026-08-04T16:29"}}, {"type": "Feature", "geometry": {"type": "Point", "coordinates": [-85.1487647, 39.7751754]}, "properties": {"camera_id": "osm_13362478906", "camera_type": "alpr", "road": "", "operator": "", "updated_at": "2026-08-04T16:29"}}, {"type": "Feature", "geometry": {"type": "Point", "coordinates": [-87.3948269, 39.4347275]}, "properties": {"camera_id": "osm_13363566801", "camera_type": "alpr", "road": "", "operator": "", "updated_at": "2026-08-04T16:29"}}, {"type": "Feature", "geometry": {"type": "Point", "coordinates": [-86.4118445, 39.646589]}, "properties": {"camera_id": "osm_13363637701", "camera_type": "alpr", "road": "", "operator": "", "updated_at": "2026-08-04T16:29"}}, {"type": "Feature", "geometry": {"type": "Point", "coordinates": [-87.4104047, 39.0703452]}, "properties": {"camera_id": "osm_13364366001", "camera_type": "alpr", "road": "", "operator": "", "updated_at": "2026-08-04T16:29"}}, {"type": "Feature", "geometry": {"type": "Point", "coordinates": [-85.9164313, 39.8273237]}, "properties": {"camera_id": "osm_13365629501", "camera_type": "alpr", "road": "", "operator": "", "updated_at": "2026-08-04T16:29"}}, {"type": "Feature", "geometry": {"type": "Point", "coordinates": [-85.4797956, 39.4210729]}, "properties": {"camera_id": "osm_13365845801", "camera_type": "alpr", "road": "", "operator": "", "updated_at": "2026-08-04T16:29"}}, {"type": "Feature", "geometry": {"type": "Point", "coordinates": [-86.2700716, 39.7102223]}, "properties": {"camera_id": "osm_13366086074", "camera_type": "alpr", "road": "", "operator": "", "updated_at": "2026-08-04T16:29"}}, {"type": "Feature", "geometry": {"type": "Point", "coordinates": [-86.2756372, 39.7124371]}, "properties": {"camera_id": "osm_13366088364", "camera_type": "alpr", "road": "", "operator": "", "updated_at": "2026-08-04T16:29"}}, {"type": "Feature", "geometry": {"type": "Point", "coordinates": [-86.2699377, 39.7104637]}, "properties": {"camera_id": "osm_13366117600", "camera_type": "alpr", "road": "", "operator": "", "updated_at": "2026-08-04T16:29"}}, {"type": "Feature", "geometry": {"type": "Point", "coordinates": [-86.2695513, 39.7124027]}, "properties": {"camera_id": "osm_13366124769", "camera_type": "alpr", "road": "", "operator": "", "updated_at": "2026-08-04T16:29"}}, {"type": "Feature", "geometry": {"type": "Point", "coordinates": [-86.2766439, 39.7124485]}, "properties": {"camera_id": "osm_13366129207", "camera_type": "alpr", "road": "", "operator": "", "updated_at": "2026-08-04T16:29"}}, {"type": "Feature", "geometry": {"type": "Point", "coordinates": [-86.2670912, 39.7300416]}, "properties": {"camera_id": "osm_13366147469", "camera_type": "alpr", "road": "", "operator": "", "updated_at": "2026-08-04T16:29"}}, {"type": "Feature", "geometry": {"type": "Point", "coordinates": [-86.2671917, 39.7298306]}, "properties": {"camera_id": "osm_13366148103", "camera_type": "alpr", "road": "", "operator": "", "updated_at": "2026-08-04T16:29"}}, {"type": "Feature", "geometry": {"type": "Point", "coordinates": [-86.2875405, 39.7412567]}, "properties": {"camera_id": "osm_13366182268", "camera_type": "alpr", "road": "", "operator": "", "updated_at": "2026-08-04T16:29"}}, {"type": "Feature", "geometry": {"type": "Point", "coordinates": [-86.2691197, 39.7468372]}, "properties": {"camera_id": "osm_13366184106", "camera_type": "alpr", "road": "", "operator": "", "updated_at": "2026-08-04T16:29"}}, {"type": "Feature", "geometry": {"type": "Point", "coordinates": [-86.2702514, 39.7468862]}, "properties": {"camera_id": "osm_13366184820", "camera_type": "alpr", "road": "", "operator": "", "updated_at": "2026-08-04T16:29"}}, {"type": "Feature", "geometry": {"type": "Point", "coordinates": [-86.3281782, 39.7291128]}, "properties": {"camera_id": "osm_13366216503", "camera_type": "alpr", "road": "", "operator": "", "updated_at": "2026-08-04T16:29"}}, {"type": "Feature", "geometry": {"type": "Point", "coordinates": [-86.3276047, 39.7290607]}, "properties": {"camera_id": "osm_13366217947", "camera_type": "alpr", "road": "", "operator": "", "updated_at": "2026-08-04T16:29"}}, {"type": "Feature", "geometry": {"type": "Point", "coordinates": [-86.2533282, 39.7404568]}, "properties": {"camera_id": "osm_13366234461", "camera_type": "alpr", "road": "", "operator": "", "updated_at": "2026-08-04T16:29"}}, {"type": "Feature", "geometry": {"type": "Point", "coordinates": [-86.2610968, 39.7422537]}, "properties": {"camera_id": "osm_13366244607", "camera_type": "alpr", "road": "", "operator": "", "updated_at": "2026-08-04T16:29"}}, {"type": "Feature", "geometry": {"type": "Point", "coordinates": [-86.2526547, 39.7402998]}, "properties": {"camera_id": "osm_13366252752", "camera_type": "alpr", "road": "", "operator": "", "updated_at": "2026-08-04T16:29"}}, {"type": "Feature", "geometry": {"type": "Point", "coordinates": [-86.2544046, 39.7366417]}, "properties": {"camera_id": "osm_13366257311", "camera_type": "alpr", "road": "", "operator": "", "updated_at": "2026-08-04T16:29"}}, {"type": "Feature", "geometry": {"type": "Point", "coordinates": [-86.2560222, 39.731069]}, "properties": {"camera_id": "osm_13366285359", "camera_type": "alpr", "road": "", "operator": "", "updated_at": "2026-08-04T16:29"}}, {"type": "Feature", "geometry": {"type": "Point", "coordinates": [-85.4671939, 38.7251041]}, "properties": {"camera_id": "osm_13366955901", "camera_type": "alpr", "road": "", "operator": "", "updated_at": "2026-08-04T16:29"}}, {"type": "Feature", "geometry": {"type": "Point", "coordinates": [-87.3979692, 39.1860871]}, "properties": {"camera_id": "osm_13367054601", "camera_type": "alpr", "road": "", "operator": "", "updated_at": "2026-08-04T16:29"}}, {"type": "Feature", "geometry": {"type": "Point", "coordinates": [-85.6493886, 40.5341375]}, "properties": {"camera_id": "osm_13367923901", "camera_type": "alpr", "road": "", "operator": "", "updated_at": "2026-08-04T16:29"}}, {"type": "Feature", "geometry": {"type": "Point", "coordinates": [-86.90529, 41.6803714]}, "properties": {"camera_id": "osm_13368270602", "camera_type": "alpr", "road": "", "operator": "", "updated_at": "2026-08-04T16:29"}}, {"type": "Feature", "geometry": {"type": "Point", "coordinates": [-86.8938327, 41.6742141]}, "properties": {"camera_id": "osm_13368286002", "camera_type": "alpr", "road": "", "operator": "", "updated_at": "2026-08-04T16:29"}}, {"type": "Feature", "geometry": {"type": "Point", "coordinates": [-86.8936568, 41.6949671]}, "properties": {"camera_id": "osm_13368296101", "camera_type": "alpr", "road": "", "operator": "", "updated_at": "2026-08-04T16:29"}}, {"type": "Feature", "geometry": {"type": "Point", "coordinates": [-86.2639291, 39.732972]}, "properties": {"camera_id": "osm_13368481829", "camera_type": "alpr", "road": "", "operator": "", "updated_at": "2026-08-04T16:29"}}, {"type": "Feature", "geometry": {"type": "Point", "coordinates": [-86.2598591, 39.7301887]}, "properties": {"camera_id": "osm_13368506411", "camera_type": "alpr", "road": "", "operator": "", "updated_at": "2026-08-04T16:29"}}, {"type": "Feature", "geometry": {"type": "Point", "coordinates": [-85.9860445, 39.3612512]}, "properties": {"camera_id": "osm_13368547557", "camera_type": "alpr", "road": "", "operator": "", "updated_at": "2026-08-04T16:29"}}, {"type": "Feature", "geometry": {"type": "Point", "coordinates": [-85.9586872, 39.2976121]}, "properties": {"camera_id": "osm_13368553383", "camera_type": "alpr", "road": "", "operator": "", "updated_at": "2026-08-04T16:29"}}, {"type": "Feature", "geometry": {"type": "Point", "coordinates": [-85.985372, 39.360169]}, "properties": {"camera_id": "osm_13368556539", "camera_type": "alpr", "road": "", "operator": "", "updated_at": "2026-08-04T16:29"}}, {"type": "Feature", "geometry": {"type": "Point", "coordinates": [-86.0596008, 39.4803137]}, "properties": {"camera_id": "osm_13368573826", "camera_type": "alpr", "road": "", "operator": "", "updated_at": "2026-08-04T16:29"}}, {"type": "Feature", "geometry": {"type": "Point", "coordinates": [-86.0357348, 39.5211674]}, "properties": {"camera_id": "osm_13368589166", "camera_type": "alpr", "road": "", "operator": "", "updated_at": "2026-08-04T16:29"}}, {"type": "Feature", "geometry": {"type": "Point", "coordinates": [-86.9045946, 40.2147085]}, "properties": {"camera_id": "osm_13369644801", "camera_type": "alpr", "road": "", "operator": "", "updated_at": "2026-08-04T16:29"}}, {"type": "Feature", "geometry": {"type": "Point", "coordinates": [-86.2351695, 41.6793146]}, "properties": {"camera_id": "osm_13370277401", "camera_type": "alpr", "road": "", "operator": "", "updated_at": "2026-08-04T16:29"}}, {"type": "Feature", "geometry": {"type": "Point", "coordinates": [-86.688331, 39.1639161]}, "properties": {"camera_id": "osm_13370352801", "camera_type": "alpr", "road": "", "operator": "", "updated_at": "2026-08-04T16:29"}}, {"type": "Feature", "geometry": {"type": "Point", "coordinates": [-87.4683309, 41.523094]}, "properties": {"camera_id": "osm_13370619601", "camera_type": "alpr", "road": "", "operator": "", "updated_at": "2026-08-04T16:29"}}, {"type": "Feature", "geometry": {"type": "Point", "coordinates": [-86.8201815, 39.5851888]}, "properties": {"camera_id": "osm_13370663020", "camera_type": "alpr", "road": "", "operator": "", "updated_at": "2026-08-04T16:29"}}, {"type": "Feature", "geometry": {"type": "Point", "coordinates": [-86.0630226, 39.9553586]}, "properties": {"camera_id": "osm_13370725604", "camera_type": "alpr", "road": "", "operator": "", "updated_at": "2026-08-04T16:29"}}, {"type": "Feature", "geometry": {"type": "Point", "coordinates": [-87.5146469, 38.707477]}, "properties": {"camera_id": "osm_13370927901", "camera_type": "alpr", "road": "", "operator": "", "updated_at": "2026-08-04T16:29"}}, {"type": "Feature", "geometry": {"type": "Point", "coordinates": [-87.5931283, 37.9841135]}, "properties": {"camera_id": "osm_13372542101", "camera_type": "alpr", "road": "", "operator": "", "updated_at": "2026-08-04T16:29"}}, {"type": "Feature", "geometry": {"type": "Point", "coordinates": [-87.5943028, 37.98426]}, "properties": {"camera_id": "osm_13372544801", "camera_type": "alpr", "road": "", "operator": "", "updated_at": "2026-08-04T16:29"}}, {"type": "Feature", "geometry": {"type": "Point", "coordinates": [-86.2789424, 39.9487126]}, "properties": {"camera_id": "osm_13373029659", "camera_type": "alpr", "road": "", "operator": "", "updated_at": "2026-08-04T16:29"}}, {"type": "Feature", "geometry": {"type": "Point", "coordinates": [-86.0460693, 39.4748174]}, "properties": {"camera_id": "osm_13373244929", "camera_type": "alpr", "road": "", "operator": "", "updated_at": "2026-08-04T16:29"}}, {"type": "Feature", "geometry": {"type": "Point", "coordinates": [-86.0735337, 39.7701453]}, "properties": {"camera_id": "osm_13374037101", "camera_type": "alpr", "road": "", "operator": "", "updated_at": "2026-08-04T16:29"}}, {"type": "Feature", "geometry": {"type": "Point", "coordinates": [-86.0417628, 39.4707279]}, "properties": {"camera_id": "osm_13374170534", "camera_type": "alpr", "road": "", "operator": "", "updated_at": "2026-08-04T16:29"}}, {"type": "Feature", "geometry": {"type": "Point", "coordinates": [-86.0417723, 39.4708435]}, "properties": {"camera_id": "osm_13374172782", "camera_type": "alpr", "road": "", "operator": "", "updated_at": "2026-08-04T16:29"}}, {"type": "Feature", "geometry": {"type": "Point", "coordinates": [-86.044204, 39.4722893]}, "properties": {"camera_id": "osm_13374175654", "camera_type": "alpr", "road": "", "operator": "", "updated_at": "2026-08-04T16:29"}}, {"type": "Feature", "geometry": {"type": "Point", "coordinates": [-86.0478348, 39.4753346]}, "properties": {"camera_id": "osm_13374193931", "camera_type": "alpr", "road": "", "operator": "", "updated_at": "2026-08-04T16:29"}}, {"type": "Feature", "geometry": {"type": "Point", "coordinates": [-86.0446245, 39.4726391]}, "properties": {"camera_id": "osm_13374205174", "camera_type": "alpr", "road": "", "operator": "", "updated_at": "2026-08-04T16:29"}}, {"type": "Feature", "geometry": {"type": "Point", "coordinates": [-86.044707, 39.4724044]}, "properties": {"camera_id": "osm_13374222480", "camera_type": "alpr", "road": "", "operator": "", "updated_at": "2026-08-04T16:29"}}, {"type": "Feature", "geometry": {"type": "Point", "coordinates": [-86.0336941, 39.7501486]}, "properties": {"camera_id": "osm_13374350701", "camera_type": "alpr", "road": "", "operator": "", "updated_at": "2026-08-04T16:29"}}, {"type": "Feature", "geometry": {"type": "Point", "coordinates": [-86.0535026, 39.4639612]}, "properties": {"camera_id": "osm_13374686467", "camera_type": "alpr", "road": "", "operator": "", "updated_at": "2026-08-04T16:29"}}, {"type": "Feature", "geometry": {"type": "Point", "coordinates": [-87.0947589, 41.4997904]}, "properties": {"camera_id": "osm_13376071501", "camera_type": "alpr", "road": "", "operator": "", "updated_at": "2026-08-04T16:29"}}, {"type": "Feature", "geometry": {"type": "Point", "coordinates": [-87.0377185, 41.5070759]}, "properties": {"camera_id": "osm_13376074701", "camera_type": "alpr", "road": "", "operator": "", "updated_at": "2026-08-04T16:29"}}, {"type": "Feature", "geometry": {"type": "Point", "coordinates": [-86.8924842, 41.6719636]}, "properties": {"camera_id": "osm_13376158501", "camera_type": "alpr", "road": "", "operator": "", "updated_at": "2026-08-04T16:29"}}, {"type": "Feature", "geometry": {"type": "Point", "coordinates": [-86.890857, 41.6734816]}, "properties": {"camera_id": "osm_13376168501", "camera_type": "alpr", "road": "", "operator": "", "updated_at": "2026-08-04T16:29"}}, {"type": "Feature", "geometry": {"type": "Point", "coordinates": [-86.8907774, 41.6735738]}, "properties": {"camera_id": "osm_13376171001", "camera_type": "alpr", "road": "", "operator": "", "updated_at": "2026-08-04T16:29"}}, {"type": "Feature", "geometry": {"type": "Point", "coordinates": [-86.8937049, 41.6760115]}, "properties": {"camera_id": "osm_13376190702", "camera_type": "alpr", "road": "", "operator": "", "updated_at": "2026-08-04T16:29"}}, {"type": "Feature", "geometry": {"type": "Point", "coordinates": [-86.8924778, 41.6736499]}, "properties": {"camera_id": "osm_13376211201", "camera_type": "alpr", "road": "", "operator": "", "updated_at": "2026-08-04T16:29"}}, {"type": "Feature", "geometry": {"type": "Point", "coordinates": [-86.8935378, 41.674937]}, "properties": {"camera_id": "osm_13376214001", "camera_type": "alpr", "road": "", "operator": "", "updated_at": "2026-08-04T16:29"}}, {"type": "Feature", "geometry": {"type": "Point", "coordinates": [-86.8941256, 41.6800704]}, "properties": {"camera_id": "osm_13376225602", "camera_type": "alpr", "road": "", "operator": "", "updated_at": "2026-08-04T16:29"}}, {"type": "Feature", "geometry": {"type": "Point", "coordinates": [-86.8956667, 41.7051876]}, "properties": {"camera_id": "osm_13376309501", "camera_type": "alpr", "road": "", "operator": "", "updated_at": "2026-08-04T16:29"}}, {"type": "Feature", "geometry": {"type": "Point", "coordinates": [-86.8746563, 41.7016787]}, "properties": {"camera_id": "osm_13376478301", "camera_type": "alpr", "road": "", "operator": "", "updated_at": "2026-08-04T16:29"}}, {"type": "Feature", "geometry": {"type": "Point", "coordinates": [-87.3864901, 41.4204223]}, "properties": {"camera_id": "osm_13376490302", "camera_type": "alpr", "road": "", "operator": "Crown Point Indiana Police", "updated_at": "2026-08-04T16:29"}}, {"type": "Feature", "geometry": {"type": "Point", "coordinates": [-86.8916184, 41.6657932]}, "properties": {"camera_id": "osm_13376503201", "camera_type": "alpr", "road": "", "operator": "", "updated_at": "2026-08-04T16:29"}}, {"type": "Feature", "geometry": {"type": "Point", "coordinates": [-86.9009071, 41.6697807]}, "properties": {"camera_id": "osm_13376503202", "camera_type": "alpr", "road": "", "operator": "", "updated_at": "2026-08-04T16:29"}}, {"type": "Feature", "geometry": {"type": "Point", "coordinates": [-86.9011476, 41.6696966]}, "properties": {"camera_id": "osm_13376507401", "camera_type": "alpr", "road": "", "operator": "", "updated_at": "2026-08-04T16:29"}}, {"type": "Feature", "geometry": {"type": "Point", "coordinates": [-87.3246438, 41.4202602]}, "properties": {"camera_id": "osm_13376508302", "camera_type": "alpr", "road": "", "operator": "Crown Point Indiana Police", "updated_at": "2026-08-04T16:29"}}, {"type": "Feature", "geometry": {"type": "Point", "coordinates": [-86.9007815, 41.6688989]}, "properties": {"camera_id": "osm_13376509402", "camera_type": "alpr", "road": "", "operator": "", "updated_at": "2026-08-04T16:29"}}, {"type": "Feature", "geometry": {"type": "Point", "coordinates": [-87.3691695, 41.3897149]}, "properties": {"camera_id": "osm_13376510301", "camera_type": "alpr", "road": "", "operator": "Crown Point Indiana Police", "updated_at": "2026-08-04T16:29"}}, {"type": "Feature", "geometry": {"type": "Point", "coordinates": [-87.3698415, 41.3986876]}, "properties": {"camera_id": "osm_13376514701", "camera_type": "alpr", "road": "", "operator": "Lake County Indiana Sheriff", "updated_at": "2026-08-04T16:29"}}, {"type": "Feature", "geometry": {"type": "Point", "coordinates": [-86.8998876, 41.6659632]}, "properties": {"camera_id": "osm_13376514801", "camera_type": "alpr", "road": "", "operator": "", "updated_at": "2026-08-04T16:29"}}, {"type": "Feature", "geometry": {"type": "Point", "coordinates": [-87.3692942, 41.4021318]}, "properties": {"camera_id": "osm_13376523901", "camera_type": "alpr", "road": "", "operator": "Lake County Indiana Sheriff", "updated_at": "2026-08-04T16:29"}}, {"type": "Feature", "geometry": {"type": "Point", "coordinates": [-87.3683001, 41.4056169]}, "properties": {"camera_id": "osm_13376524001", "camera_type": "alpr", "road": "", "operator": "Lake County Indiana Sheriff", "updated_at": "2026-08-04T16:29"}}, {"type": "Feature", "geometry": {"type": "Point", "coordinates": [-87.3359061, 41.4490388]}, "properties": {"camera_id": "osm_13376524002", "camera_type": "alpr", "road": "", "operator": "Crown Point, IN Police", "updated_at": "2026-08-04T16:29"}}, {"type": "Feature", "geometry": {"type": "Point", "coordinates": [-87.3786132, 41.4275642]}, "properties": {"camera_id": "osm_13376680702", "camera_type": "alpr", "road": "", "operator": "Crown Point Indiana Police", "updated_at": "2026-08-04T16:29"}}, {"type": "Feature", "geometry": {"type": "Point", "coordinates": [-87.3242261, 41.4203657]}, "properties": {"camera_id": "osm_13376723401", "camera_type": "alpr", "road": "", "operator": "Crown Point Indiana Police", "updated_at": "2026-08-04T16:29"}}, {"type": "Feature", "geometry": {"type": "Point", "coordinates": [-87.4671565, 41.2526044]}, "properties": {"camera_id": "osm_13377052401", "camera_type": "alpr", "road": "", "operator": "Lake County Indiana Sheriff", "updated_at": "2026-08-04T16:29"}}, {"type": "Feature", "geometry": {"type": "Point", "coordinates": [-87.5154077, 41.2344727]}, "properties": {"camera_id": "osm_13377060401", "camera_type": "alpr", "road": "", "operator": "", "updated_at": "2026-08-04T16:29"}}, {"type": "Feature", "geometry": {"type": "Point", "coordinates": [-87.503541, 41.3446472]}, "properties": {"camera_id": "osm_13377083501", "camera_type": "alpr", "road": "", "operator": "Lake County Indiana Sheriff", "updated_at": "2026-08-04T16:29"}}, {"type": "Feature", "geometry": {"type": "Point", "coordinates": [-87.2361981, 41.3424402]}, "properties": {"camera_id": "osm_13377093401", "camera_type": "alpr", "road": "", "operator": "Lake County Indiana Sheriff", "updated_at": "2026-08-04T16:29"}}, {"type": "Feature", "geometry": {"type": "Point", "coordinates": [-87.2234489, 41.4202752]}, "properties": {"camera_id": "osm_13377109001", "camera_type": "alpr", "road": "", "operator": "Lake County Indiana Sheriff", "updated_at": "2026-08-04T16:29"}}, {"type": "Feature", "geometry": {"type": "Point", "coordinates": [-87.521885, 41.4355499]}, "properties": {"camera_id": "osm_13377110801", "camera_type": "alpr", "road": "", "operator": "Lake County Indiana Sheriff", "updated_at": "2026-08-04T16:29"}}, {"type": "Feature", "geometry": {"type": "Point", "coordinates": [-87.2304976, 41.4710171]}, "properties": {"camera_id": "osm_13377157201", "camera_type": "alpr", "road": "", "operator": "Lake County Indiana Sheriff", "updated_at": "2026-08-04T16:29"}}, {"type": "Feature", "geometry": {"type": "Point", "coordinates": [-87.3142534, 41.5512399]}, "properties": {"camera_id": "osm_13377164601", "camera_type": "alpr", "road": "", "operator": "Lake County Indiana Sheriff", "updated_at": "2026-08-04T16:29"}}, {"type": "Feature", "geometry": {"type": "Point", "coordinates": [-87.2246823, 41.5944843]}, "properties": {"camera_id": "osm_13377164602", "camera_type": "alpr", "road": "", "operator": "", "updated_at": "2026-08-04T16:29"}}, {"type": "Feature", "geometry": {"type": "Point", "coordinates": [-87.2211223, 41.6100943]}, "properties": {"camera_id": "osm_13377177003", "camera_type": "alpr", "road": "", "operator": "", "updated_at": "2026-08-04T16:29"}}, {"type": "Feature", "geometry": {"type": "Point", "coordinates": [-87.2213291, 41.6101591]}, "properties": {"camera_id": "osm_13377177501", "camera_type": "alpr", "road": "", "operator": "", "updated_at": "2026-08-04T16:29"}}, {"type": "Feature", "geometry": {"type": "Point", "coordinates": [-87.2196407, 41.5939665]}, "properties": {"camera_id": "osm_13377178801", "camera_type": "alpr", "road": "", "operator": "", "updated_at": "2026-08-04T16:29"}}, {"type": "Feature", "geometry": {"type": "Point", "coordinates": [-87.2186918, 41.5936444]}, "properties": {"camera_id": "osm_13377179301", "camera_type": "alpr", "road": "", "operator": "", "updated_at": "2026-08-04T16:29"}}, {"type": "Feature", "geometry": {"type": "Point", "coordinates": [-87.1245768, 41.6022844]}, "properties": {"camera_id": "osm_13378065501", "camera_type": "alpr", "road": "", "operator": "", "updated_at": "2026-08-04T16:29"}}, {"type": "Feature", "geometry": {"type": "Point", "coordinates": [-87.124968, 41.6010633]}, "properties": {"camera_id": "osm_13378071901", "camera_type": "alpr", "road": "", "operator": "", "updated_at": "2026-08-04T16:29"}}, {"type": "Feature", "geometry": {"type": "Point", "coordinates": [-87.1257046, 41.6015466]}, "properties": {"camera_id": "osm_13378072001", "camera_type": "alpr", "road": "", "operator": "", "updated_at": "2026-08-04T16:29"}}, {"type": "Feature", "geometry": {"type": "Point", "coordinates": [-86.6655964, 39.2664267]}, "properties": {"camera_id": "osm_13378311705", "camera_type": "alpr", "road": "", "operator": "", "updated_at": "2026-08-04T16:29"}}, {"type": "Feature", "geometry": {"type": "Point", "coordinates": [-85.8827614, 41.2482843]}, "properties": {"camera_id": "osm_13379879501", "camera_type": "alpr", "road": "", "operator": "", "updated_at": "2026-08-04T16:29"}}, {"type": "Feature", "geometry": {"type": "Point", "coordinates": [-85.7928747, 41.211701]}, "properties": {"camera_id": "osm_13379881101", "camera_type": "alpr", "road": "", "operator": "", "updated_at": "2026-08-04T16:29"}}, {"type": "Feature", "geometry": {"type": "Point", "coordinates": [-87.6257789, 37.9433195]}, "properties": {"camera_id": "osm_13380324072", "camera_type": "alpr", "road": "", "operator": "", "updated_at": "2026-08-04T16:29"}}, {"type": "Feature", "geometry": {"type": "Point", "coordinates": [-86.8562141, 41.7335353]}, "properties": {"camera_id": "osm_13380826902", "camera_type": "alpr", "road": "", "operator": "", "updated_at": "2026-08-04T16:29"}}, {"type": "Feature", "geometry": {"type": "Point", "coordinates": [-86.8551306, 41.7336911]}, "properties": {"camera_id": "osm_13380838701", "camera_type": "alpr", "road": "", "operator": "", "updated_at": "2026-08-04T16:29"}}, {"type": "Feature", "geometry": {"type": "Point", "coordinates": [-86.8259569, 41.6978522]}, "properties": {"camera_id": "osm_13380841101", "camera_type": "alpr", "road": "", "operator": "", "updated_at": "2026-08-04T16:29"}}, {"type": "Feature", "geometry": {"type": "Point", "coordinates": [-87.1736888, 41.5995011]}, "properties": {"camera_id": "osm_13380847301", "camera_type": "alpr", "road": "", "operator": "", "updated_at": "2026-08-04T16:29"}}, {"type": "Feature", "geometry": {"type": "Point", "coordinates": [-86.1280688, 40.6496044]}, "properties": {"camera_id": "osm_13381827701", "camera_type": "alpr", "road": "", "operator": "", "updated_at": "2026-08-04T16:29"}}, {"type": "Feature", "geometry": {"type": "Point", "coordinates": [-86.2834834, 41.672198]}, "properties": {"camera_id": "osm_13382270101", "camera_type": "alpr", "road": "", "operator": "", "updated_at": "2026-08-04T16:29"}}, {"type": "Feature", "geometry": {"type": "Point", "coordinates": [-86.9325908, 39.1611206]}, "properties": {"camera_id": "osm_13382400840", "camera_type": "alpr", "road": "", "operator": "", "updated_at": "2026-08-04T16:29"}}, {"type": "Feature", "geometry": {"type": "Point", "coordinates": [-87.6382589, 37.9777392]}, "properties": {"camera_id": "osm_13382442701", "camera_type": "alpr", "road": "", "operator": "", "updated_at": "2026-08-04T16:29"}}, {"type": "Feature", "geometry": {"type": "Point", "coordinates": [-86.1493222, 39.788501]}, "properties": {"camera_id": "osm_13383451242", "camera_type": "alpr", "road": "", "operator": "", "updated_at": "2026-08-04T16:29"}}, {"type": "Feature", "geometry": {"type": "Point", "coordinates": [-86.1493415, 39.7883268]}, "properties": {"camera_id": "osm_13383451243", "camera_type": "alpr", "road": "", "operator": "", "updated_at": "2026-08-04T16:29"}}, {"type": "Feature", "geometry": {"type": "Point", "coordinates": [-86.2141863, 39.7879531]}, "properties": {"camera_id": "osm_13383472890", "camera_type": "alpr", "road": "", "operator": "", "updated_at": "2026-08-04T16:29"}}, {"type": "Feature", "geometry": {"type": "Point", "coordinates": [-86.0829382, 39.7962013]}, "properties": {"camera_id": "osm_13383521401", "camera_type": "alpr", "road": "", "operator": "", "updated_at": "2026-08-04T16:29"}}, {"type": "Feature", "geometry": {"type": "Point", "coordinates": [-86.527687, 38.9008525]}, "properties": {"camera_id": "osm_13384540901", "camera_type": "alpr", "road": "", "operator": "", "updated_at": "2026-08-04T16:29"}}, {"type": "Feature", "geometry": {"type": "Point", "coordinates": [-86.526875, 38.9002627]}, "properties": {"camera_id": "osm_13384542001", "camera_type": "alpr", "road": "", "operator": "", "updated_at": "2026-08-04T16:29"}}, {"type": "Feature", "geometry": {"type": "Point", "coordinates": [-85.4791819, 40.6851371]}, "properties": {"camera_id": "osm_13387063601", "camera_type": "alpr", "road": "", "operator": "", "updated_at": "2026-08-04T16:29"}}, {"type": "Feature", "geometry": {"type": "Point", "coordinates": [-85.1581343, 41.0521963]}, "properties": {"camera_id": "osm_13389511601", "camera_type": "alpr", "road": "", "operator": "", "updated_at": "2026-08-04T16:29"}}, {"type": "Feature", "geometry": {"type": "Point", "coordinates": [-85.779959, 39.8139804]}, "properties": {"camera_id": "osm_13389839457", "camera_type": "alpr", "road": "", "operator": "", "updated_at": "2026-08-04T16:29"}}, {"type": "Feature", "geometry": {"type": "Point", "coordinates": [-85.7700864, 39.8185835]}, "properties": {"camera_id": "osm_13389844504", "camera_type": "alpr", "road": "", "operator": "", "updated_at": "2026-08-04T16:29"}}, {"type": "Feature", "geometry": {"type": "Point", "coordinates": [-85.9489619, 39.7769693]}, "properties": {"camera_id": "osm_13389887571", "camera_type": "alpr", "road": "", "operator": "", "updated_at": "2026-08-04T16:29"}}, {"type": "Feature", "geometry": {"type": "Point", "coordinates": [-85.4107238, 39.8554622]}, "properties": {"camera_id": "osm_13389957292", "camera_type": "alpr", "road": "", "operator": "", "updated_at": "2026-08-04T16:29"}}, {"type": "Feature", "geometry": {"type": "Point", "coordinates": [-86.1320471, 39.9812965]}, "properties": {"camera_id": "osm_13389957601", "camera_type": "alpr", "road": "", "operator": "", "updated_at": "2026-08-04T16:29"}}, {"type": "Feature", "geometry": {"type": "Point", "coordinates": [-86.1878791, 41.7218575]}, "properties": {"camera_id": "osm_13391376301", "camera_type": "alpr", "road": "", "operator": "", "updated_at": "2026-08-04T16:29"}}, {"type": "Feature", "geometry": {"type": "Point", "coordinates": [-86.8894758, 41.6765559]}, "properties": {"camera_id": "osm_13391384801", "camera_type": "alpr", "road": "", "operator": "", "updated_at": "2026-08-04T16:29"}}, {"type": "Feature", "geometry": {"type": "Point", "coordinates": [-86.8853963, 41.6747367]}, "properties": {"camera_id": "osm_13391386001", "camera_type": "alpr", "road": "", "operator": "", "updated_at": "2026-08-04T16:29"}}, {"type": "Feature", "geometry": {"type": "Point", "coordinates": [-87.1002349, 39.0383359]}, "properties": {"camera_id": "osm_13391566601", "camera_type": "alpr", "road": "", "operator": "", "updated_at": "2026-08-04T16:29"}}, {"type": "Feature", "geometry": {"type": "Point", "coordinates": [-86.8931291, 41.6735591]}, "properties": {"camera_id": "osm_13391767601", "camera_type": "alpr", "road": "", "operator": "", "updated_at": "2026-08-04T16:29"}}, {"type": "Feature", "geometry": {"type": "Point", "coordinates": [-86.8746598, 41.7103146]}, "properties": {"camera_id": "osm_13392985701", "camera_type": "alpr", "road": "", "operator": "", "updated_at": "2026-08-04T16:29"}}, {"type": "Feature", "geometry": {"type": "Point", "coordinates": [-86.0446197, 39.9036578]}, "properties": {"camera_id": "osm_13392991601", "camera_type": "alpr", "road": "", "operator": "", "updated_at": "2026-08-04T16:29"}}, {"type": "Feature", "geometry": {"type": "Point", "coordinates": [-85.1149714, 41.0824599]}, "properties": {"camera_id": "osm_13393177701", "camera_type": "alpr", "road": "", "operator": "", "updated_at": "2026-08-04T16:29"}}, {"type": "Feature", "geometry": {"type": "Point", "coordinates": [-85.1147025, 41.0824674]}, "properties": {"camera_id": "osm_13393177901", "camera_type": "alpr", "road": "", "operator": "", "updated_at": "2026-08-04T16:29"}}, {"type": "Feature", "geometry": {"type": "Point", "coordinates": [-85.5861495, 41.4509744]}, "properties": {"camera_id": "osm_13393901901", "camera_type": "alpr", "road": "", "operator": "", "updated_at": "2026-08-04T16:29"}}, {"type": "Feature", "geometry": {"type": "Point", "coordinates": [-85.5877758, 41.4668248]}, "properties": {"camera_id": "osm_13393902301", "camera_type": "alpr", "road": "", "operator": "", "updated_at": "2026-08-04T16:29"}}, {"type": "Feature", "geometry": {"type": "Point", "coordinates": [-87.0310039, 38.2981082]}, "properties": {"camera_id": "osm_13395806101", "camera_type": "alpr", "road": "", "operator": "", "updated_at": "2026-08-04T16:29"}}, {"type": "Feature", "geometry": {"type": "Point", "coordinates": [-86.0166813, 40.0575932]}, "properties": {"camera_id": "osm_13395938001", "camera_type": "alpr", "road": "", "operator": "", "updated_at": "2026-08-04T16:29"}}, {"type": "Feature", "geometry": {"type": "Point", "coordinates": [-86.1790626, 39.8246661]}, "properties": {"camera_id": "osm_13396105201", "camera_type": "alpr", "road": "", "operator": "", "updated_at": "2026-08-04T16:29"}}, {"type": "Feature", "geometry": {"type": "Point", "coordinates": [-84.8510632, 39.1001483]}, "properties": {"camera_id": "osm_13396117368", "camera_type": "alpr", "road": "", "operator": "", "updated_at": "2026-08-04T16:29"}}, {"type": "Feature", "geometry": {"type": "Point", "coordinates": [-86.1432818, 39.8250856]}, "properties": {"camera_id": "osm_13396121501", "camera_type": "alpr", "road": "", "operator": "", "updated_at": "2026-08-04T16:29"}}, {"type": "Feature", "geometry": {"type": "Point", "coordinates": [-86.1428462, 39.8250245]}, "properties": {"camera_id": "osm_13396122201", "camera_type": "alpr", "road": "", "operator": "", "updated_at": "2026-08-04T16:29"}}, {"type": "Feature", "geometry": {"type": "Point", "coordinates": [-86.1316725, 39.8256612]}, "properties": {"camera_id": "osm_13396123202", "camera_type": "alpr", "road": "", "operator": "", "updated_at": "2026-08-04T16:29"}}, {"type": "Feature", "geometry": {"type": "Point", "coordinates": [-84.8499744, 39.1045853]}, "properties": {"camera_id": "osm_13396125523", "camera_type": "alpr", "road": "", "operator": "", "updated_at": "2026-08-04T16:29"}}, {"type": "Feature", "geometry": {"type": "Point", "coordinates": [-86.129655, 39.8278097]}, "properties": {"camera_id": "osm_13396127001", "camera_type": "alpr", "road": "", "operator": "", "updated_at": "2026-08-04T16:29"}}, {"type": "Feature", "geometry": {"type": "Point", "coordinates": [-86.0972848, 39.8539688]}, "properties": {"camera_id": "osm_13396139702", "camera_type": "alpr", "road": "", "operator": "", "updated_at": "2026-08-04T16:29"}}, {"type": "Feature", "geometry": {"type": "Point", "coordinates": [-86.0934593, 39.8586356]}, "properties": {"camera_id": "osm_13396140601", "camera_type": "alpr", "road": "", "operator": "", "updated_at": "2026-08-04T16:29"}}, {"type": "Feature", "geometry": {"type": "Point", "coordinates": [-84.8535622, 39.0968523]}, "properties": {"camera_id": "osm_13396164124", "camera_type": "alpr", "road": "", "operator": "", "updated_at": "2026-08-04T16:29"}}, {"type": "Feature", "geometry": {"type": "Point", "coordinates": [-84.8535801, 39.0970843]}, "properties": {"camera_id": "osm_13396164125", "camera_type": "alpr", "road": "", "operator": "", "updated_at": "2026-08-04T16:29"}}, {"type": "Feature", "geometry": {"type": "Point", "coordinates": [-84.8572087, 39.096224]}, "properties": {"camera_id": "osm_13396212823", "camera_type": "alpr", "road": "", "operator": "", "updated_at": "2026-08-04T16:29"}}, {"type": "Feature", "geometry": {"type": "Point", "coordinates": [-84.8593069, 39.0969363]}, "properties": {"camera_id": "osm_13396243418", "camera_type": "alpr", "road": "", "operator": "", "updated_at": "2026-08-04T16:29"}}, {"type": "Feature", "geometry": {"type": "Point", "coordinates": [-84.8663914, 39.0940707]}, "properties": {"camera_id": "osm_13396298722", "camera_type": "alpr", "road": "", "operator": "", "updated_at": "2026-08-04T16:29"}}, {"type": "Feature", "geometry": {"type": "Point", "coordinates": [-84.8669393, 39.0939424]}, "properties": {"camera_id": "osm_13396298723", "camera_type": "alpr", "road": "", "operator": "", "updated_at": "2026-08-04T16:29"}}, {"type": "Feature", "geometry": {"type": "Point", "coordinates": [-85.955926, 39.4953019]}, "properties": {"camera_id": "osm_13396375820", "camera_type": "alpr", "road": "", "operator": "", "updated_at": "2026-08-04T16:29"}}, {"type": "Feature", "geometry": {"type": "Point", "coordinates": [-85.950803, 39.495186]}, "properties": {"camera_id": "osm_13396400163", "camera_type": "alpr", "road": "", "operator": "", "updated_at": "2026-08-04T16:29"}}, {"type": "Feature", "geometry": {"type": "Point", "coordinates": [-84.871968, 39.0919148]}, "properties": {"camera_id": "osm_13396408138", "camera_type": "alpr", "road": "", "operator": "", "updated_at": "2026-08-04T16:29"}}, {"type": "Feature", "geometry": {"type": "Point", "coordinates": [-86.1197724, 39.6501466]}, "properties": {"camera_id": "osm_13396429903", "camera_type": "alpr", "road": "", "operator": "", "updated_at": "2026-08-04T16:29"}}, {"type": "Feature", "geometry": {"type": "Point", "coordinates": [-84.8719872, 39.0913607]}, "properties": {"camera_id": "osm_13396441002", "camera_type": "alpr", "road": "", "operator": "", "updated_at": "2026-08-04T16:29"}}, {"type": "Feature", "geometry": {"type": "Point", "coordinates": [-86.1231611, 39.6502998]}, "properties": {"camera_id": "osm_13396450101", "camera_type": "alpr", "road": "", "operator": "", "updated_at": "2026-08-04T16:29"}}, {"type": "Feature", "geometry": {"type": "Point", "coordinates": [-84.9366759, 40.6582369]}, "properties": {"camera_id": "osm_13396617306", "camera_type": "alpr", "road": "", "operator": "Adams County Sheriff's Office", "updated_at": "2026-08-04T16:29"}}, {"type": "Feature", "geometry": {"type": "Point", "coordinates": [-86.9819857, 38.2984767]}, "properties": {"camera_id": "osm_13397744101", "camera_type": "alpr", "road": "", "operator": "", "updated_at": "2026-08-04T16:29"}}, {"type": "Feature", "geometry": {"type": "Point", "coordinates": [-87.1576345, 41.4710846]}, "properties": {"camera_id": "osm_13398068201", "camera_type": "alpr", "road": "", "operator": "", "updated_at": "2026-08-04T16:29"}}, {"type": "Feature", "geometry": {"type": "Point", "coordinates": [-84.85697, 39.1445636]}, "properties": {"camera_id": "osm_13398084301", "camera_type": "alpr", "road": "", "operator": "", "updated_at": "2026-08-04T16:29"}}, {"type": "Feature", "geometry": {"type": "Point", "coordinates": [-84.8569704, 39.1445573]}, "properties": {"camera_id": "osm_13398085601", "camera_type": "alpr", "road": "", "operator": "", "updated_at": "2026-08-04T16:29"}}, {"type": "Feature", "geometry": {"type": "Point", "coordinates": [-86.0644067, 40.0668081]}, "properties": {"camera_id": "osm_13398674901", "camera_type": "alpr", "road": "", "operator": "", "updated_at": "2026-08-04T16:29"}}, {"type": "Feature", "geometry": {"type": "Point", "coordinates": [-85.6898255, 40.095281]}, "properties": {"camera_id": "osm_13398758901", "camera_type": "alpr", "road": "", "operator": "", "updated_at": "2026-08-04T16:29"}}, {"type": "Feature", "geometry": {"type": "Point", "coordinates": [-85.6961172, 40.0912839]}, "properties": {"camera_id": "osm_13398760101", "camera_type": "alpr", "road": "", "operator": "", "updated_at": "2026-08-04T16:29"}}, {"type": "Feature", "geometry": {"type": "Point", "coordinates": [-85.7205208, 40.0412945]}, "properties": {"camera_id": "osm_13398773101", "camera_type": "alpr", "road": "", "operator": "", "updated_at": "2026-08-04T16:29"}}, {"type": "Feature", "geometry": {"type": "Point", "coordinates": [-85.7205208, 40.0412945]}, "properties": {"camera_id": "osm_13398773501", "camera_type": "alpr", "road": "", "operator": "", "updated_at": "2026-08-04T16:29"}}, {"type": "Feature", "geometry": {"type": "Point", "coordinates": [-84.9762298, 40.197396]}, "properties": {"camera_id": "osm_13398794902", "camera_type": "alpr", "road": "", "operator": "", "updated_at": "2026-08-04T16:29"}}, {"type": "Feature", "geometry": {"type": "Point", "coordinates": [-85.8841171, 38.6814816]}, "properties": {"camera_id": "osm_13399052545", "camera_type": "alpr", "road": "", "operator": "", "updated_at": "2026-08-04T16:29"}}, {"type": "Feature", "geometry": {"type": "Point", "coordinates": [-85.8911012, 38.6815567]}, "properties": {"camera_id": "osm_13399106041", "camera_type": "alpr", "road": "", "operator": "", "updated_at": "2026-08-04T16:29"}}, {"type": "Feature", "geometry": {"type": "Point", "coordinates": [-87.2388609, 41.4326027]}, "properties": {"camera_id": "osm_13401771801", "camera_type": "alpr", "road": "", "operator": "", "updated_at": "2026-08-04T16:29"}}, {"type": "Feature", "geometry": {"type": "Point", "coordinates": [-86.1298125, 39.9995113]}, "properties": {"camera_id": "osm_13401790301", "camera_type": "alpr", "road": "", "operator": "", "updated_at": "2026-08-04T16:29"}}, {"type": "Feature", "geometry": {"type": "Point", "coordinates": [-86.2215807, 39.9630309]}, "properties": {"camera_id": "osm_13402050802", "camera_type": "alpr", "road": "", "operator": "", "updated_at": "2026-08-04T16:29"}}, {"type": "Feature", "geometry": {"type": "Point", "coordinates": [-86.1343499, 41.1546806]}, "properties": {"camera_id": "osm_13403160101", "camera_type": "alpr", "road": "", "operator": "", "updated_at": "2026-08-04T16:29"}}, {"type": "Feature", "geometry": {"type": "Point", "coordinates": [-87.4082819, 39.1420042]}, "properties": {"camera_id": "osm_13404473601", "camera_type": "alpr", "road": "", "operator": "", "updated_at": "2026-08-04T16:29"}}, {"type": "Feature", "geometry": {"type": "Point", "coordinates": [-87.2568702, 40.2976573]}, "properties": {"camera_id": "osm_13405304675", "camera_type": "alpr", "road": "", "operator": "", "updated_at": "2026-08-04T16:29"}}, {"type": "Feature", "geometry": {"type": "Point", "coordinates": [-85.7878429, 38.9673215]}, "properties": {"camera_id": "osm_13406389401", "camera_type": "alpr", "road": "", "operator": "", "updated_at": "2026-08-04T16:29"}}, {"type": "Feature", "geometry": {"type": "Point", "coordinates": [-86.4640219, 38.5684654]}, "properties": {"camera_id": "osm_13406953580", "camera_type": "alpr", "road": "", "operator": "", "updated_at": "2026-08-04T16:29"}}, {"type": "Feature", "geometry": {"type": "Point", "coordinates": [-87.517525, 41.6598419]}, "properties": {"camera_id": "osm_13408773103", "camera_type": "alpr", "road": "", "operator": "", "updated_at": "2026-08-04T16:29"}}, {"type": "Feature", "geometry": {"type": "Point", "coordinates": [-87.508496, 41.4216675]}, "properties": {"camera_id": "osm_13408790201", "camera_type": "alpr", "road": "", "operator": "", "updated_at": "2026-08-04T16:29"}}, {"type": "Feature", "geometry": {"type": "Point", "coordinates": [-86.2659619, 39.8751286]}, "properties": {"camera_id": "osm_13408964701", "camera_type": "alpr", "road": "", "operator": "", "updated_at": "2026-08-04T16:29"}}, {"type": "Feature", "geometry": {"type": "Point", "coordinates": [-86.900313, 38.3906532]}, "properties": {"camera_id": "osm_13408988567", "camera_type": "alpr", "road": "", "operator": "", "updated_at": "2026-08-04T16:29"}}, {"type": "Feature", "geometry": {"type": "Point", "coordinates": [-86.8998578, 38.3677055]}, "properties": {"camera_id": "osm_13409001981", "camera_type": "alpr", "road": "", "operator": "", "updated_at": "2026-08-04T16:29"}}, {"type": "Feature", "geometry": {"type": "Point", "coordinates": [-86.9419688, 38.3627195]}, "properties": {"camera_id": "osm_13409002684", "camera_type": "alpr", "road": "", "operator": "", "updated_at": "2026-08-04T16:29"}}, {"type": "Feature", "geometry": {"type": "Point", "coordinates": [-86.9429106, 38.3923355]}, "properties": {"camera_id": "osm_13409007575", "camera_type": "alpr", "road": "", "operator": "", "updated_at": "2026-08-04T16:29"}}, {"type": "Feature", "geometry": {"type": "Point", "coordinates": [-86.8661372, 38.2042997]}, "properties": {"camera_id": "osm_13409156873", "camera_type": "alpr", "road": "", "operator": "", "updated_at": "2026-08-04T16:29"}}, {"type": "Feature", "geometry": {"type": "Point", "coordinates": [-86.938005, 38.4367654]}, "properties": {"camera_id": "osm_13409160073", "camera_type": "alpr", "road": "", "operator": "", "updated_at": "2026-08-04T16:29"}}, {"type": "Feature", "geometry": {"type": "Point", "coordinates": [-86.865615, 38.2077111]}, "properties": {"camera_id": "osm_13409181152", "camera_type": "alpr", "road": "", "operator": "", "updated_at": "2026-08-04T16:29"}}, {"type": "Feature", "geometry": {"type": "Point", "coordinates": [-87.035601, 38.2048306]}, "properties": {"camera_id": "osm_13409207439", "camera_type": "alpr", "road": "", "operator": "", "updated_at": "2026-08-04T16:29"}}, {"type": "Feature", "geometry": {"type": "Point", "coordinates": [-86.9610425, 38.2753731]}, "properties": {"camera_id": "osm_13409241130", "camera_type": "alpr", "road": "", "operator": "", "updated_at": "2026-08-04T16:29"}}, {"type": "Feature", "geometry": {"type": "Point", "coordinates": [-86.9415458, 38.2990489]}, "properties": {"camera_id": "osm_13409270949", "camera_type": "alpr", "road": "", "operator": "", "updated_at": "2026-08-04T16:29"}}, {"type": "Feature", "geometry": {"type": "Point", "coordinates": [-86.3346913, 41.3320168]}, "properties": {"camera_id": "osm_13409279801", "camera_type": "alpr", "road": "", "operator": "", "updated_at": "2026-08-04T16:29"}}, {"type": "Feature", "geometry": {"type": "Point", "coordinates": [-86.8125458, 38.4812127]}, "properties": {"camera_id": "osm_13409299571", "camera_type": "alpr", "road": "", "operator": "", "updated_at": "2026-08-04T16:29"}}, {"type": "Feature", "geometry": {"type": "Point", "coordinates": [-86.8939829, 41.6948859]}, "properties": {"camera_id": "osm_13409363401", "camera_type": "alpr", "road": "", "operator": "", "updated_at": "2026-08-04T16:29"}}, {"type": "Feature", "geometry": {"type": "Point", "coordinates": [-86.1350059, 39.764918]}, "properties": {"camera_id": "osm_13409852292", "camera_type": "alpr", "road": "", "operator": "", "updated_at": "2026-08-04T16:29"}}, {"type": "Feature", "geometry": {"type": "Point", "coordinates": [-86.3474548, 41.3472855]}, "properties": {"camera_id": "osm_13410017901", "camera_type": "alpr", "road": "", "operator": "", "updated_at": "2026-08-04T16:29"}}, {"type": "Feature", "geometry": {"type": "Point", "coordinates": [-86.2930624, 41.445478]}, "properties": {"camera_id": "osm_13410020401", "camera_type": "alpr", "road": "", "operator": "", "updated_at": "2026-08-04T16:29"}}, {"type": "Feature", "geometry": {"type": "Point", "coordinates": [-86.1578063, 39.5096956]}, "properties": {"camera_id": "osm_13410765401", "camera_type": "alpr", "road": "", "operator": "", "updated_at": "2026-08-04T16:29"}}, {"type": "Feature", "geometry": {"type": "Point", "coordinates": [-85.213868, 40.4506913]}, "properties": {"camera_id": "osm_13410870601", "camera_type": "alpr", "road": "", "operator": "", "updated_at": "2026-08-04T16:29"}}, {"type": "Feature", "geometry": {"type": "Point", "coordinates": [-85.7990089, 39.8135531]}, "properties": {"camera_id": "osm_13411068201", "camera_type": "alpr", "road": "", "operator": "", "updated_at": "2026-08-04T16:29"}}, {"type": "Feature", "geometry": {"type": "Point", "coordinates": [-86.2734732, 39.8527321]}, "properties": {"camera_id": "osm_13411786201", "camera_type": "alpr", "road": "", "operator": "", "updated_at": "2026-08-04T16:29"}}, {"type": "Feature", "geometry": {"type": "Point", "coordinates": [-86.15077, 39.7227016]}, "properties": {"camera_id": "osm_13412427114", "camera_type": "alpr", "road": "", "operator": "", "updated_at": "2026-08-04T16:29"}}, {"type": "Feature", "geometry": {"type": "Point", "coordinates": [-86.1205116, 39.71398]}, "properties": {"camera_id": "osm_13412673688", "camera_type": "alpr", "road": "", "operator": "", "updated_at": "2026-08-04T16:29"}}, {"type": "Feature", "geometry": {"type": "Point", "coordinates": [-85.7512507, 39.9836246]}, "properties": {"camera_id": "osm_13414050401", "camera_type": "alpr", "road": "", "operator": "", "updated_at": "2026-08-04T16:29"}}, {"type": "Feature", "geometry": {"type": "Point", "coordinates": [-86.1674948, 40.9965781]}, "properties": {"camera_id": "osm_13416175008", "camera_type": "alpr", "road": "", "operator": "", "updated_at": "2026-08-04T16:29"}}, {"type": "Feature", "geometry": {"type": "Point", "coordinates": [-86.1137024, 39.9564358]}, "properties": {"camera_id": "osm_13416628401", "camera_type": "alpr", "road": "", "operator": "", "updated_at": "2026-08-04T16:29"}}, {"type": "Feature", "geometry": {"type": "Point", "coordinates": [-87.1143512, 41.4921499]}, "properties": {"camera_id": "osm_13416703140", "camera_type": "alpr", "road": "", "operator": "", "updated_at": "2026-08-04T16:29"}}, {"type": "Feature", "geometry": {"type": "Point", "coordinates": [-87.1142217, 41.4927224]}, "properties": {"camera_id": "osm_13416703141", "camera_type": "alpr", "road": "", "operator": "", "updated_at": "2026-08-04T16:29"}}, {"type": "Feature", "geometry": {"type": "Point", "coordinates": [-87.1216408, 41.4925593]}, "properties": {"camera_id": "osm_13416703142", "camera_type": "alpr", "road": "", "operator": "", "updated_at": "2026-08-04T16:29"}}, {"type": "Feature", "geometry": {"type": "Point", "coordinates": [-87.2202573, 41.525476]}, "properties": {"camera_id": "osm_13416703144", "camera_type": "alpr", "road": "", "operator": "", "updated_at": "2026-08-04T16:29"}}, {"type": "Feature", "geometry": {"type": "Point", "coordinates": [-86.0785701, 39.80286]}, "properties": {"camera_id": "osm_13416703395", "camera_type": "alpr", "road": "", "operator": "", "updated_at": "2026-08-04T16:29"}}, {"type": "Feature", "geometry": {"type": "Point", "coordinates": [-86.0890519, 39.8018444]}, "properties": {"camera_id": "osm_13416703396", "camera_type": "alpr", "road": "", "operator": "", "updated_at": "2026-08-04T16:29"}}, {"type": "Feature", "geometry": {"type": "Point", "coordinates": [-86.1019533, 39.7606238]}, "properties": {"camera_id": "osm_13416738052", "camera_type": "alpr", "road": "", "operator": "", "updated_at": "2026-08-04T16:29"}}, {"type": "Feature", "geometry": {"type": "Point", "coordinates": [-86.050265, 39.8004788]}, "properties": {"camera_id": "osm_13416750626", "camera_type": "alpr", "road": "", "operator": "", "updated_at": "2026-08-04T16:29"}}, {"type": "Feature", "geometry": {"type": "Point", "coordinates": [-86.096389, 41.4529971]}, "properties": {"camera_id": "osm_13417119101", "camera_type": "alpr", "road": "", "operator": "", "updated_at": "2026-08-04T16:29"}}, {"type": "Feature", "geometry": {"type": "Point", "coordinates": [-86.0321184, 41.4433394]}, "properties": {"camera_id": "osm_13417122701", "camera_type": "alpr", "road": "", "operator": "", "updated_at": "2026-08-04T16:29"}}, {"type": "Feature", "geometry": {"type": "Point", "coordinates": [-86.0013111, 41.4351411]}, "properties": {"camera_id": "osm_13417122702", "camera_type": "alpr", "road": "", "operator": "", "updated_at": "2026-08-04T16:29"}}, {"type": "Feature", "geometry": {"type": "Point", "coordinates": [-85.9681068, 41.4428385]}, "properties": {"camera_id": "osm_13417123401", "camera_type": "alpr", "road": "", "operator": "", "updated_at": "2026-08-04T16:29"}}, {"type": "Feature", "geometry": {"type": "Point", "coordinates": [-86.1564455, 41.4600792]}, "properties": {"camera_id": "osm_13417129801", "camera_type": "alpr", "road": "", "operator": "", "updated_at": "2026-08-04T16:29"}}, {"type": "Feature", "geometry": {"type": "Point", "coordinates": [-87.4688972, 39.4495483]}, "properties": {"camera_id": "osm_13417917701", "camera_type": "alpr", "road": "", "operator": "", "updated_at": "2026-08-04T16:29"}}, {"type": "Feature", "geometry": {"type": "Point", "coordinates": [-87.2162911, 39.1690709]}, "properties": {"camera_id": "osm_13417918901", "camera_type": "alpr", "road": "", "operator": "", "updated_at": "2026-08-04T16:29"}}, {"type": "Feature", "geometry": {"type": "Point", "coordinates": [-87.023233, 41.3182003]}, "properties": {"camera_id": "osm_13418604401", "camera_type": "alpr", "road": "", "operator": "", "updated_at": "2026-08-04T16:29"}}, {"type": "Feature", "geometry": {"type": "Point", "coordinates": [-86.1930605, 41.0618049]}, "properties": {"camera_id": "osm_13418862412", "camera_type": "alpr", "road": "", "operator": "", "updated_at": "2026-08-04T16:29"}}, {"type": "Feature", "geometry": {"type": "Point", "coordinates": [-86.4285835, 39.1162845]}, "properties": {"camera_id": "osm_13419111201", "camera_type": "alpr", "road": "", "operator": "", "updated_at": "2026-08-04T16:29"}}, {"type": "Feature", "geometry": {"type": "Point", "coordinates": [-87.5183225, 41.4717596]}, "properties": {"camera_id": "osm_13421477831", "camera_type": "alpr", "road": "", "operator": "", "updated_at": "2026-08-04T16:29"}}, {"type": "Feature", "geometry": {"type": "Point", "coordinates": [-86.2697278, 39.6943958]}, "properties": {"camera_id": "osm_13421879302", "camera_type": "alpr", "road": "", "operator": "", "updated_at": "2026-08-04T16:29"}}, {"type": "Feature", "geometry": {"type": "Point", "coordinates": [-86.2535451, 41.6791966]}, "properties": {"camera_id": "osm_13421880001", "camera_type": "alpr", "road": "", "operator": "", "updated_at": "2026-08-04T16:29"}}, {"type": "Feature", "geometry": {"type": "Point", "coordinates": [-86.2900197, 41.6900557]}, "properties": {"camera_id": "osm_13421924301", "camera_type": "alpr", "road": "", "operator": "", "updated_at": "2026-08-04T16:29"}}, {"type": "Feature", "geometry": {"type": "Point", "coordinates": [-86.2942358, 41.6914694]}, "properties": {"camera_id": "osm_13421924302", "camera_type": "alpr", "road": "", "operator": "", "updated_at": "2026-08-04T16:29"}}, {"type": "Feature", "geometry": {"type": "Point", "coordinates": [-86.2236568, 39.7529375]}, "properties": {"camera_id": "osm_13421928401", "camera_type": "alpr", "road": "", "operator": "", "updated_at": "2026-08-04T16:29"}}, {"type": "Feature", "geometry": {"type": "Point", "coordinates": [-86.4058756, 41.346538]}, "properties": {"camera_id": "osm_13421987501", "camera_type": "alpr", "road": "", "operator": "", "updated_at": "2026-08-04T16:29"}}, {"type": "Feature", "geometry": {"type": "Point", "coordinates": [-85.3974496, 40.1795976]}, "properties": {"camera_id": "osm_13422348602", "camera_type": "alpr", "road": "", "operator": "", "updated_at": "2026-08-04T16:29"}}, {"type": "Feature", "geometry": {"type": "Point", "coordinates": [-85.3989395, 40.1778321]}, "properties": {"camera_id": "osm_13422349501", "camera_type": "alpr", "road": "", "operator": "", "updated_at": "2026-08-04T16:29"}}, {"type": "Feature", "geometry": {"type": "Point", "coordinates": [-85.405316, 40.172398]}, "properties": {"camera_id": "osm_13422349801", "camera_type": "alpr", "road": "", "operator": "", "updated_at": "2026-08-04T16:29"}}, {"type": "Feature", "geometry": {"type": "Point", "coordinates": [-85.4390216, 40.1363807]}, "properties": {"camera_id": "osm_13422349802", "camera_type": "alpr", "road": "", "operator": "", "updated_at": "2026-08-04T16:29"}}, {"type": "Feature", "geometry": {"type": "Point", "coordinates": [-85.1318897, 41.0390011]}, "properties": {"camera_id": "osm_13423816301", "camera_type": "alpr", "road": "", "operator": "", "updated_at": "2026-08-04T16:29"}}, {"type": "Feature", "geometry": {"type": "Point", "coordinates": [-86.0850024, 39.3622165]}, "properties": {"camera_id": "osm_13424455101", "camera_type": "alpr", "road": "", "operator": "", "updated_at": "2026-08-04T16:29"}}, {"type": "Feature", "geometry": {"type": "Point", "coordinates": [-86.0460549, 39.9212197]}, "properties": {"camera_id": "osm_13426844401", "camera_type": "alpr", "road": "", "operator": "", "updated_at": "2026-08-04T16:29"}}, {"type": "Feature", "geometry": {"type": "Point", "coordinates": [-85.7447992, 38.2731312]}, "properties": {"camera_id": "osm_13427119501", "camera_type": "alpr", "road": "", "operator": "", "updated_at": "2026-08-04T16:29"}}, {"type": "Feature", "geometry": {"type": "Point", "coordinates": [-86.1316112, 39.9831134]}, "properties": {"camera_id": "osm_13427455201", "camera_type": "alpr", "road": "", "operator": "", "updated_at": "2026-08-04T16:29"}}, {"type": "Feature", "geometry": {"type": "Point", "coordinates": [-86.0348451, 39.9262382]}, "properties": {"camera_id": "osm_13427647444", "camera_type": "alpr", "road": "", "operator": "", "updated_at": "2026-08-04T16:29"}}, {"type": "Feature", "geometry": {"type": "Point", "coordinates": [-86.0347257, 39.9268719]}, "properties": {"camera_id": "osm_13427647445", "camera_type": "alpr", "road": "", "operator": "", "updated_at": "2026-08-04T16:29"}}, {"type": "Feature", "geometry": {"type": "Point", "coordinates": [-87.3736278, 39.7924797]}, "properties": {"camera_id": "osm_13427680201", "camera_type": "alpr", "road": "", "operator": "", "updated_at": "2026-08-04T16:29"}}, {"type": "Feature", "geometry": {"type": "Point", "coordinates": [-86.3286584, 41.3617582]}, "properties": {"camera_id": "osm_13428064936", "camera_type": "alpr", "road": "", "operator": "", "updated_at": "2026-08-04T16:29"}}, {"type": "Feature", "geometry": {"type": "Point", "coordinates": [-87.2763163, 40.7656791]}, "properties": {"camera_id": "osm_13428064937", "camera_type": "alpr", "road": "", "operator": "", "updated_at": "2026-08-04T16:29"}}, {"type": "Feature", "geometry": {"type": "Point", "coordinates": [-86.588918, 40.7651664]}, "properties": {"camera_id": "osm_13428064938", "camera_type": "alpr", "road": "", "operator": "", "updated_at": "2026-08-04T16:29"}}, {"type": "Feature", "geometry": {"type": "Point", "coordinates": [-87.2622532, 41.5968937]}, "properties": {"camera_id": "osm_13428078947", "camera_type": "alpr", "road": "", "operator": "", "updated_at": "2026-08-04T16:29"}}, {"type": "Feature", "geometry": {"type": "Point", "coordinates": [-86.9865522, 38.1876221]}, "properties": {"camera_id": "osm_13428128401", "camera_type": "alpr", "road": "", "operator": "", "updated_at": "2026-08-04T16:29"}}, {"type": "Feature", "geometry": {"type": "Point", "coordinates": [-87.0098525, 38.1463377]}, "properties": {"camera_id": "osm_13428132101", "camera_type": "alpr", "road": "", "operator": "", "updated_at": "2026-08-04T16:29"}}, {"type": "Feature", "geometry": {"type": "Point", "coordinates": [-87.2563832, 41.5782148]}, "properties": {"camera_id": "osm_13428455767", "camera_type": "alpr", "road": "", "operator": "", "updated_at": "2026-08-04T16:29"}}, {"type": "Feature", "geometry": {"type": "Point", "coordinates": [-87.256494, 41.5784064]}, "properties": {"camera_id": "osm_13428455768", "camera_type": "alpr", "road": "", "operator": "", "updated_at": "2026-08-04T16:29"}}, {"type": "Feature", "geometry": {"type": "Point", "coordinates": [-87.5007038, 41.5741488]}, "properties": {"camera_id": "osm_13428455769", "camera_type": "alpr", "road": "", "operator": "", "updated_at": "2026-08-04T16:29"}}, {"type": "Feature", "geometry": {"type": "Point", "coordinates": [-87.5007003, 41.5739007]}, "properties": {"camera_id": "osm_13428455770", "camera_type": "alpr", "road": "", "operator": "", "updated_at": "2026-08-04T16:29"}}, {"type": "Feature", "geometry": {"type": "Point", "coordinates": [-86.9026954, 40.0154742]}, "properties": {"camera_id": "osm_13428672101", "camera_type": "alpr", "road": "", "operator": "", "updated_at": "2026-08-04T16:29"}}, {"type": "Feature", "geometry": {"type": "Point", "coordinates": [-86.551979, 39.1324912]}, "properties": {"camera_id": "osm_13428800201", "camera_type": "alpr", "road": "", "operator": "", "updated_at": "2026-08-04T16:29"}}, {"type": "Feature", "geometry": {"type": "Point", "coordinates": [-85.6715804, 40.1574757]}, "properties": {"camera_id": "osm_13428832301", "camera_type": "alpr", "road": "", "operator": "", "updated_at": "2026-08-04T16:29"}}, {"type": "Feature", "geometry": {"type": "Point", "coordinates": [-85.9581237, 41.7512853]}, "properties": {"camera_id": "osm_13429352901", "camera_type": "alpr", "road": "", "operator": "", "updated_at": "2026-08-04T16:29"}}, {"type": "Feature", "geometry": {"type": "Point", "coordinates": [-86.1222591, 39.8527825]}, "properties": {"camera_id": "osm_13430160801", "camera_type": "alpr", "road": "", "operator": "", "updated_at": "2026-08-04T16:29"}}, {"type": "Feature", "geometry": {"type": "Point", "coordinates": [-86.1223359, 39.8537873]}, "properties": {"camera_id": "osm_13430161301", "camera_type": "alpr", "road": "", "operator": "", "updated_at": "2026-08-04T16:29"}}, {"type": "Feature", "geometry": {"type": "Point", "coordinates": [-86.1228172, 39.854767]}, "properties": {"camera_id": "osm_13430162001", "camera_type": "alpr", "road": "", "operator": "", "updated_at": "2026-08-04T16:29"}}, {"type": "Feature", "geometry": {"type": "Point", "coordinates": [-85.4385346, 40.2182796]}, "properties": {"camera_id": "osm_13430539902", "camera_type": "alpr", "road": "", "operator": "", "updated_at": "2026-08-04T16:29"}}, {"type": "Feature", "geometry": {"type": "Point", "coordinates": [-86.1215312, 39.8241592]}, "properties": {"camera_id": "osm_13430563603", "camera_type": "alpr", "road": "", "operator": "", "updated_at": "2026-08-04T16:29"}}, {"type": "Feature", "geometry": {"type": "Point", "coordinates": [-86.1195288, 39.7959076]}, "properties": {"camera_id": "osm_13430564001", "camera_type": "alpr", "road": "", "operator": "", "updated_at": "2026-08-04T16:29"}}, {"type": "Feature", "geometry": {"type": "Point", "coordinates": [-86.121835, 39.8176154]}, "properties": {"camera_id": "osm_13430571101", "camera_type": "alpr", "road": "", "operator": "", "updated_at": "2026-08-04T16:29"}}, {"type": "Feature", "geometry": {"type": "Point", "coordinates": [-86.1215668, 39.8187856]}, "properties": {"camera_id": "osm_13430571102", "camera_type": "alpr", "road": "", "operator": "", "updated_at": "2026-08-04T16:29"}}, {"type": "Feature", "geometry": {"type": "Point", "coordinates": [-86.1219552, 39.8477464]}, "properties": {"camera_id": "osm_13430585701", "camera_type": "alpr", "road": "", "operator": "", "updated_at": "2026-08-04T16:29"}}, {"type": "Feature", "geometry": {"type": "Point", "coordinates": [-86.3136992, 40.8658659]}, "properties": {"camera_id": "osm_13430923101", "camera_type": "alpr", "road": "", "operator": "", "updated_at": "2026-08-04T16:29"}}, {"type": "Feature", "geometry": {"type": "Point", "coordinates": [-86.3134353, 40.8661293]}, "properties": {"camera_id": "osm_13430965901", "camera_type": "alpr", "road": "", "operator": "", "updated_at": "2026-08-04T16:29"}}, {"type": "Feature", "geometry": {"type": "Point", "coordinates": [-86.1263159, 40.4334075]}, "properties": {"camera_id": "osm_13431002302", "camera_type": "alpr", "road": "", "operator": "", "updated_at": "2026-08-04T16:29"}}, {"type": "Feature", "geometry": {"type": "Point", "coordinates": [-86.1275203, 40.4389733]}, "properties": {"camera_id": "osm_13431007201", "camera_type": "alpr", "road": "", "operator": "", "updated_at": "2026-08-04T16:29"}}, {"type": "Feature", "geometry": {"type": "Point", "coordinates": [-86.1220266, 40.4467441]}, "properties": {"camera_id": "osm_13431009602", "camera_type": "alpr", "road": "", "operator": "", "updated_at": "2026-08-04T16:29"}}, {"type": "Feature", "geometry": {"type": "Point", "coordinates": [-86.1269431, 40.4463763]}, "properties": {"camera_id": "osm_13431010301", "camera_type": "alpr", "road": "", "operator": "", "updated_at": "2026-08-04T16:29"}}, {"type": "Feature", "geometry": {"type": "Point", "coordinates": [-87.3359689, 41.4275429]}, "properties": {"camera_id": "osm_13431600601", "camera_type": "alpr", "road": "", "operator": "", "updated_at": "2026-08-04T16:29"}}, {"type": "Feature", "geometry": {"type": "Point", "coordinates": [-87.3162124, 41.4493019]}, "properties": {"camera_id": "osm_13431600602", "camera_type": "alpr", "road": "", "operator": "", "updated_at": "2026-08-04T16:29"}}, {"type": "Feature", "geometry": {"type": "Point", "coordinates": [-87.3163494, 41.4490941]}, "properties": {"camera_id": "osm_13431600701", "camera_type": "alpr", "road": "", "operator": "", "updated_at": "2026-08-04T16:29"}}, {"type": "Feature", "geometry": {"type": "Point", "coordinates": [-87.3166115, 41.4493152]}, "properties": {"camera_id": "osm_13431601901", "camera_type": "alpr", "road": "", "operator": "", "updated_at": "2026-08-04T16:29"}}, {"type": "Feature", "geometry": {"type": "Point", "coordinates": [-87.2958308, 38.1955155]}, "properties": {"camera_id": "osm_13432271801", "camera_type": "alpr", "road": "", "operator": "", "updated_at": "2026-08-04T16:29"}}, {"type": "Feature", "geometry": {"type": "Point", "coordinates": [-86.1877322, 39.7486969]}, "properties": {"camera_id": "osm_13432543201", "camera_type": "alpr", "road": "", "operator": "", "updated_at": "2026-08-04T16:29"}}, {"type": "Feature", "geometry": {"type": "Point", "coordinates": [-86.158578, 39.92719]}, "properties": {"camera_id": "osm_13432620117", "camera_type": "alpr", "road": "", "operator": "", "updated_at": "2026-08-04T16:29"}}, {"type": "Feature", "geometry": {"type": "Point", "coordinates": [-85.0589164, 41.0711085]}, "properties": {"camera_id": "osm_13433113101", "camera_type": "alpr", "road": "", "operator": "", "updated_at": "2026-08-04T16:29"}}, {"type": "Feature", "geometry": {"type": "Point", "coordinates": [-86.0135784, 40.1426978]}, "properties": {"camera_id": "osm_13433119601", "camera_type": "alpr", "road": "", "operator": "", "updated_at": "2026-08-04T16:29"}}, {"type": "Feature", "geometry": {"type": "Point", "coordinates": [-85.054394, 41.0697211]}, "properties": {"camera_id": "osm_13433146201", "camera_type": "alpr", "road": "", "operator": "", "updated_at": "2026-08-04T16:29"}}, {"type": "Feature", "geometry": {"type": "Point", "coordinates": [-85.9615976, 39.943374]}, "properties": {"camera_id": "osm_13433201747", "camera_type": "alpr", "road": "", "operator": "", "updated_at": "2026-08-04T16:29"}}, {"type": "Feature", "geometry": {"type": "Point", "coordinates": [-86.1408084, 39.9781661]}, "properties": {"camera_id": "osm_13433541101", "camera_type": "alpr", "road": "", "operator": "", "updated_at": "2026-08-04T16:29"}}, {"type": "Feature", "geometry": {"type": "Point", "coordinates": [-86.1343125, 39.978452]}, "properties": {"camera_id": "osm_13433543401", "camera_type": "alpr", "road": "", "operator": "", "updated_at": "2026-08-04T16:29"}}, {"type": "Feature", "geometry": {"type": "Point", "coordinates": [-86.084459, 39.8936106]}, "properties": {"camera_id": "osm_13433545201", "camera_type": "alpr", "road": "", "operator": "", "updated_at": "2026-08-04T16:29"}}, {"type": "Feature", "geometry": {"type": "Point", "coordinates": [-86.0845827, 39.8938713]}, "properties": {"camera_id": "osm_13433545202", "camera_type": "alpr", "road": "", "operator": "", "updated_at": "2026-08-04T16:29"}}, {"type": "Feature", "geometry": {"type": "Point", "coordinates": [-86.0846855, 39.8932011]}, "properties": {"camera_id": "osm_13433545203", "camera_type": "alpr", "road": "", "operator": "", "updated_at": "2026-08-04T16:29"}}, {"type": "Feature", "geometry": {"type": "Point", "coordinates": [-86.3034227, 39.9724732]}, "properties": {"camera_id": "osm_13433595701", "camera_type": "alpr", "road": "", "operator": "", "updated_at": "2026-08-04T16:29"}}, {"type": "Feature", "geometry": {"type": "Point", "coordinates": [-87.0550227, 41.6329038]}, "properties": {"camera_id": "osm_13433829201", "camera_type": "alpr", "road": "", "operator": "", "updated_at": "2026-08-04T16:29"}}, {"type": "Feature", "geometry": {"type": "Point", "coordinates": [-86.0030753, 41.6825793]}, "properties": {"camera_id": "osm_13434502101", "camera_type": "alpr", "road": "", "operator": "", "updated_at": "2026-08-04T16:29"}}, {"type": "Feature", "geometry": {"type": "Point", "coordinates": [-86.9059705, 41.718457]}, "properties": {"camera_id": "osm_13435239457", "camera_type": "alpr", "road": "", "operator": "", "updated_at": "2026-08-04T16:29"}}, {"type": "Feature", "geometry": {"type": "Point", "coordinates": [-86.9038111, 41.7024099]}, "properties": {"camera_id": "osm_13435272296", "camera_type": "alpr", "road": "", "operator": "", "updated_at": "2026-08-04T16:29"}}, {"type": "Feature", "geometry": {"type": "Point", "coordinates": [-86.9035356, 41.6835257]}, "properties": {"camera_id": "osm_13435272297", "camera_type": "alpr", "road": "", "operator": "", "updated_at": "2026-08-04T16:29"}}, {"type": "Feature", "geometry": {"type": "Point", "coordinates": [-86.8963376, 41.7060317]}, "properties": {"camera_id": "osm_13435289874", "camera_type": "alpr", "road": "", "operator": "", "updated_at": "2026-08-04T16:29"}}, {"type": "Feature", "geometry": {"type": "Point", "coordinates": [-86.9039354, 41.7013633]}, "properties": {"camera_id": "osm_13435396513", "camera_type": "alpr", "road": "", "operator": "", "updated_at": "2026-08-04T16:29"}}, {"type": "Feature", "geometry": {"type": "Point", "coordinates": [-86.8930077, 41.6947436]}, "properties": {"camera_id": "osm_13435526943", "camera_type": "alpr", "road": "", "operator": "", "updated_at": "2026-08-04T16:29"}}, {"type": "Feature", "geometry": {"type": "Point", "coordinates": [-86.9035957, 41.6832737]}, "properties": {"camera_id": "osm_13435745901", "camera_type": "alpr", "road": "", "operator": "", "updated_at": "2026-08-04T16:29"}}, {"type": "Feature", "geometry": {"type": "Point", "coordinates": [-87.4094066, 39.076637]}, "properties": {"camera_id": "osm_13435818601", "camera_type": "alpr", "road": "", "operator": "", "updated_at": "2026-08-04T16:29"}}, {"type": "Feature", "geometry": {"type": "Point", "coordinates": [-86.0126659, 40.1765017]}, "properties": {"camera_id": "osm_13435987201", "camera_type": "alpr", "road": "", "operator": "", "updated_at": "2026-08-04T16:29"}}, {"type": "Feature", "geometry": {"type": "Point", "coordinates": [-86.2184623, 41.7234449]}, "properties": {"camera_id": "osm_13436223101", "camera_type": "alpr", "road": "", "operator": "", "updated_at": "2026-08-04T16:29"}}, {"type": "Feature", "geometry": {"type": "Point", "coordinates": [-86.194948, 41.7176662]}, "properties": {"camera_id": "osm_13436277001", "camera_type": "alpr", "road": "", "operator": "", "updated_at": "2026-08-04T16:29"}}, {"type": "Feature", "geometry": {"type": "Point", "coordinates": [-86.1917321, 41.7212582]}, "properties": {"camera_id": "osm_13436277401", "camera_type": "alpr", "road": "", "operator": "", "updated_at": "2026-08-04T16:29"}}, {"type": "Feature", "geometry": {"type": "Point", "coordinates": [-87.4323681, 41.546211]}, "properties": {"camera_id": "osm_13436515101", "camera_type": "alpr", "road": "", "operator": "", "updated_at": "2026-08-04T16:29"}}, {"type": "Feature", "geometry": {"type": "Point", "coordinates": [-87.4617646, 41.5689337]}, "properties": {"camera_id": "osm_13436842601", "camera_type": "alpr", "road": "", "operator": "", "updated_at": "2026-08-04T16:29"}}, {"type": "Feature", "geometry": {"type": "Point", "coordinates": [-87.4322469, 41.5590077]}, "properties": {"camera_id": "osm_13437587901", "camera_type": "alpr", "road": "", "operator": "", "updated_at": "2026-08-04T16:29"}}, {"type": "Feature", "geometry": {"type": "Point", "coordinates": [-87.3789715, 39.4709185]}, "properties": {"camera_id": "osm_13437828201", "camera_type": "alpr", "road": "", "operator": "", "updated_at": "2026-08-04T16:29"}}, {"type": "Feature", "geometry": {"type": "Point", "coordinates": [-86.9147424, 38.481076]}, "properties": {"camera_id": "osm_13438012501", "camera_type": "alpr", "road": "", "operator": "", "updated_at": "2026-08-04T16:29"}}, {"type": "Feature", "geometry": {"type": "Point", "coordinates": [-86.185436, 41.7035882]}, "properties": {"camera_id": "osm_13438117301", "camera_type": "alpr", "road": "", "operator": "", "updated_at": "2026-08-04T16:29"}}, {"type": "Feature", "geometry": {"type": "Point", "coordinates": [-86.185436, 41.7035882]}, "properties": {"camera_id": "osm_13438117502", "camera_type": "alpr", "road": "", "operator": "", "updated_at": "2026-08-04T16:29"}}, {"type": "Feature", "geometry": {"type": "Point", "coordinates": [-86.3135156, 41.3723137]}, "properties": {"camera_id": "osm_13438342101", "camera_type": "alpr", "road": "", "operator": "", "updated_at": "2026-08-04T16:29"}}, {"type": "Feature", "geometry": {"type": "Point", "coordinates": [-86.1882524, 39.7794054]}, "properties": {"camera_id": "osm_13438704380", "camera_type": "alpr", "road": "", "operator": "", "updated_at": "2026-08-04T16:29"}}, {"type": "Feature", "geometry": {"type": "Point", "coordinates": [-86.144838, 39.9524021]}, "properties": {"camera_id": "osm_13440002602", "camera_type": "alpr", "road": "", "operator": "", "updated_at": "2026-08-04T16:29"}}, {"type": "Feature", "geometry": {"type": "Point", "coordinates": [-84.821527, 39.1492925]}, "properties": {"camera_id": "osm_13440101601", "camera_type": "alpr", "road": "", "operator": "", "updated_at": "2026-08-04T16:29"}}, {"type": "Feature", "geometry": {"type": "Point", "coordinates": [-86.2968637, 41.7445011]}, "properties": {"camera_id": "osm_13440263901", "camera_type": "alpr", "road": "", "operator": "", "updated_at": "2026-08-04T16:29"}}, {"type": "Feature", "geometry": {"type": "Point", "coordinates": [-86.2758501, 41.7447673]}, "properties": {"camera_id": "osm_13440271101", "camera_type": "alpr", "road": "", "operator": "", "updated_at": "2026-08-04T16:29"}}, {"type": "Feature", "geometry": {"type": "Point", "coordinates": [-86.0967864, 40.4627888]}, "properties": {"camera_id": "osm_13440282614", "camera_type": "alpr", "road": "", "operator": "", "updated_at": "2026-08-04T16:29"}}, {"type": "Feature", "geometry": {"type": "Point", "coordinates": [-86.3027197, 41.671861]}, "properties": {"camera_id": "osm_13440586901", "camera_type": "alpr", "road": "", "operator": "", "updated_at": "2026-08-04T16:29"}}, {"type": "Feature", "geometry": {"type": "Point", "coordinates": [-86.1177528, 39.9794398]}, "properties": {"camera_id": "osm_13441166201", "camera_type": "alpr", "road": "", "operator": "", "updated_at": "2026-08-04T16:29"}}, {"type": "Feature", "geometry": {"type": "Point", "coordinates": [-86.1769812, 41.6421675]}, "properties": {"camera_id": "osm_13442902301", "camera_type": "alpr", "road": "", "operator": "", "updated_at": "2026-08-04T16:29"}}, {"type": "Feature", "geometry": {"type": "Point", "coordinates": [-87.2914566, 38.5520584]}, "properties": {"camera_id": "osm_13443825703", "camera_type": "alpr", "road": "", "operator": "", "updated_at": "2026-08-04T16:29"}}, {"type": "Feature", "geometry": {"type": "Point", "coordinates": [-87.403442, 41.5672326]}, "properties": {"camera_id": "osm_13444027501", "camera_type": "alpr", "road": "", "operator": "", "updated_at": "2026-08-04T16:29"}}, {"type": "Feature", "geometry": {"type": "Point", "coordinates": [-86.9199617, 38.9148432]}, "properties": {"camera_id": "osm_13446122801", "camera_type": "alpr", "road": "", "operator": "", "updated_at": "2026-08-04T16:29"}}, {"type": "Feature", "geometry": {"type": "Point", "coordinates": [-85.6895263, 41.075619]}, "properties": {"camera_id": "osm_13446894101", "camera_type": "alpr", "road": "", "operator": "", "updated_at": "2026-08-04T16:29"}}, {"type": "Feature", "geometry": {"type": "Point", "coordinates": [-86.0396232, 39.9573415]}, "properties": {"camera_id": "osm_13446982201", "camera_type": "alpr", "road": "", "operator": "", "updated_at": "2026-08-04T16:29"}}, {"type": "Feature", "geometry": {"type": "Point", "coordinates": [-86.66537, 39.2661817]}, "properties": {"camera_id": "osm_13447103801", "camera_type": "alpr", "road": "", "operator": "", "updated_at": "2026-08-04T16:29"}}, {"type": "Feature", "geometry": {"type": "Point", "coordinates": [-87.5933869, 38.3553802]}, "properties": {"camera_id": "osm_13447274601", "camera_type": "alpr", "road": "", "operator": "", "updated_at": "2026-08-04T16:29"}}, {"type": "Feature", "geometry": {"type": "Point", "coordinates": [-86.5822163, 40.7651319]}, "properties": {"camera_id": "osm_13448136701", "camera_type": "alpr", "road": "", "operator": "", "updated_at": "2026-08-04T16:29"}}, {"type": "Feature", "geometry": {"type": "Point", "coordinates": [-86.0140562, 41.4433281]}, "properties": {"camera_id": "osm_13448187001", "camera_type": "alpr", "road": "", "operator": "", "updated_at": "2026-08-04T16:29"}}, {"type": "Feature", "geometry": {"type": "Point", "coordinates": [-86.010168, 39.9269547]}, "properties": {"camera_id": "osm_13448187101", "camera_type": "alpr", "road": "", "operator": "", "updated_at": "2026-08-04T16:29"}}, {"type": "Feature", "geometry": {"type": "Point", "coordinates": [-86.0138732, 41.4433429]}, "properties": {"camera_id": "osm_13448187201", "camera_type": "alpr", "road": "", "operator": "", "updated_at": "2026-08-04T16:29"}}, {"type": "Feature", "geometry": {"type": "Point", "coordinates": [-86.0304546, 41.4519107]}, "properties": {"camera_id": "osm_13448187801", "camera_type": "alpr", "road": "", "operator": "", "updated_at": "2026-08-04T16:29"}}, {"type": "Feature", "geometry": {"type": "Point", "coordinates": [-87.4131773, 41.550144]}, "properties": {"camera_id": "osm_13448202001", "camera_type": "alpr", "road": "", "operator": "", "updated_at": "2026-08-04T16:29"}}, {"type": "Feature", "geometry": {"type": "Point", "coordinates": [-85.7768631, 39.5241375]}, "properties": {"camera_id": "osm_13448431101", "camera_type": "alpr", "road": "", "operator": "", "updated_at": "2026-08-04T16:29"}}, {"type": "Feature", "geometry": {"type": "Point", "coordinates": [-85.7772316, 39.5245468]}, "properties": {"camera_id": "osm_13448435901", "camera_type": "alpr", "road": "", "operator": "", "updated_at": "2026-08-04T16:29"}}, {"type": "Feature", "geometry": {"type": "Point", "coordinates": [-86.1342365, 39.9795031]}, "properties": {"camera_id": "osm_13448648101", "camera_type": "alpr", "road": "", "operator": "", "updated_at": "2026-08-04T16:29"}}, {"type": "Feature", "geometry": {"type": "Point", "coordinates": [-86.134537, 39.9817078]}, "properties": {"camera_id": "osm_13448648102", "camera_type": "alpr", "road": "", "operator": "", "updated_at": "2026-08-04T16:29"}}, {"type": "Feature", "geometry": {"type": "Point", "coordinates": [-86.1344648, 39.9782327]}, "properties": {"camera_id": "osm_13448648601", "camera_type": "alpr", "road": "", "operator": "", "updated_at": "2026-08-04T16:29"}}, {"type": "Feature", "geometry": {"type": "Point", "coordinates": [-85.0856945, 41.3645854]}, "properties": {"camera_id": "osm_13448842101", "camera_type": "alpr", "road": "", "operator": "The Home Depot", "updated_at": "2026-08-04T16:29"}}, {"type": "Feature", "geometry": {"type": "Point", "coordinates": [-86.1859384, 39.7768421]}, "properties": {"camera_id": "osm_13449576468", "camera_type": "alpr", "road": "", "operator": "", "updated_at": "2026-08-04T16:29"}}, {"type": "Feature", "geometry": {"type": "Point", "coordinates": [-86.1867846, 39.7767387]}, "properties": {"camera_id": "osm_13449576469", "camera_type": "alpr", "road": "", "operator": "", "updated_at": "2026-08-04T16:29"}}, {"type": "Feature", "geometry": {"type": "Point", "coordinates": [-86.1859319, 39.7793628]}, "properties": {"camera_id": "osm_13449576470", "camera_type": "alpr", "road": "", "operator": "", "updated_at": "2026-08-04T16:29"}}, {"type": "Feature", "geometry": {"type": "Point", "coordinates": [-86.0634715, 39.8552535]}, "properties": {"camera_id": "osm_13450200362", "camera_type": "alpr", "road": "", "operator": "", "updated_at": "2026-08-04T16:29"}}, {"type": "Feature", "geometry": {"type": "Point", "coordinates": [-86.0637538, 39.8554172]}, "properties": {"camera_id": "osm_13450200363", "camera_type": "alpr", "road": "", "operator": "", "updated_at": "2026-08-04T16:29"}}, {"type": "Feature", "geometry": {"type": "Point", "coordinates": [-86.0243945, 39.855031]}, "properties": {"camera_id": "osm_13450223163", "camera_type": "alpr", "road": "", "operator": "", "updated_at": "2026-08-04T16:29"}}, {"type": "Feature", "geometry": {"type": "Point", "coordinates": [-85.9690192, 39.8641451]}, "properties": {"camera_id": "osm_13450250030", "camera_type": "alpr", "road": "", "operator": "", "updated_at": "2026-08-04T16:29"}}, {"type": "Feature", "geometry": {"type": "Point", "coordinates": [-86.2135965, 41.6576725]}, "properties": {"camera_id": "osm_13451463701", "camera_type": "alpr", "road": "", "operator": "", "updated_at": "2026-08-04T16:29"}}, {"type": "Feature", "geometry": {"type": "Point", "coordinates": [-86.1384825, 41.7100649]}, "properties": {"camera_id": "osm_13451506401", "camera_type": "alpr", "road": "", "operator": "", "updated_at": "2026-08-04T16:29"}}, {"type": "Feature", "geometry": {"type": "Point", "coordinates": [-86.1994901, 41.7238555]}, "properties": {"camera_id": "osm_13453331101", "camera_type": "alpr", "road": "", "operator": "", "updated_at": "2026-08-04T16:29"}}, {"type": "Feature", "geometry": {"type": "Point", "coordinates": [-85.9796559, 41.7251259]}, "properties": {"camera_id": "osm_13454081002", "camera_type": "alpr", "road": "", "operator": "", "updated_at": "2026-08-04T16:29"}}, {"type": "Feature", "geometry": {"type": "Point", "coordinates": [-86.2244041, 41.6940838]}, "properties": {"camera_id": "osm_13454933701", "camera_type": "alpr", "road": "", "operator": "", "updated_at": "2026-08-04T16:29"}}, {"type": "Feature", "geometry": {"type": "Point", "coordinates": [-86.1282987, 40.2169206]}, "properties": {"camera_id": "osm_13456067801", "camera_type": "alpr", "road": "", "operator": "", "updated_at": "2026-08-04T16:29"}}, {"type": "Feature", "geometry": {"type": "Point", "coordinates": [-86.129076, 40.0643906]}, "properties": {"camera_id": "osm_13456088301", "camera_type": "alpr", "road": "", "operator": "", "updated_at": "2026-08-04T16:29"}}, {"type": "Feature", "geometry": {"type": "Point", "coordinates": [-85.7586037, 38.3288838]}, "properties": {"camera_id": "osm_13456124089", "camera_type": "alpr", "road": "", "operator": "", "updated_at": "2026-08-04T16:29"}}, {"type": "Feature", "geometry": {"type": "Point", "coordinates": [-87.4325831, 41.5373882]}, "properties": {"camera_id": "osm_13456955901", "camera_type": "alpr", "road": "", "operator": "", "updated_at": "2026-08-04T16:29"}}, {"type": "Feature", "geometry": {"type": "Point", "coordinates": [-84.8842595, 39.081007]}, "properties": {"camera_id": "osm_13457151695", "camera_type": "alpr", "road": "", "operator": "", "updated_at": "2026-08-04T16:29"}}, {"type": "Feature", "geometry": {"type": "Point", "coordinates": [-84.8846834, 39.0803229]}, "properties": {"camera_id": "osm_13457151696", "camera_type": "alpr", "road": "", "operator": "", "updated_at": "2026-08-04T16:29"}}, {"type": "Feature", "geometry": {"type": "Point", "coordinates": [-86.7363065, 38.9705774]}, "properties": {"camera_id": "osm_13458081101", "camera_type": "alpr", "road": "", "operator": "", "updated_at": "2026-08-04T16:29"}}, {"type": "Feature", "geometry": {"type": "Point", "coordinates": [-85.0917244, 41.1790093]}, "properties": {"camera_id": "osm_13458649901", "camera_type": "alpr", "road": "", "operator": "", "updated_at": "2026-08-04T16:29"}}, {"type": "Feature", "geometry": {"type": "Point", "coordinates": [-84.8567648, 39.1548261]}, "properties": {"camera_id": "osm_13459549901", "camera_type": "alpr", "road": "", "operator": "", "updated_at": "2026-08-04T16:29"}}, {"type": "Feature", "geometry": {"type": "Point", "coordinates": [-84.8566897, 39.1549169]}, "properties": {"camera_id": "osm_13459550201", "camera_type": "alpr", "road": "", "operator": "", "updated_at": "2026-08-04T16:29"}}, {"type": "Feature", "geometry": {"type": "Point", "coordinates": [-85.5595873, 40.0624014]}, "properties": {"camera_id": "osm_13460678801", "camera_type": "alpr", "road": "", "operator": "", "updated_at": "2026-08-04T16:29"}}, {"type": "Feature", "geometry": {"type": "Point", "coordinates": [-86.0882672, 39.9995662]}, "properties": {"camera_id": "osm_13460755001", "camera_type": "alpr", "road": "", "operator": "", "updated_at": "2026-08-04T16:29"}}, {"type": "Feature", "geometry": {"type": "Point", "coordinates": [-86.1223677, 39.8527091]}, "properties": {"camera_id": "osm_13461196203", "camera_type": "alpr", "road": "", "operator": "", "updated_at": "2026-08-04T16:29"}}, {"type": "Feature", "geometry": {"type": "Point", "coordinates": [-86.0929197, 39.8594668]}, "properties": {"camera_id": "osm_13461196601", "camera_type": "alpr", "road": "", "operator": "", "updated_at": "2026-08-04T16:29"}}, {"type": "Feature", "geometry": {"type": "Point", "coordinates": [-86.122307, 39.8524761]}, "properties": {"camera_id": "osm_13461196924", "camera_type": "alpr", "road": "", "operator": "", "updated_at": "2026-08-04T16:29"}}, {"type": "Feature", "geometry": {"type": "Point", "coordinates": [-86.1223138, 39.8537703]}, "properties": {"camera_id": "osm_13461198301", "camera_type": "alpr", "road": "", "operator": "", "updated_at": "2026-08-04T16:29"}}, {"type": "Feature", "geometry": {"type": "Point", "coordinates": [-86.1229949, 39.854785]}, "properties": {"camera_id": "osm_13461198401", "camera_type": "alpr", "road": "", "operator": "", "updated_at": "2026-08-04T16:29"}}, {"type": "Feature", "geometry": {"type": "Point", "coordinates": [-86.1877021, 39.7502349]}, "properties": {"camera_id": "osm_13461199101", "camera_type": "alpr", "road": "", "operator": "", "updated_at": "2026-08-04T16:29"}}, {"type": "Feature", "geometry": {"type": "Point", "coordinates": [-86.29164, 39.7790947]}, "properties": {"camera_id": "osm_13462567417", "camera_type": "alpr", "road": "", "operator": "", "updated_at": "2026-08-04T16:29"}}, {"type": "Feature", "geometry": {"type": "Point", "coordinates": [-87.3786921, 39.4708025]}, "properties": {"camera_id": "osm_13462949267", "camera_type": "alpr", "road": "", "operator": "", "updated_at": "2026-08-04T16:29"}}, {"type": "Feature", "geometry": {"type": "Point", "coordinates": [-86.2288989, 39.7877161]}, "properties": {"camera_id": "osm_13463170054", "camera_type": "alpr", "road": "", "operator": "", "updated_at": "2026-08-04T16:29"}}, {"type": "Feature", "geometry": {"type": "Point", "coordinates": [-86.2654518, 39.7991737]}, "properties": {"camera_id": "osm_13463170055", "camera_type": "alpr", "road": "", "operator": "", "updated_at": "2026-08-04T16:29"}}, {"type": "Feature", "geometry": {"type": "Point", "coordinates": [-85.9654261, 41.6739837]}, "properties": {"camera_id": "osm_13463187901", "camera_type": "alpr", "road": "", "operator": "", "updated_at": "2026-08-04T16:29"}}, {"type": "Feature", "geometry": {"type": "Point", "coordinates": [-86.2157296, 39.7881431]}, "properties": {"camera_id": "osm_13463201064", "camera_type": "alpr", "road": "", "operator": "", "updated_at": "2026-08-04T16:29"}}, {"type": "Feature", "geometry": {"type": "Point", "coordinates": [-86.1993665, 39.788181]}, "properties": {"camera_id": "osm_13463218025", "camera_type": "alpr", "road": "", "operator": "", "updated_at": "2026-08-04T16:29"}}, {"type": "Feature", "geometry": {"type": "Point", "coordinates": [-85.9652839, 41.6668008]}, "properties": {"camera_id": "osm_13463219601", "camera_type": "alpr", "road": "", "operator": "", "updated_at": "2026-08-04T16:29"}}, {"type": "Feature", "geometry": {"type": "Point", "coordinates": [-86.2505259, 39.7916271]}, "properties": {"camera_id": "osm_13463234365", "camera_type": "alpr", "road": "", "operator": "", "updated_at": "2026-08-04T16:29"}}, {"type": "Feature", "geometry": {"type": "Point", "coordinates": [-87.548561, 37.927217]}, "properties": {"camera_id": "osm_13464489202", "camera_type": "alpr", "road": "", "operator": "", "updated_at": "2026-08-04T16:29"}}, {"type": "Feature", "geometry": {"type": "Point", "coordinates": [-87.4614869, 41.5235651]}, "properties": {"camera_id": "osm_13464723201", "camera_type": "alpr", "road": "", "operator": "", "updated_at": "2026-08-04T16:29"}}, {"type": "Feature", "geometry": {"type": "Point", "coordinates": [-87.4713308, 41.5229892]}, "properties": {"camera_id": "osm_13465010601", "camera_type": "alpr", "road": "", "operator": "", "updated_at": "2026-08-04T16:29"}}, {"type": "Feature", "geometry": {"type": "Point", "coordinates": [-85.6635843, 38.3851142]}, "properties": {"camera_id": "osm_13468597602", "camera_type": "alpr", "road": "", "operator": "", "updated_at": "2026-08-04T16:29"}}, {"type": "Feature", "geometry": {"type": "Point", "coordinates": [-85.7585601, 38.3290633]}, "properties": {"camera_id": "osm_13468610201", "camera_type": "alpr", "road": "", "operator": "", "updated_at": "2026-08-04T16:29"}}, {"type": "Feature", "geometry": {"type": "Point", "coordinates": [-85.7555197, 38.3294817]}, "properties": {"camera_id": "osm_13468610301", "camera_type": "alpr", "road": "", "operator": "", "updated_at": "2026-08-04T16:29"}}, {"type": "Feature", "geometry": {"type": "Point", "coordinates": [-85.686839, 38.7369645]}, "properties": {"camera_id": "osm_13468632001", "camera_type": "alpr", "road": "", "operator": "", "updated_at": "2026-08-04T16:29"}}, {"type": "Feature", "geometry": {"type": "Point", "coordinates": [-87.508496, 41.4216675]}, "properties": {"camera_id": "osm_13468927501", "camera_type": "alpr", "road": "", "operator": "", "updated_at": "2026-08-04T16:29"}}, {"type": "Feature", "geometry": {"type": "Point", "coordinates": [-87.1665377, 39.0004521]}, "properties": {"camera_id": "osm_13469825701", "camera_type": "alpr", "road": "", "operator": "", "updated_at": "2026-08-04T16:29"}}, {"type": "Feature", "geometry": {"type": "Point", "coordinates": [-87.184684, 39.1316616]}, "properties": {"camera_id": "osm_13469825702", "camera_type": "alpr", "road": "", "operator": "", "updated_at": "2026-08-04T16:29"}}, {"type": "Feature", "geometry": {"type": "Point", "coordinates": [-87.2844284, 39.0751082]}, "properties": {"camera_id": "osm_13469829901", "camera_type": "alpr", "road": "", "operator": "", "updated_at": "2026-08-04T16:29"}}, {"type": "Feature", "geometry": {"type": "Point", "coordinates": [-85.439244, 40.2174494]}, "properties": {"camera_id": "osm_13473765101", "camera_type": "alpr", "road": "", "operator": "", "updated_at": "2026-08-04T16:29"}}, {"type": "Feature", "geometry": {"type": "Point", "coordinates": [-85.3496113, 40.8269421]}, "properties": {"camera_id": "osm_13473769701", "camera_type": "alpr", "road": "", "operator": "", "updated_at": "2026-08-04T16:29"}}, {"type": "Feature", "geometry": {"type": "Point", "coordinates": [-86.032026, 40.4012883]}, "properties": {"camera_id": "osm_13473778451", "camera_type": "alpr", "road": "", "operator": "", "updated_at": "2026-08-04T16:29"}}, {"type": "Feature", "geometry": {"type": "Point", "coordinates": [-86.1216211, 39.8184715]}, "properties": {"camera_id": "osm_13473940201", "camera_type": "alpr", "road": "", "operator": "", "updated_at": "2026-08-04T16:29"}}, {"type": "Feature", "geometry": {"type": "Point", "coordinates": [-85.7530443, 38.4053713]}, "properties": {"camera_id": "osm_13473967401", "camera_type": "alpr", "road": "", "operator": "", "updated_at": "2026-08-04T16:29"}}, {"type": "Feature", "geometry": {"type": "Point", "coordinates": [-87.4724435, 37.9928913]}, "properties": {"camera_id": "osm_13474120401", "camera_type": "alpr", "road": "", "operator": "", "updated_at": "2026-08-04T16:29"}}, {"type": "Feature", "geometry": {"type": "Point", "coordinates": [-87.4727062, 37.9950971]}, "properties": {"camera_id": "osm_13474126201", "camera_type": "alpr", "road": "", "operator": "", "updated_at": "2026-08-04T16:29"}}, {"type": "Feature", "geometry": {"type": "Point", "coordinates": [-87.4643029, 41.3628003]}, "properties": {"camera_id": "osm_13474329452", "camera_type": "alpr", "road": "", "operator": "", "updated_at": "2026-08-04T16:29"}}, {"type": "Feature", "geometry": {"type": "Point", "coordinates": [-87.4692321, 41.3773033]}, "properties": {"camera_id": "osm_13474340443", "camera_type": "alpr", "road": "", "operator": "", "updated_at": "2026-08-04T16:29"}}, {"type": "Feature", "geometry": {"type": "Point", "coordinates": [-86.1817437, 39.8247813]}, "properties": {"camera_id": "osm_13475012801", "camera_type": "alpr", "road": "", "operator": "", "updated_at": "2026-08-04T16:29"}}, {"type": "Feature", "geometry": {"type": "Point", "coordinates": [-86.9822705, 38.1687846]}, "properties": {"camera_id": "osm_13476031801", "camera_type": "alpr", "road": "", "operator": "", "updated_at": "2026-08-04T16:29"}}, {"type": "Feature", "geometry": {"type": "Point", "coordinates": [-85.5799165, 40.2190009]}, "properties": {"camera_id": "osm_13477723801", "camera_type": "alpr", "road": "", "operator": "", "updated_at": "2026-08-04T16:29"}}, {"type": "Feature", "geometry": {"type": "Point", "coordinates": [-85.4421078, 40.2183795]}, "properties": {"camera_id": "osm_13477740302", "camera_type": "alpr", "road": "", "operator": "", "updated_at": "2026-08-04T16:29"}}, {"type": "Feature", "geometry": {"type": "Point", "coordinates": [-85.4351213, 40.2190234]}, "properties": {"camera_id": "osm_13477742401", "camera_type": "alpr", "road": "", "operator": "", "updated_at": "2026-08-04T16:29"}}, {"type": "Feature", "geometry": {"type": "Point", "coordinates": [-86.3968667, 39.431648]}, "properties": {"camera_id": "osm_13477842301", "camera_type": "alpr", "road": "", "operator": "", "updated_at": "2026-08-04T16:29"}}, {"type": "Feature", "geometry": {"type": "Point", "coordinates": [-86.2490252, 39.4457106]}, "properties": {"camera_id": "osm_13477856801", "camera_type": "alpr", "road": "", "operator": "", "updated_at": "2026-08-04T16:29"}}, {"type": "Feature", "geometry": {"type": "Point", "coordinates": [-86.6350214, 38.5355125]}, "properties": {"camera_id": "osm_13478126901", "camera_type": "alpr", "road": "", "operator": "", "updated_at": "2026-08-04T16:29"}}, {"type": "Feature", "geometry": {"type": "Point", "coordinates": [-86.3426545, 39.9477781]}, "properties": {"camera_id": "osm_13479577886", "camera_type": "alpr", "road": "", "operator": "", "updated_at": "2026-08-04T16:29"}}, {"type": "Feature", "geometry": {"type": "Point", "coordinates": [-86.3406843, 39.9490942]}, "properties": {"camera_id": "osm_13479577887", "camera_type": "alpr", "road": "", "operator": "", "updated_at": "2026-08-04T16:29"}}, {"type": "Feature", "geometry": {"type": "Point", "coordinates": [-85.4448294, 39.6548924]}, "properties": {"camera_id": "osm_13480422501", "camera_type": "alpr", "road": "", "operator": "", "updated_at": "2026-08-04T16:29"}}, {"type": "Feature", "geometry": {"type": "Point", "coordinates": [-87.1136896, 41.4924555]}, "properties": {"camera_id": "osm_13480672301", "camera_type": "alpr", "road": "", "operator": "", "updated_at": "2026-08-04T16:29"}}, {"type": "Feature", "geometry": {"type": "Point", "coordinates": [-85.9903829, 41.6984847]}, "properties": {"camera_id": "osm_13480733701", "camera_type": "alpr", "road": "", "operator": "", "updated_at": "2026-08-04T16:29"}}, {"type": "Feature", "geometry": {"type": "Point", "coordinates": [-85.8573823, 40.2769519]}, "properties": {"camera_id": "osm_13482377302", "camera_type": "alpr", "road": "", "operator": "", "updated_at": "2026-08-04T16:29"}}, {"type": "Feature", "geometry": {"type": "Point", "coordinates": [-86.2196812, 41.7242906]}, "properties": {"camera_id": "osm_13482417078", "camera_type": "alpr", "road": "", "operator": "", "updated_at": "2026-08-04T16:29"}}, {"type": "Feature", "geometry": {"type": "Point", "coordinates": [-86.9041436, 41.712772]}, "properties": {"camera_id": "osm_13482795789", "camera_type": "alpr", "road": "", "operator": "", "updated_at": "2026-08-04T16:29"}}, {"type": "Feature", "geometry": {"type": "Point", "coordinates": [-87.5090719, 41.5005664]}, "properties": {"camera_id": "osm_13484559201", "camera_type": "alpr", "road": "", "operator": "", "updated_at": "2026-08-04T16:29"}}, {"type": "Feature", "geometry": {"type": "Point", "coordinates": [-87.1854477, 39.0608529]}, "properties": {"camera_id": "osm_13495814301", "camera_type": "alpr", "road": "", "operator": "", "updated_at": "2026-08-04T16:29"}}, {"type": "Feature", "geometry": {"type": "Point", "coordinates": [-87.2376498, 39.0671734]}, "properties": {"camera_id": "osm_13495821901", "camera_type": "alpr", "road": "", "operator": "", "updated_at": "2026-08-04T16:29"}}, {"type": "Feature", "geometry": {"type": "Point", "coordinates": [-86.8877028, 41.7051256]}, "properties": {"camera_id": "osm_13500774901", "camera_type": "alpr", "road": "", "operator": "", "updated_at": "2026-08-04T16:29"}}, {"type": "Feature", "geometry": {"type": "Point", "coordinates": [-85.1590335, 41.1319153]}, "properties": {"camera_id": "osm_13502949601", "camera_type": "alpr", "road": "", "operator": "", "updated_at": "2026-08-04T16:29"}}, {"type": "Feature", "geometry": {"type": "Point", "coordinates": [-86.2697367, 39.8597213]}, "properties": {"camera_id": "osm_13504110201", "camera_type": "alpr", "road": "", "operator": "", "updated_at": "2026-08-04T16:29"}}, {"type": "Feature", "geometry": {"type": "Point", "coordinates": [-86.1540622, 39.7811354]}, "properties": {"camera_id": "osm_13504992165", "camera_type": "alpr", "road": "", "operator": "", "updated_at": "2026-08-04T16:29"}}, {"type": "Feature", "geometry": {"type": "Point", "coordinates": [-86.2212601, 39.8221805]}, "properties": {"camera_id": "osm_13507098902", "camera_type": "alpr", "road": "", "operator": "", "updated_at": "2026-08-04T16:29"}}, {"type": "Feature", "geometry": {"type": "Point", "coordinates": [-87.7028235, 38.0441636]}, "properties": {"camera_id": "osm_13507532401", "camera_type": "alpr", "road": "", "operator": "", "updated_at": "2026-08-04T16:29"}}, {"type": "Feature", "geometry": {"type": "Point", "coordinates": [-87.5974538, 38.0979874]}, "properties": {"camera_id": "osm_13507559901", "camera_type": "alpr", "road": "", "operator": "", "updated_at": "2026-08-04T16:29"}}, {"type": "Feature", "geometry": {"type": "Point", "coordinates": [-87.3186091, 41.4740928]}, "properties": {"camera_id": "osm_13507682001", "camera_type": "alpr", "road": "", "operator": "", "updated_at": "2026-08-04T16:29"}}, {"type": "Feature", "geometry": {"type": "Point", "coordinates": [-87.3166255, 41.4750881]}, "properties": {"camera_id": "osm_13507687801", "camera_type": "alpr", "road": "", "operator": "", "updated_at": "2026-08-04T16:29"}}, {"type": "Feature", "geometry": {"type": "Point", "coordinates": [-86.2037035, 40.1272062]}, "properties": {"camera_id": "osm_13507826501", "camera_type": "alpr", "road": "", "operator": "", "updated_at": "2026-08-04T16:29"}}, {"type": "Feature", "geometry": {"type": "Point", "coordinates": [-86.1834866, 39.7719224]}, "properties": {"camera_id": "osm_13507858401", "camera_type": "alpr", "road": "", "operator": "", "updated_at": "2026-08-04T16:29"}}, {"type": "Feature", "geometry": {"type": "Point", "coordinates": [-86.1999678, 39.7885569]}, "properties": {"camera_id": "osm_13507882302", "camera_type": "alpr", "road": "", "operator": "", "updated_at": "2026-08-04T16:29"}}, {"type": "Feature", "geometry": {"type": "Point", "coordinates": [-85.9852151, 41.6669869]}, "properties": {"camera_id": "osm_13507982901", "camera_type": "alpr", "road": "", "operator": "", "updated_at": "2026-08-04T16:29"}}, {"type": "Feature", "geometry": {"type": "Point", "coordinates": [-85.9848354, 41.6735182]}, "properties": {"camera_id": "osm_13507983001", "camera_type": "alpr", "road": "", "operator": "", "updated_at": "2026-08-04T16:29"}}, {"type": "Feature", "geometry": {"type": "Point", "coordinates": [-85.9849448, 41.6744975]}, "properties": {"camera_id": "osm_13507983501", "camera_type": "alpr", "road": "", "operator": "", "updated_at": "2026-08-04T16:29"}}, {"type": "Feature", "geometry": {"type": "Point", "coordinates": [-87.0413262, 41.6108977]}, "properties": {"camera_id": "osm_13510120201", "camera_type": "alpr", "road": "", "operator": "", "updated_at": "2026-08-04T16:29"}}, {"type": "Feature", "geometry": {"type": "Point", "coordinates": [-86.2209907, 39.8222145]}, "properties": {"camera_id": "osm_13510158701", "camera_type": "alpr", "road": "", "operator": "", "updated_at": "2026-08-04T16:29"}}, {"type": "Feature", "geometry": {"type": "Point", "coordinates": [-85.0856474, 41.3646715]}, "properties": {"camera_id": "osm_13510468401", "camera_type": "alpr", "road": "", "operator": "", "updated_at": "2026-08-04T16:29"}}, {"type": "Feature", "geometry": {"type": "Point", "coordinates": [-85.2018216, 41.1265576]}, "properties": {"camera_id": "osm_13510549001", "camera_type": "alpr", "road": "", "operator": "", "updated_at": "2026-08-04T16:29"}}, {"type": "Feature", "geometry": {"type": "Point", "coordinates": [-87.3648727, 41.4485751]}, "properties": {"camera_id": "osm_13512771201", "camera_type": "alpr", "road": "", "operator": "", "updated_at": "2026-08-04T16:29"}}, {"type": "Feature", "geometry": {"type": "Point", "coordinates": [-86.3274726, 39.7785496]}, "properties": {"camera_id": "osm_13513092801", "camera_type": "alpr", "road": "", "operator": "", "updated_at": "2026-08-04T16:29"}}, {"type": "Feature", "geometry": {"type": "Point", "coordinates": [-86.3274713, 39.7785475]}, "properties": {"camera_id": "osm_13513106901", "camera_type": "alpr", "road": "", "operator": "", "updated_at": "2026-08-04T16:29"}}, {"type": "Feature", "geometry": {"type": "Point", "coordinates": [-86.0895149, 39.9695]}, "properties": {"camera_id": "osm_13513651631", "camera_type": "alpr", "road": "", "operator": "", "updated_at": "2026-08-04T16:29"}}, {"type": "Feature", "geometry": {"type": "Point", "coordinates": [-87.4276346, 41.5151357]}, "properties": {"camera_id": "osm_13515712401", "camera_type": "alpr", "road": "", "operator": "", "updated_at": "2026-08-04T16:29"}}, {"type": "Feature", "geometry": {"type": "Point", "coordinates": [-84.8058907, 40.2107386]}, "properties": {"camera_id": "osm_13515995302", "camera_type": "alpr", "road": "", "operator": "", "updated_at": "2026-08-04T16:29"}}, {"type": "Feature", "geometry": {"type": "Point", "coordinates": [-86.5516517, 39.1315263]}, "properties": {"camera_id": "osm_13516914801", "camera_type": "alpr", "road": "", "operator": "", "updated_at": "2026-08-04T16:29"}}, {"type": "Feature", "geometry": {"type": "Point", "coordinates": [-85.841763, 40.2909603]}, "properties": {"camera_id": "osm_13517692401", "camera_type": "alpr", "road": "", "operator": "", "updated_at": "2026-08-04T16:29"}}, {"type": "Feature", "geometry": {"type": "Point", "coordinates": [-86.0897158, 39.9999899]}, "properties": {"camera_id": "osm_13517983401", "camera_type": "alpr", "road": "", "operator": "", "updated_at": "2026-08-04T16:29"}}, {"type": "Feature", "geometry": {"type": "Point", "coordinates": [-86.442167, 39.8564143]}, "properties": {"camera_id": "osm_13518013857", "camera_type": "alpr", "road": "", "operator": "", "updated_at": "2026-08-04T16:29"}}, {"type": "Feature", "geometry": {"type": "Point", "coordinates": [-86.4097861, 39.8602443]}, "properties": {"camera_id": "osm_13518195377", "camera_type": "alpr", "road": "", "operator": "", "updated_at": "2026-08-04T16:29"}}, {"type": "Feature", "geometry": {"type": "Point", "coordinates": [-86.4082733, 39.8596016]}, "properties": {"camera_id": "osm_13518234278", "camera_type": "alpr", "road": "", "operator": "", "updated_at": "2026-08-04T16:29"}}, {"type": "Feature", "geometry": {"type": "Point", "coordinates": [-86.4089495, 39.8602456]}, "properties": {"camera_id": "osm_13518261437", "camera_type": "alpr", "road": "", "operator": "", "updated_at": "2026-08-04T16:29"}}, {"type": "Feature", "geometry": {"type": "Point", "coordinates": [-87.4423645, 38.882723]}, "properties": {"camera_id": "osm_13519637801", "camera_type": "alpr", "road": "", "operator": "", "updated_at": "2026-08-04T16:29"}}, {"type": "Feature", "geometry": {"type": "Point", "coordinates": [-87.0456468, 41.4925274]}, "properties": {"camera_id": "osm_13520236147", "camera_type": "alpr", "road": "", "operator": "", "updated_at": "2026-08-04T16:29"}}, {"type": "Feature", "geometry": {"type": "Point", "coordinates": [-86.1873288, 41.702269]}, "properties": {"camera_id": "osm_13520403501", "camera_type": "alpr", "road": "", "operator": "", "updated_at": "2026-08-04T16:29"}}, {"type": "Feature", "geometry": {"type": "Point", "coordinates": [-86.1393727, 41.6804468]}, "properties": {"camera_id": "osm_13520421101", "camera_type": "alpr", "road": "", "operator": "", "updated_at": "2026-08-04T16:29"}}, {"type": "Feature", "geometry": {"type": "Point", "coordinates": [-86.2349408, 41.6511589]}, "properties": {"camera_id": "osm_13520421301", "camera_type": "alpr", "road": "", "operator": "", "updated_at": "2026-08-04T16:29"}}, {"type": "Feature", "geometry": {"type": "Point", "coordinates": [-86.381357, 39.7999069]}, "properties": {"camera_id": "osm_13521779001", "camera_type": "alpr", "road": "", "operator": "", "updated_at": "2026-08-04T16:29"}}, {"type": "Feature", "geometry": {"type": "Point", "coordinates": [-86.3373534, 39.7709954]}, "properties": {"camera_id": "osm_13521784701", "camera_type": "alpr", "road": "", "operator": "", "updated_at": "2026-08-04T16:29"}}, {"type": "Feature", "geometry": {"type": "Point", "coordinates": [-86.5274615, 39.1790997]}, "properties": {"camera_id": "osm_13521844701", "camera_type": "alpr", "road": "", "operator": "", "updated_at": "2026-08-04T16:29"}}, {"type": "Feature", "geometry": {"type": "Point", "coordinates": [-85.9167076, 39.8702178]}, "properties": {"camera_id": "osm_13521932387", "camera_type": "alpr", "road": "", "operator": "McCordsville Police Department", "updated_at": "2026-08-04T16:29"}}, {"type": "Feature", "geometry": {"type": "Point", "coordinates": [-85.6542586, 40.0835323]}, "properties": {"camera_id": "osm_13522634001", "camera_type": "alpr", "road": "", "operator": "", "updated_at": "2026-08-04T16:29"}}, {"type": "Feature", "geometry": {"type": "Point", "coordinates": [-85.6528674, 40.0822511]}, "properties": {"camera_id": "osm_13522635501", "camera_type": "alpr", "road": "", "operator": "", "updated_at": "2026-08-04T16:29"}}, {"type": "Feature", "geometry": {"type": "Point", "coordinates": [-86.3288389, 39.7635362]}, "properties": {"camera_id": "osm_13522953802", "camera_type": "alpr", "road": "", "operator": "", "updated_at": "2026-08-04T16:29"}}, {"type": "Feature", "geometry": {"type": "Point", "coordinates": [-86.2600167, 39.7651815]}, "properties": {"camera_id": "osm_13522958602", "camera_type": "alpr", "road": "", "operator": "", "updated_at": "2026-08-04T16:29"}}, {"type": "Feature", "geometry": {"type": "Point", "coordinates": [-86.9016611, 38.1261615]}, "properties": {"camera_id": "osm_13523065001", "camera_type": "alpr", "road": "", "operator": "", "updated_at": "2026-08-04T16:29"}}, {"type": "Feature", "geometry": {"type": "Point", "coordinates": [-86.109466, 41.6773874]}, "properties": {"camera_id": "osm_13523228675", "camera_type": "alpr", "road": "", "operator": "", "updated_at": "2026-08-04T16:29"}}, {"type": "Feature", "geometry": {"type": "Point", "coordinates": [-86.222654, 39.9560233]}, "properties": {"camera_id": "osm_13523421501", "camera_type": "alpr", "road": "", "operator": "", "updated_at": "2026-08-04T16:29"}}, {"type": "Feature", "geometry": {"type": "Point", "coordinates": [-85.7051485, 38.3140349]}, "properties": {"camera_id": "osm_13524211701", "camera_type": "alpr", "road": "", "operator": "", "updated_at": "2026-08-04T16:29"}}, {"type": "Feature", "geometry": {"type": "Point", "coordinates": [-85.7047929, 38.3078497]}, "properties": {"camera_id": "osm_13524262001", "camera_type": "alpr", "road": "", "operator": "", "updated_at": "2026-08-04T16:29"}}, {"type": "Feature", "geometry": {"type": "Point", "coordinates": [-85.4083402, 40.2019835]}, "properties": {"camera_id": "osm_13524993201", "camera_type": "alpr", "road": "", "operator": "", "updated_at": "2026-08-04T16:29"}}, {"type": "Feature", "geometry": {"type": "Point", "coordinates": [-85.4082996, 40.2020631]}, "properties": {"camera_id": "osm_13525032001", "camera_type": "alpr", "road": "", "operator": "", "updated_at": "2026-08-04T16:29"}}, {"type": "Feature", "geometry": {"type": "Point", "coordinates": [-85.4082383, 40.2025296]}, "properties": {"camera_id": "osm_13525033201", "camera_type": "alpr", "road": "", "operator": "", "updated_at": "2026-08-04T16:29"}}, {"type": "Feature", "geometry": {"type": "Point", "coordinates": [-85.4085794, 40.2033748]}, "properties": {"camera_id": "osm_13525038501", "camera_type": "alpr", "road": "", "operator": "", "updated_at": "2026-08-04T16:29"}}, {"type": "Feature", "geometry": {"type": "Point", "coordinates": [-85.4083395, 40.204347]}, "properties": {"camera_id": "osm_13525042501", "camera_type": "alpr", "road": "", "operator": "", "updated_at": "2026-08-04T16:29"}}, {"type": "Feature", "geometry": {"type": "Point", "coordinates": [-85.4074605, 40.2043915]}, "properties": {"camera_id": "osm_13525042601", "camera_type": "alpr", "road": "", "operator": "", "updated_at": "2026-08-04T16:29"}}, {"type": "Feature", "geometry": {"type": "Point", "coordinates": [-85.4074215, 40.2032572]}, "properties": {"camera_id": "osm_13525047901", "camera_type": "alpr", "road": "", "operator": "", "updated_at": "2026-08-04T16:29"}}, {"type": "Feature", "geometry": {"type": "Point", "coordinates": [-85.4073662, 40.203325]}, "properties": {"camera_id": "osm_13525048201", "camera_type": "alpr", "road": "", "operator": "", "updated_at": "2026-08-04T16:29"}}, {"type": "Feature", "geometry": {"type": "Point", "coordinates": [-85.4062886, 40.2037916]}, "properties": {"camera_id": "osm_13525050801", "camera_type": "alpr", "road": "", "operator": "", "updated_at": "2026-08-04T16:29"}}, {"type": "Feature", "geometry": {"type": "Point", "coordinates": [-85.349224, 40.1784195]}, "properties": {"camera_id": "osm_13525268518", "camera_type": "alpr", "road": "", "operator": "", "updated_at": "2026-08-04T16:29"}}, {"type": "Feature", "geometry": {"type": "Point", "coordinates": [-87.4965846, 38.6938303]}, "properties": {"camera_id": "osm_13526702002", "camera_type": "alpr", "road": "", "operator": "", "updated_at": "2026-08-04T16:29"}}, {"type": "Feature", "geometry": {"type": "Point", "coordinates": [-87.5346204, 38.6807376]}, "properties": {"camera_id": "osm_13526704201", "camera_type": "alpr", "road": "", "operator": "", "updated_at": "2026-08-04T16:29"}}, {"type": "Feature", "geometry": {"type": "Point", "coordinates": [-86.4680431, 40.2788443]}, "properties": {"camera_id": "osm_13527006679", "camera_type": "alpr", "road": "", "operator": "", "updated_at": "2026-08-04T16:29"}}, {"type": "Feature", "geometry": {"type": "Point", "coordinates": [-87.3975455, 38.9792199]}, "properties": {"camera_id": "osm_13527038701", "camera_type": "alpr", "road": "", "operator": "", "updated_at": "2026-08-04T16:29"}}, {"type": "Feature", "geometry": {"type": "Point", "coordinates": [-86.8488188, 40.3527585]}, "properties": {"camera_id": "osm_13527147079", "camera_type": "alpr", "road": "", "operator": "", "updated_at": "2026-08-04T16:29"}}, {"type": "Feature", "geometry": {"type": "Point", "coordinates": [-86.8490212, 40.3525025]}, "properties": {"camera_id": "osm_13527147080", "camera_type": "alpr", "road": "", "operator": "", "updated_at": "2026-08-04T16:29"}}, {"type": "Feature", "geometry": {"type": "Point", "coordinates": [-86.8488525, 40.352465]}, "properties": {"camera_id": "osm_13527147081", "camera_type": "alpr", "road": "", "operator": "", "updated_at": "2026-08-04T16:29"}}, {"type": "Feature", "geometry": {"type": "Point", "coordinates": [-86.8514986, 40.3529723]}, "properties": {"camera_id": "osm_13527147082", "camera_type": "alpr", "road": "", "operator": "", "updated_at": "2026-08-04T16:29"}}, {"type": "Feature", "geometry": {"type": "Point", "coordinates": [-86.8512933, 40.3527569]}, "properties": {"camera_id": "osm_13527147083", "camera_type": "alpr", "road": "", "operator": "", "updated_at": "2026-08-04T16:29"}}, {"type": "Feature", "geometry": {"type": "Point", "coordinates": [-86.856237, 40.358656]}, "properties": {"camera_id": "osm_13527147084", "camera_type": "alpr", "road": "", "operator": "", "updated_at": "2026-08-04T16:29"}}, {"type": "Feature", "geometry": {"type": "Point", "coordinates": [-86.2426284, 40.2736171]}, "properties": {"camera_id": "osm_13527310622", "camera_type": "alpr", "road": "", "operator": "", "updated_at": "2026-08-04T16:29"}}, {"type": "Feature", "geometry": {"type": "Point", "coordinates": [-86.4124914, 41.588581]}, "properties": {"camera_id": "osm_13527331801", "camera_type": "alpr", "road": "", "operator": "", "updated_at": "2026-08-04T16:29"}}, {"type": "Feature", "geometry": {"type": "Point", "coordinates": [-87.4131643, 39.4482364]}, "properties": {"camera_id": "osm_13529405501", "camera_type": "alpr", "road": "", "operator": "", "updated_at": "2026-08-04T16:29"}}, {"type": "Feature", "geometry": {"type": "Point", "coordinates": [-86.3534319, 39.9461307]}, "properties": {"camera_id": "osm_13529734301", "camera_type": "alpr", "road": "", "operator": "", "updated_at": "2026-08-04T16:29"}}, {"type": "Feature", "geometry": {"type": "Point", "coordinates": [-86.0037954, 40.0082549]}, "properties": {"camera_id": "osm_13529809201", "camera_type": "alpr", "road": "", "operator": "", "updated_at": "2026-08-04T16:29"}}, {"type": "Feature", "geometry": {"type": "Point", "coordinates": [-85.1630477, 41.13617]}, "properties": {"camera_id": "osm_13529874101", "camera_type": "alpr", "road": "", "operator": "", "updated_at": "2026-08-04T16:29"}}, {"type": "Feature", "geometry": {"type": "Point", "coordinates": [-85.1629014, 41.1354813]}, "properties": {"camera_id": "osm_13529874401", "camera_type": "alpr", "road": "", "operator": "", "updated_at": "2026-08-04T16:29"}}, {"type": "Feature", "geometry": {"type": "Point", "coordinates": [-86.2819076, 39.823191]}, "properties": {"camera_id": "osm_13530042201", "camera_type": "alpr", "road": "", "operator": "", "updated_at": "2026-08-04T16:29"}}, {"type": "Feature", "geometry": {"type": "Point", "coordinates": [-86.2699061, 39.8094162]}, "properties": {"camera_id": "osm_13530050101", "camera_type": "alpr", "road": "", "operator": "", "updated_at": "2026-08-04T16:29"}}, {"type": "Feature", "geometry": {"type": "Point", "coordinates": [-87.1987421, 41.2890958]}, "properties": {"camera_id": "osm_13530322501", "camera_type": "alpr", "road": "", "operator": "", "updated_at": "2026-08-04T16:29"}}, {"type": "Feature", "geometry": {"type": "Point", "coordinates": [-85.8014975, 39.8134404]}, "properties": {"camera_id": "osm_13530621401", "camera_type": "alpr", "road": "", "operator": "", "updated_at": "2026-08-04T16:29"}}, {"type": "Feature", "geometry": {"type": "Point", "coordinates": [-85.8763616, 38.9474409]}, "properties": {"camera_id": "osm_13532018902", "camera_type": "alpr", "road": "", "operator": "", "updated_at": "2026-08-04T16:29"}}, {"type": "Feature", "geometry": {"type": "Point", "coordinates": [-85.8806901, 38.945621]}, "properties": {"camera_id": "osm_13532018903", "camera_type": "alpr", "road": "", "operator": "", "updated_at": "2026-08-04T16:29"}}, {"type": "Feature", "geometry": {"type": "Point", "coordinates": [-85.8806745, 38.9471094]}, "properties": {"camera_id": "osm_13532023401", "camera_type": "alpr", "road": "", "operator": "", "updated_at": "2026-08-04T16:29"}}, {"type": "Feature", "geometry": {"type": "Point", "coordinates": [-85.8806924, 38.9463548]}, "properties": {"camera_id": "osm_13532033002", "camera_type": "alpr", "road": "", "operator": "", "updated_at": "2026-08-04T16:29"}}, {"type": "Feature", "geometry": {"type": "Point", "coordinates": [-85.8806842, 38.9455193]}, "properties": {"camera_id": "osm_13532033003", "camera_type": "alpr", "road": "", "operator": "", "updated_at": "2026-08-04T16:29"}}, {"type": "Feature", "geometry": {"type": "Point", "coordinates": [-85.8806887, 38.9461894]}, "properties": {"camera_id": "osm_13532036301", "camera_type": "alpr", "road": "", "operator": "", "updated_at": "2026-08-04T16:29"}}, {"type": "Feature", "geometry": {"type": "Point", "coordinates": [-85.8762865, 38.9474396]}, "properties": {"camera_id": "osm_13532039901", "camera_type": "alpr", "road": "", "operator": "", "updated_at": "2026-08-04T16:29"}}, {"type": "Feature", "geometry": {"type": "Point", "coordinates": [-86.9752409, 38.1182547]}, "properties": {"camera_id": "osm_13532269301", "camera_type": "alpr", "road": "", "operator": "", "updated_at": "2026-08-04T16:29"}}, {"type": "Feature", "geometry": {"type": "Point", "coordinates": [-86.979245, 38.1185523]}, "properties": {"camera_id": "osm_13532271701", "camera_type": "alpr", "road": "", "operator": "", "updated_at": "2026-08-04T16:29"}}, {"type": "Feature", "geometry": {"type": "Point", "coordinates": [-86.0313021, 40.4774928]}, "properties": {"camera_id": "osm_13532575801", "camera_type": "alpr", "road": "", "operator": "", "updated_at": "2026-08-04T16:29"}}, {"type": "Feature", "geometry": {"type": "Point", "coordinates": [-86.0307689, 40.4201458]}, "properties": {"camera_id": "osm_13532582101", "camera_type": "alpr", "road": "", "operator": "", "updated_at": "2026-08-04T16:29"}}, {"type": "Feature", "geometry": {"type": "Point", "coordinates": [-85.9566127, 40.4055964]}, "properties": {"camera_id": "osm_13532588301", "camera_type": "alpr", "road": "", "operator": "", "updated_at": "2026-08-04T16:29"}}, {"type": "Feature", "geometry": {"type": "Point", "coordinates": [-85.5241748, 41.1696015]}, "properties": {"camera_id": "osm_13532688964", "camera_type": "alpr", "road": "", "operator": "", "updated_at": "2026-08-04T16:29"}}, {"type": "Feature", "geometry": {"type": "Point", "coordinates": [-87.0450535, 41.5784402]}, "properties": {"camera_id": "osm_13532849506", "camera_type": "alpr", "road": "", "operator": "", "updated_at": "2026-08-04T16:29"}}, {"type": "Feature", "geometry": {"type": "Point", "coordinates": [-86.1211169, 39.9920746]}, "properties": {"camera_id": "osm_13533042010", "camera_type": "alpr", "road": "", "operator": "", "updated_at": "2026-08-04T16:29"}}, {"type": "Feature", "geometry": {"type": "Point", "coordinates": [-86.2628982, 39.8848104]}, "properties": {"camera_id": "osm_13533397602", "camera_type": "alpr", "road": "", "operator": "", "updated_at": "2026-08-04T16:29"}}, {"type": "Feature", "geometry": {"type": "Point", "coordinates": [-86.264858, 39.884774]}, "properties": {"camera_id": "osm_13533398901", "camera_type": "alpr", "road": "", "operator": "", "updated_at": "2026-08-04T16:29"}}, {"type": "Feature", "geometry": {"type": "Point", "coordinates": [-85.97286, 39.8566175]}, "properties": {"camera_id": "osm_13533560001", "camera_type": "alpr", "road": "", "operator": "", "updated_at": "2026-08-04T16:29"}}, {"type": "Feature", "geometry": {"type": "Point", "coordinates": [-85.9951997, 39.8631425]}, "properties": {"camera_id": "osm_13533560301", "camera_type": "alpr", "road": "", "operator": "", "updated_at": "2026-08-04T16:29"}}, {"type": "Feature", "geometry": {"type": "Point", "coordinates": [-86.1937927, 40.5896836]}, "properties": {"camera_id": "osm_13534436601", "camera_type": "alpr", "road": "", "operator": "", "updated_at": "2026-08-04T16:29"}}, {"type": "Feature", "geometry": {"type": "Point", "coordinates": [-85.9909217, 40.0650132]}, "properties": {"camera_id": "osm_13534716401", "camera_type": "alpr", "road": "", "operator": "", "updated_at": "2026-08-04T16:29"}}, {"type": "Feature", "geometry": {"type": "Point", "coordinates": [-85.9951998, 39.9566202]}, "properties": {"camera_id": "osm_13534731602", "camera_type": "alpr", "road": "", "operator": "", "updated_at": "2026-08-04T16:29"}}, {"type": "Feature", "geometry": {"type": "Point", "coordinates": [-86.7016721, 38.9190502]}, "properties": {"camera_id": "osm_13535003201", "camera_type": "alpr", "road": "", "operator": "", "updated_at": "2026-08-04T16:29"}}, {"type": "Feature", "geometry": {"type": "Point", "coordinates": [-87.5596017, 38.0939908]}, "properties": {"camera_id": "osm_13535265301", "camera_type": "alpr", "road": "", "operator": "", "updated_at": "2026-08-04T16:29"}}, {"type": "Feature", "geometry": {"type": "Point", "coordinates": [-87.5808826, 38.0819621]}, "properties": {"camera_id": "osm_13535268401", "camera_type": "alpr", "road": "", "operator": "", "updated_at": "2026-08-04T16:29"}}, {"type": "Feature", "geometry": {"type": "Point", "coordinates": [-86.1877832, 39.7513482]}, "properties": {"camera_id": "osm_13535359101", "camera_type": "alpr", "road": "", "operator": "", "updated_at": "2026-08-04T16:29"}}, {"type": "Feature", "geometry": {"type": "Point", "coordinates": [-86.2827331, 39.8037674]}, "properties": {"camera_id": "osm_13535379805", "camera_type": "alpr", "road": "", "operator": "", "updated_at": "2026-08-04T16:29"}}, {"type": "Feature", "geometry": {"type": "Point", "coordinates": [-86.2637987, 39.7944432]}, "properties": {"camera_id": "osm_13535381267", "camera_type": "alpr", "road": "", "operator": "", "updated_at": "2026-08-04T16:29"}}, {"type": "Feature", "geometry": {"type": "Point", "coordinates": [-86.2890444, 39.8044904]}, "properties": {"camera_id": "osm_13535382296", "camera_type": "alpr", "road": "", "operator": "", "updated_at": "2026-08-04T16:29"}}, {"type": "Feature", "geometry": {"type": "Point", "coordinates": [-86.3390697, 39.760947]}, "properties": {"camera_id": "osm_13535382297", "camera_type": "alpr", "road": "", "operator": "", "updated_at": "2026-08-04T16:29"}}, {"type": "Feature", "geometry": {"type": "Point", "coordinates": [-86.2830419, 39.7938183]}, "properties": {"camera_id": "osm_13535382666", "camera_type": "alpr", "road": "", "operator": "", "updated_at": "2026-08-04T16:29"}}, {"type": "Feature", "geometry": {"type": "Point", "coordinates": [-86.2885756, 39.7940716]}, "properties": {"camera_id": "osm_13535406904", "camera_type": "alpr", "road": "", "operator": "", "updated_at": "2026-08-04T16:29"}}, {"type": "Feature", "geometry": {"type": "Point", "coordinates": [-86.3386115, 39.7609489]}, "properties": {"camera_id": "osm_13535412798", "camera_type": "alpr", "road": "", "operator": "", "updated_at": "2026-08-04T16:29"}}, {"type": "Feature", "geometry": {"type": "Point", "coordinates": [-86.0179949, 41.7025902]}, "properties": {"camera_id": "osm_13535663201", "camera_type": "alpr", "road": "", "operator": "", "updated_at": "2026-08-04T16:29"}}, {"type": "Feature", "geometry": {"type": "Point", "coordinates": [-86.0180651, 41.7049061]}, "properties": {"camera_id": "osm_13535663301", "camera_type": "alpr", "road": "", "operator": "", "updated_at": "2026-08-04T16:29"}}, {"type": "Feature", "geometry": {"type": "Point", "coordinates": [-86.1375374, 40.5051027]}, "properties": {"camera_id": "osm_13536809801", "camera_type": "alpr", "road": "", "operator": "", "updated_at": "2026-08-04T16:29"}}, {"type": "Feature", "geometry": {"type": "Point", "coordinates": [-86.2748102, 41.6857344]}, "properties": {"camera_id": "osm_13536976301", "camera_type": "alpr", "road": "", "operator": "", "updated_at": "2026-08-04T16:29"}}, {"type": "Feature", "geometry": {"type": "Point", "coordinates": [-86.2741221, 41.685401]}, "properties": {"camera_id": "osm_13536977001", "camera_type": "alpr", "road": "", "operator": "", "updated_at": "2026-08-04T16:29"}}, {"type": "Feature", "geometry": {"type": "Point", "coordinates": [-86.1786747, 41.6662742]}, "properties": {"camera_id": "osm_13537055501", "camera_type": "alpr", "road": "", "operator": "", "updated_at": "2026-08-04T16:29"}}, {"type": "Feature", "geometry": {"type": "Point", "coordinates": [-86.0417332, 41.6659404]}, "properties": {"camera_id": "osm_13537076102", "camera_type": "alpr", "road": "", "operator": "", "updated_at": "2026-08-04T16:29"}}, {"type": "Feature", "geometry": {"type": "Point", "coordinates": [-85.9101059, 41.6289922]}, "properties": {"camera_id": "osm_13537123701", "camera_type": "alpr", "road": "", "operator": "", "updated_at": "2026-08-04T16:29"}}, {"type": "Feature", "geometry": {"type": "Point", "coordinates": [-87.7028205, 38.0436964]}, "properties": {"camera_id": "osm_13539121001", "camera_type": "alpr", "road": "", "operator": "", "updated_at": "2026-08-04T16:29"}}, {"type": "Feature", "geometry": {"type": "Point", "coordinates": [-85.7992359, 40.8319524]}, "properties": {"camera_id": "osm_13540936301", "camera_type": "alpr", "road": "", "operator": "", "updated_at": "2026-08-04T16:29"}}, {"type": "Feature", "geometry": {"type": "Point", "coordinates": [-85.3482332, 41.0039996]}, "properties": {"camera_id": "osm_13541098790", "camera_type": "alpr", "road": "", "operator": "", "updated_at": "2026-08-04T16:29"}}, {"type": "Feature", "geometry": {"type": "Point", "coordinates": [-85.2187, 41.0591766]}, "properties": {"camera_id": "osm_13541106501", "camera_type": "alpr", "road": "", "operator": "", "updated_at": "2026-08-04T16:29"}}, {"type": "Feature", "geometry": {"type": "Point", "coordinates": [-86.8772405, 40.4256687]}, "properties": {"camera_id": "osm_13541136805", "camera_type": "alpr", "road": "", "operator": "", "updated_at": "2026-08-04T16:29"}}, {"type": "Feature", "geometry": {"type": "Point", "coordinates": [-85.7296829, 40.1014252]}, "properties": {"camera_id": "osm_13542020801", "camera_type": "alpr", "road": "", "operator": "", "updated_at": "2026-08-04T16:29"}}, {"type": "Feature", "geometry": {"type": "Point", "coordinates": [-85.8573383, 40.0721394]}, "properties": {"camera_id": "osm_13542038201", "camera_type": "alpr", "road": "", "operator": "", "updated_at": "2026-08-04T16:29"}}, {"type": "Feature", "geometry": {"type": "Point", "coordinates": [-85.6530572, 40.0551708]}, "properties": {"camera_id": "osm_13542077402", "camera_type": "alpr", "road": "", "operator": "", "updated_at": "2026-08-04T16:29"}}, {"type": "Feature", "geometry": {"type": "Point", "coordinates": [-85.8792186, 41.6087]}, "properties": {"camera_id": "osm_13543341701", "camera_type": "alpr", "road": "", "operator": "", "updated_at": "2026-08-04T16:29"}}, {"type": "Feature", "geometry": {"type": "Point", "coordinates": [-87.4671814, 38.1989038]}, "properties": {"camera_id": "osm_13544248701", "camera_type": "alpr", "road": "", "operator": "", "updated_at": "2026-08-04T16:29"}}, {"type": "Feature", "geometry": {"type": "Point", "coordinates": [-86.1833187, 40.0006894]}, "properties": {"camera_id": "osm_13544561911", "camera_type": "alpr", "road": "", "operator": "", "updated_at": "2026-08-04T16:29"}}, {"type": "Feature", "geometry": {"type": "Point", "coordinates": [-86.1462152, 39.8669122]}, "properties": {"camera_id": "osm_13545156301", "camera_type": "alpr", "road": "", "operator": "", "updated_at": "2026-08-04T16:29"}}, {"type": "Feature", "geometry": {"type": "Point", "coordinates": [-86.1430264, 39.8681692]}, "properties": {"camera_id": "osm_13545156501", "camera_type": "alpr", "road": "", "operator": "", "updated_at": "2026-08-04T16:29"}}, {"type": "Feature", "geometry": {"type": "Point", "coordinates": [-87.2101029, 41.4705732]}, "properties": {"camera_id": "osm_13545789902", "camera_type": "alpr", "road": "", "operator": "", "updated_at": "2026-08-04T16:29"}}, {"type": "Feature", "geometry": {"type": "Point", "coordinates": [-86.1334174, 39.7887029]}, "properties": {"camera_id": "osm_13546744001", "camera_type": "alpr", "road": "", "operator": "", "updated_at": "2026-08-04T16:29"}}, {"type": "Feature", "geometry": {"type": "Point", "coordinates": [-86.1253089, 39.9973042]}, "properties": {"camera_id": "osm_13547427201", "camera_type": "alpr", "road": "", "operator": "", "updated_at": "2026-08-04T16:29"}}, {"type": "Feature", "geometry": {"type": "Point", "coordinates": [-86.1278306, 40.2176813]}, "properties": {"camera_id": "osm_13547464901", "camera_type": "alpr", "road": "", "operator": "", "updated_at": "2026-08-04T16:29"}}, {"type": "Feature", "geometry": {"type": "Point", "coordinates": [-85.4819072, 41.6407693]}, "properties": {"camera_id": "osm_13552287601", "camera_type": "alpr", "road": "", "operator": "", "updated_at": "2026-08-04T16:29"}}, {"type": "Feature", "geometry": {"type": "Point", "coordinates": [-85.7156964, 38.317524]}, "properties": {"camera_id": "osm_13555861501", "camera_type": "alpr", "road": "", "operator": "", "updated_at": "2026-08-04T16:29"}}, {"type": "Feature", "geometry": {"type": "Point", "coordinates": [-85.7255355, 38.2999735]}, "properties": {"camera_id": "osm_13555861801", "camera_type": "alpr", "road": "", "operator": "", "updated_at": "2026-08-04T16:29"}}, {"type": "Feature", "geometry": {"type": "Point", "coordinates": [-85.7260054, 38.2979075]}, "properties": {"camera_id": "osm_13555863001", "camera_type": "alpr", "road": "", "operator": "", "updated_at": "2026-08-04T16:29"}}, {"type": "Feature", "geometry": {"type": "Point", "coordinates": [-85.7302118, 38.2876518]}, "properties": {"camera_id": "osm_13555866401", "camera_type": "alpr", "road": "", "operator": "", "updated_at": "2026-08-04T16:29"}}, {"type": "Feature", "geometry": {"type": "Point", "coordinates": [-85.745213, 38.2797044]}, "properties": {"camera_id": "osm_13555869201", "camera_type": "alpr", "road": "", "operator": "", "updated_at": "2026-08-04T16:29"}}, {"type": "Feature", "geometry": {"type": "Point", "coordinates": [-85.7526886, 38.2845036]}, "properties": {"camera_id": "osm_13555871701", "camera_type": "alpr", "road": "", "operator": "", "updated_at": "2026-08-04T16:29"}}, {"type": "Feature", "geometry": {"type": "Point", "coordinates": [-85.752712, 38.2844745]}, "properties": {"camera_id": "osm_13555872401", "camera_type": "alpr", "road": "", "operator": "", "updated_at": "2026-08-04T16:29"}}, {"type": "Feature", "geometry": {"type": "Point", "coordinates": [-85.1642018, 41.1347884]}, "properties": {"camera_id": "osm_13556122901", "camera_type": "alpr", "road": "", "operator": "The Home Depot", "updated_at": "2026-08-04T16:29"}}, {"type": "Feature", "geometry": {"type": "Point", "coordinates": [-85.1673978, 41.138808]}, "properties": {"camera_id": "osm_13556132701", "camera_type": "alpr", "road": "", "operator": "", "updated_at": "2026-08-04T16:29"}}, {"type": "Feature", "geometry": {"type": "Point", "coordinates": [-86.2675871, 41.6926565]}, "properties": {"camera_id": "osm_13556410801", "camera_type": "alpr", "road": "", "operator": "", "updated_at": "2026-08-04T16:29"}}, {"type": "Feature", "geometry": {"type": "Point", "coordinates": [-87.413327, 41.5227668]}, "properties": {"camera_id": "osm_13556487901", "camera_type": "alpr", "road": "", "operator": "", "updated_at": "2026-08-04T16:29"}}, {"type": "Feature", "geometry": {"type": "Point", "coordinates": [-86.5103188, 39.7593355]}, "properties": {"camera_id": "osm_13556627021", "camera_type": "alpr", "road": "", "operator": "", "updated_at": "2026-08-04T16:29"}}, {"type": "Feature", "geometry": {"type": "Point", "coordinates": [-85.9753207, 41.7481795]}, "properties": {"camera_id": "osm_13563101901", "camera_type": "alpr", "road": "", "operator": "", "updated_at": "2026-08-04T16:29"}}, {"type": "Feature", "geometry": {"type": "Point", "coordinates": [-87.1244991, 41.6015382]}, "properties": {"camera_id": "osm_13563207401", "camera_type": "alpr", "road": "", "operator": "", "updated_at": "2026-08-04T16:29"}}, {"type": "Feature", "geometry": {"type": "Point", "coordinates": [-86.199758, 39.7872788]}, "properties": {"camera_id": "osm_13564594201", "camera_type": "alpr", "road": "", "operator": "", "updated_at": "2026-08-04T16:29"}}, {"type": "Feature", "geometry": {"type": "Point", "coordinates": [-86.2667133, 39.7789904]}, "properties": {"camera_id": "osm_13564624873", "camera_type": "alpr", "road": "", "operator": "", "updated_at": "2026-08-04T16:29"}}, {"type": "Feature", "geometry": {"type": "Point", "coordinates": [-86.2416439, 39.8413407]}, "properties": {"camera_id": "osm_13564625101", "camera_type": "alpr", "road": "", "operator": "", "updated_at": "2026-08-04T16:29"}}, {"type": "Feature", "geometry": {"type": "Point", "coordinates": [-86.2652238, 39.7788955]}, "properties": {"camera_id": "osm_13564640242", "camera_type": "alpr", "road": "", "operator": "", "updated_at": "2026-08-04T16:29"}}, {"type": "Feature", "geometry": {"type": "Point", "coordinates": [-86.2682832, 39.7779761]}, "properties": {"camera_id": "osm_13564656444", "camera_type": "alpr", "road": "", "operator": "", "updated_at": "2026-08-04T16:29"}}, {"type": "Feature", "geometry": {"type": "Point", "coordinates": [-86.5327109, 39.245765]}, "properties": {"camera_id": "osm_13564678001", "camera_type": "alpr", "road": "", "operator": "", "updated_at": "2026-08-04T16:29"}}, {"type": "Feature", "geometry": {"type": "Point", "coordinates": [-86.255843, 39.779756]}, "properties": {"camera_id": "osm_13564683790", "camera_type": "alpr", "road": "", "operator": "", "updated_at": "2026-08-04T16:29"}}, {"type": "Feature", "geometry": {"type": "Point", "coordinates": [-86.4284287, 39.0904687]}, "properties": {"camera_id": "osm_13565428701", "camera_type": "alpr", "road": "", "operator": "", "updated_at": "2026-08-04T16:29"}}, {"type": "Feature", "geometry": {"type": "Point", "coordinates": [-86.3096032, 40.7587301]}, "properties": {"camera_id": "osm_13565462501", "camera_type": "alpr", "road": "", "operator": "", "updated_at": "2026-08-04T16:29"}}, {"type": "Feature", "geometry": {"type": "Point", "coordinates": [-85.9823889, 41.4543662]}, "properties": {"camera_id": "osm_13566779421", "camera_type": "alpr", "road": "", "operator": "", "updated_at": "2026-08-04T16:29"}}, {"type": "Feature", "geometry": {"type": "Point", "coordinates": [-85.9820331, 41.4286389]}, "properties": {"camera_id": "osm_13566803200", "camera_type": "alpr", "road": "", "operator": "", "updated_at": "2026-08-04T16:29"}}, {"type": "Feature", "geometry": {"type": "Point", "coordinates": [-86.8656897, 38.2084228]}, "properties": {"camera_id": "osm_13568366201", "camera_type": "alpr", "road": "", "operator": "", "updated_at": "2026-08-04T16:29"}}, {"type": "Feature", "geometry": {"type": "Point", "coordinates": [-85.7999862, 40.830034]}, "properties": {"camera_id": "osm_13568443501", "camera_type": "alpr", "road": "", "operator": "", "updated_at": "2026-08-04T16:29"}}, {"type": "Feature", "geometry": {"type": "Point", "coordinates": [-86.2231373, 39.8122388]}, "properties": {"camera_id": "osm_13568523501", "camera_type": "alpr", "road": "", "operator": "", "updated_at": "2026-08-04T16:29"}}, {"type": "Feature", "geometry": {"type": "Point", "coordinates": [-86.1972006, 39.7511057]}, "properties": {"camera_id": "osm_13568524001", "camera_type": "alpr", "road": "", "operator": "", "updated_at": "2026-08-04T16:29"}}, {"type": "Feature", "geometry": {"type": "Point", "coordinates": [-86.9202767, 40.4048357]}, "properties": {"camera_id": "osm_13568580501", "camera_type": "alpr", "road": "", "operator": "", "updated_at": "2026-08-04T16:29"}}, {"type": "Feature", "geometry": {"type": "Point", "coordinates": [-86.3555189, 39.6017447]}, "properties": {"camera_id": "osm_13568609893", "camera_type": "alpr", "road": "", "operator": "", "updated_at": "2026-08-04T16:29"}}, {"type": "Feature", "geometry": {"type": "Point", "coordinates": [-85.9731673, 39.775741]}, "properties": {"camera_id": "osm_13568864601", "camera_type": "alpr", "road": "", "operator": "", "updated_at": "2026-08-04T16:29"}}, {"type": "Feature", "geometry": {"type": "Point", "coordinates": [-85.9882604, 40.0465319]}, "properties": {"camera_id": "osm_13570471801", "camera_type": "alpr", "road": "", "operator": "", "updated_at": "2026-08-04T16:29"}}, {"type": "Feature", "geometry": {"type": "Point", "coordinates": [-85.9885997, 40.0481633]}, "properties": {"camera_id": "osm_13570472601", "camera_type": "alpr", "road": "", "operator": "", "updated_at": "2026-08-04T16:29"}}, {"type": "Feature", "geometry": {"type": "Point", "coordinates": [-85.9908229, 40.0475519]}, "properties": {"camera_id": "osm_13570472701", "camera_type": "alpr", "road": "", "operator": "", "updated_at": "2026-08-04T16:29"}}, {"type": "Feature", "geometry": {"type": "Point", "coordinates": [-85.9897918, 40.0463651]}, "properties": {"camera_id": "osm_13570472901", "camera_type": "alpr", "road": "", "operator": "", "updated_at": "2026-08-04T16:29"}}, {"type": "Feature", "geometry": {"type": "Point", "coordinates": [-85.9907951, 40.046542]}, "properties": {"camera_id": "osm_13570473301", "camera_type": "alpr", "road": "", "operator": "", "updated_at": "2026-08-04T16:29"}}, {"type": "Feature", "geometry": {"type": "Point", "coordinates": [-85.9955555, 40.045223]}, "properties": {"camera_id": "osm_13570481701", "camera_type": "alpr", "road": "", "operator": "", "updated_at": "2026-08-04T16:29"}}, {"type": "Feature", "geometry": {"type": "Point", "coordinates": [-86.1447106, 39.8697362]}, "properties": {"camera_id": "osm_13570593501", "camera_type": "alpr", "road": "", "operator": "", "updated_at": "2026-08-04T16:29"}}, {"type": "Feature", "geometry": {"type": "Point", "coordinates": [-84.9974147, 40.1719753]}, "properties": {"camera_id": "osm_13570807601", "camera_type": "alpr", "road": "", "operator": "", "updated_at": "2026-08-04T16:29"}}, {"type": "Feature", "geometry": {"type": "Point", "coordinates": [-85.9963544, 40.0329431]}, "properties": {"camera_id": "osm_13571377801", "camera_type": "alpr", "road": "", "operator": "", "updated_at": "2026-08-04T16:29"}}, {"type": "Feature", "geometry": {"type": "Point", "coordinates": [-86.0028537, 40.1309304]}, "properties": {"camera_id": "osm_13571562101", "camera_type": "alpr", "road": "", "operator": "", "updated_at": "2026-08-04T16:29"}}, {"type": "Feature", "geometry": {"type": "Point", "coordinates": [-85.8457934, 38.3541343]}, "properties": {"camera_id": "osm_13572828425", "camera_type": "alpr", "road": "", "operator": "", "updated_at": "2026-08-04T16:29"}}, {"type": "Feature", "geometry": {"type": "Point", "coordinates": [-85.8457939, 38.3538945]}, "properties": {"camera_id": "osm_13572828688", "camera_type": "alpr", "road": "", "operator": "", "updated_at": "2026-08-04T16:29"}}, {"type": "Feature", "geometry": {"type": "Point", "coordinates": [-87.5143655, 38.6879954]}, "properties": {"camera_id": "osm_13574443601", "camera_type": "alpr", "road": "", "operator": "", "updated_at": "2026-08-04T16:29"}}, {"type": "Feature", "geometry": {"type": "Point", "coordinates": [-87.5819006, 38.0035548]}, "properties": {"camera_id": "osm_13574497501", "camera_type": "alpr", "road": "", "operator": "", "updated_at": "2026-08-04T16:29"}}, {"type": "Feature", "geometry": {"type": "Point", "coordinates": [-86.9156112, 40.4314666]}, "properties": {"camera_id": "osm_13574667701", "camera_type": "alpr", "road": "", "operator": "", "updated_at": "2026-08-04T16:29"}}, {"type": "Feature", "geometry": {"type": "Point", "coordinates": [-86.063893, 39.9287624]}, "properties": {"camera_id": "osm_13574805601", "camera_type": "alpr", "road": "", "operator": "", "updated_at": "2026-08-04T16:29"}}, {"type": "Feature", "geometry": {"type": "Point", "coordinates": [-87.1186014, 41.5864037]}, "properties": {"camera_id": "osm_13574844101", "camera_type": "alpr", "road": "", "operator": "", "updated_at": "2026-08-04T16:29"}}, {"type": "Feature", "geometry": {"type": "Point", "coordinates": [-86.3170733, 39.653405]}, "properties": {"camera_id": "osm_13576281535", "camera_type": "alpr", "road": "", "operator": "", "updated_at": "2026-08-04T16:29"}}, {"type": "Feature", "geometry": {"type": "Point", "coordinates": [-87.2953621, 41.4201326]}, "properties": {"camera_id": "osm_13577496701", "camera_type": "alpr", "road": "", "operator": "", "updated_at": "2026-08-04T16:29"}}, {"type": "Feature", "geometry": {"type": "Point", "coordinates": [-87.2390902, 41.4339993]}, "properties": {"camera_id": "osm_13578024301", "camera_type": "alpr", "road": "", "operator": "", "updated_at": "2026-08-04T16:29"}}, {"type": "Feature", "geometry": {"type": "Point", "coordinates": [-86.2478653, 39.8413308]}, "properties": {"camera_id": "osm_13578076202", "camera_type": "alpr", "road": "", "operator": "", "updated_at": "2026-08-04T16:29"}}, {"type": "Feature", "geometry": {"type": "Point", "coordinates": [-85.2212019, 39.8115055]}, "properties": {"camera_id": "osm_13578402601", "camera_type": "alpr", "road": "", "operator": "", "updated_at": "2026-08-04T16:29"}}, {"type": "Feature", "geometry": {"type": "Point", "coordinates": [-85.1340158, 39.719941]}, "properties": {"camera_id": "osm_13578405201", "camera_type": "alpr", "road": "", "operator": "", "updated_at": "2026-08-04T16:29"}}, {"type": "Feature", "geometry": {"type": "Point", "coordinates": [-87.2401722, 41.5866233]}, "properties": {"camera_id": "osm_13579108801", "camera_type": "alpr", "road": "", "operator": "", "updated_at": "2026-08-04T16:29"}}, {"type": "Feature", "geometry": {"type": "Point", "coordinates": [-86.1705018, 39.562196]}, "properties": {"camera_id": "osm_13581604401", "camera_type": "alpr", "road": "", "operator": "", "updated_at": "2026-08-04T16:29"}}, {"type": "Feature", "geometry": {"type": "Point", "coordinates": [-86.1735988, 39.5483272]}, "properties": {"camera_id": "osm_13581604402", "camera_type": "alpr", "road": "", "operator": "", "updated_at": "2026-08-04T16:29"}}, {"type": "Feature", "geometry": {"type": "Point", "coordinates": [-85.6447674, 40.4302513]}, "properties": {"camera_id": "osm_13581743602", "camera_type": "alpr", "road": "", "operator": "", "updated_at": "2026-08-04T16:29"}}, {"type": "Feature", "geometry": {"type": "Point", "coordinates": [-86.2013473, 39.8536486]}, "properties": {"camera_id": "osm_13582960701", "camera_type": "alpr", "road": "", "operator": "", "updated_at": "2026-08-04T16:29"}}, {"type": "Feature", "geometry": {"type": "Point", "coordinates": [-86.1408751, 40.0417408]}, "properties": {"camera_id": "osm_13583577101", "camera_type": "alpr", "road": "", "operator": "", "updated_at": "2026-08-04T16:29"}}, {"type": "Feature", "geometry": {"type": "Point", "coordinates": [-86.4726619, 39.877953]}, "properties": {"camera_id": "osm_13584713472", "camera_type": "alpr", "road": "", "operator": "", "updated_at": "2026-08-04T16:29"}}, {"type": "Feature", "geometry": {"type": "Point", "coordinates": [-86.4728311, 39.8779386]}, "properties": {"camera_id": "osm_13584713473", "camera_type": "alpr", "road": "", "operator": "", "updated_at": "2026-08-04T16:29"}}, {"type": "Feature", "geometry": {"type": "Point", "coordinates": [-87.4822187, 38.1051683]}, "properties": {"camera_id": "osm_13584857602", "camera_type": "alpr", "road": "", "operator": "", "updated_at": "2026-08-04T16:29"}}, {"type": "Feature", "geometry": {"type": "Point", "coordinates": [-87.4943259, 38.0860341]}, "properties": {"camera_id": "osm_13584861001", "camera_type": "alpr", "road": "", "operator": "", "updated_at": "2026-08-04T16:29"}}, {"type": "Feature", "geometry": {"type": "Point", "coordinates": [-87.5092247, 38.0644637]}, "properties": {"camera_id": "osm_13584879102", "camera_type": "alpr", "road": "", "operator": "", "updated_at": "2026-08-04T16:29"}}, {"type": "Feature", "geometry": {"type": "Point", "coordinates": [-85.9638457, 39.3083434]}, "properties": {"camera_id": "osm_13585729701", "camera_type": "alpr", "road": "", "operator": "", "updated_at": "2026-08-04T16:29"}}, {"type": "Feature", "geometry": {"type": "Point", "coordinates": [-86.0648988, 39.5063756]}, "properties": {"camera_id": "osm_13585820601", "camera_type": "alpr", "road": "", "operator": "Lowe's", "updated_at": "2026-08-04T16:29"}}, {"type": "Feature", "geometry": {"type": "Point", "coordinates": [-86.0681813, 39.5054123]}, "properties": {"camera_id": "osm_13585827201", "camera_type": "alpr", "road": "", "operator": "Lowe's", "updated_at": "2026-08-04T16:29"}}, {"type": "Feature", "geometry": {"type": "Point", "coordinates": [-87.2680692, 37.9184807]}, "properties": {"camera_id": "osm_13585831802", "camera_type": "alpr", "road": "", "operator": "", "updated_at": "2026-08-04T16:29"}}, {"type": "Feature", "geometry": {"type": "Point", "coordinates": [-87.1106395, 37.7993988]}, "properties": {"camera_id": "osm_13585857101", "camera_type": "alpr", "road": "", "operator": "", "updated_at": "2026-08-04T16:29"}}, {"type": "Feature", "geometry": {"type": "Point", "coordinates": [-87.1106395, 37.7993988]}, "properties": {"camera_id": "osm_13585857201", "camera_type": "alpr", "road": "", "operator": "", "updated_at": "2026-08-04T16:29"}}, {"type": "Feature", "geometry": {"type": "Point", "coordinates": [-86.1439242, 38.2196349]}, "properties": {"camera_id": "osm_13586216201", "camera_type": "alpr", "road": "", "operator": "", "updated_at": "2026-08-04T16:29"}}, {"type": "Feature", "geometry": {"type": "Point", "coordinates": [-86.0588221, 39.5328429]}, "properties": {"camera_id": "osm_13587936701", "camera_type": "alpr", "road": "", "operator": "Humane Society - Johnson County", "updated_at": "2026-08-04T16:29"}}, {"type": "Feature", "geometry": {"type": "Point", "coordinates": [-87.3245655, 38.1933471]}, "properties": {"camera_id": "osm_13588155701", "camera_type": "alpr", "road": "", "operator": "", "updated_at": "2026-08-04T16:29"}}, {"type": "Feature", "geometry": {"type": "Point", "coordinates": [-87.307937, 38.1931797]}, "properties": {"camera_id": "osm_13588158101", "camera_type": "alpr", "road": "", "operator": "", "updated_at": "2026-08-04T16:29"}}, {"type": "Feature", "geometry": {"type": "Point", "coordinates": [-86.1310941, 40.2753199]}, "properties": {"camera_id": "osm_13588283601", "camera_type": "alpr", "road": "", "operator": "", "updated_at": "2026-08-04T16:29"}}, {"type": "Feature", "geometry": {"type": "Point", "coordinates": [-86.027841, 39.9269745]}, "properties": {"camera_id": "osm_13591134801", "camera_type": "alpr", "road": "", "operator": "", "updated_at": "2026-08-04T16:29"}}, {"type": "Feature", "geometry": {"type": "Point", "coordinates": [-85.809915, 40.2768863]}, "properties": {"camera_id": "osm_13591242403", "camera_type": "alpr", "road": "", "operator": "", "updated_at": "2026-08-04T16:29"}}, {"type": "Feature", "geometry": {"type": "Point", "coordinates": [-86.2037811, 39.9120389]}, "properties": {"camera_id": "osm_13591252045", "camera_type": "alpr", "road": "", "operator": "", "updated_at": "2026-08-04T16:29"}}, {"type": "Feature", "geometry": {"type": "Point", "coordinates": [-85.4258412, 41.717747]}, "properties": {"camera_id": "osm_13591696543", "camera_type": "alpr", "road": "", "operator": "", "updated_at": "2026-08-04T16:29"}}, {"type": "Feature", "geometry": {"type": "Point", "coordinates": [-85.4272942, 41.7555262]}, "properties": {"camera_id": "osm_13591696544", "camera_type": "alpr", "road": "", "operator": "", "updated_at": "2026-08-04T16:29"}}, {"type": "Feature", "geometry": {"type": "Point", "coordinates": [-86.7017668, 40.2550549]}, "properties": {"camera_id": "osm_13591698299", "camera_type": "alpr", "road": "", "operator": "", "updated_at": "2026-08-04T16:29"}}, {"type": "Feature", "geometry": {"type": "Point", "coordinates": [-85.9866322, 38.2693838]}, "properties": {"camera_id": "osm_13591710064", "camera_type": "alpr", "road": "", "operator": "", "updated_at": "2026-08-04T16:29"}}, {"type": "Feature", "geometry": {"type": "Point", "coordinates": [-86.6520572, 40.2624812]}, "properties": {"camera_id": "osm_13591721364", "camera_type": "alpr", "road": "", "operator": "", "updated_at": "2026-08-04T16:29"}}, {"type": "Feature", "geometry": {"type": "Point", "coordinates": [-86.6518645, 40.2622068]}, "properties": {"camera_id": "osm_13591723254", "camera_type": "alpr", "road": "", "operator": "", "updated_at": "2026-08-04T16:29"}}, {"type": "Feature", "geometry": {"type": "Point", "coordinates": [-85.6898815, 40.2629142]}, "properties": {"camera_id": "osm_13591780107", "camera_type": "alpr", "road": "", "operator": "", "updated_at": "2026-08-04T16:29"}}, {"type": "Feature", "geometry": {"type": "Point", "coordinates": [-85.8592449, 40.2768906]}, "properties": {"camera_id": "osm_13592945401", "camera_type": "alpr", "road": "", "operator": "", "updated_at": "2026-08-04T16:29"}}, {"type": "Feature", "geometry": {"type": "Point", "coordinates": [-85.8630738, 40.2769655]}, "properties": {"camera_id": "osm_13592946901", "camera_type": "alpr", "road": "", "operator": "", "updated_at": "2026-08-04T16:29"}}, {"type": "Feature", "geometry": {"type": "Point", "coordinates": [-85.6669124, 40.2348017]}, "properties": {"camera_id": "osm_13594276219", "camera_type": "alpr", "road": "", "operator": "", "updated_at": "2026-08-04T16:29"}}, {"type": "Feature", "geometry": {"type": "Point", "coordinates": [-85.6655963, 40.2187555]}, "properties": {"camera_id": "osm_13594306612", "camera_type": "alpr", "road": "", "operator": "", "updated_at": "2026-08-04T16:29"}}, {"type": "Feature", "geometry": {"type": "Point", "coordinates": [-84.9981534, 40.1718433]}, "properties": {"camera_id": "osm_13596232816", "camera_type": "alpr", "road": "", "operator": "", "updated_at": "2026-08-04T16:29"}}, {"type": "Feature", "geometry": {"type": "Point", "coordinates": [-86.0506567, 39.4606631]}, "properties": {"camera_id": "osm_13599665201", "camera_type": "alpr", "road": "", "operator": "", "updated_at": "2026-08-04T16:29"}}, {"type": "Feature", "geometry": {"type": "Point", "coordinates": [-86.6180016, 39.2301017]}, "properties": {"camera_id": "osm_13602539014", "camera_type": "alpr", "road": "", "operator": "", "updated_at": "2026-08-04T16:29"}}, {"type": "Feature", "geometry": {"type": "Point", "coordinates": [-85.7014323, 40.091838]}, "properties": {"camera_id": "osm_13602653149", "camera_type": "alpr", "road": "", "operator": "", "updated_at": "2026-08-04T16:29"}}, {"type": "Feature", "geometry": {"type": "Point", "coordinates": [-85.6537534, 40.0803919]}, "properties": {"camera_id": "osm_13603165301", "camera_type": "alpr", "road": "", "operator": "", "updated_at": "2026-08-04T16:29"}}, {"type": "Feature", "geometry": {"type": "Point", "coordinates": [-86.9346931, 41.6946718]}, "properties": {"camera_id": "osm_13603980149", "camera_type": "alpr", "road": "", "operator": "", "updated_at": "2026-08-04T16:29"}}, {"type": "Feature", "geometry": {"type": "Point", "coordinates": [-86.8564039, 40.4197738]}, "properties": {"camera_id": "osm_13604214401", "camera_type": "alpr", "road": "", "operator": "The Home Depot", "updated_at": "2026-08-04T16:29"}}, {"type": "Feature", "geometry": {"type": "Point", "coordinates": [-86.8564501, 40.4176814]}, "properties": {"camera_id": "osm_13604219801", "camera_type": "alpr", "road": "", "operator": "The Home Depot", "updated_at": "2026-08-04T16:29"}}, {"type": "Feature", "geometry": {"type": "Point", "coordinates": [-86.4988524, 39.1756302]}, "properties": {"camera_id": "osm_13604349701", "camera_type": "alpr", "road": "", "operator": "", "updated_at": "2026-08-04T16:29"}}, {"type": "Feature", "geometry": {"type": "Point", "coordinates": [-86.5020372, 39.1760693]}, "properties": {"camera_id": "osm_13604349802", "camera_type": "alpr", "road": "", "operator": "", "updated_at": "2026-08-04T16:29"}}, {"type": "Feature", "geometry": {"type": "Point", "coordinates": [-86.5003544, 39.1766071]}, "properties": {"camera_id": "osm_13604354901", "camera_type": "alpr", "road": "", "operator": "", "updated_at": "2026-08-04T16:29"}}, {"type": "Feature", "geometry": {"type": "Point", "coordinates": [-86.5005424, 39.1767357]}, "properties": {"camera_id": "osm_13604355501", "camera_type": "alpr", "road": "", "operator": "", "updated_at": "2026-08-04T16:29"}}, {"type": "Feature", "geometry": {"type": "Point", "coordinates": [-86.5017582, 39.1761136]}, "properties": {"camera_id": "osm_13604358501", "camera_type": "alpr", "road": "", "operator": "", "updated_at": "2026-08-04T16:29"}}, {"type": "Feature", "geometry": {"type": "Point", "coordinates": [-87.0425544, 41.6190724]}, "properties": {"camera_id": "osm_13604406811", "camera_type": "alpr", "road": "", "operator": "", "updated_at": "2026-08-04T16:29"}}, {"type": "Feature", "geometry": {"type": "Point", "coordinates": [-86.184379, 39.9527858]}, "properties": {"camera_id": "osm_13605520904", "camera_type": "alpr", "road": "", "operator": "", "updated_at": "2026-08-04T16:29"}}, {"type": "Feature", "geometry": {"type": "Point", "coordinates": [-86.1840029, 39.7668308]}, "properties": {"camera_id": "osm_13605684801", "camera_type": "alpr", "road": "", "operator": "", "updated_at": "2026-08-04T16:29"}}, {"type": "Feature", "geometry": {"type": "Point", "coordinates": [-86.8788906, 40.4175408]}, "properties": {"camera_id": "osm_13605708502", "camera_type": "alpr", "road": "", "operator": "", "updated_at": "2026-08-04T16:29"}}, {"type": "Feature", "geometry": {"type": "Point", "coordinates": [-86.2891914, 39.7631831]}, "properties": {"camera_id": "osm_13606372666", "camera_type": "alpr", "road": "", "operator": "", "updated_at": "2026-08-04T16:29"}}, {"type": "Feature", "geometry": {"type": "Point", "coordinates": [-86.5254162, 41.6721444]}, "properties": {"camera_id": "osm_13606376001", "camera_type": "alpr", "road": "", "operator": "", "updated_at": "2026-08-04T16:29"}}, {"type": "Feature", "geometry": {"type": "Point", "coordinates": [-86.3288229, 41.3617428]}, "properties": {"camera_id": "osm_13606450401", "camera_type": "alpr", "road": "", "operator": "", "updated_at": "2026-08-04T16:29"}}, {"type": "Feature", "geometry": {"type": "Point", "coordinates": [-86.2888082, 39.7641159]}, "properties": {"camera_id": "osm_13606454975", "camera_type": "alpr", "road": "", "operator": "", "updated_at": "2026-08-04T16:29"}}, {"type": "Feature", "geometry": {"type": "Point", "coordinates": [-86.2558548, 39.8066897]}, "properties": {"camera_id": "osm_13606457943", "camera_type": "alpr", "road": "", "operator": "", "updated_at": "2026-08-04T16:29"}}, {"type": "Feature", "geometry": {"type": "Point", "coordinates": [-87.5391958, 38.5236051]}, "properties": {"camera_id": "osm_13606483201", "camera_type": "alpr", "road": "", "operator": "", "updated_at": "2026-08-04T16:29"}}, {"type": "Feature", "geometry": {"type": "Point", "coordinates": [-85.3794728, 38.7835324]}, "properties": {"camera_id": "osm_13606761502", "camera_type": "alpr", "road": "", "operator": "", "updated_at": "2026-08-04T16:29"}}, {"type": "Feature", "geometry": {"type": "Point", "coordinates": [-85.3805145, 38.7823066]}, "properties": {"camera_id": "osm_13606769602", "camera_type": "alpr", "road": "", "operator": "", "updated_at": "2026-08-04T16:29"}}, {"type": "Feature", "geometry": {"type": "Point", "coordinates": [-86.33699, 39.6978993]}, "properties": {"camera_id": "osm_13606863501", "camera_type": "alpr", "road": "", "operator": "", "updated_at": "2026-08-04T16:29"}}, {"type": "Feature", "geometry": {"type": "Point", "coordinates": [-86.136342, 39.7713046]}, "properties": {"camera_id": "osm_13606874401", "camera_type": "alpr", "road": "", "operator": "", "updated_at": "2026-08-04T16:29"}}, {"type": "Feature", "geometry": {"type": "Point", "coordinates": [-86.121135, 39.7553498]}, "properties": {"camera_id": "osm_13606876001", "camera_type": "alpr", "road": "", "operator": "", "updated_at": "2026-08-04T16:29"}}, {"type": "Feature", "geometry": {"type": "Point", "coordinates": [-86.254681, 39.5531777]}, "properties": {"camera_id": "osm_13607909901", "camera_type": "alpr", "road": "", "operator": "", "updated_at": "2026-08-04T16:29"}}, {"type": "Feature", "geometry": {"type": "Point", "coordinates": [-86.1877099, 41.7104135]}, "properties": {"camera_id": "osm_13608093801", "camera_type": "alpr", "road": "", "operator": "", "updated_at": "2026-08-04T16:29"}}, {"type": "Feature", "geometry": {"type": "Point", "coordinates": [-86.232792, 39.8215986]}, "properties": {"camera_id": "osm_13608203001", "camera_type": "alpr", "road": "", "operator": "", "updated_at": "2026-08-04T16:29"}}, {"type": "Feature", "geometry": {"type": "Point", "coordinates": [-87.2786059, 41.5874419]}, "properties": {"camera_id": "osm_13608240201", "camera_type": "alpr", "road": "", "operator": "", "updated_at": "2026-08-04T16:29"}}, {"type": "Feature", "geometry": {"type": "Point", "coordinates": [-87.26773, 38.6458277]}, "properties": {"camera_id": "osm_13608401301", "camera_type": "alpr", "road": "", "operator": "", "updated_at": "2026-08-04T16:29"}}, {"type": "Feature", "geometry": {"type": "Point", "coordinates": [-86.1657179, 39.8054034]}, "properties": {"camera_id": "osm_13608517101", "camera_type": "alpr", "road": "", "operator": "", "updated_at": "2026-08-04T16:29"}}, {"type": "Feature", "geometry": {"type": "Point", "coordinates": [-86.7142092, 39.0401994]}, "properties": {"camera_id": "osm_13609465601", "camera_type": "alpr", "road": "", "operator": "", "updated_at": "2026-08-04T16:29"}}, {"type": "Feature", "geometry": {"type": "Point", "coordinates": [-85.7677145, 39.8149986]}, "properties": {"camera_id": "osm_13610179601", "camera_type": "alpr", "road": "", "operator": "", "updated_at": "2026-08-04T16:29"}}, {"type": "Feature", "geometry": {"type": "Point", "coordinates": [-85.768163, 39.8152153]}, "properties": {"camera_id": "osm_13610180501", "camera_type": "alpr", "road": "", "operator": "", "updated_at": "2026-08-04T16:29"}}, {"type": "Feature", "geometry": {"type": "Point", "coordinates": [-85.4785268, 39.3586767]}, "properties": {"camera_id": "osm_13610515901", "camera_type": "alpr", "road": "", "operator": "", "updated_at": "2026-08-04T16:29"}}, {"type": "Feature", "geometry": {"type": "Point", "coordinates": [-87.9203165, 38.129988]}, "properties": {"camera_id": "osm_13610736302", "camera_type": "alpr", "road": "", "operator": "", "updated_at": "2026-08-04T16:29"}}, {"type": "Feature", "geometry": {"type": "Point", "coordinates": [-87.9191981, 38.1944732]}, "properties": {"camera_id": "osm_13610736902", "camera_type": "alpr", "road": "", "operator": "", "updated_at": "2026-08-04T16:29"}}, {"type": "Feature", "geometry": {"type": "Point", "coordinates": [-87.9790487, 38.2269173]}, "properties": {"camera_id": "osm_13610740201", "camera_type": "alpr", "road": "", "operator": "", "updated_at": "2026-08-04T16:29"}}, {"type": "Feature", "geometry": {"type": "Point", "coordinates": [-85.7426715, 38.3287521]}, "properties": {"camera_id": "osm_13611023601", "camera_type": "alpr", "road": "", "operator": "", "updated_at": "2026-08-04T16:29"}}, {"type": "Feature", "geometry": {"type": "Point", "coordinates": [-85.6532739, 40.0766101]}, "properties": {"camera_id": "osm_13615326001", "camera_type": "alpr", "road": "", "operator": "", "updated_at": "2026-08-04T16:29"}}, {"type": "Feature", "geometry": {"type": "Point", "coordinates": [-87.4031814, 41.5659365]}, "properties": {"camera_id": "osm_13616049230", "camera_type": "alpr", "road": "", "operator": "", "updated_at": "2026-08-04T16:29"}}, {"type": "Feature", "geometry": {"type": "Point", "coordinates": [-86.1268026, 39.9646547]}, "properties": {"camera_id": "osm_13618295901", "camera_type": "alpr", "road": "", "operator": "", "updated_at": "2026-08-04T16:29"}}, {"type": "Feature", "geometry": {"type": "Point", "coordinates": [-86.1294774, 39.966172]}, "properties": {"camera_id": "osm_13618311101", "camera_type": "alpr", "road": "", "operator": "", "updated_at": "2026-08-04T16:29"}}, {"type": "Feature", "geometry": {"type": "Point", "coordinates": [-87.6371133, 37.9757657]}, "properties": {"camera_id": "osm_13619098001", "camera_type": "alpr", "road": "", "operator": "", "updated_at": "2026-08-04T16:29"}}, {"type": "Feature", "geometry": {"type": "Point", "coordinates": [-87.432714, 41.555926]}, "properties": {"camera_id": "osm_13619098101", "camera_type": "alpr", "road": "", "operator": "", "updated_at": "2026-08-04T16:29"}}, {"type": "Feature", "geometry": {"type": "Point", "coordinates": [-86.1719738, 39.7582322]}, "properties": {"camera_id": "osm_13619110244", "camera_type": "alpr", "road": "", "operator": "", "updated_at": "2026-08-04T16:29"}}, {"type": "Feature", "geometry": {"type": "Point", "coordinates": [-86.1592468, 39.8179504]}, "properties": {"camera_id": "osm_13619144201", "camera_type": "alpr", "road": "", "operator": "", "updated_at": "2026-08-04T16:29"}}, {"type": "Feature", "geometry": {"type": "Point", "coordinates": [-85.8700215, 38.5687347]}, "properties": {"camera_id": "osm_13619182001", "camera_type": "alpr", "road": "", "operator": "", "updated_at": "2026-08-04T16:29"}}, {"type": "Feature", "geometry": {"type": "Point", "coordinates": [-85.4748382, 38.7063242]}, "properties": {"camera_id": "osm_13619340501", "camera_type": "alpr", "road": "", "operator": "", "updated_at": "2026-08-04T16:29"}}, {"type": "Feature", "geometry": {"type": "Point", "coordinates": [-86.1451037, 39.8104598]}, "properties": {"camera_id": "osm_13621484001", "camera_type": "alpr", "road": "", "operator": "", "updated_at": "2026-08-04T16:29"}}, {"type": "Feature", "geometry": {"type": "Point", "coordinates": [-86.1448348, 39.8104735]}, "properties": {"camera_id": "osm_13621487001", "camera_type": "alpr", "road": "", "operator": "", "updated_at": "2026-08-04T16:29"}}, {"type": "Feature", "geometry": {"type": "Point", "coordinates": [-86.1338138, 39.8109757]}, "properties": {"camera_id": "osm_13621512301", "camera_type": "alpr", "road": "", "operator": "", "updated_at": "2026-08-04T16:29"}}, {"type": "Feature", "geometry": {"type": "Point", "coordinates": [-86.132945, 39.8106406]}, "properties": {"camera_id": "osm_13621512501", "camera_type": "alpr", "road": "", "operator": "", "updated_at": "2026-08-04T16:29"}}, {"type": "Feature", "geometry": {"type": "Point", "coordinates": [-87.1844494, 41.5506136]}, "properties": {"camera_id": "osm_13623936554", "camera_type": "alpr", "road": "", "operator": "", "updated_at": "2026-08-04T16:29"}}, {"type": "Feature", "geometry": {"type": "Point", "coordinates": [-86.1300031, 40.0191736]}, "properties": {"camera_id": "osm_13624072201", "camera_type": "alpr", "road": "", "operator": "", "updated_at": "2026-08-04T16:29"}}, {"type": "Feature", "geometry": {"type": "Point", "coordinates": [-86.8186503, 39.5845269]}, "properties": {"camera_id": "osm_13625500201", "camera_type": "alpr", "road": "", "operator": "", "updated_at": "2026-08-04T16:29"}}, {"type": "Feature", "geometry": {"type": "Point", "coordinates": [-86.8842109, 38.1641794]}, "properties": {"camera_id": "osm_13628636901", "camera_type": "alpr", "road": "", "operator": "", "updated_at": "2026-08-04T16:29"}}, {"type": "Feature", "geometry": {"type": "Point", "coordinates": [-86.0806766, 39.6637067]}, "properties": {"camera_id": "osm_13628665640", "camera_type": "alpr", "road": "", "operator": "", "updated_at": "2026-08-04T16:29"}}, {"type": "Feature", "geometry": {"type": "Point", "coordinates": [-86.0793212, 39.6658169]}, "properties": {"camera_id": "osm_13628672580", "camera_type": "alpr", "road": "", "operator": "", "updated_at": "2026-08-04T16:29"}}, {"type": "Feature", "geometry": {"type": "Point", "coordinates": [-86.077669, 39.6658637]}, "properties": {"camera_id": "osm_13628693510", "camera_type": "alpr", "road": "", "operator": "", "updated_at": "2026-08-04T16:29"}}, {"type": "Feature", "geometry": {"type": "Point", "coordinates": [-86.076035, 39.66586]}, "properties": {"camera_id": "osm_13628722657", "camera_type": "alpr", "road": "", "operator": "", "updated_at": "2026-08-04T16:29"}}, {"type": "Feature", "geometry": {"type": "Point", "coordinates": [-87.3729453, 41.6038555]}, "properties": {"camera_id": "osm_13633080680", "camera_type": "alpr", "road": "", "operator": "", "updated_at": "2026-08-04T16:29"}}, {"type": "Feature", "geometry": {"type": "Point", "coordinates": [-87.4836247, 37.9691463]}, "properties": {"camera_id": "osm_13633217701", "camera_type": "alpr", "road": "", "operator": "", "updated_at": "2026-08-04T16:29"}}, {"type": "Feature", "geometry": {"type": "Point", "coordinates": [-87.4835952, 37.96914]}, "properties": {"camera_id": "osm_13633234601", "camera_type": "alpr", "road": "", "operator": "", "updated_at": "2026-08-04T16:29"}}, {"type": "Feature", "geometry": {"type": "Point", "coordinates": [-86.1860873, 39.7791371]}, "properties": {"camera_id": "osm_13634099901", "camera_type": "alpr", "road": "", "operator": "", "updated_at": "2026-08-04T16:29"}}, {"type": "Feature", "geometry": {"type": "Point", "coordinates": [-87.6524046, 39.1111984]}, "properties": {"camera_id": "osm_13634292901", "camera_type": "alpr", "road": "", "operator": "", "updated_at": "2026-08-04T16:29"}}, {"type": "Feature", "geometry": {"type": "Point", "coordinates": [-86.1882459, 39.7794035]}, "properties": {"camera_id": "osm_13634692701", "camera_type": "alpr", "road": "", "operator": "", "updated_at": "2026-08-04T16:29"}}, {"type": "Feature", "geometry": {"type": "Point", "coordinates": [-86.186008, 39.7758744]}, "properties": {"camera_id": "osm_13634702901", "camera_type": "alpr", "road": "", "operator": "", "updated_at": "2026-08-04T16:29"}}, {"type": "Feature", "geometry": {"type": "Point", "coordinates": [-86.1870525, 39.7757967]}, "properties": {"camera_id": "osm_13634703601", "camera_type": "alpr", "road": "", "operator": "", "updated_at": "2026-08-04T16:29"}}, {"type": "Feature", "geometry": {"type": "Point", "coordinates": [-85.9919503, 40.0463603]}, "properties": {"camera_id": "osm_13635541601", "camera_type": "alpr", "road": "", "operator": "", "updated_at": "2026-08-04T16:29"}}, {"type": "Feature", "geometry": {"type": "Point", "coordinates": [-85.4643704, 41.1606438]}, "properties": {"camera_id": "osm_13638475801", "camera_type": "alpr", "road": "", "operator": "", "updated_at": "2026-08-04T16:29"}}, {"type": "Feature", "geometry": {"type": "Point", "coordinates": [-85.7546769, 38.2934341]}, "properties": {"camera_id": "osm_13638791001", "camera_type": "alpr", "road": "", "operator": "", "updated_at": "2026-08-04T16:29"}}, {"type": "Feature", "geometry": {"type": "Point", "coordinates": [-85.8972875, 38.3126089]}, "properties": {"camera_id": "osm_13643824801", "camera_type": "alpr", "road": "", "operator": "", "updated_at": "2026-08-04T16:29"}}, {"type": "Feature", "geometry": {"type": "Point", "coordinates": [-86.9155626, 40.4314772]}, "properties": {"camera_id": "osm_13644466802", "camera_type": "alpr", "road": "", "operator": "", "updated_at": "2026-08-04T16:29"}}, {"type": "Feature", "geometry": {"type": "Point", "coordinates": [-86.3629633, 40.7525447]}, "properties": {"camera_id": "osm_13647430802", "camera_type": "alpr", "road": "", "operator": "", "updated_at": "2026-08-04T16:29"}}, {"type": "Feature", "geometry": {"type": "Point", "coordinates": [-86.3586997, 38.2431892]}, "properties": {"camera_id": "osm_13647927801", "camera_type": "alpr", "road": "", "operator": "", "updated_at": "2026-08-04T16:29"}}, {"type": "Feature", "geometry": {"type": "Point", "coordinates": [-86.3535855, 38.3138707]}, "properties": {"camera_id": "osm_13648060501", "camera_type": "alpr", "road": "", "operator": "", "updated_at": "2026-08-04T16:29"}}, {"type": "Feature", "geometry": {"type": "Point", "coordinates": [-86.3148957, 38.2526549]}, "properties": {"camera_id": "osm_13648078101", "camera_type": "alpr", "road": "", "operator": "", "updated_at": "2026-08-04T16:29"}}, {"type": "Feature", "geometry": {"type": "Point", "coordinates": [-87.6836438, 38.1606694]}, "properties": {"camera_id": "osm_13648557601", "camera_type": "alpr", "road": "", "operator": "", "updated_at": "2026-08-04T16:29"}}, {"type": "Feature", "geometry": {"type": "Point", "coordinates": [-85.7116666, 38.3214763]}, "properties": {"camera_id": "osm_13648816801", "camera_type": "alpr", "road": "", "operator": "", "updated_at": "2026-08-04T16:29"}}, {"type": "Feature", "geometry": {"type": "Point", "coordinates": [-85.711867, 38.3223465]}, "properties": {"camera_id": "osm_13650564201", "camera_type": "alpr", "road": "", "operator": "", "updated_at": "2026-08-04T16:29"}}, {"type": "Feature", "geometry": {"type": "Point", "coordinates": [-85.7103656, 38.3202938]}, "properties": {"camera_id": "osm_13650564202", "camera_type": "alpr", "road": "", "operator": "", "updated_at": "2026-08-04T16:29"}}, {"type": "Feature", "geometry": {"type": "Point", "coordinates": [-85.7057304, 38.3150013]}, "properties": {"camera_id": "osm_13650564203", "camera_type": "alpr", "road": "", "operator": "", "updated_at": "2026-08-04T16:29"}}, {"type": "Feature", "geometry": {"type": "Point", "coordinates": [-85.7112284, 38.3251611]}, "properties": {"camera_id": "osm_13650564401", "camera_type": "alpr", "road": "", "operator": "", "updated_at": "2026-08-04T16:29"}}, {"type": "Feature", "geometry": {"type": "Point", "coordinates": [-85.6884495, 38.2957916]}, "properties": {"camera_id": "osm_13650823101", "camera_type": "alpr", "road": "", "operator": "", "updated_at": "2026-08-04T16:29"}}, {"type": "Feature", "geometry": {"type": "Point", "coordinates": [-85.6884495, 38.2957916]}, "properties": {"camera_id": "osm_13650835401", "camera_type": "alpr", "road": "", "operator": "", "updated_at": "2026-08-04T16:29"}}, {"type": "Feature", "geometry": {"type": "Point", "coordinates": [-85.7115548, 38.3234272]}, "properties": {"camera_id": "osm_13650877901", "camera_type": "alpr", "road": "", "operator": "", "updated_at": "2026-08-04T16:29"}}, {"type": "Feature", "geometry": {"type": "Point", "coordinates": [-85.4208763, 40.2147969]}, "properties": {"camera_id": "osm_13651101201", "camera_type": "alpr", "road": "", "operator": "", "updated_at": "2026-08-04T16:29"}}, {"type": "Feature", "geometry": {"type": "Point", "coordinates": [-85.4379622, 40.2175501]}, "properties": {"camera_id": "osm_13651107001", "camera_type": "alpr", "road": "", "operator": "", "updated_at": "2026-08-04T16:29"}}, {"type": "Feature", "geometry": {"type": "Point", "coordinates": [-86.6209065, 41.3017]}, "properties": {"camera_id": "osm_13652995001", "camera_type": "alpr", "road": "", "operator": "", "updated_at": "2026-08-04T16:29"}}, {"type": "Feature", "geometry": {"type": "Point", "coordinates": [-85.7326238, 38.2900465]}, "properties": {"camera_id": "osm_13653780701", "camera_type": "alpr", "road": "", "operator": "", "updated_at": "2026-08-04T16:29"}}, {"type": "Feature", "geometry": {"type": "Point", "coordinates": [-86.1918871, 39.5623711]}, "properties": {"camera_id": "osm_13655205902", "camera_type": "alpr", "road": "", "operator": "", "updated_at": "2026-08-04T16:29"}}, {"type": "Feature", "geometry": {"type": "Point", "coordinates": [-86.1903123, 39.5481061]}, "properties": {"camera_id": "osm_13655213001", "camera_type": "alpr", "road": "", "operator": "", "updated_at": "2026-08-04T16:29"}}, {"type": "Feature", "geometry": {"type": "Point", "coordinates": [-86.0455998, 39.8079472]}, "properties": {"camera_id": "osm_13656026303", "camera_type": "alpr", "road": "", "operator": "", "updated_at": "2026-08-04T16:29"}}, {"type": "Feature", "geometry": {"type": "Point", "coordinates": [-85.7075961, 40.0759997]}, "properties": {"camera_id": "osm_13656320404", "camera_type": "alpr", "road": "", "operator": "", "updated_at": "2026-08-04T16:29"}}, {"type": "Feature", "geometry": {"type": "Point", "coordinates": [-85.7111995, 40.09165]}, "properties": {"camera_id": "osm_13656334401", "camera_type": "alpr", "road": "", "operator": "", "updated_at": "2026-08-04T16:29"}}, {"type": "Feature", "geometry": {"type": "Point", "coordinates": [-85.7138387, 40.0999331]}, "properties": {"camera_id": "osm_13656619701", "camera_type": "alpr", "road": "", "operator": "", "updated_at": "2026-08-04T16:29"}}, {"type": "Feature", "geometry": {"type": "Point", "coordinates": [-85.7108466, 40.1082341]}, "properties": {"camera_id": "osm_13656639601", "camera_type": "alpr", "road": "", "operator": "", "updated_at": "2026-08-04T16:29"}}, {"type": "Feature", "geometry": {"type": "Point", "coordinates": [-85.709623, 40.1082548]}, "properties": {"camera_id": "osm_13656639602", "camera_type": "alpr", "road": "", "operator": "", "updated_at": "2026-08-04T16:29"}}, {"type": "Feature", "geometry": {"type": "Point", "coordinates": [-85.7099529, 40.1068429]}, "properties": {"camera_id": "osm_13656649801", "camera_type": "alpr", "road": "", "operator": "", "updated_at": "2026-08-04T16:29"}}, {"type": "Feature", "geometry": {"type": "Point", "coordinates": [-85.7015292, 40.107729]}, "properties": {"camera_id": "osm_13656665201", "camera_type": "alpr", "road": "", "operator": "", "updated_at": "2026-08-04T16:29"}}, {"type": "Feature", "geometry": {"type": "Point", "coordinates": [-85.7019012, 40.102999]}, "properties": {"camera_id": "osm_13656667201", "camera_type": "alpr", "road": "", "operator": "", "updated_at": "2026-08-04T16:29"}}, {"type": "Feature", "geometry": {"type": "Point", "coordinates": [-85.7022373, 40.102977]}, "properties": {"camera_id": "osm_13656670501", "camera_type": "alpr", "road": "", "operator": "", "updated_at": "2026-08-04T16:29"}}, {"type": "Feature", "geometry": {"type": "Point", "coordinates": [-85.701589, 40.1019162]}, "properties": {"camera_id": "osm_13656670502", "camera_type": "alpr", "road": "", "operator": "", "updated_at": "2026-08-04T16:29"}}, {"type": "Feature", "geometry": {"type": "Point", "coordinates": [-85.6920358, 40.1078053]}, "properties": {"camera_id": "osm_13656699701", "camera_type": "alpr", "road": "", "operator": "", "updated_at": "2026-08-04T16:29"}}, {"type": "Feature", "geometry": {"type": "Point", "coordinates": [-85.6917098, 40.1153117]}, "properties": {"camera_id": "osm_13656706701", "camera_type": "alpr", "road": "", "operator": "", "updated_at": "2026-08-04T16:29"}}, {"type": "Feature", "geometry": {"type": "Point", "coordinates": [-85.6915688, 40.1348137]}, "properties": {"camera_id": "osm_13656712701", "camera_type": "alpr", "road": "", "operator": "", "updated_at": "2026-08-04T16:29"}}, {"type": "Feature", "geometry": {"type": "Point", "coordinates": [-85.6718442, 40.1588704]}, "properties": {"camera_id": "osm_13656724301", "camera_type": "alpr", "road": "", "operator": "", "updated_at": "2026-08-04T16:29"}}, {"type": "Feature", "geometry": {"type": "Point", "coordinates": [-87.433007, 41.5916573]}, "properties": {"camera_id": "osm_13659330633", "camera_type": "alpr", "road": "", "operator": "", "updated_at": "2026-08-04T16:29"}}, {"type": "Feature", "geometry": {"type": "Point", "coordinates": [-85.9530834, 39.7767917]}, "properties": {"camera_id": "osm_13660515213", "camera_type": "alpr", "road": "", "operator": "", "updated_at": "2026-08-04T16:29"}}, {"type": "Feature", "geometry": {"type": "Point", "coordinates": [-85.9849381, 41.6800573]}, "properties": {"camera_id": "osm_13661278501", "camera_type": "alpr", "road": "", "operator": "", "updated_at": "2026-08-04T16:29"}}, {"type": "Feature", "geometry": {"type": "Point", "coordinates": [-86.0958881, 40.7432007]}, "properties": {"camera_id": "osm_13661615801", "camera_type": "alpr", "road": "", "operator": "", "updated_at": "2026-08-04T16:29"}}, {"type": "Feature", "geometry": {"type": "Point", "coordinates": [-86.3854985, 39.6303984]}, "properties": {"camera_id": "osm_13662193301", "camera_type": "alpr", "road": "", "operator": "", "updated_at": "2026-08-04T16:29"}}, {"type": "Feature", "geometry": {"type": "Point", "coordinates": [-86.1975836, 41.6948238]}, "properties": {"camera_id": "osm_13663493701", "camera_type": "alpr", "road": "", "operator": "", "updated_at": "2026-08-04T16:29"}}, {"type": "Feature", "geometry": {"type": "Point", "coordinates": [-86.2354849, 41.679334]}, "properties": {"camera_id": "osm_13663601001", "camera_type": "alpr", "road": "", "operator": "", "updated_at": "2026-08-04T16:29"}}, {"type": "Feature", "geometry": {"type": "Point", "coordinates": [-86.2321799, 41.6931903]}, "properties": {"camera_id": "osm_13663601002", "camera_type": "alpr", "road": "", "operator": "", "updated_at": "2026-08-04T16:29"}}, {"type": "Feature", "geometry": {"type": "Point", "coordinates": [-86.1963585, 41.6946298]}, "properties": {"camera_id": "osm_13663603401", "camera_type": "alpr", "road": "", "operator": "", "updated_at": "2026-08-04T16:29"}}, {"type": "Feature", "geometry": {"type": "Point", "coordinates": [-86.2298716, 41.6937141]}, "properties": {"camera_id": "osm_13663605501", "camera_type": "alpr", "road": "", "operator": "", "updated_at": "2026-08-04T16:29"}}, {"type": "Feature", "geometry": {"type": "Point", "coordinates": [-86.2518705, 41.6789782]}, "properties": {"camera_id": "osm_13663617301", "camera_type": "alpr", "road": "", "operator": "", "updated_at": "2026-08-04T16:29"}}, {"type": "Feature", "geometry": {"type": "Point", "coordinates": [-86.2834032, 41.6791183]}, "properties": {"camera_id": "osm_13663620901", "camera_type": "alpr", "road": "", "operator": "", "updated_at": "2026-08-04T16:29"}}, {"type": "Feature", "geometry": {"type": "Point", "coordinates": [-86.3034514, 41.6739695]}, "properties": {"camera_id": "osm_13663655401", "camera_type": "alpr", "road": "", "operator": "", "updated_at": "2026-08-04T16:29"}}, {"type": "Feature", "geometry": {"type": "Point", "coordinates": [-86.2802901, 41.6502405]}, "properties": {"camera_id": "osm_13663655402", "camera_type": "alpr", "road": "", "operator": "", "updated_at": "2026-08-04T16:29"}}, {"type": "Feature", "geometry": {"type": "Point", "coordinates": [-86.2823879, 41.664515]}, "properties": {"camera_id": "osm_13663660702", "camera_type": "alpr", "road": "", "operator": "", "updated_at": "2026-08-04T16:29"}}, {"type": "Feature", "geometry": {"type": "Point", "coordinates": [-86.2350701, 41.6581911]}, "properties": {"camera_id": "osm_13663671201", "camera_type": "alpr", "road": "", "operator": "", "updated_at": "2026-08-04T16:29"}}, {"type": "Feature", "geometry": {"type": "Point", "coordinates": [-86.2347216, 41.6304271]}, "properties": {"camera_id": "osm_13663675302", "camera_type": "alpr", "road": "", "operator": "", "updated_at": "2026-08-04T16:29"}}, {"type": "Feature", "geometry": {"type": "Point", "coordinates": [-87.426265, 41.4497855]}, "properties": {"camera_id": "osm_13664735024", "camera_type": "alpr", "road": "", "operator": "", "updated_at": "2026-08-04T16:29"}}, {"type": "Feature", "geometry": {"type": "Point", "coordinates": [-87.6344302, 37.9897605]}, "properties": {"camera_id": "osm_13665541405", "camera_type": "alpr", "road": "", "operator": "", "updated_at": "2026-08-04T16:29"}}, {"type": "Feature", "geometry": {"type": "Point", "coordinates": [-85.7574711, 38.3705529]}, "properties": {"camera_id": "osm_13665669601", "camera_type": "alpr", "road": "", "operator": "", "updated_at": "2026-08-04T16:29"}}, {"type": "Feature", "geometry": {"type": "Point", "coordinates": [-85.9656312, 41.6782969]}, "properties": {"camera_id": "osm_13665758101", "camera_type": "alpr", "road": "", "operator": "", "updated_at": "2026-08-04T16:29"}}, {"type": "Feature", "geometry": {"type": "Point", "coordinates": [-86.3310317, 39.7628138]}, "properties": {"camera_id": "osm_13665853501", "camera_type": "alpr", "road": "", "operator": "", "updated_at": "2026-08-04T16:29"}}, {"type": "Feature", "geometry": {"type": "Point", "coordinates": [-86.3316083, 39.7627564]}, "properties": {"camera_id": "osm_13665854701", "camera_type": "alpr", "road": "", "operator": "", "updated_at": "2026-08-04T16:29"}}, {"type": "Feature", "geometry": {"type": "Point", "coordinates": [-86.2723483, 41.534507]}, "properties": {"camera_id": "osm_13665885101", "camera_type": "alpr", "road": "", "operator": "", "updated_at": "2026-08-04T16:29"}}, {"type": "Feature", "geometry": {"type": "Point", "coordinates": [-87.4522187, 39.9521511]}, "properties": {"camera_id": "osm_13669089359", "camera_type": "alpr", "road": "", "operator": "", "updated_at": "2026-08-04T16:29"}}, {"type": "Feature", "geometry": {"type": "Point", "coordinates": [-86.8917661, 41.7287984]}, "properties": {"camera_id": "osm_13669864601", "camera_type": "alpr", "road": "", "operator": "", "updated_at": "2026-08-04T16:29"}}, {"type": "Feature", "geometry": {"type": "Point", "coordinates": [-86.8910042, 41.72937]}, "properties": {"camera_id": "osm_13669868501", "camera_type": "alpr", "road": "", "operator": "", "updated_at": "2026-08-04T16:29"}}, {"type": "Feature", "geometry": {"type": "Point", "coordinates": [-87.062911, 41.6338057]}, "properties": {"camera_id": "osm_13670388961", "camera_type": "alpr", "road": "", "operator": "", "updated_at": "2026-08-04T16:29"}}, {"type": "Feature", "geometry": {"type": "Point", "coordinates": [-86.91445, 40.3884422]}, "properties": {"camera_id": "osm_13670402201", "camera_type": "alpr", "road": "", "operator": "", "updated_at": "2026-08-04T16:29"}}, {"type": "Feature", "geometry": {"type": "Point", "coordinates": [-86.0159054, 41.6284591]}, "properties": {"camera_id": "osm_13672458601", "camera_type": "alpr", "road": "", "operator": "", "updated_at": "2026-08-04T16:29"}}, {"type": "Feature", "geometry": {"type": "Point", "coordinates": [-85.9581868, 41.6740149]}, "properties": {"camera_id": "osm_13673217902", "camera_type": "alpr", "road": "", "operator": "", "updated_at": "2026-08-04T16:29"}}, {"type": "Feature", "geometry": {"type": "Point", "coordinates": [-84.8196311, 39.829632]}, "properties": {"camera_id": "osm_13673236201", "camera_type": "alpr", "road": "", "operator": "", "updated_at": "2026-08-04T16:29"}}, {"type": "Feature", "geometry": {"type": "Point", "coordinates": [-84.8214759, 39.8328148]}, "properties": {"camera_id": "osm_13673237301", "camera_type": "alpr", "road": "", "operator": "", "updated_at": "2026-08-04T16:29"}}, {"type": "Feature", "geometry": {"type": "Point", "coordinates": [-86.2444591, 39.867613]}, "properties": {"camera_id": "osm_13673283901", "camera_type": "alpr", "road": "", "operator": "", "updated_at": "2026-08-04T16:29"}}, {"type": "Feature", "geometry": {"type": "Point", "coordinates": [-86.8580394, 40.4171193]}, "properties": {"camera_id": "osm_13675725704", "camera_type": "alpr", "road": "", "operator": "", "updated_at": "2026-08-04T16:29"}}, {"type": "Feature", "geometry": {"type": "Point", "coordinates": [-86.8580394, 40.4171193]}, "properties": {"camera_id": "osm_13675862201", "camera_type": "alpr", "road": "", "operator": "", "updated_at": "2026-08-04T16:29"}}, {"type": "Feature", "geometry": {"type": "Point", "coordinates": [-85.3697782, 38.7335586]}, "properties": {"camera_id": "osm_13676534701", "camera_type": "alpr", "road": "", "operator": "", "updated_at": "2026-08-04T16:29"}}, {"type": "Feature", "geometry": {"type": "Point", "coordinates": [-86.8391896, 40.4196572]}, "properties": {"camera_id": "osm_13678052901", "camera_type": "alpr", "road": "", "operator": "", "updated_at": "2026-08-04T16:29"}}, {"type": "Feature", "geometry": {"type": "Point", "coordinates": [-86.8474173, 40.4323171]}, "properties": {"camera_id": "osm_13678218101", "camera_type": "alpr", "road": "", "operator": "", "updated_at": "2026-08-04T16:29"}}, {"type": "Feature", "geometry": {"type": "Point", "coordinates": [-86.2741808, 41.69384]}, "properties": {"camera_id": "osm_13678622701", "camera_type": "alpr", "road": "", "operator": "", "updated_at": "2026-08-04T16:29"}}, {"type": "Feature", "geometry": {"type": "Point", "coordinates": [-86.2703365, 41.6761394]}, "properties": {"camera_id": "osm_13678646301", "camera_type": "alpr", "road": "", "operator": "", "updated_at": "2026-08-04T16:29"}}, {"type": "Feature", "geometry": {"type": "Point", "coordinates": [-87.408091, 41.5517078]}, "properties": {"camera_id": "osm_13679588815", "camera_type": "alpr", "road": "", "operator": "", "updated_at": "2026-08-04T16:29"}}, {"type": "Feature", "geometry": {"type": "Point", "coordinates": [-87.4080818, 41.5531049]}, "properties": {"camera_id": "osm_13679590936", "camera_type": "alpr", "road": "", "operator": "", "updated_at": "2026-08-04T16:29"}}, {"type": "Feature", "geometry": {"type": "Point", "coordinates": [-85.9285915, 38.2871838]}, "properties": {"camera_id": "osm_13679991198", "camera_type": "alpr", "road": "", "operator": "", "updated_at": "2026-08-04T16:29"}}, {"type": "Feature", "geometry": {"type": "Point", "coordinates": [-85.3872494, 38.7852949]}, "properties": {"camera_id": "osm_13682393401", "camera_type": "alpr", "road": "", "operator": "", "updated_at": "2026-08-04T16:29"}}, {"type": "Feature", "geometry": {"type": "Point", "coordinates": [-85.369823, 38.7336514]}, "properties": {"camera_id": "osm_13682403701", "camera_type": "alpr", "road": "", "operator": "", "updated_at": "2026-08-04T16:29"}}, {"type": "Feature", "geometry": {"type": "Point", "coordinates": [-86.0123678, 41.4456537]}, "properties": {"camera_id": "osm_13682447455", "camera_type": "alpr", "road": "", "operator": "", "updated_at": "2026-08-04T16:29"}}, {"type": "Feature", "geometry": {"type": "Point", "coordinates": [-86.011724, 41.4456818]}, "properties": {"camera_id": "osm_13682456628", "camera_type": "alpr", "road": "", "operator": "", "updated_at": "2026-08-04T16:29"}}, {"type": "Feature", "geometry": {"type": "Point", "coordinates": [-86.00066, 41.3607171]}, "properties": {"camera_id": "osm_13682471105", "camera_type": "alpr", "road": "", "operator": "", "updated_at": "2026-08-04T16:29"}}, {"type": "Feature", "geometry": {"type": "Point", "coordinates": [-86.839242, 40.4189072]}, "properties": {"camera_id": "osm_13683385401", "camera_type": "alpr", "road": "", "operator": "", "updated_at": "2026-08-04T16:29"}}, {"type": "Feature", "geometry": {"type": "Point", "coordinates": [-87.8965716, 37.9686364]}, "properties": {"camera_id": "osm_13683581401", "camera_type": "alpr", "road": "", "operator": "", "updated_at": "2026-08-04T16:29"}}, {"type": "Feature", "geometry": {"type": "Point", "coordinates": [-85.9909358, 40.0477412]}, "properties": {"camera_id": "osm_13683596201", "camera_type": "alpr", "road": "", "operator": "", "updated_at": "2026-08-04T16:29"}}, {"type": "Feature", "geometry": {"type": "Point", "coordinates": [-87.9011847, 38.0243342]}, "properties": {"camera_id": "osm_13683619301", "camera_type": "alpr", "road": "", "operator": "", "updated_at": "2026-08-04T16:29"}}, {"type": "Feature", "geometry": {"type": "Point", "coordinates": [-85.0756833, 41.180916]}, "properties": {"camera_id": "osm_13686795805", "camera_type": "alpr", "road": "", "operator": "", "updated_at": "2026-08-04T16:29"}}, {"type": "Feature", "geometry": {"type": "Point", "coordinates": [-85.0759537, 41.1784038]}, "properties": {"camera_id": "osm_13686795903", "camera_type": "alpr", "road": "", "operator": "", "updated_at": "2026-08-04T16:29"}}, {"type": "Feature", "geometry": {"type": "Point", "coordinates": [-87.5697046, 37.9598188]}, "properties": {"camera_id": "osm_13687030801", "camera_type": "alpr", "road": "", "operator": "", "updated_at": "2026-08-04T16:29"}}, {"type": "Feature", "geometry": {"type": "Point", "coordinates": [-86.0977584, 38.4054984]}, "properties": {"camera_id": "osm_13687795401", "camera_type": "alpr", "road": "", "operator": "", "updated_at": "2026-08-04T16:29"}}, {"type": "Feature", "geometry": {"type": "Point", "coordinates": [-87.5199173, 38.6933386]}, "properties": {"camera_id": "osm_13687969194", "camera_type": "alpr", "road": "", "operator": "", "updated_at": "2026-08-04T16:29"}}, {"type": "Feature", "geometry": {"type": "Point", "coordinates": [-86.6171323, 38.5528846]}, "properties": {"camera_id": "osm_13689685001", "camera_type": "alpr", "road": "", "operator": "", "updated_at": "2026-08-04T16:29"}}, {"type": "Feature", "geometry": {"type": "Point", "coordinates": [-86.6171323, 38.552877]}, "properties": {"camera_id": "osm_13689686301", "camera_type": "alpr", "road": "", "operator": "", "updated_at": "2026-08-04T16:29"}}, {"type": "Feature", "geometry": {"type": "Point", "coordinates": [-86.5184565, 38.860286]}, "properties": {"camera_id": "osm_13691870301", "camera_type": "alpr", "road": "", "operator": "", "updated_at": "2026-08-04T16:29"}}, {"type": "Feature", "geometry": {"type": "Point", "coordinates": [-86.1573785, 39.7816152]}, "properties": {"camera_id": "osm_13692386701", "camera_type": "alpr", "road": "", "operator": "", "updated_at": "2026-08-04T16:29"}}, {"type": "Feature", "geometry": {"type": "Point", "coordinates": [-85.997369, 40.0228545]}, "properties": {"camera_id": "osm_13695121402", "camera_type": "alpr", "road": "", "operator": "", "updated_at": "2026-08-04T16:29"}}, {"type": "Feature", "geometry": {"type": "Point", "coordinates": [-86.142575, 39.7084433]}, "properties": {"camera_id": "osm_13695786403", "camera_type": "alpr", "road": "", "operator": "", "updated_at": "2026-08-04T16:29"}}, {"type": "Feature", "geometry": {"type": "Point", "coordinates": [-86.1713413, 40.4876296]}, "properties": {"camera_id": "osm_13696296601", "camera_type": "alpr", "road": "", "operator": "", "updated_at": "2026-08-04T16:29"}}, {"type": "Feature", "geometry": {"type": "Point", "coordinates": [-86.1604852, 39.6039205]}, "properties": {"camera_id": "osm_13699238701", "camera_type": "alpr", "road": "", "operator": "The Home Depot", "updated_at": "2026-08-04T16:29"}}, {"type": "Feature", "geometry": {"type": "Point", "coordinates": [-87.4110764, 39.4078764]}, "properties": {"camera_id": "osm_13701374301", "camera_type": "alpr", "road": "", "operator": "", "updated_at": "2026-08-04T16:29"}}, {"type": "Feature", "geometry": {"type": "Point", "coordinates": [-87.0268165, 41.4693742]}, "properties": {"camera_id": "osm_13701558566", "camera_type": "alpr", "road": "", "operator": "", "updated_at": "2026-08-04T16:29"}}, {"type": "Feature", "geometry": {"type": "Point", "coordinates": [-86.1839385, 39.9264895]}, "properties": {"camera_id": "osm_13702023101", "camera_type": "alpr", "road": "", "operator": "", "updated_at": "2026-08-04T16:29"}}, {"type": "Feature", "geometry": {"type": "Point", "coordinates": [-85.1601963, 41.0516338]}, "properties": {"camera_id": "osm_13702411429", "camera_type": "alpr", "road": "", "operator": "", "updated_at": "2026-08-04T16:29"}}, {"type": "Feature", "geometry": {"type": "Point", "coordinates": [-85.9375951, 40.0015329]}, "properties": {"camera_id": "osm_13704627901", "camera_type": "alpr", "road": "", "operator": "", "updated_at": "2026-08-04T16:29"}}, {"type": "Feature", "geometry": {"type": "Point", "coordinates": [-86.9123867, 41.7145435]}, "properties": {"camera_id": "osm_13709111823", "camera_type": "alpr", "road": "", "operator": "", "updated_at": "2026-08-04T16:29"}}, {"type": "Feature", "geometry": {"type": "Point", "coordinates": [-86.9117852, 41.7150004]}, "properties": {"camera_id": "osm_13709155349", "camera_type": "alpr", "road": "", "operator": "", "updated_at": "2026-08-04T16:29"}}, {"type": "Feature", "geometry": {"type": "Point", "coordinates": [-87.33518, 41.6038436]}, "properties": {"camera_id": "osm_13710140177", "camera_type": "alpr", "road": "", "operator": "", "updated_at": "2026-08-04T16:29"}}, {"type": "Feature", "geometry": {"type": "Point", "coordinates": [-87.3089036, 41.5987668]}, "properties": {"camera_id": "osm_13710212277", "camera_type": "alpr", "road": "", "operator": "", "updated_at": "2026-08-04T16:29"}}, {"type": "Feature", "geometry": {"type": "Point", "coordinates": [-85.7367079, 38.3282641]}, "properties": {"camera_id": "osm_13710242202", "camera_type": "alpr", "road": "", "operator": "", "updated_at": "2026-08-04T16:29"}}, {"type": "Feature", "geometry": {"type": "Point", "coordinates": [-87.311475, 41.5990589]}, "properties": {"camera_id": "osm_13710282981", "camera_type": "alpr", "road": "", "operator": "", "updated_at": "2026-08-04T16:29"}}, {"type": "Feature", "geometry": {"type": "Point", "coordinates": [-86.6111352, 39.2087232]}, "properties": {"camera_id": "osm_13712419102", "camera_type": "alpr", "road": "", "operator": "", "updated_at": "2026-08-04T16:29"}}, {"type": "Feature", "geometry": {"type": "Point", "coordinates": [-85.778805, 38.3048589]}, "properties": {"camera_id": "osm_13712684102", "camera_type": "alpr", "road": "", "operator": "", "updated_at": "2026-08-04T16:29"}}, {"type": "Feature", "geometry": {"type": "Point", "coordinates": [-85.778805, 38.3048589]}, "properties": {"camera_id": "osm_13712686401", "camera_type": "alpr", "road": "", "operator": "", "updated_at": "2026-08-04T16:29"}}, {"type": "Feature", "geometry": {"type": "Point", "coordinates": [-86.5174641, 38.8587411]}, "properties": {"camera_id": "osm_13714268601", "camera_type": "alpr", "road": "", "operator": "", "updated_at": "2026-08-04T16:29"}}, {"type": "Feature", "geometry": {"type": "Point", "coordinates": [-87.4141423, 39.4676382]}, "properties": {"camera_id": "osm_13716620881", "camera_type": "alpr", "road": "", "operator": "", "updated_at": "2026-08-04T16:29"}}, {"type": "Feature", "geometry": {"type": "Point", "coordinates": [-86.6739258, 41.6331742]}, "properties": {"camera_id": "osm_13717402201", "camera_type": "alpr", "road": "", "operator": "", "updated_at": "2026-08-04T16:29"}}, {"type": "Feature", "geometry": {"type": "Point", "coordinates": [-87.0141209, 41.4692754]}, "properties": {"camera_id": "osm_13717405501", "camera_type": "alpr", "road": "", "operator": "", "updated_at": "2026-08-04T16:29"}}, {"type": "Feature", "geometry": {"type": "Point", "coordinates": [-87.236093, 39.7623106]}, "properties": {"camera_id": "osm_13719144024", "camera_type": "alpr", "road": "", "operator": "", "updated_at": "2026-08-04T16:29"}}, {"type": "Feature", "geometry": {"type": "Point", "coordinates": [-86.1838146, 39.7748403]}, "properties": {"camera_id": "osm_13719517001", "camera_type": "alpr", "road": "", "operator": "", "updated_at": "2026-08-04T16:29"}}, {"type": "Feature", "geometry": {"type": "Point", "coordinates": [-85.9659785, 41.6812459]}, "properties": {"camera_id": "osm_13720746001", "camera_type": "alpr", "road": "", "operator": "", "updated_at": "2026-08-04T16:29"}}, {"type": "Feature", "geometry": {"type": "Point", "coordinates": [-85.9166217, 41.6813931]}, "properties": {"camera_id": "osm_13720757201", "camera_type": "alpr", "road": "", "operator": "", "updated_at": "2026-08-04T16:29"}}, {"type": "Feature", "geometry": {"type": "Point", "coordinates": [-87.0543417, 41.6365323]}, "properties": {"camera_id": "osm_13721595101", "camera_type": "alpr", "road": "", "operator": "", "updated_at": "2026-08-04T16:29"}}, {"type": "Feature", "geometry": {"type": "Point", "coordinates": [-87.0427162, 41.6169416]}, "properties": {"camera_id": "osm_13722108201", "camera_type": "alpr", "road": "", "operator": "", "updated_at": "2026-08-04T16:29"}}, {"type": "Feature", "geometry": {"type": "Point", "coordinates": [-86.8652954, 38.2093283]}, "properties": {"camera_id": "osm_13723263103", "camera_type": "alpr", "road": "", "operator": "", "updated_at": "2026-08-04T16:29"}}, {"type": "Feature", "geometry": {"type": "Point", "coordinates": [-86.1258678, 39.5936136]}, "properties": {"camera_id": "osm_13724266401", "camera_type": "alpr", "road": "", "operator": "", "updated_at": "2026-08-04T16:29"}}, {"type": "Feature", "geometry": {"type": "Point", "coordinates": [-86.1259397, 39.5960236]}, "properties": {"camera_id": "osm_13724275101", "camera_type": "alpr", "road": "", "operator": "", "updated_at": "2026-08-04T16:29"}}, {"type": "Feature", "geometry": {"type": "Point", "coordinates": [-86.1568364, 39.6058615]}, "properties": {"camera_id": "osm_13724437701", "camera_type": "alpr", "road": "", "operator": "", "updated_at": "2026-08-04T16:29"}}, {"type": "Feature", "geometry": {"type": "Point", "coordinates": [-86.1615321, 39.6039181]}, "properties": {"camera_id": "osm_13724442501", "camera_type": "alpr", "road": "", "operator": "The Home Depot", "updated_at": "2026-08-04T16:29"}}, {"type": "Feature", "geometry": {"type": "Point", "coordinates": [-86.1606052, 39.6051114]}, "properties": {"camera_id": "osm_13724442502", "camera_type": "alpr", "road": "", "operator": "The Home Depot", "updated_at": "2026-08-04T16:29"}}, {"type": "Feature", "geometry": {"type": "Point", "coordinates": [-86.1615476, 39.6050939]}, "properties": {"camera_id": "osm_13724442801", "camera_type": "alpr", "road": "", "operator": "The Home Depot", "updated_at": "2026-08-04T16:29"}}, {"type": "Feature", "geometry": {"type": "Point", "coordinates": [-85.8265417, 41.6675283]}, "properties": {"camera_id": "osm_13725257701", "camera_type": "alpr", "road": "", "operator": "", "updated_at": "2026-08-04T16:29"}}, {"type": "Feature", "geometry": {"type": "Point", "coordinates": [-85.6916977, 41.6972815]}, "properties": {"camera_id": "osm_13726137801", "camera_type": "alpr", "road": "", "operator": "", "updated_at": "2026-08-04T16:29"}}, {"type": "Feature", "geometry": {"type": "Point", "coordinates": [-85.748019, 38.3217997]}, "properties": {"camera_id": "osm_13726154001", "camera_type": "alpr", "road": "", "operator": "", "updated_at": "2026-08-04T16:29"}}, {"type": "Feature", "geometry": {"type": "Point", "coordinates": [-85.748019, 38.3217997]}, "properties": {"camera_id": "osm_13726155001", "camera_type": "alpr", "road": "", "operator": "", "updated_at": "2026-08-04T16:29"}}, {"type": "Feature", "geometry": {"type": "Point", "coordinates": [-87.059858, 39.0309901]}, "properties": {"camera_id": "osm_13727784601", "camera_type": "alpr", "road": "", "operator": "", "updated_at": "2026-08-04T16:29"}}, {"type": "Feature", "geometry": {"type": "Point", "coordinates": [-87.0725744, 38.9999707]}, "properties": {"camera_id": "osm_13727790001", "camera_type": "alpr", "road": "", "operator": "", "updated_at": "2026-08-04T16:29"}}, {"type": "Feature", "geometry": {"type": "Point", "coordinates": [-86.3950989, 39.8572327]}, "properties": {"camera_id": "osm_13728045101", "camera_type": "alpr", "road": "", "operator": "", "updated_at": "2026-08-04T16:29"}}, {"type": "Feature", "geometry": {"type": "Point", "coordinates": [-86.3993825, 39.7245292]}, "properties": {"camera_id": "osm_13728576101", "camera_type": "alpr", "road": "", "operator": "", "updated_at": "2026-08-04T16:29"}}, {"type": "Feature", "geometry": {"type": "Point", "coordinates": [-87.0266627, 41.4782557]}, "properties": {"camera_id": "osm_13730970948", "camera_type": "alpr", "road": "", "operator": "", "updated_at": "2026-08-04T16:29"}}, {"type": "Feature", "geometry": {"type": "Point", "coordinates": [-85.965151, 41.6810961]}, "properties": {"camera_id": "osm_13731083401", "camera_type": "alpr", "road": "", "operator": "", "updated_at": "2026-08-04T16:29"}}, {"type": "Feature", "geometry": {"type": "Point", "coordinates": [-86.4006801, 39.8012021]}, "properties": {"camera_id": "osm_13731135701", "camera_type": "alpr", "road": "", "operator": "", "updated_at": "2026-08-04T16:29"}}, {"type": "Feature", "geometry": {"type": "Point", "coordinates": [-86.4004675, 39.7994957]}, "properties": {"camera_id": "osm_13731143401", "camera_type": "alpr", "road": "", "operator": "", "updated_at": "2026-08-04T16:29"}}, {"type": "Feature", "geometry": {"type": "Point", "coordinates": [-85.1319929, 41.1783791]}, "properties": {"camera_id": "osm_13732148589", "camera_type": "alpr", "road": "", "operator": "", "updated_at": "2026-08-04T16:29"}}, {"type": "Feature", "geometry": {"type": "Point", "coordinates": [-85.9335076, 39.9962735]}, "properties": {"camera_id": "osm_13732958874", "camera_type": "alpr", "road": "", "operator": "", "updated_at": "2026-08-04T16:29"}}, {"type": "Feature", "geometry": {"type": "Point", "coordinates": [-84.8536264, 39.1229621]}, "properties": {"camera_id": "osm_13733117101", "camera_type": "alpr", "road": "", "operator": "", "updated_at": "2026-08-04T16:29"}}, {"type": "Feature", "geometry": {"type": "Point", "coordinates": [-84.8623554, 39.1014947]}, "properties": {"camera_id": "osm_13733118801", "camera_type": "alpr", "road": "", "operator": "", "updated_at": "2026-08-04T16:29"}}, {"type": "Feature", "geometry": {"type": "Point", "coordinates": [-86.3284888, 39.8520405]}, "properties": {"camera_id": "osm_13733466901", "camera_type": "alpr", "road": "", "operator": "", "updated_at": "2026-08-04T16:29"}}, {"type": "Feature", "geometry": {"type": "Point", "coordinates": [-86.3304067, 39.8518675]}, "properties": {"camera_id": "osm_13733470401", "camera_type": "alpr", "road": "", "operator": "", "updated_at": "2026-08-04T16:29"}}, {"type": "Feature", "geometry": {"type": "Point", "coordinates": [-86.3927118, 39.8616007]}, "properties": {"camera_id": "osm_13733629701", "camera_type": "alpr", "road": "", "operator": "", "updated_at": "2026-08-04T16:29"}}, {"type": "Feature", "geometry": {"type": "Point", "coordinates": [-86.4114123, 39.8571259]}, "properties": {"camera_id": "osm_13733655001", "camera_type": "alpr", "road": "", "operator": "", "updated_at": "2026-08-04T16:29"}}, {"type": "Feature", "geometry": {"type": "Point", "coordinates": [-86.3269914, 39.7616791]}, "properties": {"camera_id": "osm_13733767701", "camera_type": "alpr", "road": "", "operator": "", "updated_at": "2026-08-04T16:29"}}, {"type": "Feature", "geometry": {"type": "Point", "coordinates": [-87.3534885, 41.2902337]}, "properties": {"camera_id": "osm_13733850001", "camera_type": "alpr", "road": "", "operator": "", "updated_at": "2026-08-04T16:29"}}, {"type": "Feature", "geometry": {"type": "Point", "coordinates": [-87.0229073, 41.509605]}, "properties": {"camera_id": "osm_13735194801", "camera_type": "alpr", "road": "", "operator": "", "updated_at": "2026-08-04T16:29"}}, {"type": "Feature", "geometry": {"type": "Point", "coordinates": [-87.0227614, 41.5051849]}, "properties": {"camera_id": "osm_13735197901", "camera_type": "alpr", "road": "", "operator": "", "updated_at": "2026-08-04T16:29"}}, {"type": "Feature", "geometry": {"type": "Point", "coordinates": [-85.1683702, 41.0040183]}, "properties": {"camera_id": "osm_13735445867", "camera_type": "alpr", "road": "", "operator": "", "updated_at": "2026-08-04T16:29"}}, {"type": "Feature", "geometry": {"type": "Point", "coordinates": [-85.3655734, 40.9603742]}, "properties": {"camera_id": "osm_13735445868", "camera_type": "alpr", "road": "", "operator": "", "updated_at": "2026-08-04T16:29"}}, {"type": "Feature", "geometry": {"type": "Point", "coordinates": [-86.0784163, 39.5948679]}, "properties": {"camera_id": "osm_13735668787", "camera_type": "alpr", "road": "", "operator": "", "updated_at": "2026-08-04T16:29"}}, {"type": "Feature", "geometry": {"type": "Point", "coordinates": [-86.078154, 39.5884707]}, "properties": {"camera_id": "osm_13735668788", "camera_type": "alpr", "road": "", "operator": "", "updated_at": "2026-08-04T16:29"}}, {"type": "Feature", "geometry": {"type": "Point", "coordinates": [-86.1393374, 39.6646361]}, "properties": {"camera_id": "osm_13737499502", "camera_type": "alpr", "road": "", "operator": "", "updated_at": "2026-08-04T16:29"}}, {"type": "Feature", "geometry": {"type": "Point", "coordinates": [-86.1580922, 39.3923001]}, "properties": {"camera_id": "osm_13740917501", "camera_type": "alpr", "road": "", "operator": "", "updated_at": "2026-08-04T16:29"}}, {"type": "Feature", "geometry": {"type": "Point", "coordinates": [-86.2443219, 39.8166662]}, "properties": {"camera_id": "osm_13741210701", "camera_type": "alpr", "road": "", "operator": "", "updated_at": "2026-08-04T16:29"}}, {"type": "Feature", "geometry": {"type": "Point", "coordinates": [-86.2110428, 39.799799]}, "properties": {"camera_id": "osm_13741213001", "camera_type": "alpr", "road": "", "operator": "", "updated_at": "2026-08-04T16:29"}}, {"type": "Feature", "geometry": {"type": "Point", "coordinates": [-86.213459, 39.8249781]}, "properties": {"camera_id": "osm_13741214101", "camera_type": "alpr", "road": "", "operator": "", "updated_at": "2026-08-04T16:29"}}, {"type": "Feature", "geometry": {"type": "Point", "coordinates": [-86.7400032, 39.3553605]}, "properties": {"camera_id": "osm_13741727402", "camera_type": "alpr", "road": "", "operator": "", "updated_at": "2026-08-04T16:29"}}, {"type": "Feature", "geometry": {"type": "Point", "coordinates": [-86.361918, 41.5352259]}, "properties": {"camera_id": "osm_13743539002", "camera_type": "alpr", "road": "", "operator": "", "updated_at": "2026-08-04T16:29"}}, {"type": "Feature", "geometry": {"type": "Point", "coordinates": [-85.6403246, 39.2856889]}, "properties": {"camera_id": "osm_13743590601", "camera_type": "alpr", "road": "", "operator": "", "updated_at": "2026-08-04T16:29"}}, {"type": "Feature", "geometry": {"type": "Point", "coordinates": [-85.8181201, 41.5986606]}, "properties": {"camera_id": "osm_13749488301", "camera_type": "alpr", "road": "", "operator": "", "updated_at": "2026-08-04T16:29"}}, {"type": "Feature", "geometry": {"type": "Point", "coordinates": [-85.5377222, 40.073965]}, "properties": {"camera_id": "osm_13749712801", "camera_type": "alpr", "road": "", "operator": "", "updated_at": "2026-08-04T16:29"}}, {"type": "Feature", "geometry": {"type": "Point", "coordinates": [-85.5178823, 40.0552304]}, "properties": {"camera_id": "osm_13749729701", "camera_type": "alpr", "road": "", "operator": "", "updated_at": "2026-08-04T16:29"}}, {"type": "Feature", "geometry": {"type": "Point", "coordinates": [-85.5272412, 40.0360501]}, "properties": {"camera_id": "osm_13749731002", "camera_type": "alpr", "road": "", "operator": "", "updated_at": "2026-08-04T16:29"}}, {"type": "Feature", "geometry": {"type": "Point", "coordinates": [-85.3247118, 40.8224719]}, "properties": {"camera_id": "osm_13750952301", "camera_type": "alpr", "road": "", "operator": "", "updated_at": "2026-08-04T16:29"}}, {"type": "Feature", "geometry": {"type": "Point", "coordinates": [-86.2939004, 41.7079734]}, "properties": {"camera_id": "osm_13751023602", "camera_type": "alpr", "road": "", "operator": "", "updated_at": "2026-08-04T16:29"}}, {"type": "Feature", "geometry": {"type": "Point", "coordinates": [-85.1330853, 41.2031724]}, "properties": {"camera_id": "osm_13752289420", "camera_type": "alpr", "road": "", "operator": "", "updated_at": "2026-08-04T16:29"}}, {"type": "Feature", "geometry": {"type": "Point", "coordinates": [-85.1699646, 41.1984337]}, "properties": {"camera_id": "osm_13755102101", "camera_type": "alpr", "road": "", "operator": "", "updated_at": "2026-08-04T16:29"}}, {"type": "Feature", "geometry": {"type": "Point", "coordinates": [-86.855823, 39.4583623]}, "properties": {"camera_id": "osm_13755654501", "camera_type": "alpr", "road": "", "operator": "", "updated_at": "2026-08-04T16:29"}}, {"type": "Feature", "geometry": {"type": "Point", "coordinates": [-86.8750913, 39.4869456]}, "properties": {"camera_id": "osm_13755657101", "camera_type": "alpr", "road": "", "operator": "", "updated_at": "2026-08-04T16:29"}}, {"type": "Feature", "geometry": {"type": "Point", "coordinates": [-86.9153033, 41.7008864]}, "properties": {"camera_id": "osm_13757793303", "camera_type": "alpr", "road": "", "operator": "", "updated_at": "2026-08-04T16:29"}}, {"type": "Feature", "geometry": {"type": "Point", "coordinates": [-86.9141335, 41.7018201]}, "properties": {"camera_id": "osm_13757793304", "camera_type": "alpr", "road": "", "operator": "", "updated_at": "2026-08-04T16:29"}}, {"type": "Feature", "geometry": {"type": "Point", "coordinates": [-84.9707696, 41.634485]}, "properties": {"camera_id": "osm_13757854501", "camera_type": "alpr", "road": "", "operator": "", "updated_at": "2026-08-04T16:29"}}, {"type": "Feature", "geometry": {"type": "Point", "coordinates": [-86.9976741, 38.196752]}, "properties": {"camera_id": "osm_13758856001", "camera_type": "alpr", "road": "", "operator": "", "updated_at": "2026-08-04T16:29"}}, {"type": "Feature", "geometry": {"type": "Point", "coordinates": [-85.8803893, 39.9785816]}, "properties": {"camera_id": "osm_13758887702", "camera_type": "alpr", "road": "", "operator": "", "updated_at": "2026-08-04T16:29"}}, {"type": "Feature", "geometry": {"type": "Point", "coordinates": [-87.4277476, 38.1714729]}, "properties": {"camera_id": "osm_13758892301", "camera_type": "alpr", "road": "", "operator": "", "updated_at": "2026-08-04T16:29"}}, {"type": "Feature", "geometry": {"type": "Point", "coordinates": [-85.86292, 39.9822593]}, "properties": {"camera_id": "osm_13758894301", "camera_type": "alpr", "road": "", "operator": "", "updated_at": "2026-08-04T16:29"}}, {"type": "Feature", "geometry": {"type": "Point", "coordinates": [-86.4232374, 39.4106736]}, "properties": {"camera_id": "osm_13759272201", "camera_type": "alpr", "road": "", "operator": "", "updated_at": "2026-08-04T16:29"}}, {"type": "Feature", "geometry": {"type": "Point", "coordinates": [-86.1107074, 38.9844694]}, "properties": {"camera_id": "osm_13759495847", "camera_type": "alpr", "road": "", "operator": "", "updated_at": "2026-08-04T16:29"}}, {"type": "Feature", "geometry": {"type": "Point", "coordinates": [-85.0773094, 41.1794266]}, "properties": {"camera_id": "osm_13759587602", "camera_type": "alpr", "road": "", "operator": "", "updated_at": "2026-08-04T16:29"}}, {"type": "Feature", "geometry": {"type": "Point", "coordinates": [-85.1403819, 41.0882327]}, "properties": {"camera_id": "osm_13759587603", "camera_type": "alpr", "road": "", "operator": "", "updated_at": "2026-08-04T16:29"}}, {"type": "Feature", "geometry": {"type": "Point", "coordinates": [-86.938261, 38.3987404]}, "properties": {"camera_id": "osm_13759643501", "camera_type": "alpr", "road": "", "operator": "", "updated_at": "2026-08-04T16:29"}}, {"type": "Feature", "geometry": {"type": "Point", "coordinates": [-86.1118101, 39.7232465]}, "properties": {"camera_id": "osm_13759751901", "camera_type": "alpr", "road": "", "operator": "", "updated_at": "2026-08-04T16:29"}}, {"type": "Feature", "geometry": {"type": "Point", "coordinates": [-86.7136818, 39.0005791]}, "properties": {"camera_id": "osm_13761089507", "camera_type": "alpr", "road": "", "operator": "", "updated_at": "2026-08-04T16:29"}}, {"type": "Feature", "geometry": {"type": "Point", "coordinates": [-85.2790126, 40.0409592]}, "properties": {"camera_id": "osm_13762265502", "camera_type": "alpr", "road": "", "operator": "", "updated_at": "2026-08-04T16:29"}}, {"type": "Feature", "geometry": {"type": "Point", "coordinates": [-85.1993158, 41.5829485]}, "properties": {"camera_id": "osm_13764352301", "camera_type": "alpr", "road": "", "operator": "", "updated_at": "2026-08-04T16:29"}}, {"type": "Feature", "geometry": {"type": "Point", "coordinates": [-85.6887099, 39.7888729]}, "properties": {"camera_id": "osm_13764848262", "camera_type": "alpr", "road": "", "operator": "", "updated_at": "2026-08-04T16:29"}}, {"type": "Feature", "geometry": {"type": "Point", "coordinates": [-85.6887297, 39.7888747]}, "properties": {"camera_id": "osm_13764848263", "camera_type": "alpr", "road": "", "operator": "", "updated_at": "2026-08-04T16:29"}}, {"type": "Feature", "geometry": {"type": "Point", "coordinates": [-86.2498171, 39.772421]}, "properties": {"camera_id": "osm_13765116001", "camera_type": "alpr", "road": "", "operator": "", "updated_at": "2026-08-04T16:29"}}, {"type": "Feature", "geometry": {"type": "Point", "coordinates": [-86.7917263, 39.502728]}, "properties": {"camera_id": "osm_13766701501", "camera_type": "alpr", "road": "", "operator": "", "updated_at": "2026-08-04T16:29"}}, {"type": "Feature", "geometry": {"type": "Point", "coordinates": [-85.073157, 41.1806256]}, "properties": {"camera_id": "osm_13767359301", "camera_type": "alpr", "road": "", "operator": "", "updated_at": "2026-08-04T16:29"}}, {"type": "Feature", "geometry": {"type": "Point", "coordinates": [-85.060096, 41.1014891]}, "properties": {"camera_id": "osm_13767361001", "camera_type": "alpr", "road": "", "operator": "", "updated_at": "2026-08-04T16:29"}}, {"type": "Feature", "geometry": {"type": "Point", "coordinates": [-86.1687848, 41.666298]}, "properties": {"camera_id": "osm_13767761288", "camera_type": "alpr", "road": "", "operator": "", "updated_at": "2026-08-04T16:29"}}, {"type": "Feature", "geometry": {"type": "Point", "coordinates": [-86.7475143, 39.9157981]}, "properties": {"camera_id": "osm_13768698801", "camera_type": "alpr", "road": "", "operator": "", "updated_at": "2026-08-04T16:29"}}, {"type": "Feature", "geometry": {"type": "Point", "coordinates": [-86.6829685, 39.0865976]}, "properties": {"camera_id": "osm_13768881901", "camera_type": "alpr", "road": "", "operator": "", "updated_at": "2026-08-04T16:29"}}, {"type": "Feature", "geometry": {"type": "Point", "coordinates": [-85.7290305, 38.2955611]}, "properties": {"camera_id": "osm_13770679801", "camera_type": "alpr", "road": "", "operator": "", "updated_at": "2026-08-04T16:29"}}, {"type": "Feature", "geometry": {"type": "Point", "coordinates": [-85.7269854, 38.2985207]}, "properties": {"camera_id": "osm_13770679802", "camera_type": "alpr", "road": "", "operator": "", "updated_at": "2026-08-04T16:29"}}, {"type": "Feature", "geometry": {"type": "Point", "coordinates": [-85.7269854, 38.2985207]}, "properties": {"camera_id": "osm_13770680501", "camera_type": "alpr", "road": "", "operator": "", "updated_at": "2026-08-04T16:29"}}, {"type": "Feature", "geometry": {"type": "Point", "coordinates": [-85.2316443, 41.3850118]}, "properties": {"camera_id": "osm_13771004601", "camera_type": "alpr", "road": "", "operator": "", "updated_at": "2026-08-04T16:29"}}, {"type": "Feature", "geometry": {"type": "Point", "coordinates": [-85.1880568, 41.2960802]}, "properties": {"camera_id": "osm_13771016301", "camera_type": "alpr", "road": "", "operator": "", "updated_at": "2026-08-04T16:29"}}, {"type": "Feature", "geometry": {"type": "Point", "coordinates": [-85.2819206, 41.4522107]}, "properties": {"camera_id": "osm_13771686601", "camera_type": "alpr", "road": "", "operator": "", "updated_at": "2026-08-04T16:29"}}, {"type": "Feature", "geometry": {"type": "Point", "coordinates": [-86.2554893, 39.7316216]}, "properties": {"camera_id": "osm_13772257201", "camera_type": "alpr", "road": "", "operator": "", "updated_at": "2026-08-04T16:29"}}, {"type": "Feature", "geometry": {"type": "Point", "coordinates": [-86.1329189, 39.6576748]}, "properties": {"camera_id": "osm_13773036001", "camera_type": "alpr", "road": "", "operator": "", "updated_at": "2026-08-04T16:29"}}, {"type": "Feature", "geometry": {"type": "Point", "coordinates": [-86.1349483, 39.664629]}, "properties": {"camera_id": "osm_13773049601", "camera_type": "alpr", "road": "", "operator": "", "updated_at": "2026-08-04T16:29"}}, {"type": "Feature", "geometry": {"type": "Point", "coordinates": [-85.0384056, 41.634901]}, "properties": {"camera_id": "osm_13773112101", "camera_type": "alpr", "road": "", "operator": "", "updated_at": "2026-08-04T16:29"}}, {"type": "Feature", "geometry": {"type": "Point", "coordinates": [-85.6615904, 40.0765574]}, "properties": {"camera_id": "osm_13774762201", "camera_type": "alpr", "road": "", "operator": "", "updated_at": "2026-08-04T16:29"}}, {"type": "Feature", "geometry": {"type": "Point", "coordinates": [-86.0428916, 40.0736642]}, "properties": {"camera_id": "osm_13776161101", "camera_type": "alpr", "road": "", "operator": "", "updated_at": "2026-08-04T16:29"}}, {"type": "Feature", "geometry": {"type": "Point", "coordinates": [-86.0429058, 40.0732181]}, "properties": {"camera_id": "osm_13776161501", "camera_type": "alpr", "road": "", "operator": "", "updated_at": "2026-08-04T16:29"}}, {"type": "Feature", "geometry": {"type": "Point", "coordinates": [-87.5990899, 38.0322281]}, "properties": {"camera_id": "osm_13776708811", "camera_type": "alpr", "road": "", "operator": "", "updated_at": "2026-08-04T16:29"}}, {"type": "Feature", "geometry": {"type": "Point", "coordinates": [-87.5994847, 38.0258049]}, "properties": {"camera_id": "osm_13776736389", "camera_type": "alpr", "road": "", "operator": "", "updated_at": "2026-08-04T16:29"}}, {"type": "Feature", "geometry": {"type": "Point", "coordinates": [-87.6304847, 37.9428238]}, "properties": {"camera_id": "osm_13781000159", "camera_type": "alpr", "road": "", "operator": "", "updated_at": "2026-08-04T16:29"}}, {"type": "Feature", "geometry": {"type": "Point", "coordinates": [-85.7355246, 38.2774859]}, "properties": {"camera_id": "osm_13781567003", "camera_type": "alpr", "road": "", "operator": "", "updated_at": "2026-08-04T16:29"}}, {"type": "Feature", "geometry": {"type": "Point", "coordinates": [-86.6019829, 41.1733034]}, "properties": {"camera_id": "osm_13782153602", "camera_type": "alpr", "road": "", "operator": "", "updated_at": "2026-08-04T16:29"}}, {"type": "Feature", "geometry": {"type": "Point", "coordinates": [-86.6025154, 41.1657892]}, "properties": {"camera_id": "osm_13782170103", "camera_type": "alpr", "road": "", "operator": "", "updated_at": "2026-08-04T16:29"}}, {"type": "Feature", "geometry": {"type": "Point", "coordinates": [-87.2698673, 41.1445114]}, "properties": {"camera_id": "osm_13782763201", "camera_type": "alpr", "road": "", "operator": "", "updated_at": "2026-08-04T16:29"}}, {"type": "Feature", "geometry": {"type": "Point", "coordinates": [-86.7142596, 39.9640929]}, "properties": {"camera_id": "osm_13782826702", "camera_type": "alpr", "road": "", "operator": "", "updated_at": "2026-08-04T16:29"}}, {"type": "Feature", "geometry": {"type": "Point", "coordinates": [-86.7139238, 39.9641287]}, "properties": {"camera_id": "osm_13782832202", "camera_type": "alpr", "road": "", "operator": "", "updated_at": "2026-08-04T16:29"}}, {"type": "Feature", "geometry": {"type": "Point", "coordinates": [-86.7989104, 39.8936413]}, "properties": {"camera_id": "osm_13783179501", "camera_type": "alpr", "road": "", "operator": "", "updated_at": "2026-08-04T16:29"}}, {"type": "Feature", "geometry": {"type": "Point", "coordinates": [-85.9544799, 40.6971989]}, "properties": {"camera_id": "osm_13785331501", "camera_type": "alpr", "road": "", "operator": "", "updated_at": "2026-08-04T16:29"}}, {"type": "Feature", "geometry": {"type": "Point", "coordinates": [-86.2724939, 41.62879]}, "properties": {"camera_id": "osm_13785933801", "camera_type": "alpr", "road": "", "operator": "", "updated_at": "2026-08-04T16:29"}}, {"type": "Feature", "geometry": {"type": "Point", "coordinates": [-86.2553057, 41.6266483]}, "properties": {"camera_id": "osm_13785934801", "camera_type": "alpr", "road": "", "operator": "", "updated_at": "2026-08-04T16:29"}}, {"type": "Feature", "geometry": {"type": "Point", "coordinates": [-85.8170558, 41.707439]}, "properties": {"camera_id": "osm_13787724102", "camera_type": "alpr", "road": "", "operator": "", "updated_at": "2026-08-04T16:29"}}, {"type": "Feature", "geometry": {"type": "Point", "coordinates": [-86.5150139, 41.4727933]}, "properties": {"camera_id": "osm_13792611501", "camera_type": "alpr", "road": "", "operator": "", "updated_at": "2026-08-04T16:29"}}, {"type": "Feature", "geometry": {"type": "Point", "coordinates": [-86.4909198, 41.4308544]}, "properties": {"camera_id": "osm_13792626901", "camera_type": "alpr", "road": "", "operator": "", "updated_at": "2026-08-04T16:29"}}, {"type": "Feature", "geometry": {"type": "Point", "coordinates": [-85.7359201, 38.3285009]}, "properties": {"camera_id": "osm_13792777501", "camera_type": "alpr", "road": "", "operator": "", "updated_at": "2026-08-04T16:29"}}, {"type": "Feature", "geometry": {"type": "Point", "coordinates": [-86.3020943, 39.8149676]}, "properties": {"camera_id": "osm_13792859201", "camera_type": "alpr", "road": "", "operator": "", "updated_at": "2026-08-04T16:29"}}, {"type": "Feature", "geometry": {"type": "Point", "coordinates": [-85.6642993, 40.5631003]}, "properties": {"camera_id": "osm_13793249023", "camera_type": "alpr", "road": "", "operator": "", "updated_at": "2026-08-04T16:29"}}, {"type": "Feature", "geometry": {"type": "Point", "coordinates": [-87.3785884, 39.4340053]}, "properties": {"camera_id": "osm_13794328601", "camera_type": "alpr", "road": "", "operator": "", "updated_at": "2026-08-04T16:29"}}, {"type": "Feature", "geometry": {"type": "Point", "coordinates": [-85.5868178, 41.4280493]}, "properties": {"camera_id": "osm_13796163202", "camera_type": "alpr", "road": "", "operator": "", "updated_at": "2026-08-04T16:29"}}, {"type": "Feature", "geometry": {"type": "Point", "coordinates": [-87.3817439, 38.0274214]}, "properties": {"camera_id": "osm_13796198001", "camera_type": "alpr", "road": "", "operator": "", "updated_at": "2026-08-04T16:29"}}, {"type": "Feature", "geometry": {"type": "Point", "coordinates": [-86.0537509, 39.8698502]}, "properties": {"camera_id": "osm_13797330001", "camera_type": "alpr", "road": "", "operator": "", "updated_at": "2026-08-04T16:29"}}, {"type": "Feature", "geometry": {"type": "Point", "coordinates": [-84.9390433, 40.0128253]}, "properties": {"camera_id": "osm_13797490348", "camera_type": "alpr", "road": "", "operator": "", "updated_at": "2026-08-04T16:29"}}, {"type": "Feature", "geometry": {"type": "Point", "coordinates": [-86.2171424, 41.6577825]}, "properties": {"camera_id": "osm_13797524102", "camera_type": "alpr", "road": "", "operator": "", "updated_at": "2026-08-04T16:29"}}, {"type": "Feature", "geometry": {"type": "Point", "coordinates": [-86.2555042, 39.7322201]}, "properties": {"camera_id": "osm_13798958303", "camera_type": "alpr", "road": "", "operator": "", "updated_at": "2026-08-04T16:29"}}, {"type": "Feature", "geometry": {"type": "Point", "coordinates": [-86.8042315, 41.6925205]}, "properties": {"camera_id": "osm_13799820701", "camera_type": "alpr", "road": "", "operator": "", "updated_at": "2026-08-04T16:29"}}, {"type": "Feature", "geometry": {"type": "Point", "coordinates": [-86.3851276, 39.6289209]}, "properties": {"camera_id": "osm_13799912601", "camera_type": "alpr", "road": "", "operator": "", "updated_at": "2026-08-04T16:29"}}, {"type": "Feature", "geometry": {"type": "Point", "coordinates": [-86.2350895, 41.6632029]}, "properties": {"camera_id": "osm_13805007601", "camera_type": "alpr", "road": "", "operator": "", "updated_at": "2026-08-04T16:29"}}, {"type": "Feature", "geometry": {"type": "Point", "coordinates": [-87.5408142, 38.3525646]}, "properties": {"camera_id": "osm_13805108401", "camera_type": "alpr", "road": "", "operator": "", "updated_at": "2026-08-04T16:29"}}, {"type": "Feature", "geometry": {"type": "Point", "coordinates": [-86.1978163, 41.672998]}, "properties": {"camera_id": "osm_13806040302", "camera_type": "alpr", "road": "", "operator": "", "updated_at": "2026-08-04T16:29"}}, {"type": "Feature", "geometry": {"type": "Point", "coordinates": [-85.2972633, 41.0739352]}, "properties": {"camera_id": "osm_13807246201", "camera_type": "alpr", "road": "", "operator": "", "updated_at": "2026-08-04T16:29"}}, {"type": "Feature", "geometry": {"type": "Point", "coordinates": [-85.7557311, 39.7721595]}, "properties": {"camera_id": "osm_13808265801", "camera_type": "alpr", "road": "", "operator": "", "updated_at": "2026-08-04T16:29"}}, {"type": "Feature", "geometry": {"type": "Point", "coordinates": [-86.8025461, 39.5305347]}, "properties": {"camera_id": "osm_13808864202", "camera_type": "alpr", "road": "", "operator": "", "updated_at": "2026-08-04T16:29"}}, {"type": "Feature", "geometry": {"type": "Point", "coordinates": [-85.0542853, 41.4909288]}, "properties": {"camera_id": "osm_13809526202", "camera_type": "alpr", "road": "", "operator": "", "updated_at": "2026-08-04T16:29"}}, {"type": "Feature", "geometry": {"type": "Point", "coordinates": [-85.0537642, 41.4906776]}, "properties": {"camera_id": "osm_13809531401", "camera_type": "alpr", "road": "", "operator": "", "updated_at": "2026-08-04T16:29"}}, {"type": "Feature", "geometry": {"type": "Point", "coordinates": [-87.5427604, 37.9805952]}, "properties": {"camera_id": "osm_13809623248", "camera_type": "alpr", "road": "", "operator": "", "updated_at": "2026-08-04T16:29"}}, {"type": "Feature", "geometry": {"type": "Point", "coordinates": [-86.1660696, 39.7616885]}, "properties": {"camera_id": "osm_13811461601", "camera_type": "alpr", "road": "", "operator": "", "updated_at": "2026-08-04T16:29"}}, {"type": "Feature", "geometry": {"type": "Point", "coordinates": [-85.2975829, 41.07366]}, "properties": {"camera_id": "osm_13812393131", "camera_type": "alpr", "road": "", "operator": "", "updated_at": "2026-08-04T16:29"}}, {"type": "Feature", "geometry": {"type": "Point", "coordinates": [-87.5750941, 37.9841677]}, "properties": {"camera_id": "osm_13812495190", "camera_type": "alpr", "road": "", "operator": "", "updated_at": "2026-08-04T16:29"}}, {"type": "Feature", "geometry": {"type": "Point", "coordinates": [-87.5743157, 37.9848059]}, "properties": {"camera_id": "osm_13812608942", "camera_type": "alpr", "road": "", "operator": "", "updated_at": "2026-08-04T16:29"}}, {"type": "Feature", "geometry": {"type": "Point", "coordinates": [-87.5754669, 37.9849606]}, "properties": {"camera_id": "osm_13812611398", "camera_type": "alpr", "road": "", "operator": "", "updated_at": "2026-08-04T16:29"}}, {"type": "Feature", "geometry": {"type": "Point", "coordinates": [-85.1898612, 41.3656648]}, "properties": {"camera_id": "osm_13815115601", "camera_type": "alpr", "road": "", "operator": "", "updated_at": "2026-08-04T16:29"}}, {"type": "Feature", "geometry": {"type": "Point", "coordinates": [-86.1580299, 39.4473257]}, "properties": {"camera_id": "osm_13815853301", "camera_type": "alpr", "road": "", "operator": "", "updated_at": "2026-08-04T16:29"}}, {"type": "Feature", "geometry": {"type": "Point", "coordinates": [-85.8872578, 41.6041406]}, "properties": {"camera_id": "osm_13816191001", "camera_type": "alpr", "road": "", "operator": "", "updated_at": "2026-08-04T16:29"}}, {"type": "Feature", "geometry": {"type": "Point", "coordinates": [-85.8324832, 41.6031327]}, "properties": {"camera_id": "osm_13816341401", "camera_type": "alpr", "road": "", "operator": "", "updated_at": "2026-08-04T16:29"}}, {"type": "Feature", "geometry": {"type": "Point", "coordinates": [-85.7770149, 38.6041331]}, "properties": {"camera_id": "osm_13818865201", "camera_type": "alpr", "road": "", "operator": "", "updated_at": "2026-08-04T16:29"}}, {"type": "Feature", "geometry": {"type": "Point", "coordinates": [-85.7769331, 38.6054866]}, "properties": {"camera_id": "osm_13818884301", "camera_type": "alpr", "road": "", "operator": "", "updated_at": "2026-08-04T16:29"}}, {"type": "Feature", "geometry": {"type": "Point", "coordinates": [-85.858618, 41.7097189]}, "properties": {"camera_id": "osm_13819064401", "camera_type": "alpr", "road": "", "operator": "", "updated_at": "2026-08-04T16:29"}}, {"type": "Feature", "geometry": {"type": "Point", "coordinates": [-85.7660209, 39.8144615]}, "properties": {"camera_id": "osm_13819178202", "camera_type": "alpr", "road": "", "operator": "", "updated_at": "2026-08-04T16:29"}}, {"type": "Feature", "geometry": {"type": "Point", "coordinates": [-85.1613331, 41.1022735]}, "properties": {"camera_id": "osm_13821272801", "camera_type": "alpr", "road": "", "operator": "", "updated_at": "2026-08-04T16:29"}}, {"type": "Feature", "geometry": {"type": "Point", "coordinates": [-85.1627774, 41.1030702]}, "properties": {"camera_id": "osm_13821276501", "camera_type": "alpr", "road": "", "operator": "", "updated_at": "2026-08-04T16:29"}}, {"type": "Feature", "geometry": {"type": "Point", "coordinates": [-85.1430047, 41.2358484]}, "properties": {"camera_id": "osm_13821303201", "camera_type": "alpr", "road": "", "operator": "", "updated_at": "2026-08-04T16:29"}}, {"type": "Feature", "geometry": {"type": "Point", "coordinates": [-85.1341926, 41.2301918]}, "properties": {"camera_id": "osm_13821304801", "camera_type": "alpr", "road": "", "operator": "", "updated_at": "2026-08-04T16:29"}}, {"type": "Feature", "geometry": {"type": "Point", "coordinates": [-87.2614677, 41.5619686]}, "properties": {"camera_id": "osm_13822871101", "camera_type": "alpr", "road": "", "operator": "", "updated_at": "2026-08-04T16:29"}}, {"type": "Feature", "geometry": {"type": "Point", "coordinates": [-85.5007262, 41.4575771]}, "properties": {"camera_id": "osm_13823998201", "camera_type": "alpr", "road": "", "operator": "", "updated_at": "2026-08-04T16:29"}}, {"type": "Feature", "geometry": {"type": "Point", "coordinates": [-86.1090164, 39.8401782]}, "properties": {"camera_id": "osm_13825008001", "camera_type": "alpr", "road": "", "operator": "", "updated_at": "2026-08-04T16:29"}}, {"type": "Feature", "geometry": {"type": "Point", "coordinates": [-86.102035, 39.752629]}, "properties": {"camera_id": "osm_13825030601", "camera_type": "alpr", "road": "", "operator": "", "updated_at": "2026-08-04T16:29"}}, {"type": "Feature", "geometry": {"type": "Point", "coordinates": [-86.3925177, 39.8761246]}, "properties": {"camera_id": "osm_13825053768", "camera_type": "alpr", "road": "", "operator": "", "updated_at": "2026-08-04T16:29"}}, {"type": "Feature", "geometry": {"type": "Point", "coordinates": [-87.1267716, 38.6551883]}, "properties": {"camera_id": "osm_13825885301", "camera_type": "alpr", "road": "", "operator": "", "updated_at": "2026-08-04T16:29"}}, {"type": "Feature", "geometry": {"type": "Point", "coordinates": [-85.2321653, 41.4460995]}, "properties": {"camera_id": "osm_13826014627", "camera_type": "alpr", "road": "", "operator": "", "updated_at": "2026-08-04T16:29"}}, {"type": "Feature", "geometry": {"type": "Point", "coordinates": [-85.1466643, 41.0961616]}, "properties": {"camera_id": "osm_13826140802", "camera_type": "alpr", "road": "", "operator": "", "updated_at": "2026-08-04T16:29"}}, {"type": "Feature", "geometry": {"type": "Point", "coordinates": [-85.6192846, 40.0917641]}, "properties": {"camera_id": "osm_13826172602", "camera_type": "alpr", "road": "", "operator": "", "updated_at": "2026-08-04T16:29"}}, {"type": "Feature", "geometry": {"type": "Point", "coordinates": [-85.3767503, 41.4969422]}, "properties": {"camera_id": "osm_13826292802", "camera_type": "alpr", "road": "", "operator": "", "updated_at": "2026-08-04T16:29"}}, {"type": "Feature", "geometry": {"type": "Point", "coordinates": [-85.3709393, 41.5035308]}, "properties": {"camera_id": "osm_13826293901", "camera_type": "alpr", "road": "", "operator": "", "updated_at": "2026-08-04T16:29"}}, {"type": "Feature", "geometry": {"type": "Point", "coordinates": [-87.4832576, 38.686192]}, "properties": {"camera_id": "osm_13828179601", "camera_type": "alpr", "road": "", "operator": "", "updated_at": "2026-08-04T16:29"}}, {"type": "Feature", "geometry": {"type": "Point", "coordinates": [-86.9923991, 40.6202591]}, "properties": {"camera_id": "osm_13828641701", "camera_type": "alpr", "road": "", "operator": "", "updated_at": "2026-08-04T16:29"}}, {"type": "Feature", "geometry": {"type": "Point", "coordinates": [-85.5002929, 41.2846625]}, "properties": {"camera_id": "osm_13828884001", "camera_type": "alpr", "road": "", "operator": "", "updated_at": "2026-08-04T16:29"}}, {"type": "Feature", "geometry": {"type": "Point", "coordinates": [-86.2166182, 39.1935891]}, "properties": {"camera_id": "osm_13829335101", "camera_type": "alpr", "road": "", "operator": "", "updated_at": "2026-08-04T16:29"}}, {"type": "Feature", "geometry": {"type": "Point", "coordinates": [-84.9765177, 40.2785377]}, "properties": {"camera_id": "osm_13830700601", "camera_type": "alpr", "road": "", "operator": "", "updated_at": "2026-08-04T16:29"}}, {"type": "Feature", "geometry": {"type": "Point", "coordinates": [-86.2654995, 39.777875]}, "properties": {"camera_id": "osm_13830824901", "camera_type": "alpr", "road": "", "operator": "", "updated_at": "2026-08-04T16:29"}}, {"type": "Feature", "geometry": {"type": "Point", "coordinates": [-86.8572948, 40.4197434]}, "properties": {"camera_id": "osm_13831120701", "camera_type": "alpr", "road": "", "operator": "The Home Depot", "updated_at": "2026-08-04T16:29"}}, {"type": "Feature", "geometry": {"type": "Point", "coordinates": [-86.2258474, 39.7804477]}, "properties": {"camera_id": "osm_13831149202", "camera_type": "alpr", "road": "", "operator": "", "updated_at": "2026-08-04T16:29"}}, {"type": "Feature", "geometry": {"type": "Point", "coordinates": [-86.2138765, 39.780677]}, "properties": {"camera_id": "osm_13831149203", "camera_type": "alpr", "road": "", "operator": "", "updated_at": "2026-08-04T16:29"}}, {"type": "Feature", "geometry": {"type": "Point", "coordinates": [-86.2172599, 39.7804337]}, "properties": {"camera_id": "osm_13831154303", "camera_type": "alpr", "road": "", "operator": "", "updated_at": "2026-08-04T16:29"}}, {"type": "Feature", "geometry": {"type": "Point", "coordinates": [-85.6634364, 40.5591333]}, "properties": {"camera_id": "osm_13831194378", "camera_type": "alpr", "road": "", "operator": "", "updated_at": "2026-08-04T16:29"}}, {"type": "Feature", "geometry": {"type": "Point", "coordinates": [-85.3953113, 41.396091]}, "properties": {"camera_id": "osm_13831233901", "camera_type": "alpr", "road": "", "operator": "", "updated_at": "2026-08-04T16:29"}}, {"type": "Feature", "geometry": {"type": "Point", "coordinates": [-85.7513236, 39.7861375]}, "properties": {"camera_id": "osm_13831407302", "camera_type": "alpr", "road": "", "operator": "", "updated_at": "2026-08-04T16:29"}}, {"type": "Feature", "geometry": {"type": "Point", "coordinates": [-85.7553813, 39.7859464]}, "properties": {"camera_id": "osm_13831414801", "camera_type": "alpr", "road": "", "operator": "", "updated_at": "2026-08-04T16:29"}}, {"type": "Feature", "geometry": {"type": "Point", "coordinates": [-85.7553884, 39.7859523]}, "properties": {"camera_id": "osm_13831414802", "camera_type": "alpr", "road": "", "operator": "", "updated_at": "2026-08-04T16:29"}}, {"type": "Feature", "geometry": {"type": "Point", "coordinates": [-85.423503, 41.452581]}, "properties": {"camera_id": "osm_13832155402", "camera_type": "alpr", "road": "", "operator": "", "updated_at": "2026-08-04T16:29"}}, {"type": "Feature", "geometry": {"type": "Point", "coordinates": [-85.6319222, 40.1135367]}, "properties": {"camera_id": "osm_13833205502", "camera_type": "alpr", "road": "", "operator": "", "updated_at": "2026-08-04T16:29"}}, {"type": "Feature", "geometry": {"type": "Point", "coordinates": [-85.6352717, 40.113696]}, "properties": {"camera_id": "osm_13833208001", "camera_type": "alpr", "road": "", "operator": "", "updated_at": "2026-08-04T16:29"}}, {"type": "Feature", "geometry": {"type": "Point", "coordinates": [-85.5720019, 40.113981]}, "properties": {"camera_id": "osm_13833282101", "camera_type": "alpr", "road": "", "operator": "", "updated_at": "2026-08-04T16:29"}}, {"type": "Feature", "geometry": {"type": "Point", "coordinates": [-86.2534864, 41.6730585]}, "properties": {"camera_id": "osm_13836391901", "camera_type": "alpr", "road": "", "operator": "", "updated_at": "2026-08-04T16:29"}}, {"type": "Feature", "geometry": {"type": "Point", "coordinates": [-87.397875, 39.4678407]}, "properties": {"camera_id": "osm_13837913160", "camera_type": "alpr", "road": "", "operator": "", "updated_at": "2026-08-04T16:29"}}, {"type": "Feature", "geometry": {"type": "Point", "coordinates": [-87.3976204, 39.4677442]}, "properties": {"camera_id": "osm_13837913161", "camera_type": "alpr", "road": "", "operator": "", "updated_at": "2026-08-04T16:29"}}, {"type": "Feature", "geometry": {"type": "Point", "coordinates": [-85.1562194, 41.0952395]}, "properties": {"camera_id": "osm_13837920501", "camera_type": "alpr", "road": "", "operator": "", "updated_at": "2026-08-04T16:29"}}, {"type": "Feature", "geometry": {"type": "Point", "coordinates": [-86.1210997, 38.2087156]}, "properties": {"camera_id": "osm_13838096301", "camera_type": "alpr", "road": "", "operator": "", "updated_at": "2026-08-04T16:29"}}, {"type": "Feature", "geometry": {"type": "Point", "coordinates": [-85.7571211, 38.3158277]}, "properties": {"camera_id": "osm_13840921121", "camera_type": "alpr", "road": "", "operator": "", "updated_at": "2026-08-04T16:29"}}, {"type": "Feature", "geometry": {"type": "Point", "coordinates": [-85.7570214, 38.3155248]}, "properties": {"camera_id": "osm_13840921122", "camera_type": "alpr", "road": "", "operator": "", "updated_at": "2026-08-04T16:29"}}, {"type": "Feature", "geometry": {"type": "Point", "coordinates": [-85.7575865, 38.3154461]}, "properties": {"camera_id": "osm_13840921123", "camera_type": "alpr", "road": "", "operator": "", "updated_at": "2026-08-04T16:29"}}, {"type": "Feature", "geometry": {"type": "Point", "coordinates": [-85.1496524, 40.2931676]}, "properties": {"camera_id": "osm_13841173401", "camera_type": "alpr", "road": "", "operator": "", "updated_at": "2026-08-04T16:29"}}, {"type": "Feature", "geometry": {"type": "Point", "coordinates": [-85.7523043, 38.3043742]}, "properties": {"camera_id": "osm_13841202001", "camera_type": "alpr", "road": "", "operator": "", "updated_at": "2026-08-04T16:29"}}, {"type": "Feature", "geometry": {"type": "Point", "coordinates": [-86.1644219, 39.7930987]}, "properties": {"camera_id": "osm_13841841501", "camera_type": "alpr", "road": "", "operator": "", "updated_at": "2026-08-04T16:29"}}, {"type": "Feature", "geometry": {"type": "Point", "coordinates": [-86.2716857, 39.8613145]}, "properties": {"camera_id": "osm_13841847302", "camera_type": "alpr", "road": "", "operator": "", "updated_at": "2026-08-04T16:29"}}, {"type": "Feature", "geometry": {"type": "Point", "coordinates": [-85.3698327, 40.4512364]}, "properties": {"camera_id": "osm_13842079701", "camera_type": "alpr", "road": "", "operator": "", "updated_at": "2026-08-04T16:29"}}, {"type": "Feature", "geometry": {"type": "Point", "coordinates": [-86.1027939, 39.8250936]}, "properties": {"camera_id": "osm_13845406602", "camera_type": "alpr", "road": "", "operator": "", "updated_at": "2026-08-04T16:29"}}, {"type": "Feature", "geometry": {"type": "Point", "coordinates": [-86.2530088, 39.7419183]}, "properties": {"camera_id": "osm_13845786701", "camera_type": "alpr", "road": "", "operator": "", "updated_at": "2026-08-04T16:29"}}, {"type": "Feature", "geometry": {"type": "Point", "coordinates": [-86.2531016, 39.7401256]}, "properties": {"camera_id": "osm_13845789601", "camera_type": "alpr", "road": "", "operator": "", "updated_at": "2026-08-04T16:29"}}, {"type": "Feature", "geometry": {"type": "Point", "coordinates": [-85.1431925, 41.0849687]}, "properties": {"camera_id": "osm_13846101201", "camera_type": "alpr", "road": "", "operator": "", "updated_at": "2026-08-04T16:29"}}, {"type": "Feature", "geometry": {"type": "Point", "coordinates": [-86.2560568, 39.7355093]}, "properties": {"camera_id": "osm_13846256701", "camera_type": "alpr", "road": "", "operator": "", "updated_at": "2026-08-04T16:29"}}, {"type": "Feature", "geometry": {"type": "Point", "coordinates": [-85.5551395, 41.4098864]}, "properties": {"camera_id": "osm_13847139228", "camera_type": "alpr", "road": "", "operator": "", "updated_at": "2026-08-04T16:29"}}, {"type": "Feature", "geometry": {"type": "Point", "coordinates": [-85.1552758, 41.0888007]}, "properties": {"camera_id": "osm_13847222301", "camera_type": "alpr", "road": "", "operator": "", "updated_at": "2026-08-04T16:29"}}, {"type": "Feature", "geometry": {"type": "Point", "coordinates": [-85.3709564, 41.5047758]}, "properties": {"camera_id": "osm_13850128401", "camera_type": "alpr", "road": "", "operator": "", "updated_at": "2026-08-04T16:29"}}, {"type": "Feature", "geometry": {"type": "Point", "coordinates": [-86.183862, 39.9500859]}, "properties": {"camera_id": "osm_13850676804", "camera_type": "alpr", "road": "", "operator": "", "updated_at": "2026-08-04T16:29"}}, {"type": "Feature", "geometry": {"type": "Point", "coordinates": [-86.1108281, 39.8403083]}, "properties": {"camera_id": "osm_13850755502", "camera_type": "alpr", "road": "", "operator": "", "updated_at": "2026-08-04T16:29"}}, {"type": "Feature", "geometry": {"type": "Point", "coordinates": [-87.47336, 41.5268694]}, "properties": {"camera_id": "osm_13850873301", "camera_type": "alpr", "road": "", "operator": "", "updated_at": "2026-08-04T16:29"}}, {"type": "Feature", "geometry": {"type": "Point", "coordinates": [-87.4723547, 41.5268104]}, "properties": {"camera_id": "osm_13850873401", "camera_type": "alpr", "road": "", "operator": "", "updated_at": "2026-08-04T16:29"}}, {"type": "Feature", "geometry": {"type": "Point", "coordinates": [-85.2715276, 41.5335633]}, "properties": {"camera_id": "osm_13850873501", "camera_type": "alpr", "road": "", "operator": "", "updated_at": "2026-08-04T16:29"}}, {"type": "Feature", "geometry": {"type": "Point", "coordinates": [-87.4716235, 41.5287114]}, "properties": {"camera_id": "osm_13850873801", "camera_type": "alpr", "road": "", "operator": "", "updated_at": "2026-08-04T16:29"}}, {"type": "Feature", "geometry": {"type": "Point", "coordinates": [-87.4751218, 41.5271927]}, "properties": {"camera_id": "osm_13850921201", "camera_type": "alpr", "road": "", "operator": "", "updated_at": "2026-08-04T16:29"}}, {"type": "Feature", "geometry": {"type": "Point", "coordinates": [-85.8834503, 39.1889044]}, "properties": {"camera_id": "osm_13852310601", "camera_type": "alpr", "road": "", "operator": "", "updated_at": "2026-08-04T16:29"}}, {"type": "Feature", "geometry": {"type": "Point", "coordinates": [-86.2675758, 39.7767457]}, "properties": {"camera_id": "osm_13853708102", "camera_type": "alpr", "road": "", "operator": "", "updated_at": "2026-08-04T16:29"}}, {"type": "Feature", "geometry": {"type": "Point", "coordinates": [-85.3026845, 40.0203964]}, "properties": {"camera_id": "osm_13854198201", "camera_type": "alpr", "road": "", "operator": "", "updated_at": "2026-08-04T16:29"}}, {"type": "Feature", "geometry": {"type": "Point", "coordinates": [-85.2136901, 40.0122168]}, "properties": {"camera_id": "osm_13854233201", "camera_type": "alpr", "road": "", "operator": "", "updated_at": "2026-08-04T16:29"}}, {"type": "Feature", "geometry": {"type": "Point", "coordinates": [-84.8283684, 40.049365]}, "properties": {"camera_id": "osm_13854406002", "camera_type": "alpr", "road": "", "operator": "", "updated_at": "2026-08-04T16:29"}}, {"type": "Feature", "geometry": {"type": "Point", "coordinates": [-85.1892767, 40.0230924]}, "properties": {"camera_id": "osm_13854415924", "camera_type": "alpr", "road": "", "operator": "", "updated_at": "2026-08-04T16:29"}}, {"type": "Feature", "geometry": {"type": "Point", "coordinates": [-85.6550526, 40.0929555]}, "properties": {"camera_id": "osm_13854700601", "camera_type": "alpr", "road": "", "operator": "", "updated_at": "2026-08-04T16:29"}}, {"type": "Feature", "geometry": {"type": "Point", "coordinates": [-85.9654932, 39.9645699]}, "properties": {"camera_id": "osm_13857645101", "camera_type": "alpr", "road": "", "operator": "", "updated_at": "2026-08-04T16:29"}}, {"type": "Feature", "geometry": {"type": "Point", "coordinates": [-85.6710182, 41.1926]}, "properties": {"camera_id": "osm_13857758201", "camera_type": "alpr", "road": "", "operator": "", "updated_at": "2026-08-04T16:29"}}, {"type": "Feature", "geometry": {"type": "Point", "coordinates": [-85.3603139, 40.1929716]}, "properties": {"camera_id": "osm_13858001901", "camera_type": "alpr", "road": "", "operator": "", "updated_at": "2026-08-04T16:29"}}, {"type": "Feature", "geometry": {"type": "Point", "coordinates": [-87.3561949, 41.5667618]}, "properties": {"camera_id": "osm_13858576980", "camera_type": "alpr", "road": "", "operator": "", "updated_at": "2026-08-04T16:29"}}, {"type": "Feature", "geometry": {"type": "Point", "coordinates": [-85.9681298, 39.7759321]}, "properties": {"camera_id": "osm_13858670001", "camera_type": "alpr", "road": "", "operator": "", "updated_at": "2026-08-04T16:29"}}, {"type": "Feature", "geometry": {"type": "Point", "coordinates": [-87.3551644, 41.5484329]}, "properties": {"camera_id": "osm_13858778260", "camera_type": "alpr", "road": "", "operator": "", "updated_at": "2026-08-04T16:29"}}, {"type": "Feature", "geometry": {"type": "Point", "coordinates": [-86.3769826, 39.7924429]}, "properties": {"camera_id": "osm_13858885001", "camera_type": "alpr", "road": "", "operator": "", "updated_at": "2026-08-04T16:29"}}, {"type": "Feature", "geometry": {"type": "Point", "coordinates": [-87.2590485, 40.4331854]}, "properties": {"camera_id": "osm_13859158701", "camera_type": "alpr", "road": "", "operator": "", "updated_at": "2026-08-04T16:29"}}, {"type": "Feature", "geometry": {"type": "Point", "coordinates": [-86.2743439, 39.8218329]}, "properties": {"camera_id": "osm_13859513701", "camera_type": "alpr", "road": "", "operator": "", "updated_at": "2026-08-04T16:29"}}, {"type": "Feature", "geometry": {"type": "Point", "coordinates": [-86.4898952, 38.7312724]}, "properties": {"camera_id": "osm_13859579901", "camera_type": "alpr", "road": "", "operator": "", "updated_at": "2026-08-04T16:29"}}, {"type": "Feature", "geometry": {"type": "Point", "coordinates": [-85.2646302, 41.4256536]}, "properties": {"camera_id": "osm_13860492701", "camera_type": "alpr", "road": "", "operator": "", "updated_at": "2026-08-04T16:29"}}, {"type": "Feature", "geometry": {"type": "Point", "coordinates": [-87.5218645, 41.7001022]}, "properties": {"camera_id": "osm_13861233501", "camera_type": "alpr", "road": "", "operator": "", "updated_at": "2026-08-04T16:29"}}, {"type": "Feature", "geometry": {"type": "Point", "coordinates": [-87.5154681, 41.6930171]}, "properties": {"camera_id": "osm_13861256701", "camera_type": "alpr", "road": "", "operator": "", "updated_at": "2026-08-04T16:29"}}, {"type": "Feature", "geometry": {"type": "Point", "coordinates": [-87.5087338, 41.6760192]}, "properties": {"camera_id": "osm_13861256702", "camera_type": "alpr", "road": "", "operator": "", "updated_at": "2026-08-04T16:29"}}, {"type": "Feature", "geometry": {"type": "Point", "coordinates": [-87.4808212, 41.6101522]}, "properties": {"camera_id": "osm_13861326302", "camera_type": "alpr", "road": "", "operator": "", "updated_at": "2026-08-04T16:29"}}, {"type": "Feature", "geometry": {"type": "Point", "coordinates": [-87.4805055, 41.6099514]}, "properties": {"camera_id": "osm_13861328901", "camera_type": "alpr", "road": "", "operator": "", "updated_at": "2026-08-04T16:29"}}, {"type": "Feature", "geometry": {"type": "Point", "coordinates": [-87.4487695, 41.6087606]}, "properties": {"camera_id": "osm_13861331201", "camera_type": "alpr", "road": "", "operator": "", "updated_at": "2026-08-04T16:29"}}, {"type": "Feature", "geometry": {"type": "Point", "coordinates": [-86.7712028, 41.7475456]}, "properties": {"camera_id": "osm_13861560101", "camera_type": "alpr", "road": "", "operator": "", "updated_at": "2026-08-04T16:29"}}, {"type": "Feature", "geometry": {"type": "Point", "coordinates": [-86.109465, 41.6848371]}, "properties": {"camera_id": "osm_13861696701", "camera_type": "alpr", "road": "", "operator": "", "updated_at": "2026-08-04T16:29"}}, {"type": "Feature", "geometry": {"type": "Point", "coordinates": [-86.6466758, 39.4993573]}, "properties": {"camera_id": "osm_13861697901", "camera_type": "alpr", "road": "", "operator": "", "updated_at": "2026-08-04T16:29"}}, {"type": "Feature", "geometry": {"type": "Point", "coordinates": [-85.6753246, 40.5349071]}, "properties": {"camera_id": "osm_13862457101", "camera_type": "alpr", "road": "", "operator": "Lowe's", "updated_at": "2026-08-04T16:29"}}, {"type": "Feature", "geometry": {"type": "Point", "coordinates": [-85.6760968, 40.5343455]}, "properties": {"camera_id": "osm_13862600501", "camera_type": "alpr", "road": "", "operator": "Lowe's", "updated_at": "2026-08-04T16:29"}}, {"type": "Feature", "geometry": {"type": "Point", "coordinates": [-85.6146477, 40.072534]}, "properties": {"camera_id": "osm_13863486801", "camera_type": "alpr", "road": "", "operator": "", "updated_at": "2026-08-04T16:29"}}, {"type": "Feature", "geometry": {"type": "Point", "coordinates": [-85.6150438, 40.0723793]}, "properties": {"camera_id": "osm_13863487601", "camera_type": "alpr", "road": "", "operator": "", "updated_at": "2026-08-04T16:29"}}, {"type": "Feature", "geometry": {"type": "Point", "coordinates": [-84.9487651, 40.172135]}, "properties": {"camera_id": "osm_13863551001", "camera_type": "alpr", "road": "", "operator": "", "updated_at": "2026-08-04T16:29"}}, {"type": "Feature", "geometry": {"type": "Point", "coordinates": [-85.2465736, 41.3950526]}, "properties": {"camera_id": "osm_13866841602", "camera_type": "alpr", "road": "", "operator": "", "updated_at": "2026-08-04T16:29"}}, {"type": "Feature", "geometry": {"type": "Point", "coordinates": [-85.1694804, 41.1984947]}, "properties": {"camera_id": "osm_13866872002", "camera_type": "alpr", "road": "", "operator": "", "updated_at": "2026-08-04T16:29"}}, {"type": "Feature", "geometry": {"type": "Point", "coordinates": [-87.7023414, 37.9491775]}, "properties": {"camera_id": "osm_13867141602", "camera_type": "alpr", "road": "", "operator": "", "updated_at": "2026-08-04T16:29"}}, {"type": "Feature", "geometry": {"type": "Point", "coordinates": [-86.155848, 41.4585589]}, "properties": {"camera_id": "osm_13867354201", "camera_type": "alpr", "road": "", "operator": "", "updated_at": "2026-08-04T16:29"}}, {"type": "Feature", "geometry": {"type": "Point", "coordinates": [-85.1277224, 41.0500645]}, "properties": {"camera_id": "osm_13868287101", "camera_type": "alpr", "road": "", "operator": "", "updated_at": "2026-08-04T16:29"}}, {"type": "Feature", "geometry": {"type": "Point", "coordinates": [-87.7027971, 37.9494711]}, "properties": {"camera_id": "osm_13868373301", "camera_type": "alpr", "road": "", "operator": "", "updated_at": "2026-08-04T16:29"}}, {"type": "Feature", "geometry": {"type": "Point", "coordinates": [-85.7377391, 40.0007765]}, "properties": {"camera_id": "osm_13869495901", "camera_type": "alpr", "road": "", "operator": "", "updated_at": "2026-08-04T16:29"}}, {"type": "Feature", "geometry": {"type": "Point", "coordinates": [-86.8686121, 39.6636863]}, "properties": {"camera_id": "osm_13873366813", "camera_type": "alpr", "road": "", "operator": "", "updated_at": "2026-08-04T16:29"}}, {"type": "Feature", "geometry": {"type": "Point", "coordinates": [-86.8861943, 39.7618567]}, "properties": {"camera_id": "osm_13873472881", "camera_type": "alpr", "road": "", "operator": "", "updated_at": "2026-08-04T16:29"}}, {"type": "Feature", "geometry": {"type": "Point", "coordinates": [-86.7293027, 39.7018392]}, "properties": {"camera_id": "osm_13873490605", "camera_type": "alpr", "road": "", "operator": "", "updated_at": "2026-08-04T16:29"}}, {"type": "Feature", "geometry": {"type": "Point", "coordinates": [-85.8705943, 39.2073121]}, "properties": {"camera_id": "osm_13874025201", "camera_type": "alpr", "road": "", "operator": "", "updated_at": "2026-08-04T16:29"}}, {"type": "Feature", "geometry": {"type": "Point", "coordinates": [-86.3279459, 39.853042]}, "properties": {"camera_id": "osm_13874629301", "camera_type": "alpr", "road": "", "operator": "", "updated_at": "2026-08-04T16:29"}}, {"type": "Feature", "geometry": {"type": "Point", "coordinates": [-86.1142496, 39.9620037]}, "properties": {"camera_id": "osm_13874773401", "camera_type": "alpr", "road": "", "operator": "", "updated_at": "2026-08-04T16:29"}}, {"type": "Feature", "geometry": {"type": "Point", "coordinates": [-86.113839, 39.9621815]}, "properties": {"camera_id": "osm_13878380301", "camera_type": "alpr", "road": "", "operator": "", "updated_at": "2026-08-04T16:29"}}, {"type": "Feature", "geometry": {"type": "Point", "coordinates": [-86.1408569, 39.9652427]}, "properties": {"camera_id": "osm_13878387801", "camera_type": "alpr", "road": "", "operator": "", "updated_at": "2026-08-04T16:29"}}, {"type": "Feature", "geometry": {"type": "Point", "coordinates": [-86.2304377, 39.9309609]}, "properties": {"camera_id": "osm_13879209401", "camera_type": "alpr", "road": "", "operator": "", "updated_at": "2026-08-04T16:29"}}, {"type": "Feature", "geometry": {"type": "Point", "coordinates": [-86.2302517, 39.9308754]}, "properties": {"camera_id": "osm_13879209501", "camera_type": "alpr", "road": "", "operator": "", "updated_at": "2026-08-04T16:29"}}, {"type": "Feature", "geometry": {"type": "Point", "coordinates": [-86.230688, 39.9317105]}, "properties": {"camera_id": "osm_13879220101", "camera_type": "alpr", "road": "", "operator": "", "updated_at": "2026-08-04T16:29"}}, {"type": "Feature", "geometry": {"type": "Point", "coordinates": [-86.2297362, 39.9318042]}, "properties": {"camera_id": "osm_13879259001", "camera_type": "alpr", "road": "", "operator": "", "updated_at": "2026-08-04T16:29"}}, {"type": "Feature", "geometry": {"type": "Point", "coordinates": [-87.4695671, 41.4210937]}, "properties": {"camera_id": "osm_13880258401", "camera_type": "alpr", "road": "", "operator": "", "updated_at": "2026-08-04T16:29"}}, {"type": "Feature", "geometry": {"type": "Point", "coordinates": [-85.2717129, 41.526084]}, "properties": {"camera_id": "osm_13882740802", "camera_type": "alpr", "road": "", "operator": "", "updated_at": "2026-08-04T16:29"}}, {"type": "Feature", "geometry": {"type": "Point", "coordinates": [-86.1501417, 39.9737775]}, "properties": {"camera_id": "osm_13882828701", "camera_type": "alpr", "road": "", "operator": "", "updated_at": "2026-08-04T16:29"}}, {"type": "Feature", "geometry": {"type": "Point", "coordinates": [-85.7289252, 38.2910503]}, "properties": {"camera_id": "osm_13883250002", "camera_type": "alpr", "road": "", "operator": "", "updated_at": "2026-08-04T16:29"}}, {"type": "Feature", "geometry": {"type": "Point", "coordinates": [-87.3676687, 38.0311525]}, "properties": {"camera_id": "osm_13883260101", "camera_type": "alpr", "road": "", "operator": "", "updated_at": "2026-08-04T16:29"}}, {"type": "Feature", "geometry": {"type": "Point", "coordinates": [-87.3679125, 38.0316463]}, "properties": {"camera_id": "osm_13883260102", "camera_type": "alpr", "road": "", "operator": "", "updated_at": "2026-08-04T16:29"}}, {"type": "Feature", "geometry": {"type": "Point", "coordinates": [-87.0319562, 41.4681425]}, "properties": {"camera_id": "osm_13884537599", "camera_type": "alpr", "road": "", "operator": "", "updated_at": "2026-08-04T16:29"}}, {"type": "Feature", "geometry": {"type": "Point", "coordinates": [-87.4035575, 41.548924]}, "properties": {"camera_id": "osm_13884721501", "camera_type": "alpr", "road": "", "operator": "", "updated_at": "2026-08-04T16:29"}}, {"type": "Feature", "geometry": {"type": "Point", "coordinates": [-87.4128747, 41.549491]}, "properties": {"camera_id": "osm_13884721801", "camera_type": "alpr", "road": "", "operator": "", "updated_at": "2026-08-04T16:29"}}, {"type": "Feature", "geometry": {"type": "Point", "coordinates": [-87.4330187, 41.5517004]}, "properties": {"camera_id": "osm_13884783701", "camera_type": "alpr", "road": "", "operator": "", "updated_at": "2026-08-04T16:29"}}, {"type": "Feature", "geometry": {"type": "Point", "coordinates": [-87.4372594, 41.5519925]}, "properties": {"camera_id": "osm_13884913301", "camera_type": "alpr", "road": "", "operator": "", "updated_at": "2026-08-04T16:29"}}, {"type": "Feature", "geometry": {"type": "Point", "coordinates": [-87.4372622, 41.5520452]}, "properties": {"camera_id": "osm_13884913402", "camera_type": "alpr", "road": "", "operator": "", "updated_at": "2026-08-04T16:29"}}, {"type": "Feature", "geometry": {"type": "Point", "coordinates": [-87.4373906, 41.5520876]}, "properties": {"camera_id": "osm_13884913403", "camera_type": "alpr", "road": "", "operator": "", "updated_at": "2026-08-04T16:29"}}, {"type": "Feature", "geometry": {"type": "Point", "coordinates": [-87.4373947, 41.5520483]}, "properties": {"camera_id": "osm_13884913902", "camera_type": "alpr", "road": "", "operator": "", "updated_at": "2026-08-04T16:29"}}, {"type": "Feature", "geometry": {"type": "Point", "coordinates": [-87.1134643, 41.6045821]}, "properties": {"camera_id": "osm_13885091201", "camera_type": "alpr", "road": "", "operator": "", "updated_at": "2026-08-04T16:29"}}, {"type": "Feature", "geometry": {"type": "Point", "coordinates": [-85.7680071, 39.8156281]}, "properties": {"camera_id": "osm_13885726403", "camera_type": "alpr", "road": "", "operator": "", "updated_at": "2026-08-04T16:29"}}, {"type": "Feature", "geometry": {"type": "Point", "coordinates": [-85.7680089, 39.8156296]}, "properties": {"camera_id": "osm_13885726404", "camera_type": "alpr", "road": "", "operator": "", "updated_at": "2026-08-04T16:29"}}, {"type": "Feature", "geometry": {"type": "Point", "coordinates": [-87.4705093, 41.4905094]}, "properties": {"camera_id": "osm_13885812601", "camera_type": "alpr", "road": "", "operator": "", "updated_at": "2026-08-04T16:29"}}, {"type": "Feature", "geometry": {"type": "Point", "coordinates": [-86.185775, 39.7754263]}, "properties": {"camera_id": "osm_13885886601", "camera_type": "alpr", "road": "", "operator": "", "updated_at": "2026-08-04T16:29"}}, {"type": "Feature", "geometry": {"type": "Point", "coordinates": [-87.4704892, 41.4716471]}, "properties": {"camera_id": "osm_13885969301", "camera_type": "alpr", "road": "", "operator": "", "updated_at": "2026-08-04T16:29"}}, {"type": "Feature", "geometry": {"type": "Point", "coordinates": [-87.5178051, 41.435577]}, "properties": {"camera_id": "osm_13885982302", "camera_type": "alpr", "road": "", "operator": "", "updated_at": "2026-08-04T16:29"}}, {"type": "Feature", "geometry": {"type": "Point", "coordinates": [-87.5182737, 41.4655226]}, "properties": {"camera_id": "osm_13886331801", "camera_type": "alpr", "road": "", "operator": "", "updated_at": "2026-08-04T16:29"}}, {"type": "Feature", "geometry": {"type": "Point", "coordinates": [-87.3653842, 41.4708511]}, "properties": {"camera_id": "osm_13888151002", "camera_type": "alpr", "road": "", "operator": "", "updated_at": "2026-08-04T16:29"}}, {"type": "Feature", "geometry": {"type": "Point", "coordinates": [-86.3427614, 39.7825788]}, "properties": {"camera_id": "osm_13888251101", "camera_type": "alpr", "road": "", "operator": "", "updated_at": "2026-08-04T16:29"}}, {"type": "Feature", "geometry": {"type": "Point", "coordinates": [-86.2537893, 41.6791463]}, "properties": {"camera_id": "osm_13888502701", "camera_type": "alpr", "road": "", "operator": "", "updated_at": "2026-08-04T16:29"}}, {"type": "Feature", "geometry": {"type": "Point", "coordinates": [-85.6246614, 41.2215619]}, "properties": {"camera_id": "osm_13888755201", "camera_type": "alpr", "road": "", "operator": "", "updated_at": "2026-08-04T16:29"}}, {"type": "Feature", "geometry": {"type": "Point", "coordinates": [-86.1585012, 39.9266237]}, "properties": {"camera_id": "osm_13888900001", "camera_type": "alpr", "road": "", "operator": "", "updated_at": "2026-08-04T16:29"}}, {"type": "Feature", "geometry": {"type": "Point", "coordinates": [-87.4706334, 41.5561041]}, "properties": {"camera_id": "osm_13889896502", "camera_type": "alpr", "road": "", "operator": "", "updated_at": "2026-08-04T16:29"}}, {"type": "Feature", "geometry": {"type": "Point", "coordinates": [-87.4804523, 41.5571742]}, "properties": {"camera_id": "osm_13889896503", "camera_type": "alpr", "road": "", "operator": "", "updated_at": "2026-08-04T16:29"}}, {"type": "Feature", "geometry": {"type": "Point", "coordinates": [-87.4804523, 41.5571742]}, "properties": {"camera_id": "osm_13889900401", "camera_type": "alpr", "road": "", "operator": "", "updated_at": "2026-08-04T16:29"}}, {"type": "Feature", "geometry": {"type": "Point", "coordinates": [-87.4710606, 41.5558579]}, "properties": {"camera_id": "osm_13889901401", "camera_type": "alpr", "road": "", "operator": "", "updated_at": "2026-08-04T16:29"}}, {"type": "Feature", "geometry": {"type": "Point", "coordinates": [-87.5089068, 41.4931249]}, "properties": {"camera_id": "osm_13889911101", "camera_type": "alpr", "road": "", "operator": "", "updated_at": "2026-08-04T16:29"}}, {"type": "Feature", "geometry": {"type": "Point", "coordinates": [-86.3806911, 39.7191404]}, "properties": {"camera_id": "osm_13891362001", "camera_type": "alpr", "road": "", "operator": "", "updated_at": "2026-08-04T16:29"}}, {"type": "Feature", "geometry": {"type": "Point", "coordinates": [-86.3725268, 39.8139798]}, "properties": {"camera_id": "osm_13891833201", "camera_type": "alpr", "road": "", "operator": "", "updated_at": "2026-08-04T16:29"}}, {"type": "Feature", "geometry": {"type": "Point", "coordinates": [-87.4067529, 39.414986]}, "properties": {"camera_id": "osm_13892394001", "camera_type": "alpr", "road": "", "operator": "", "updated_at": "2026-08-04T16:29"}}, {"type": "Feature", "geometry": {"type": "Point", "coordinates": [-87.4067358, 39.4202572]}, "properties": {"camera_id": "osm_13892474301", "camera_type": "alpr", "road": "", "operator": "", "updated_at": "2026-08-04T16:29"}}, {"type": "Feature", "geometry": {"type": "Point", "coordinates": [-86.1025578, 39.8259292]}, "properties": {"camera_id": "osm_13892796901", "camera_type": "alpr", "road": "", "operator": "", "updated_at": "2026-08-04T16:29"}}, {"type": "Feature", "geometry": {"type": "Point", "coordinates": [-86.2600879, 39.9103491]}, "properties": {"camera_id": "osm_13892822501", "camera_type": "alpr", "road": "", "operator": "", "updated_at": "2026-08-04T16:29"}}, {"type": "Feature", "geometry": {"type": "Point", "coordinates": [-85.6218992, 41.466263]}, "properties": {"camera_id": "osm_13892869901", "camera_type": "alpr", "road": "", "operator": "", "updated_at": "2026-08-04T16:29"}}, {"type": "Feature", "geometry": {"type": "Point", "coordinates": [-87.4319827, 41.5517545]}, "properties": {"camera_id": "osm_13894012601", "camera_type": "alpr", "road": "", "operator": "", "updated_at": "2026-08-04T16:29"}}, {"type": "Feature", "geometry": {"type": "Point", "coordinates": [-87.4130535, 41.5495847]}, "properties": {"camera_id": "osm_13894016202", "camera_type": "alpr", "road": "", "operator": "", "updated_at": "2026-08-04T16:29"}}, {"type": "Feature", "geometry": {"type": "Point", "coordinates": [-87.4130916, 41.5496027]}, "properties": {"camera_id": "osm_13894016501", "camera_type": "alpr", "road": "", "operator": "", "updated_at": "2026-08-04T16:29"}}, {"type": "Feature", "geometry": {"type": "Point", "coordinates": [-87.4131027, 41.5495888]}, "properties": {"camera_id": "osm_13894030401", "camera_type": "alpr", "road": "", "operator": "", "updated_at": "2026-08-04T16:29"}}, {"type": "Feature", "geometry": {"type": "Point", "coordinates": [-87.4130502, 41.5495722]}, "properties": {"camera_id": "osm_13894031801", "camera_type": "alpr", "road": "", "operator": "", "updated_at": "2026-08-04T16:29"}}, {"type": "Feature", "geometry": {"type": "Point", "coordinates": [-87.4568533, 41.5542435]}, "properties": {"camera_id": "osm_13894050801", "camera_type": "alpr", "road": "", "operator": "", "updated_at": "2026-08-04T16:29"}}, {"type": "Feature", "geometry": {"type": "Point", "coordinates": [-87.4569078, 41.5542743]}, "properties": {"camera_id": "osm_13894088401", "camera_type": "alpr", "road": "", "operator": "", "updated_at": "2026-08-04T16:29"}}, {"type": "Feature", "geometry": {"type": "Point", "coordinates": [-87.4176906, 41.5036827]}, "properties": {"camera_id": "osm_13894090701", "camera_type": "alpr", "road": "", "operator": "", "updated_at": "2026-08-04T16:29"}}, {"type": "Feature", "geometry": {"type": "Point", "coordinates": [-85.7354816, 39.6829317]}, "properties": {"camera_id": "osm_13895077869", "camera_type": "alpr", "road": "", "operator": "", "updated_at": "2026-08-04T16:29"}}, {"type": "Feature", "geometry": {"type": "Point", "coordinates": [-86.8696463, 41.6976549]}, "properties": {"camera_id": "osm_13897076701", "camera_type": "alpr", "road": "", "operator": "", "updated_at": "2026-08-04T16:29"}}, {"type": "Feature", "geometry": {"type": "Point", "coordinates": [-86.8713668, 41.6947757]}, "properties": {"camera_id": "osm_13897076703", "camera_type": "alpr", "road": "", "operator": "", "updated_at": "2026-08-04T16:29"}}, {"type": "Feature", "geometry": {"type": "Point", "coordinates": [-87.3748676, 37.9357018]}, "properties": {"camera_id": "osm_13897105501", "camera_type": "alpr", "road": "", "operator": "", "updated_at": "2026-08-04T16:29"}}, {"type": "Feature", "geometry": {"type": "Point", "coordinates": [-86.4555216, 41.4944189]}, "properties": {"camera_id": "osm_13897131401", "camera_type": "alpr", "road": "", "operator": "", "updated_at": "2026-08-04T16:29"}}, {"type": "Feature", "geometry": {"type": "Point", "coordinates": [-86.4906936, 41.4327647]}, "properties": {"camera_id": "osm_13897132901", "camera_type": "alpr", "road": "", "operator": "", "updated_at": "2026-08-04T16:29"}}, {"type": "Feature", "geometry": {"type": "Point", "coordinates": [-85.7143214, 41.6567886]}, "properties": {"camera_id": "osm_13897132902", "camera_type": "alpr", "road": "", "operator": "", "updated_at": "2026-08-04T16:29"}}, {"type": "Feature", "geometry": {"type": "Point", "coordinates": [-86.8910317, 41.186825]}, "properties": {"camera_id": "osm_13897139101", "camera_type": "alpr", "road": "", "operator": "", "updated_at": "2026-08-04T16:29"}}, {"type": "Feature", "geometry": {"type": "Point", "coordinates": [-86.1275186, 39.9919447]}, "properties": {"camera_id": "osm_13897181901", "camera_type": "alpr", "road": "", "operator": "", "updated_at": "2026-08-04T16:29"}}, {"type": "Feature", "geometry": {"type": "Point", "coordinates": [-86.0441704, 40.0751043]}, "properties": {"camera_id": "osm_13897237501", "camera_type": "alpr", "road": "", "operator": "", "updated_at": "2026-08-04T16:29"}}, {"type": "Feature", "geometry": {"type": "Point", "coordinates": [-86.0425527, 40.0725972]}, "properties": {"camera_id": "osm_13897481301", "camera_type": "alpr", "road": "", "operator": "", "updated_at": "2026-08-04T16:29"}}, {"type": "Feature", "geometry": {"type": "Point", "coordinates": [-87.5602408, 37.9630084]}, "properties": {"camera_id": "osm_13897597495", "camera_type": "alpr", "road": "", "operator": "", "updated_at": "2026-08-04T16:29"}}, {"type": "Feature", "geometry": {"type": "Point", "coordinates": [-87.4932747, 37.9874212]}, "properties": {"camera_id": "osm_13897881501", "camera_type": "alpr", "road": "", "operator": "", "updated_at": "2026-08-04T16:29"}}, {"type": "Feature", "geometry": {"type": "Point", "coordinates": [-86.3315264, 39.7618371]}, "properties": {"camera_id": "osm_13897973301", "camera_type": "alpr", "road": "", "operator": "", "updated_at": "2026-08-04T16:29"}}, {"type": "Feature", "geometry": {"type": "Point", "coordinates": [-86.3315854, 39.7633175]}, "properties": {"camera_id": "osm_13897973501", "camera_type": "alpr", "road": "", "operator": "", "updated_at": "2026-08-04T16:29"}}, {"type": "Feature", "geometry": {"type": "Point", "coordinates": [-86.2355712, 41.658284]}, "properties": {"camera_id": "osm_13899920401", "camera_type": "alpr", "road": "", "operator": "", "updated_at": "2026-08-04T16:29"}}, {"type": "Feature", "geometry": {"type": "Point", "coordinates": [-86.0339924, 40.2163792]}, "properties": {"camera_id": "osm_13900533101", "camera_type": "alpr", "road": "", "operator": "", "updated_at": "2026-08-04T16:29"}}, {"type": "Feature", "geometry": {"type": "Point", "coordinates": [-86.0370319, 40.2185044]}, "properties": {"camera_id": "osm_13900534601", "camera_type": "alpr", "road": "", "operator": "", "updated_at": "2026-08-04T16:29"}}, {"type": "Feature", "geometry": {"type": "Point", "coordinates": [-86.0813329, 39.7054781]}, "properties": {"camera_id": "osm_13901851804", "camera_type": "alpr", "road": "", "operator": "", "updated_at": "2026-08-04T16:29"}}, {"type": "Feature", "geometry": {"type": "Point", "coordinates": [-87.3017222, 41.4715933]}, "properties": {"camera_id": "osm_13902328801", "camera_type": "alpr", "road": "", "operator": "", "updated_at": "2026-08-04T16:29"}}, {"type": "Feature", "geometry": {"type": "Point", "coordinates": [-87.301851, 41.4716036]}, "properties": {"camera_id": "osm_13902329401", "camera_type": "alpr", "road": "", "operator": "", "updated_at": "2026-08-04T16:29"}}, {"type": "Feature", "geometry": {"type": "Point", "coordinates": [-87.3377625, 41.5497124]}, "properties": {"camera_id": "osm_13902820303", "camera_type": "alpr", "road": "", "operator": "", "updated_at": "2026-08-04T16:29"}}, {"type": "Feature", "geometry": {"type": "Point", "coordinates": [-87.3344159, 41.5498816]}, "properties": {"camera_id": "osm_13902828001", "camera_type": "alpr", "road": "", "operator": "", "updated_at": "2026-08-04T16:29"}}, {"type": "Feature", "geometry": {"type": "Point", "coordinates": [-87.3351459, 41.5499576]}, "properties": {"camera_id": "osm_13902828501", "camera_type": "alpr", "road": "", "operator": "", "updated_at": "2026-08-04T16:29"}}, {"type": "Feature", "geometry": {"type": "Point", "coordinates": [-87.3581809, 41.5484408]}, "properties": {"camera_id": "osm_13902841801", "camera_type": "alpr", "road": "", "operator": "", "updated_at": "2026-08-04T16:29"}}, {"type": "Feature", "geometry": {"type": "Point", "coordinates": [-87.4323697, 41.5514164]}, "properties": {"camera_id": "osm_13902963101", "camera_type": "alpr", "road": "", "operator": "", "updated_at": "2026-08-04T16:29"}}, {"type": "Feature", "geometry": {"type": "Point", "coordinates": [-85.9703188, 41.6665994]}, "properties": {"camera_id": "osm_13903015301", "camera_type": "alpr", "road": "", "operator": "", "updated_at": "2026-08-04T16:29"}}, {"type": "Feature", "geometry": {"type": "Point", "coordinates": [-85.3663519, 41.5261594]}, "properties": {"camera_id": "osm_13903063101", "camera_type": "alpr", "road": "", "operator": "", "updated_at": "2026-08-04T16:29"}}, {"type": "Feature", "geometry": {"type": "Point", "coordinates": [-87.5090451, 41.5613039]}, "properties": {"camera_id": "osm_13903064302", "camera_type": "alpr", "road": "", "operator": "", "updated_at": "2026-08-04T16:29"}}, {"type": "Feature", "geometry": {"type": "Point", "coordinates": [-87.5005909, 41.5601042]}, "properties": {"camera_id": "osm_13903067301", "camera_type": "alpr", "road": "", "operator": "", "updated_at": "2026-08-04T16:29"}}, {"type": "Feature", "geometry": {"type": "Point", "coordinates": [-87.5005486, 41.5600694]}, "properties": {"camera_id": "osm_13903067401", "camera_type": "alpr", "road": "", "operator": "", "updated_at": "2026-08-04T16:29"}}, {"type": "Feature", "geometry": {"type": "Point", "coordinates": [-86.8914937, 40.935045]}, "properties": {"camera_id": "osm_13903187001", "camera_type": "alpr", "road": "", "operator": "", "updated_at": "2026-08-04T16:29"}}, {"type": "Feature", "geometry": {"type": "Point", "coordinates": [-86.4784313, 39.8666821]}, "properties": {"camera_id": "osm_13904635301", "camera_type": "alpr", "road": "", "operator": "", "updated_at": "2026-08-04T16:29"}}, {"type": "Feature", "geometry": {"type": "Point", "coordinates": [-87.5089921, 41.5613271]}, "properties": {"camera_id": "osm_13904714601", "camera_type": "alpr", "road": "", "operator": "", "updated_at": "2026-08-04T16:29"}}, {"type": "Feature", "geometry": {"type": "Point", "coordinates": [-87.4701049, 41.402955]}, "properties": {"camera_id": "osm_13904717901", "camera_type": "alpr", "road": "", "operator": "", "updated_at": "2026-08-04T16:29"}}, {"type": "Feature", "geometry": {"type": "Point", "coordinates": [-87.4699551, 41.4212416]}, "properties": {"camera_id": "osm_13904826501", "camera_type": "alpr", "road": "", "operator": "", "updated_at": "2026-08-04T16:29"}}, {"type": "Feature", "geometry": {"type": "Point", "coordinates": [-86.1414228, 39.8715492]}, "properties": {"camera_id": "osm_13905855703", "camera_type": "alpr", "road": "", "operator": "", "updated_at": "2026-08-04T16:29"}}, {"type": "Feature", "geometry": {"type": "Point", "coordinates": [-86.3639939, 40.7576881]}, "properties": {"camera_id": "osm_13905997701", "camera_type": "alpr", "road": "", "operator": "", "updated_at": "2026-08-04T16:29"}}, {"type": "Feature", "geometry": {"type": "Point", "coordinates": [-87.1329144, 39.0383532]}, "properties": {"camera_id": "osm_13906431901", "camera_type": "alpr", "road": "", "operator": "", "updated_at": "2026-08-04T16:29"}}, {"type": "Feature", "geometry": {"type": "Point", "coordinates": [-87.3601558, 41.5140304]}, "properties": {"camera_id": "osm_13907541301", "camera_type": "alpr", "road": "", "operator": "", "updated_at": "2026-08-04T16:29"}}, {"type": "Feature", "geometry": {"type": "Point", "coordinates": [-87.3459168, 41.5147645]}, "properties": {"camera_id": "osm_13907861703", "camera_type": "alpr", "road": "", "operator": "", "updated_at": "2026-08-04T16:29"}}, {"type": "Feature", "geometry": {"type": "Point", "coordinates": [-86.11675, 39.7947501]}, "properties": {"camera_id": "osm_13907912501", "camera_type": "alpr", "road": "", "operator": "", "updated_at": "2026-08-04T16:29"}}, {"type": "Feature", "geometry": {"type": "Point", "coordinates": [-87.1717476, 41.598402]}, "properties": {"camera_id": "osm_13909813901", "camera_type": "alpr", "road": "", "operator": "", "updated_at": "2026-08-04T16:29"}}, {"type": "Feature", "geometry": {"type": "Point", "coordinates": [-87.5158296, 41.5225809]}, "properties": {"camera_id": "osm_13910005601", "camera_type": "alpr", "road": "", "operator": "", "updated_at": "2026-08-04T16:29"}}, {"type": "Feature", "geometry": {"type": "Point", "coordinates": [-87.515776, 41.5226938]}, "properties": {"camera_id": "osm_13910006001", "camera_type": "alpr", "road": "", "operator": "", "updated_at": "2026-08-04T16:29"}}, {"type": "Feature", "geometry": {"type": "Point", "coordinates": [-87.5159153, 41.5226831]}, "properties": {"camera_id": "osm_13910006002", "camera_type": "alpr", "road": "", "operator": "", "updated_at": "2026-08-04T16:29"}}, {"type": "Feature", "geometry": {"type": "Point", "coordinates": [-87.5159488, 41.5226196]}, "properties": {"camera_id": "osm_13910007301", "camera_type": "alpr", "road": "", "operator": "", "updated_at": "2026-08-04T16:29"}}, {"type": "Feature", "geometry": {"type": "Point", "coordinates": [-87.2287178, 41.5870429]}, "properties": {"camera_id": "osm_13910413601", "camera_type": "alpr", "road": "", "operator": "", "updated_at": "2026-08-04T16:29"}}, {"type": "Feature", "geometry": {"type": "Point", "coordinates": [-87.3257135, 41.5074576]}, "properties": {"camera_id": "osm_13910604602", "camera_type": "alpr", "road": "", "operator": "", "updated_at": "2026-08-04T16:29"}}, {"type": "Feature", "geometry": {"type": "Point", "coordinates": [-87.3457006, 41.51468]}, "properties": {"camera_id": "osm_13910612001", "camera_type": "alpr", "road": "", "operator": "", "updated_at": "2026-08-04T16:29"}}, {"type": "Feature", "geometry": {"type": "Point", "coordinates": [-86.1370157, 39.8034348]}, "properties": {"camera_id": "osm_13910873003", "camera_type": "alpr", "road": "", "operator": "", "updated_at": "2026-08-04T16:29"}}, {"type": "Feature", "geometry": {"type": "Point", "coordinates": [-86.0637039, 39.7414085]}, "properties": {"camera_id": "osm_13911490901", "camera_type": "alpr", "road": "", "operator": "", "updated_at": "2026-08-04T16:29"}}, {"type": "Feature", "geometry": {"type": "Point", "coordinates": [-87.4711103, 41.5286469]}, "properties": {"camera_id": "osm_13912308803", "camera_type": "alpr", "road": "", "operator": "", "updated_at": "2026-08-04T16:29"}}, {"type": "Feature", "geometry": {"type": "Point", "coordinates": [-87.4712435, 41.5286583]}, "properties": {"camera_id": "osm_13912308804", "camera_type": "alpr", "road": "", "operator": "", "updated_at": "2026-08-04T16:29"}}, {"type": "Feature", "geometry": {"type": "Point", "coordinates": [-87.4710764, 41.5286479]}, "properties": {"camera_id": "osm_13912316001", "camera_type": "alpr", "road": "", "operator": "", "updated_at": "2026-08-04T16:29"}}, {"type": "Feature", "geometry": {"type": "Point", "coordinates": [-87.4710844, 41.5286503]}, "properties": {"camera_id": "osm_13912317001", "camera_type": "alpr", "road": "", "operator": "", "updated_at": "2026-08-04T16:29"}}, {"type": "Feature", "geometry": {"type": "Point", "coordinates": [-87.4712811, 41.528657]}, "properties": {"camera_id": "osm_13912317002", "camera_type": "alpr", "road": "", "operator": "", "updated_at": "2026-08-04T16:29"}}, {"type": "Feature", "geometry": {"type": "Point", "coordinates": [-87.4712811, 41.528657]}, "properties": {"camera_id": "osm_13912319601", "camera_type": "alpr", "road": "", "operator": "", "updated_at": "2026-08-04T16:29"}}, {"type": "Feature", "geometry": {"type": "Point", "coordinates": [-87.4703449, 41.5231505]}, "properties": {"camera_id": "osm_13912374101", "camera_type": "alpr", "road": "", "operator": "", "updated_at": "2026-08-04T16:29"}}, {"type": "Feature", "geometry": {"type": "Point", "coordinates": [-87.4703518, 41.5376636]}, "properties": {"camera_id": "osm_13912376101", "camera_type": "alpr", "road": "", "operator": "", "updated_at": "2026-08-04T16:29"}}, {"type": "Feature", "geometry": {"type": "Point", "coordinates": [-87.3604289, 41.5477875]}, "properties": {"camera_id": "osm_13912479501", "camera_type": "alpr", "road": "", "operator": "", "updated_at": "2026-08-04T16:29"}}, {"type": "Feature", "geometry": {"type": "Point", "coordinates": [-87.3692859, 41.4021291]}, "properties": {"camera_id": "osm_13912519801", "camera_type": "alpr", "road": "", "operator": "", "updated_at": "2026-08-04T16:29"}}, {"type": "Feature", "geometry": {"type": "Point", "coordinates": [-87.0475585, 41.5545733]}, "properties": {"camera_id": "osm_13912584603", "camera_type": "alpr", "road": "", "operator": "", "updated_at": "2026-08-04T16:29"}}, {"type": "Feature", "geometry": {"type": "Point", "coordinates": [-87.0950018, 41.4820217]}, "properties": {"camera_id": "osm_13912635601", "camera_type": "alpr", "road": "", "operator": "", "updated_at": "2026-08-04T16:29"}}, {"type": "Feature", "geometry": {"type": "Point", "coordinates": [-86.6136845, 38.5723005]}, "properties": {"camera_id": "osm_13912680601", "camera_type": "alpr", "road": "", "operator": "", "updated_at": "2026-08-04T16:29"}}, {"type": "Feature", "geometry": {"type": "Point", "coordinates": [-87.3539822, 41.2897296]}, "properties": {"camera_id": "osm_13912763801", "camera_type": "alpr", "road": "", "operator": "", "updated_at": "2026-08-04T16:29"}}, {"type": "Feature", "geometry": {"type": "Point", "coordinates": [-85.6531359, 41.3801437]}, "properties": {"camera_id": "osm_13912784401", "camera_type": "alpr", "road": "", "operator": "", "updated_at": "2026-08-04T16:29"}}, {"type": "Feature", "geometry": {"type": "Point", "coordinates": [-85.6532665, 41.4515522]}, "properties": {"camera_id": "osm_13912788001", "camera_type": "alpr", "road": "", "operator": "", "updated_at": "2026-08-04T16:29"}}, {"type": "Feature", "geometry": {"type": "Point", "coordinates": [-85.6403703, 41.3241355]}, "properties": {"camera_id": "osm_13912788601", "camera_type": "alpr", "road": "", "operator": "", "updated_at": "2026-08-04T16:29"}}, {"type": "Feature", "geometry": {"type": "Point", "coordinates": [-86.1409653, 39.9654597]}, "properties": {"camera_id": "osm_13913004503", "camera_type": "alpr", "road": "", "operator": "", "updated_at": "2026-08-04T16:29"}}, {"type": "Feature", "geometry": {"type": "Point", "coordinates": [-87.3549841, 41.3761153]}, "properties": {"camera_id": "osm_13913055201", "camera_type": "alpr", "road": "", "operator": "", "updated_at": "2026-08-04T16:29"}}, {"type": "Feature", "geometry": {"type": "Point", "coordinates": [-87.4022233, 41.3771322]}, "properties": {"camera_id": "osm_13913058202", "camera_type": "alpr", "road": "", "operator": "", "updated_at": "2026-08-04T16:29"}}, {"type": "Feature", "geometry": {"type": "Point", "coordinates": [-85.6999452, 38.3607598]}, "properties": {"camera_id": "osm_13913169002", "camera_type": "alpr", "road": "", "operator": "", "updated_at": "2026-08-04T16:29"}}, {"type": "Feature", "geometry": {"type": "Point", "coordinates": [-86.0254778, 39.7963417]}, "properties": {"camera_id": "osm_13914831702", "camera_type": "alpr", "road": "", "operator": "", "updated_at": "2026-08-04T16:29"}}, {"type": "Feature", "geometry": {"type": "Point", "coordinates": [-86.0251481, 39.7968054]}, "properties": {"camera_id": "osm_13914833601", "camera_type": "alpr", "road": "", "operator": "", "updated_at": "2026-08-04T16:29"}}, {"type": "Feature", "geometry": {"type": "Point", "coordinates": [-87.431474, 41.464155]}, "properties": {"camera_id": "osm_13914869001", "camera_type": "alpr", "road": "", "operator": "", "updated_at": "2026-08-04T16:29"}}, {"type": "Feature", "geometry": {"type": "Point", "coordinates": [-86.2556411, 39.826609]}, "properties": {"camera_id": "osm_13915237001", "camera_type": "alpr", "road": "", "operator": "", "updated_at": "2026-08-04T16:29"}}, {"type": "Feature", "geometry": {"type": "Point", "coordinates": [-85.7713287, 39.2755011]}, "properties": {"camera_id": "osm_13915331042", "camera_type": "alpr", "road": "", "operator": "", "updated_at": "2026-08-04T16:29"}}, {"type": "Feature", "geometry": {"type": "Point", "coordinates": [-86.3708751, 40.740656]}, "properties": {"camera_id": "osm_13915670501", "camera_type": "alpr", "road": "", "operator": "", "updated_at": "2026-08-04T16:29"}}, {"type": "Feature", "geometry": {"type": "Point", "coordinates": [-87.3975748, 41.4822042]}, "properties": {"camera_id": "osm_13917803201", "camera_type": "alpr", "road": "", "operator": "", "updated_at": "2026-08-04T16:29"}}, {"type": "Feature", "geometry": {"type": "Point", "coordinates": [-87.3976668, 41.4844136]}, "properties": {"camera_id": "osm_13917804601", "camera_type": "alpr", "road": "", "operator": "", "updated_at": "2026-08-04T16:29"}}, {"type": "Feature", "geometry": {"type": "Point", "coordinates": [-85.8326095, 38.7853109]}, "properties": {"camera_id": "osm_13918374901", "camera_type": "alpr", "road": "", "operator": "", "updated_at": "2026-08-04T16:29"}}, {"type": "Feature", "geometry": {"type": "Point", "coordinates": [-85.4205623, 40.1875362]}, "properties": {"camera_id": "osm_13920151812", "camera_type": "alpr", "road": "", "operator": "", "updated_at": "2026-08-04T16:29"}}, {"type": "Feature", "geometry": {"type": "Point", "coordinates": [-85.4187507, 40.1826689]}, "properties": {"camera_id": "osm_13920152005", "camera_type": "alpr", "road": "", "operator": "", "updated_at": "2026-08-04T16:29"}}, {"type": "Feature", "geometry": {"type": "Point", "coordinates": [-86.8967499, 41.5330647]}, "properties": {"camera_id": "osm_13920269501", "camera_type": "alpr", "road": "", "operator": "", "updated_at": "2026-08-04T16:29"}}, {"type": "Feature", "geometry": {"type": "Point", "coordinates": [-86.1165964, 39.7658883]}, "properties": {"camera_id": "osm_13920340702", "camera_type": "alpr", "road": "", "operator": "", "updated_at": "2026-08-04T16:29"}}, {"type": "Feature", "geometry": {"type": "Point", "coordinates": [-87.4132293, 41.5373057]}, "properties": {"camera_id": "osm_13920450001", "camera_type": "alpr", "road": "", "operator": "", "updated_at": "2026-08-04T16:29"}}, {"type": "Feature", "geometry": {"type": "Point", "coordinates": [-87.3025253, 41.5510196]}, "properties": {"camera_id": "osm_13920573302", "camera_type": "alpr", "road": "", "operator": "", "updated_at": "2026-08-04T16:29"}}, {"type": "Feature", "geometry": {"type": "Point", "coordinates": [-87.244859, 41.5507527]}, "properties": {"camera_id": "osm_13920647801", "camera_type": "alpr", "road": "", "operator": "", "updated_at": "2026-08-04T16:29"}}, {"type": "Feature", "geometry": {"type": "Point", "coordinates": [-87.2407868, 41.5506364]}, "properties": {"camera_id": "osm_13920647802", "camera_type": "alpr", "road": "", "operator": "", "updated_at": "2026-08-04T16:29"}}, {"type": "Feature", "geometry": {"type": "Point", "coordinates": [-87.2404072, 41.5506097]}, "properties": {"camera_id": "osm_13920657501", "camera_type": "alpr", "road": "", "operator": "", "updated_at": "2026-08-04T16:29"}}, {"type": "Feature", "geometry": {"type": "Point", "coordinates": [-87.3133579, 41.5291819]}, "properties": {"camera_id": "osm_13921012201", "camera_type": "alpr", "road": "", "operator": "", "updated_at": "2026-08-04T16:29"}}, {"type": "Feature", "geometry": {"type": "Point", "coordinates": [-87.3359124, 41.5294285]}, "properties": {"camera_id": "osm_13921016701", "camera_type": "alpr", "road": "", "operator": "", "updated_at": "2026-08-04T16:29"}}, {"type": "Feature", "geometry": {"type": "Point", "coordinates": [-87.3364188, 41.5295245]}, "properties": {"camera_id": "osm_13921017001", "camera_type": "alpr", "road": "", "operator": "", "updated_at": "2026-08-04T16:29"}}, {"type": "Feature", "geometry": {"type": "Point", "coordinates": [-87.3457, 41.5297173]}, "properties": {"camera_id": "osm_13921018301", "camera_type": "alpr", "road": "", "operator": "", "updated_at": "2026-08-04T16:29"}}, {"type": "Feature", "geometry": {"type": "Point", "coordinates": [-87.3460962, 41.5299497]}, "properties": {"camera_id": "osm_13921018302", "camera_type": "alpr", "road": "", "operator": "", "updated_at": "2026-08-04T16:29"}}, {"type": "Feature", "geometry": {"type": "Point", "coordinates": [-87.4128418, 41.5371219]}, "properties": {"camera_id": "osm_13921215602", "camera_type": "alpr", "road": "", "operator": "", "updated_at": "2026-08-04T16:29"}}, {"type": "Feature", "geometry": {"type": "Point", "coordinates": [-87.3712926, 41.5372132]}, "properties": {"camera_id": "osm_13921223601", "camera_type": "alpr", "road": "", "operator": "", "updated_at": "2026-08-04T16:29"}}, {"type": "Feature", "geometry": {"type": "Point", "coordinates": [-87.3713192, 41.5372165]}, "properties": {"camera_id": "osm_13921223602", "camera_type": "alpr", "road": "", "operator": "", "updated_at": "2026-08-04T16:29"}}, {"type": "Feature", "geometry": {"type": "Point", "coordinates": [-86.9361853, 41.5475506]}, "properties": {"camera_id": "osm_13921306013", "camera_type": "alpr", "road": "", "operator": "", "updated_at": "2026-08-04T16:29"}}, {"type": "Feature", "geometry": {"type": "Point", "coordinates": [-86.9432655, 41.5482296]}, "properties": {"camera_id": "osm_13921306105", "camera_type": "alpr", "road": "", "operator": "", "updated_at": "2026-08-04T16:29"}}, {"type": "Feature", "geometry": {"type": "Point", "coordinates": [-85.1928707, 41.1391223]}, "properties": {"camera_id": "osm_13921362901", "camera_type": "alpr", "road": "", "operator": "", "updated_at": "2026-08-04T16:29"}}, {"type": "Feature", "geometry": {"type": "Point", "coordinates": [-85.1906702, 41.0809867]}, "properties": {"camera_id": "osm_13921363502", "camera_type": "alpr", "road": "", "operator": "", "updated_at": "2026-08-04T16:29"}}, {"type": "Feature", "geometry": {"type": "Point", "coordinates": [-86.8946219, 41.7219538]}, "properties": {"camera_id": "osm_13923154401", "camera_type": "alpr", "road": "", "operator": "", "updated_at": "2026-08-04T16:29"}}, {"type": "Feature", "geometry": {"type": "Point", "coordinates": [-85.6615616, 40.5299723]}, "properties": {"camera_id": "osm_13923982401", "camera_type": "alpr", "road": "", "operator": "", "updated_at": "2026-08-04T16:29"}}, {"type": "Feature", "geometry": {"type": "Point", "coordinates": [-87.3363862, 41.4712646]}, "properties": {"camera_id": "osm_13924177801", "camera_type": "alpr", "road": "", "operator": "", "updated_at": "2026-08-04T16:29"}}, {"type": "Feature", "geometry": {"type": "Point", "coordinates": [-86.3705268, 39.8333641]}, "properties": {"camera_id": "osm_13924304001", "camera_type": "alpr", "road": "", "operator": "", "updated_at": "2026-08-04T16:29"}}, {"type": "Feature", "geometry": {"type": "Point", "coordinates": [-86.3812891, 39.7997386]}, "properties": {"camera_id": "osm_13924339901", "camera_type": "alpr", "road": "", "operator": "", "updated_at": "2026-08-04T16:29"}}, {"type": "Feature", "geometry": {"type": "Point", "coordinates": [-87.3366021, 41.549166]}, "properties": {"camera_id": "osm_13927623691", "camera_type": "alpr", "road": "", "operator": "", "updated_at": "2026-08-04T16:29"}}, {"type": "Feature", "geometry": {"type": "Point", "coordinates": [-87.3367818, 41.5637445]}, "properties": {"camera_id": "osm_13927660564", "camera_type": "alpr", "road": "", "operator": "", "updated_at": "2026-08-04T16:29"}}, {"type": "Feature", "geometry": {"type": "Point", "coordinates": [-87.4312835, 41.3921222]}, "properties": {"camera_id": "osm_13928027901", "camera_type": "alpr", "road": "", "operator": "", "updated_at": "2026-08-04T16:29"}}, {"type": "Feature", "geometry": {"type": "Point", "coordinates": [-85.6680782, 41.3792558]}, "properties": {"camera_id": "osm_13928233801", "camera_type": "alpr", "road": "", "operator": "", "updated_at": "2026-08-04T16:29"}}, {"type": "Feature", "geometry": {"type": "Point", "coordinates": [-85.6680938, 41.3792722]}, "properties": {"camera_id": "osm_13928235301", "camera_type": "alpr", "road": "", "operator": "", "updated_at": "2026-08-04T16:29"}}, {"type": "Feature", "geometry": {"type": "Point", "coordinates": [-85.0157327, 41.1363242]}, "properties": {"camera_id": "osm_13929183801", "camera_type": "alpr", "road": "", "operator": "", "updated_at": "2026-08-04T16:29"}}, {"type": "Feature", "geometry": {"type": "Point", "coordinates": [-86.0470215, 40.7622143]}, "properties": {"camera_id": "osm_13929522033", "camera_type": "alpr", "road": "", "operator": "", "updated_at": "2026-08-04T16:29"}}, {"type": "Feature", "geometry": {"type": "Point", "coordinates": [-86.1307673, 39.7643112]}, "properties": {"camera_id": "osm_13931619401", "camera_type": "alpr", "road": "", "operator": "", "updated_at": "2026-08-04T16:29"}}, {"type": "Feature", "geometry": {"type": "Point", "coordinates": [-85.7155149, 40.6618194]}, "properties": {"camera_id": "osm_13931920002", "camera_type": "alpr", "road": "", "operator": "", "updated_at": "2026-08-04T16:29"}}, {"type": "Feature", "geometry": {"type": "Point", "coordinates": [-87.4713289, 41.5249702]}, "properties": {"camera_id": "osm_13932056601", "camera_type": "alpr", "road": "", "operator": "", "updated_at": "2026-08-04T16:29"}}, {"type": "Feature", "geometry": {"type": "Point", "coordinates": [-87.2068379, 41.4705808]}, "properties": {"camera_id": "osm_13932143502", "camera_type": "alpr", "road": "", "operator": "", "updated_at": "2026-08-04T16:29"}}, {"type": "Feature", "geometry": {"type": "Point", "coordinates": [-87.600449, 37.9776945]}, "properties": {"camera_id": "osm_13933725801", "camera_type": "alpr", "road": "", "operator": "", "updated_at": "2026-08-04T16:29"}}, {"type": "Feature", "geometry": {"type": "Point", "coordinates": [-85.8943928, 39.1811637]}, "properties": {"camera_id": "osm_13935303701", "camera_type": "alpr", "road": "", "operator": "", "updated_at": "2026-08-04T16:29"}}, {"type": "Feature", "geometry": {"type": "Point", "coordinates": [-85.6996095, 40.6672163]}, "properties": {"camera_id": "osm_13935364301", "camera_type": "alpr", "road": "", "operator": "", "updated_at": "2026-08-04T16:29"}}, {"type": "Feature", "geometry": {"type": "Point", "coordinates": [-86.1288609, 40.7809742]}, "properties": {"camera_id": "osm_13935454012", "camera_type": "alpr", "road": "", "operator": "", "updated_at": "2026-08-04T16:29"}}, {"type": "Feature", "geometry": {"type": "Point", "coordinates": [-86.2409268, 41.1711529]}, "properties": {"camera_id": "osm_13935472001", "camera_type": "alpr", "road": "", "operator": "", "updated_at": "2026-08-04T16:29"}}, {"type": "Feature", "geometry": {"type": "Point", "coordinates": [-86.1795866, 39.9192824]}, "properties": {"camera_id": "osm_13935673202", "camera_type": "alpr", "road": "", "operator": "", "updated_at": "2026-08-04T16:29"}}, {"type": "Feature", "geometry": {"type": "Point", "coordinates": [-87.4573606, 41.5228801]}, "properties": {"camera_id": "osm_13937109101", "camera_type": "alpr", "road": "", "operator": "", "updated_at": "2026-08-04T16:29"}}, {"type": "Feature", "geometry": {"type": "Point", "coordinates": [-87.559477, 37.9627038]}, "properties": {"camera_id": "osm_13937119801", "camera_type": "alpr", "road": "", "operator": "", "updated_at": "2026-08-04T16:29"}}, {"type": "Feature", "geometry": {"type": "Point", "coordinates": [-87.5575109, 37.9628835]}, "properties": {"camera_id": "osm_13937151901", "camera_type": "alpr", "road": "", "operator": "", "updated_at": "2026-08-04T16:29"}}, {"type": "Feature", "geometry": {"type": "Point", "coordinates": [-87.5436856, 37.9814425]}, "properties": {"camera_id": "osm_13937152002", "camera_type": "alpr", "road": "", "operator": "", "updated_at": "2026-08-04T16:29"}}, {"type": "Feature", "geometry": {"type": "Point", "coordinates": [-87.5398849, 37.9814319]}, "properties": {"camera_id": "osm_13937369001", "camera_type": "alpr", "road": "", "operator": "", "updated_at": "2026-08-04T16:29"}}, {"type": "Feature", "geometry": {"type": "Point", "coordinates": [-86.0201696, 39.8260345]}, "properties": {"camera_id": "osm_13937485501", "camera_type": "alpr", "road": "", "operator": "", "updated_at": "2026-08-04T16:29"}}, {"type": "Feature", "geometry": {"type": "Point", "coordinates": [-86.0204836, 39.8258422]}, "properties": {"camera_id": "osm_13937485502", "camera_type": "alpr", "road": "", "operator": "", "updated_at": "2026-08-04T16:29"}}, {"type": "Feature", "geometry": {"type": "Point", "coordinates": [-87.2738114, 38.0618505]}, "properties": {"camera_id": "osm_13938829101", "camera_type": "alpr", "road": "", "operator": "", "updated_at": "2026-08-04T16:29"}}, {"type": "Feature", "geometry": {"type": "Point", "coordinates": [-86.9304227, 41.4364179]}, "properties": {"camera_id": "osm_13939180001", "camera_type": "alpr", "road": "", "operator": "", "updated_at": "2026-08-04T16:29"}}, {"type": "Feature", "geometry": {"type": "Point", "coordinates": [-86.1304446, 39.7450198]}, "properties": {"camera_id": "osm_13943706801", "camera_type": "alpr", "road": "", "operator": "", "updated_at": "2026-08-04T16:29"}}, {"type": "Feature", "geometry": {"type": "Point", "coordinates": [-87.3352214, 41.4199623]}, "properties": {"camera_id": "osm_13943937601", "camera_type": "alpr", "road": "", "operator": "", "updated_at": "2026-08-04T16:29"}}, {"type": "Feature", "geometry": {"type": "Point", "coordinates": [-86.2585275, 39.75042]}, "properties": {"camera_id": "osm_13944059108", "camera_type": "alpr", "road": "", "operator": "", "updated_at": "2026-08-04T16:29"}}, {"type": "Feature", "geometry": {"type": "Point", "coordinates": [-86.2550438, 39.7505043]}, "properties": {"camera_id": "osm_13944062705", "camera_type": "alpr", "road": "", "operator": "", "updated_at": "2026-08-04T16:29"}}, {"type": "Feature", "geometry": {"type": "Point", "coordinates": [-86.2499409, 39.7316176]}, "properties": {"camera_id": "osm_13944062706", "camera_type": "alpr", "road": "", "operator": "", "updated_at": "2026-08-04T16:29"}}, {"type": "Feature", "geometry": {"type": "Point", "coordinates": [-86.2504223, 39.7334792]}, "properties": {"camera_id": "osm_13944077771", "camera_type": "alpr", "road": "", "operator": "", "updated_at": "2026-08-04T16:29"}}, {"type": "Feature", "geometry": {"type": "Point", "coordinates": [-86.3390036, 39.7610316]}, "properties": {"camera_id": "osm_13944232502", "camera_type": "alpr", "road": "", "operator": "", "updated_at": "2026-08-04T16:29"}}, {"type": "Feature", "geometry": {"type": "Point", "coordinates": [-87.3219035, 41.4678159]}, "properties": {"camera_id": "osm_13944245001", "camera_type": "alpr", "road": "", "operator": "", "updated_at": "2026-08-04T16:29"}}, {"type": "Feature", "geometry": {"type": "Point", "coordinates": [-84.8024664, 40.7473663]}, "properties": {"camera_id": "osm_13945403201", "camera_type": "alpr", "road": "", "operator": "", "updated_at": "2026-08-04T16:29"}}, {"type": "Feature", "geometry": {"type": "Point", "coordinates": [-85.5825509, 39.1756146]}, "properties": {"camera_id": "osm_13945723902", "camera_type": "alpr", "road": "", "operator": "", "updated_at": "2026-08-04T16:29"}}, {"type": "Feature", "geometry": {"type": "Point", "coordinates": [-87.4666914, 37.9765275]}, "properties": {"camera_id": "osm_13946000903", "camera_type": "alpr", "road": "", "operator": "", "updated_at": "2026-08-04T16:29"}}, {"type": "Feature", "geometry": {"type": "Point", "coordinates": [-86.3751811, 39.6306385]}, "properties": {"camera_id": "osm_13946175401", "camera_type": "alpr", "road": "", "operator": "", "updated_at": "2026-08-04T16:29"}}, {"type": "Feature", "geometry": {"type": "Point", "coordinates": [-87.3452563, 39.5316377]}, "properties": {"camera_id": "osm_13946542201", "camera_type": "alpr", "road": "", "operator": "", "updated_at": "2026-08-04T16:29"}}, {"type": "Feature", "geometry": {"type": "Point", "coordinates": [-86.077694, 39.6645114]}, "properties": {"camera_id": "osm_13946562201", "camera_type": "alpr", "road": "", "operator": "", "updated_at": "2026-08-04T16:29"}}, {"type": "Feature", "geometry": {"type": "Point", "coordinates": [-86.3929711, 39.7187772]}, "properties": {"camera_id": "osm_13946941501", "camera_type": "alpr", "road": "", "operator": "", "updated_at": "2026-08-04T16:29"}}, {"type": "Feature", "geometry": {"type": "Point", "coordinates": [-85.0534735, 41.1497131]}, "properties": {"camera_id": "osm_13947829402", "camera_type": "alpr", "road": "", "operator": "", "updated_at": "2026-08-04T16:29"}}, {"type": "Feature", "geometry": {"type": "Point", "coordinates": [-87.5258427, 40.7703508]}, "properties": {"camera_id": "osm_13947860701", "camera_type": "alpr", "road": "", "operator": "", "updated_at": "2026-08-04T16:29"}}, {"type": "Feature", "geometry": {"type": "Point", "coordinates": [-85.6562532, 40.5745244]}, "properties": {"camera_id": "osm_13948535601", "camera_type": "alpr", "road": "", "operator": "", "updated_at": "2026-08-04T16:29"}}, {"type": "Feature", "geometry": {"type": "Point", "coordinates": [-86.0969169, 39.8255686]}, "properties": {"camera_id": "osm_13948750801", "camera_type": "alpr", "road": "", "operator": "", "updated_at": "2026-08-04T16:29"}}, {"type": "Feature", "geometry": {"type": "Point", "coordinates": [-85.4496578, 38.7506022]}, "properties": {"camera_id": "osm_13948769301", "camera_type": "alpr", "road": "", "operator": "", "updated_at": "2026-08-04T16:29"}}, {"type": "Feature", "geometry": {"type": "Point", "coordinates": [-85.4500535, 38.750981]}, "properties": {"camera_id": "osm_13948770401", "camera_type": "alpr", "road": "", "operator": "", "updated_at": "2026-08-04T16:29"}}, {"type": "Feature", "geometry": {"type": "Point", "coordinates": [-85.4855415, 38.7238007]}, "properties": {"camera_id": "osm_13948770801", "camera_type": "alpr", "road": "", "operator": "", "updated_at": "2026-08-04T16:29"}}, {"type": "Feature", "geometry": {"type": "Point", "coordinates": [-84.9791654, 40.1970978]}, "properties": {"camera_id": "osm_13948942201", "camera_type": "alpr", "road": "", "operator": "", "updated_at": "2026-08-04T16:29"}}, {"type": "Feature", "geometry": {"type": "Point", "coordinates": [-87.5218874, 38.1079598]}, "properties": {"camera_id": "osm_13950313301", "camera_type": "alpr", "road": "", "operator": "", "updated_at": "2026-08-04T16:29"}}, {"type": "Feature", "geometry": {"type": "Point", "coordinates": [-86.0266354, 39.9275603]}, "properties": {"camera_id": "osm_13951026901", "camera_type": "alpr", "road": "", "operator": "", "updated_at": "2026-08-04T16:29"}}, {"type": "Feature", "geometry": {"type": "Point", "coordinates": [-85.7300099, 38.3212895]}, "properties": {"camera_id": "osm_13951067102", "camera_type": "alpr", "road": "", "operator": "", "updated_at": "2026-08-04T16:29"}}, {"type": "Feature", "geometry": {"type": "Point", "coordinates": [-87.1927998, 41.5158947]}, "properties": {"camera_id": "osm_13952304502", "camera_type": "alpr", "road": "", "operator": "", "updated_at": "2026-08-04T16:29"}}, {"type": "Feature", "geometry": {"type": "Point", "coordinates": [-86.3277044, 39.851487]}, "properties": {"camera_id": "osm_13953079701", "camera_type": "alpr", "road": "", "operator": "", "updated_at": "2026-08-04T16:29"}}, {"type": "Feature", "geometry": {"type": "Point", "coordinates": [-86.3781935, 39.8513577]}, "properties": {"camera_id": "osm_13953082601", "camera_type": "alpr", "road": "", "operator": "", "updated_at": "2026-08-04T16:29"}}, {"type": "Feature", "geometry": {"type": "Point", "coordinates": [-86.3830755, 39.8520425]}, "properties": {"camera_id": "osm_13953082901", "camera_type": "alpr", "road": "", "operator": "", "updated_at": "2026-08-04T16:29"}}, {"type": "Feature", "geometry": {"type": "Point", "coordinates": [-85.7321759, 38.3177186]}, "properties": {"camera_id": "osm_13953255001", "camera_type": "alpr", "road": "", "operator": "", "updated_at": "2026-08-04T16:29"}}, {"type": "Feature", "geometry": {"type": "Point", "coordinates": [-86.1223022, 38.6079352]}, "properties": {"camera_id": "osm_13953577901", "camera_type": "alpr", "road": "", "operator": "", "updated_at": "2026-08-04T16:29"}}, {"type": "Feature", "geometry": {"type": "Point", "coordinates": [-87.3490642, 39.4372097]}, "properties": {"camera_id": "osm_13953945701", "camera_type": "alpr", "road": "", "operator": "", "updated_at": "2026-08-04T16:29"}}, {"type": "Feature", "geometry": {"type": "Point", "coordinates": [-85.8107661, 40.2774205]}, "properties": {"camera_id": "osm_13954513901", "camera_type": "alpr", "road": "", "operator": "", "updated_at": "2026-08-04T16:29"}}, {"type": "Feature", "geometry": {"type": "Point", "coordinates": [-85.3181007, 40.830002]}, "properties": {"camera_id": "osm_13954941201", "camera_type": "alpr", "road": "", "operator": "", "updated_at": "2026-08-04T16:29"}}, {"type": "Feature", "geometry": {"type": "Point", "coordinates": [-86.0863894, 39.7013646]}, "properties": {"camera_id": "osm_13955510803", "camera_type": "alpr", "road": "", "operator": "", "updated_at": "2026-08-04T16:29"}}, {"type": "Feature", "geometry": {"type": "Point", "coordinates": [-86.6320364, 39.5674981]}, "properties": {"camera_id": "osm_13955558310", "camera_type": "alpr", "road": "", "operator": "", "updated_at": "2026-08-04T16:29"}}, {"type": "Feature", "geometry": {"type": "Point", "coordinates": [-87.5132047, 38.087299]}, "properties": {"camera_id": "osm_13955861201", "camera_type": "alpr", "road": "", "operator": "", "updated_at": "2026-08-04T16:29"}}, {"type": "Feature", "geometry": {"type": "Point", "coordinates": [-86.1459043, 39.9421969]}, "properties": {"camera_id": "osm_13956001145", "camera_type": "alpr", "road": "", "operator": "", "updated_at": "2026-08-04T16:29"}}, {"type": "Feature", "geometry": {"type": "Point", "coordinates": [-85.6487648, 41.7259197]}, "properties": {"camera_id": "osm_13956042401", "camera_type": "alpr", "road": "", "operator": "", "updated_at": "2026-08-04T16:29"}}, {"type": "Feature", "geometry": {"type": "Point", "coordinates": [-86.0503904, 39.9053339]}, "properties": {"camera_id": "osm_13956151901", "camera_type": "alpr", "road": "", "operator": "", "updated_at": "2026-08-04T16:29"}}, {"type": "Feature", "geometry": {"type": "Point", "coordinates": [-86.0629007, 39.9107089]}, "properties": {"camera_id": "osm_13956161801", "camera_type": "alpr", "road": "", "operator": "", "updated_at": "2026-08-04T16:29"}}, {"type": "Feature", "geometry": {"type": "Point", "coordinates": [-86.5094097, 39.7588424]}, "properties": {"camera_id": "osm_13956185802", "camera_type": "alpr", "road": "", "operator": "", "updated_at": "2026-08-04T16:29"}}, {"type": "Feature", "geometry": {"type": "Point", "coordinates": [-85.6348993, 41.7479974]}, "properties": {"camera_id": "osm_13956277301", "camera_type": "alpr", "road": "", "operator": "", "updated_at": "2026-08-04T16:29"}}, {"type": "Feature", "geometry": {"type": "Point", "coordinates": [-85.127465, 41.0461687]}, "properties": {"camera_id": "osm_13956465601", "camera_type": "alpr", "road": "", "operator": "", "updated_at": "2026-08-04T16:29"}}, {"type": "Feature", "geometry": {"type": "Point", "coordinates": [-86.900836, 40.4275706]}, "properties": {"camera_id": "osm_13956513102", "camera_type": "alpr", "road": "", "operator": "", "updated_at": "2026-08-04T16:29"}}, {"type": "Feature", "geometry": {"type": "Point", "coordinates": [-86.9007166, 40.4281286]}, "properties": {"camera_id": "osm_13956535001", "camera_type": "alpr", "road": "", "operator": "", "updated_at": "2026-08-04T16:29"}}, {"type": "Feature", "geometry": {"type": "Point", "coordinates": [-86.8995961, 40.4305882]}, "properties": {"camera_id": "osm_13956538601", "camera_type": "alpr", "road": "", "operator": "", "updated_at": "2026-08-04T16:29"}}, {"type": "Feature", "geometry": {"type": "Point", "coordinates": [-85.7938862, 38.3331488]}, "properties": {"camera_id": "osm_13956866201", "camera_type": "alpr", "road": "", "operator": "", "updated_at": "2026-08-04T16:29"}}, {"type": "Feature", "geometry": {"type": "Point", "coordinates": [-87.240612, 41.554273]}, "properties": {"camera_id": "osm_13957908604", "camera_type": "alpr", "road": "", "operator": "", "updated_at": "2026-08-04T16:29"}}, {"type": "Feature", "geometry": {"type": "Point", "coordinates": [-87.1881517, 41.5506784]}, "properties": {"camera_id": "osm_13958236801", "camera_type": "alpr", "road": "", "operator": "", "updated_at": "2026-08-04T16:29"}}, {"type": "Feature", "geometry": {"type": "Point", "coordinates": [-87.3572343, 41.5485529]}, "properties": {"camera_id": "osm_13958529301", "camera_type": "alpr", "road": "", "operator": "", "updated_at": "2026-08-04T16:29"}}, {"type": "Feature", "geometry": {"type": "Point", "coordinates": [-86.1575448, 39.767965]}, "properties": {"camera_id": "osm_13958564803", "camera_type": "alpr", "road": "", "operator": "", "updated_at": "2026-08-04T16:29"}}, {"type": "Feature", "geometry": {"type": "Point", "coordinates": [-86.1597982, 39.7670001]}, "properties": {"camera_id": "osm_13958582101", "camera_type": "alpr", "road": "", "operator": "", "updated_at": "2026-08-04T16:29"}}, {"type": "Feature", "geometry": {"type": "Point", "coordinates": [-85.7681271, 39.8153208]}, "properties": {"camera_id": "osm_13958948301", "camera_type": "alpr", "road": "", "operator": "", "updated_at": "2026-08-04T16:29"}}, {"type": "Feature", "geometry": {"type": "Point", "coordinates": [-86.8409855, 40.4178847]}, "properties": {"camera_id": "osm_13959165401", "camera_type": "alpr", "road": "", "operator": "", "updated_at": "2026-08-04T16:29"}}, {"type": "Feature", "geometry": {"type": "Point", "coordinates": [-85.9157271, 39.5647582]}, "properties": {"camera_id": "osm_13959283101", "camera_type": "alpr", "road": "", "operator": "", "updated_at": "2026-08-04T16:29"}}, {"type": "Feature", "geometry": {"type": "Point", "coordinates": [-85.7667473, 39.8161669]}, "properties": {"camera_id": "osm_13959941901", "camera_type": "alpr", "road": "", "operator": "", "updated_at": "2026-08-04T16:29"}}, {"type": "Feature", "geometry": {"type": "Point", "coordinates": [-86.2865108, 41.6466662]}, "properties": {"camera_id": "osm_13960347935", "camera_type": "alpr", "road": "", "operator": "", "updated_at": "2026-08-04T16:29"}}, {"type": "Feature", "geometry": {"type": "Point", "coordinates": [-86.2162361, 41.6728728]}, "properties": {"camera_id": "osm_13960358403", "camera_type": "alpr", "road": "", "operator": "", "updated_at": "2026-08-04T16:29"}}, {"type": "Feature", "geometry": {"type": "Point", "coordinates": [-84.8884917, 39.8628383]}, "properties": {"camera_id": "osm_13960660205", "camera_type": "alpr", "road": "", "operator": "", "updated_at": "2026-08-04T16:29"}}, {"type": "Feature", "geometry": {"type": "Point", "coordinates": [-84.8887689, 39.8630391]}, "properties": {"camera_id": "osm_13960660303", "camera_type": "alpr", "road": "", "operator": "", "updated_at": "2026-08-04T16:29"}}, {"type": "Feature", "geometry": {"type": "Point", "coordinates": [-84.8885033, 39.8629721]}, "properties": {"camera_id": "osm_13960660404", "camera_type": "alpr", "road": "", "operator": "", "updated_at": "2026-08-04T16:29"}}, {"type": "Feature", "geometry": {"type": "Point", "coordinates": [-84.8887125, 39.8628383]}, "properties": {"camera_id": "osm_13960660405", "camera_type": "alpr", "road": "", "operator": "", "updated_at": "2026-08-04T16:29"}}, {"type": "Feature", "geometry": {"type": "Point", "coordinates": [-87.4613978, 41.572096]}, "properties": {"camera_id": "osm_13960988501", "camera_type": "alpr", "road": "", "operator": "", "updated_at": "2026-08-04T16:29"}}, {"type": "Feature", "geometry": {"type": "Point", "coordinates": [-87.4614366, 41.5721019]}, "properties": {"camera_id": "osm_13960988801", "camera_type": "alpr", "road": "", "operator": "", "updated_at": "2026-08-04T16:29"}}, {"type": "Feature", "geometry": {"type": "Point", "coordinates": [-87.4617434, 41.570333]}, "properties": {"camera_id": "osm_13960988802", "camera_type": "alpr", "road": "", "operator": "", "updated_at": "2026-08-04T16:29"}}, {"type": "Feature", "geometry": {"type": "Point", "coordinates": [-87.4614753, 41.572103]}, "properties": {"camera_id": "osm_13960989001", "camera_type": "alpr", "road": "", "operator": "", "updated_at": "2026-08-04T16:29"}}, {"type": "Feature", "geometry": {"type": "Point", "coordinates": [-87.4617434, 41.570333]}, "properties": {"camera_id": "osm_13960991601", "camera_type": "alpr", "road": "", "operator": "", "updated_at": "2026-08-04T16:29"}}, {"type": "Feature", "geometry": {"type": "Point", "coordinates": [-86.3813546, 39.7618852]}, "properties": {"camera_id": "osm_13961055801", "camera_type": "alpr", "road": "", "operator": "", "updated_at": "2026-08-04T16:29"}}, {"type": "Feature", "geometry": {"type": "Point", "coordinates": [-86.3556665, 39.9425258]}, "properties": {"camera_id": "osm_13961084340", "camera_type": "alpr", "road": "", "operator": "", "updated_at": "2026-08-04T16:29"}}, {"type": "Feature", "geometry": {"type": "Point", "coordinates": [-87.4507377, 41.5373393]}, "properties": {"camera_id": "osm_13961264101", "camera_type": "alpr", "road": "", "operator": "", "updated_at": "2026-08-04T16:29"}}, {"type": "Feature", "geometry": {"type": "Point", "coordinates": [-87.4803528, 41.5374969]}, "properties": {"camera_id": "osm_13961265102", "camera_type": "alpr", "road": "", "operator": "", "updated_at": "2026-08-04T16:29"}}, {"type": "Feature", "geometry": {"type": "Point", "coordinates": [-87.4686244, 41.2901055]}, "properties": {"camera_id": "osm_13961353801", "camera_type": "alpr", "road": "", "operator": "", "updated_at": "2026-08-04T16:29"}}, {"type": "Feature", "geometry": {"type": "Point", "coordinates": [-85.1005634, 41.1237313]}, "properties": {"camera_id": "osm_13962560601", "camera_type": "alpr", "road": "", "operator": "", "updated_at": "2026-08-04T16:29"}}, {"type": "Feature", "geometry": {"type": "Point", "coordinates": [-85.1004236, 41.1239378]}, "properties": {"camera_id": "osm_13962562001", "camera_type": "alpr", "road": "", "operator": "", "updated_at": "2026-08-04T16:29"}}, {"type": "Feature", "geometry": {"type": "Point", "coordinates": [-86.621052, 41.4326279]}, "properties": {"camera_id": "osm_13962614201", "camera_type": "alpr", "road": "", "operator": "", "updated_at": "2026-08-04T16:29"}}, {"type": "Feature", "geometry": {"type": "Point", "coordinates": [-86.1569011, 39.7669554]}, "properties": {"camera_id": "osm_13962673701", "camera_type": "alpr", "road": "", "operator": "", "updated_at": "2026-08-04T16:29"}}, {"type": "Feature", "geometry": {"type": "Point", "coordinates": [-86.5915718, 38.2240531]}, "properties": {"camera_id": "osm_13962702501", "camera_type": "alpr", "road": "", "operator": "", "updated_at": "2026-08-04T16:29"}}, {"type": "Feature", "geometry": {"type": "Point", "coordinates": [-86.5911954, 38.2230483]}, "properties": {"camera_id": "osm_13962703201", "camera_type": "alpr", "road": "", "operator": "", "updated_at": "2026-08-04T16:29"}}, {"type": "Feature", "geometry": {"type": "Point", "coordinates": [-86.7331361, 37.9731053]}, "properties": {"camera_id": "osm_13962712906", "camera_type": "alpr", "road": "", "operator": "", "updated_at": "2026-08-04T16:29"}}, {"type": "Feature", "geometry": {"type": "Point", "coordinates": [-86.5204557, 38.3377274]}, "properties": {"camera_id": "osm_13962718001", "camera_type": "alpr", "road": "", "operator": "", "updated_at": "2026-08-04T16:29"}}, {"type": "Feature", "geometry": {"type": "Point", "coordinates": [-86.6467291, 38.3843665]}, "properties": {"camera_id": "osm_13962722101", "camera_type": "alpr", "road": "", "operator": "", "updated_at": "2026-08-04T16:29"}}, {"type": "Feature", "geometry": {"type": "Point", "coordinates": [-86.8915776, 41.1577519]}, "properties": {"camera_id": "osm_13962863602", "camera_type": "alpr", "road": "", "operator": "", "updated_at": "2026-08-04T16:29"}}, {"type": "Feature", "geometry": {"type": "Point", "coordinates": [-87.4671202, 41.2521739]}, "properties": {"camera_id": "osm_13962914402", "camera_type": "alpr", "road": "", "operator": "", "updated_at": "2026-08-04T16:29"}}, {"type": "Feature", "geometry": {"type": "Point", "coordinates": [-85.8264194, 39.5887662]}, "properties": {"camera_id": "osm_13963278901", "camera_type": "alpr", "road": "", "operator": "", "updated_at": "2026-08-04T16:29"}}, {"type": "Feature", "geometry": {"type": "Point", "coordinates": [-86.1473238, 38.2186406]}, "properties": {"camera_id": "osm_13963951001", "camera_type": "alpr", "road": "", "operator": "", "updated_at": "2026-08-04T16:29"}}, {"type": "Feature", "geometry": {"type": "Point", "coordinates": [-86.1565561, 39.7669556]}, "properties": {"camera_id": "osm_13965013401", "camera_type": "alpr", "road": "", "operator": "", "updated_at": "2026-08-04T16:29"}}, {"type": "Feature", "geometry": {"type": "Point", "coordinates": [-87.1087191, 38.6549699]}, "properties": {"camera_id": "osm_13965622701", "camera_type": "alpr", "road": "", "operator": "", "updated_at": "2026-08-04T16:29"}}, {"type": "Feature", "geometry": {"type": "Point", "coordinates": [-86.1269805, 40.4168902]}, "properties": {"camera_id": "osm_13965988502", "camera_type": "alpr", "road": "", "operator": "", "updated_at": "2026-08-04T16:29"}}, {"type": "Feature", "geometry": {"type": "Point", "coordinates": [-86.1674432, 38.8362861]}, "properties": {"camera_id": "osm_13966382201", "camera_type": "alpr", "road": "", "operator": "", "updated_at": "2026-08-04T16:29"}}, {"type": "Feature", "geometry": {"type": "Point", "coordinates": [-87.2389285, 41.3954765]}, "properties": {"camera_id": "osm_13966720001", "camera_type": "alpr", "road": "", "operator": "", "updated_at": "2026-08-04T16:29"}}, {"type": "Feature", "geometry": {"type": "Point", "coordinates": [-87.2390558, 41.3958234]}, "properties": {"camera_id": "osm_13966720201", "camera_type": "alpr", "road": "", "operator": "", "updated_at": "2026-08-04T16:29"}}, {"type": "Feature", "geometry": {"type": "Point", "coordinates": [-87.5747861, 37.9866233]}, "properties": {"camera_id": "osm_13966811401", "camera_type": "alpr", "road": "", "operator": "", "updated_at": "2026-08-04T16:29"}}, {"type": "Feature", "geometry": {"type": "Point", "coordinates": [-86.3506505, 39.7640446]}, "properties": {"camera_id": "osm_13967449601", "camera_type": "alpr", "road": "", "operator": "", "updated_at": "2026-08-04T16:29"}}, {"type": "Feature", "geometry": {"type": "Point", "coordinates": [-86.327103, 39.7627967]}, "properties": {"camera_id": "osm_13967470801", "camera_type": "alpr", "road": "", "operator": "", "updated_at": "2026-08-04T16:29"}}, {"type": "Feature", "geometry": {"type": "Point", "coordinates": [-87.5563091, 39.1173667]}, "properties": {"camera_id": "osm_13968340602", "camera_type": "alpr", "road": "", "operator": "", "updated_at": "2026-08-04T16:29"}}, {"type": "Feature", "geometry": {"type": "Point", "coordinates": [-86.1957345, 39.3999234]}, "properties": {"camera_id": "osm_13968706901", "camera_type": "alpr", "road": "", "operator": "", "updated_at": "2026-08-04T16:29"}}, {"type": "Feature", "geometry": {"type": "Point", "coordinates": [-87.9349593, 38.122653]}, "properties": {"camera_id": "osm_13969020701", "camera_type": "alpr", "road": "", "operator": "", "updated_at": "2026-08-04T16:29"}}, {"type": "Feature", "geometry": {"type": "Point", "coordinates": [-85.0379459, 41.3677124]}, "properties": {"camera_id": "osm_13969097702", "camera_type": "alpr", "road": "", "operator": "", "updated_at": "2026-08-04T16:29"}}, {"type": "Feature", "geometry": {"type": "Point", "coordinates": [-85.4706966, 38.7283664]}, "properties": {"camera_id": "osm_13969460902", "camera_type": "alpr", "road": "", "operator": "", "updated_at": "2026-08-04T16:29"}}, {"type": "Feature", "geometry": {"type": "Point", "coordinates": [-87.5901353, 38.0367672]}, "properties": {"camera_id": "osm_13969547460", "camera_type": "alpr", "road": "", "operator": "", "updated_at": "2026-08-04T16:29"}}, {"type": "Feature", "geometry": {"type": "Point", "coordinates": [-87.2769551, 41.4054492]}, "properties": {"camera_id": "osm_13969920301", "camera_type": "alpr", "road": "", "operator": "", "updated_at": "2026-08-04T16:29"}}, {"type": "Feature", "geometry": {"type": "Point", "coordinates": [-87.2735342, 41.4054005]}, "properties": {"camera_id": "osm_13969920501", "camera_type": "alpr", "road": "", "operator": "", "updated_at": "2026-08-04T16:29"}}, {"type": "Feature", "geometry": {"type": "Point", "coordinates": [-86.4592145, 39.7620369]}, "properties": {"camera_id": "osm_13970857701", "camera_type": "alpr", "road": "", "operator": "", "updated_at": "2026-08-04T16:29"}}, {"type": "Feature", "geometry": {"type": "Point", "coordinates": [-85.0866516, 41.3653689]}, "properties": {"camera_id": "osm_13971137701", "camera_type": "alpr", "road": "", "operator": "", "updated_at": "2026-08-04T16:29"}}, {"type": "Feature", "geometry": {"type": "Point", "coordinates": [-85.7630118, 38.275809]}, "properties": {"camera_id": "osm_13971256701", "camera_type": "alpr", "road": "", "operator": "", "updated_at": "2026-08-04T16:29"}}, {"type": "Feature", "geometry": {"type": "Point", "coordinates": [-85.809277, 38.6772974]}, "properties": {"camera_id": "osm_13971410302", "camera_type": "alpr", "road": "", "operator": "", "updated_at": "2026-08-04T16:29"}}, {"type": "Feature", "geometry": {"type": "Point", "coordinates": [-86.3024107, 41.3438199]}, "properties": {"camera_id": "osm_13971410501", "camera_type": "alpr", "road": "", "operator": "", "updated_at": "2026-08-04T16:29"}}, {"type": "Feature", "geometry": {"type": "Point", "coordinates": [-86.1973785, 39.6683159]}, "properties": {"camera_id": "osm_13971462801", "camera_type": "alpr", "road": "", "operator": "", "updated_at": "2026-08-04T16:29"}}, {"type": "Feature", "geometry": {"type": "Point", "coordinates": [-86.1973358, 39.6684834]}, "properties": {"camera_id": "osm_13971464001", "camera_type": "alpr", "road": "", "operator": "", "updated_at": "2026-08-04T16:29"}}, {"type": "Feature", "geometry": {"type": "Point", "coordinates": [-86.4730464, 39.1641679]}, "properties": {"camera_id": "osm_13972432901", "camera_type": "alpr", "road": "", "operator": "", "updated_at": "2026-08-04T16:29"}}, {"type": "Feature", "geometry": {"type": "Point", "coordinates": [-84.8291475, 41.1499113]}, "properties": {"camera_id": "osm_13972960401", "camera_type": "alpr", "road": "", "operator": "", "updated_at": "2026-08-04T16:29"}}, {"type": "Feature", "geometry": {"type": "Point", "coordinates": [-86.2505542, 39.9778056]}, "properties": {"camera_id": "osm_13974908601", "camera_type": "alpr", "road": "", "operator": "", "updated_at": "2026-08-04T16:29"}}, {"type": "Feature", "geometry": {"type": "Point", "coordinates": [-86.1762593, 39.5316501]}, "properties": {"camera_id": "osm_13975164254", "camera_type": "alpr", "road": "", "operator": "", "updated_at": "2026-08-04T16:29"}}, {"type": "Feature", "geometry": {"type": "Point", "coordinates": [-86.1744286, 39.5305807]}, "properties": {"camera_id": "osm_13975164255", "camera_type": "alpr", "road": "", "operator": "", "updated_at": "2026-08-04T16:29"}}, {"type": "Feature", "geometry": {"type": "Point", "coordinates": [-87.5224103, 37.9733352]}, "properties": {"camera_id": "osm_13975228801", "camera_type": "alpr", "road": "", "operator": "", "updated_at": "2026-08-04T16:29"}}, {"type": "Feature", "geometry": {"type": "Point", "coordinates": [-87.5232239, 37.9700308]}, "properties": {"camera_id": "osm_13975228803", "camera_type": "alpr", "road": "", "operator": "", "updated_at": "2026-08-04T16:29"}}, {"type": "Feature", "geometry": {"type": "Point", "coordinates": [-87.5473107, 37.9735025]}, "properties": {"camera_id": "osm_13975302701", "camera_type": "alpr", "road": "", "operator": "", "updated_at": "2026-08-04T16:29"}}, {"type": "Feature", "geometry": {"type": "Point", "coordinates": [-87.5478016, 37.9734506]}, "properties": {"camera_id": "osm_13975393701", "camera_type": "alpr", "road": "", "operator": "", "updated_at": "2026-08-04T16:29"}}, {"type": "Feature", "geometry": {"type": "Point", "coordinates": [-87.5483311, 37.9736651]}, "properties": {"camera_id": "osm_13975394401", "camera_type": "alpr", "road": "", "operator": "", "updated_at": "2026-08-04T16:29"}}, {"type": "Feature", "geometry": {"type": "Point", "coordinates": [-86.649148, 39.760532]}, "properties": {"camera_id": "osm_13975513901", "camera_type": "alpr", "road": "", "operator": "", "updated_at": "2026-08-04T16:29"}}, {"type": "Feature", "geometry": {"type": "Point", "coordinates": [-87.3603989, 39.4913695]}, "properties": {"camera_id": "osm_13975666701", "camera_type": "alpr", "road": "", "operator": "", "updated_at": "2026-08-04T16:29"}}, {"type": "Feature", "geometry": {"type": "Point", "coordinates": [-86.5467438, 39.8851406]}, "properties": {"camera_id": "osm_13975693802", "camera_type": "alpr", "road": "", "operator": "", "updated_at": "2026-08-04T16:29"}}, {"type": "Feature", "geometry": {"type": "Point", "coordinates": [-86.5433365, 39.8736257]}, "properties": {"camera_id": "osm_13975693803", "camera_type": "alpr", "road": "", "operator": "", "updated_at": "2026-08-04T16:29"}}, {"type": "Feature", "geometry": {"type": "Point", "coordinates": [-86.5337517, 39.8771144]}, "properties": {"camera_id": "osm_13975694101", "camera_type": "alpr", "road": "", "operator": "", "updated_at": "2026-08-04T16:29"}}, {"type": "Feature", "geometry": {"type": "Point", "coordinates": [-86.539264, 39.8900292]}, "properties": {"camera_id": "osm_13975706301", "camera_type": "alpr", "road": "", "operator": "", "updated_at": "2026-08-04T16:29"}}, {"type": "Feature", "geometry": {"type": "Point", "coordinates": [-85.1090953, 39.8140669]}, "properties": {"camera_id": "osm_13976476002", "camera_type": "alpr", "road": "", "operator": "", "updated_at": "2026-08-04T16:29"}}, {"type": "Feature", "geometry": {"type": "Point", "coordinates": [-86.1970991, 39.5770346]}, "properties": {"camera_id": "osm_13976681302", "camera_type": "alpr", "road": "", "operator": "", "updated_at": "2026-08-04T16:29"}}, {"type": "Feature", "geometry": {"type": "Point", "coordinates": [-86.1970682, 39.5773085]}, "properties": {"camera_id": "osm_13976690201", "camera_type": "alpr", "road": "", "operator": "", "updated_at": "2026-08-04T16:29"}}, {"type": "Feature", "geometry": {"type": "Point", "coordinates": [-87.4698341, 41.3772371]}, "properties": {"camera_id": "osm_13978327901", "camera_type": "alpr", "road": "", "operator": "", "updated_at": "2026-08-04T16:29"}}, {"type": "Feature", "geometry": {"type": "Point", "coordinates": [-86.1658186, 38.0156129]}, "properties": {"camera_id": "osm_13978472401", "camera_type": "alpr", "road": "", "operator": "", "updated_at": "2026-08-04T16:29"}}, {"type": "Feature", "geometry": {"type": "Point", "coordinates": [-86.0139317, 38.075345]}, "properties": {"camera_id": "osm_13978496001", "camera_type": "alpr", "road": "", "operator": "", "updated_at": "2026-08-04T16:29"}}, {"type": "Feature", "geometry": {"type": "Point", "coordinates": [-86.0813009, 40.7727615]}, "properties": {"camera_id": "osm_13978906701", "camera_type": "alpr", "road": "", "operator": "", "updated_at": "2026-08-04T16:29"}}, {"type": "Feature", "geometry": {"type": "Point", "coordinates": [-85.7932818, 39.139881]}, "properties": {"camera_id": "osm_13979107002", "camera_type": "alpr", "road": "", "operator": "", "updated_at": "2026-08-04T16:29"}}, {"type": "Feature", "geometry": {"type": "Point", "coordinates": [-86.1034583, 38.7693302]}, "properties": {"camera_id": "osm_13979111301", "camera_type": "alpr", "road": "", "operator": "", "updated_at": "2026-08-04T16:29"}}, {"type": "Feature", "geometry": {"type": "Point", "coordinates": [-86.0828344, 39.4827025]}, "properties": {"camera_id": "osm_13979116193", "camera_type": "alpr", "road": "", "operator": "", "updated_at": "2026-08-04T16:29"}}, {"type": "Feature", "geometry": {"type": "Point", "coordinates": [-85.175122, 40.193036]}, "properties": {"camera_id": "osm_13980326501", "camera_type": "alpr", "road": "", "operator": "", "updated_at": "2026-08-04T16:29"}}, {"type": "Feature", "geometry": {"type": "Point", "coordinates": [-86.8699685, 41.7168819]}, "properties": {"camera_id": "osm_13980603601", "camera_type": "alpr", "road": "", "operator": "", "updated_at": "2026-08-04T16:29"}}, {"type": "Feature", "geometry": {"type": "Point", "coordinates": [-86.0383631, 39.7462424]}, "properties": {"camera_id": "osm_13980974302", "camera_type": "alpr", "road": "", "operator": "", "updated_at": "2026-08-04T16:29"}}, {"type": "Feature", "geometry": {"type": "Point", "coordinates": [-85.1266599, 40.0483172]}, "properties": {"camera_id": "osm_13981209601", "camera_type": "alpr", "road": "", "operator": "", "updated_at": "2026-08-04T16:29"}}, {"type": "Feature", "geometry": {"type": "Point", "coordinates": [-84.8271683, 40.1128819]}, "properties": {"camera_id": "osm_13981612804", "camera_type": "alpr", "road": "", "operator": "", "updated_at": "2026-08-04T16:29"}}, {"type": "Feature", "geometry": {"type": "Point", "coordinates": [-85.3815196, 40.1785041]}, "properties": {"camera_id": "osm_13981645701", "camera_type": "alpr", "road": "", "operator": "", "updated_at": "2026-08-04T16:29"}}, {"type": "Feature", "geometry": {"type": "Point", "coordinates": [-85.3814307, 40.1782291]}, "properties": {"camera_id": "osm_13981646501", "camera_type": "alpr", "road": "", "operator": "", "updated_at": "2026-08-04T16:29"}}, {"type": "Feature", "geometry": {"type": "Point", "coordinates": [-85.3911498, 40.178219]}, "properties": {"camera_id": "osm_13981657301", "camera_type": "alpr", "road": "", "operator": "", "updated_at": "2026-08-04T16:29"}}, {"type": "Feature", "geometry": {"type": "Point", "coordinates": [-85.1185415, 41.1634645]}, "properties": {"camera_id": "osm_13981685601", "camera_type": "alpr", "road": "", "operator": "", "updated_at": "2026-08-04T16:29"}}, {"type": "Feature", "geometry": {"type": "Point", "coordinates": [-87.2909594, 40.940467]}, "properties": {"camera_id": "osm_13981740501", "camera_type": "alpr", "road": "", "operator": "", "updated_at": "2026-08-04T16:29"}}, {"type": "Feature", "geometry": {"type": "Point", "coordinates": [-87.2407256, 41.5920888]}, "properties": {"camera_id": "osm_13981880971", "camera_type": "alpr", "road": "", "operator": "", "updated_at": "2026-08-04T16:29"}}, {"type": "Feature", "geometry": {"type": "Point", "coordinates": [-87.332671, 39.4261958]}, "properties": {"camera_id": "osm_13981895101", "camera_type": "alpr", "road": "", "operator": "", "updated_at": "2026-08-04T16:29"}}, {"type": "Feature", "geometry": {"type": "Point", "coordinates": [-86.3616626, 39.724289]}, "properties": {"camera_id": "osm_13981896301", "camera_type": "alpr", "road": "", "operator": "", "updated_at": "2026-08-04T16:29"}}, {"type": "Feature", "geometry": {"type": "Point", "coordinates": [-87.372341, 41.60184]}, "properties": {"camera_id": "osm_13981909911", "camera_type": "alpr", "road": "", "operator": "", "updated_at": "2026-08-04T16:29"}}, {"type": "Feature", "geometry": {"type": "Point", "coordinates": [-87.4875317, 41.2827648]}, "properties": {"camera_id": "osm_13982054012", "camera_type": "alpr", "road": "", "operator": "", "updated_at": "2026-08-04T16:29"}}, {"type": "Feature", "geometry": {"type": "Point", "coordinates": [-86.8144136, 38.0002158]}, "properties": {"camera_id": "osm_13983377902", "camera_type": "alpr", "road": "", "operator": "", "updated_at": "2026-08-04T16:29"}}, {"type": "Feature", "geometry": {"type": "Point", "coordinates": [-86.1459138, 38.2062061]}, "properties": {"camera_id": "osm_13983622801", "camera_type": "alpr", "road": "", "operator": "", "updated_at": "2026-08-04T16:29"}}, {"type": "Feature", "geometry": {"type": "Point", "coordinates": [-86.2630612, 39.6196156]}, "properties": {"camera_id": "osm_13983911801", "camera_type": "alpr", "road": "", "operator": "", "updated_at": "2026-08-04T16:29"}}, {"type": "Feature", "geometry": {"type": "Point", "coordinates": [-86.9682483, 38.193814]}, "properties": {"camera_id": "osm_13983936001", "camera_type": "alpr", "road": "", "operator": "", "updated_at": "2026-08-04T16:29"}}, {"type": "Feature", "geometry": {"type": "Point", "coordinates": [-86.8802648, 41.6803467]}, "properties": {"camera_id": "osm_13984057545", "camera_type": "alpr", "road": "", "operator": "", "updated_at": "2026-08-04T16:29"}}, {"type": "Feature", "geometry": {"type": "Point", "coordinates": [-86.8598984, 41.6801252]}, "properties": {"camera_id": "osm_13984062491", "camera_type": "alpr", "road": "", "operator": "", "updated_at": "2026-08-04T16:29"}}, {"type": "Feature", "geometry": {"type": "Point", "coordinates": [-85.8827628, 40.134468]}, "properties": {"camera_id": "osm_13984375802", "camera_type": "alpr", "road": "", "operator": "", "updated_at": "2026-08-04T16:29"}}, {"type": "Feature", "geometry": {"type": "Point", "coordinates": [-85.9780552, 39.9524382]}, "properties": {"camera_id": "osm_13984496045", "camera_type": "alpr", "road": "", "operator": "", "updated_at": "2026-08-04T16:29"}}, {"type": "Feature", "geometry": {"type": "Point", "coordinates": [-87.0566573, 41.4758325]}, "properties": {"camera_id": "osm_13984496629", "camera_type": "alpr", "road": "", "operator": "", "updated_at": "2026-08-04T16:29"}}, {"type": "Feature", "geometry": {"type": "Point", "coordinates": [-86.2580963, 39.3398185]}, "properties": {"camera_id": "osm_13984508901", "camera_type": "alpr", "road": "", "operator": "", "updated_at": "2026-08-04T16:29"}}, {"type": "Feature", "geometry": {"type": "Point", "coordinates": [-85.8387766, 39.7091149]}, "properties": {"camera_id": "osm_13984785201", "camera_type": "alpr", "road": "", "operator": "", "updated_at": "2026-08-04T16:29"}}, {"type": "Feature", "geometry": {"type": "Point", "coordinates": [-86.8117001, 40.6027228]}, "properties": {"camera_id": "osm_13985132601", "camera_type": "alpr", "road": "", "operator": "", "updated_at": "2026-08-04T16:29"}}, {"type": "Feature", "geometry": {"type": "Point", "coordinates": [-87.3559411, 41.5482919]}, "properties": {"camera_id": "osm_13985471201", "camera_type": "alpr", "road": "", "operator": "", "updated_at": "2026-08-04T16:29"}}, {"type": "Feature", "geometry": {"type": "Point", "coordinates": [-86.1738456, 41.4453972]}, "properties": {"camera_id": "osm_13986593502", "camera_type": "alpr", "road": "", "operator": "", "updated_at": "2026-08-04T16:29"}}, {"type": "Feature", "geometry": {"type": "Point", "coordinates": [-87.3568283, 41.57343]}, "properties": {"camera_id": "osm_13986964302", "camera_type": "alpr", "road": "", "operator": "", "updated_at": "2026-08-04T16:29"}}, {"type": "Feature", "geometry": {"type": "Point", "coordinates": [-87.3559947, 41.5735362]}, "properties": {"camera_id": "osm_13986968301", "camera_type": "alpr", "road": "", "operator": "", "updated_at": "2026-08-04T16:29"}}, {"type": "Feature", "geometry": {"type": "Point", "coordinates": [-87.3939147, 41.5732906]}, "properties": {"camera_id": "osm_13987004001", "camera_type": "alpr", "road": "", "operator": "", "updated_at": "2026-08-04T16:29"}}, {"type": "Feature", "geometry": {"type": "Point", "coordinates": [-87.4033813, 41.5735665]}, "properties": {"camera_id": "osm_13987004701", "camera_type": "alpr", "road": "", "operator": "", "updated_at": "2026-08-04T16:29"}}, {"type": "Feature", "geometry": {"type": "Point", "coordinates": [-87.4617443, 41.5882368]}, "properties": {"camera_id": "osm_13987020503", "camera_type": "alpr", "road": "", "operator": "", "updated_at": "2026-08-04T16:29"}}, {"type": "Feature", "geometry": {"type": "Point", "coordinates": [-87.4615479, 41.5883777]}, "properties": {"camera_id": "osm_13987020602", "camera_type": "alpr", "road": "", "operator": "", "updated_at": "2026-08-04T16:29"}}, {"type": "Feature", "geometry": {"type": "Point", "coordinates": [-86.0441301, 39.8282874]}, "properties": {"camera_id": "osm_13987508566", "camera_type": "alpr", "road": "", "operator": "", "updated_at": "2026-08-04T16:29"}}, {"type": "Feature", "geometry": {"type": "Point", "coordinates": [-87.4361768, 41.5883492]}, "properties": {"camera_id": "osm_13987815401", "camera_type": "alpr", "road": "", "operator": "", "updated_at": "2026-08-04T16:29"}}, {"type": "Feature", "geometry": {"type": "Point", "coordinates": [-87.435571, 41.5879208]}, "properties": {"camera_id": "osm_13987816901", "camera_type": "alpr", "road": "", "operator": "", "updated_at": "2026-08-04T16:29"}}, {"type": "Feature", "geometry": {"type": "Point", "coordinates": [-87.433625, 41.5733645]}, "properties": {"camera_id": "osm_13987825201", "camera_type": "alpr", "road": "", "operator": "", "updated_at": "2026-08-04T16:29"}}, {"type": "Feature", "geometry": {"type": "Point", "coordinates": [-87.4280678, 41.573326]}, "properties": {"camera_id": "osm_13987825501", "camera_type": "alpr", "road": "", "operator": "", "updated_at": "2026-08-04T16:29"}}, {"type": "Feature", "geometry": {"type": "Point", "coordinates": [-87.4132803, 41.5731537]}, "properties": {"camera_id": "osm_13987832602", "camera_type": "alpr", "road": "", "operator": "", "updated_at": "2026-08-04T16:29"}}, {"type": "Feature", "geometry": {"type": "Point", "coordinates": [-87.4275435, 41.53738]}, "properties": {"camera_id": "osm_13987846301", "camera_type": "alpr", "road": "", "operator": "", "updated_at": "2026-08-04T16:29"}}, {"type": "Feature", "geometry": {"type": "Point", "coordinates": [-87.4277301, 41.5372441]}, "properties": {"camera_id": "osm_13987851201", "camera_type": "alpr", "road": "", "operator": "", "updated_at": "2026-08-04T16:29"}}, {"type": "Feature", "geometry": {"type": "Point", "coordinates": [-87.1433937, 41.6182219]}, "properties": {"camera_id": "osm_13988512403", "camera_type": "alpr", "road": "", "operator": "", "updated_at": "2026-08-04T16:29"}}, {"type": "Feature", "geometry": {"type": "Point", "coordinates": [-87.2789301, 41.5952497]}, "properties": {"camera_id": "osm_13988589903", "camera_type": "alpr", "road": "", "operator": "", "updated_at": "2026-08-04T16:29"}}, {"type": "Feature", "geometry": {"type": "Point", "coordinates": [-85.5654929, 40.1136765]}, "properties": {"camera_id": "osm_13988633301", "camera_type": "alpr", "road": "", "operator": "", "updated_at": "2026-08-04T16:29"}}, {"type": "Feature", "geometry": {"type": "Point", "coordinates": [-87.4036876, 41.5733809]}, "properties": {"camera_id": "osm_13988649201", "camera_type": "alpr", "road": "", "operator": "", "updated_at": "2026-08-04T16:29"}}, {"type": "Feature", "geometry": {"type": "Point", "coordinates": [-87.4421057, 41.5882848]}, "properties": {"camera_id": "osm_13988649202", "camera_type": "alpr", "road": "", "operator": "", "updated_at": "2026-08-04T16:29"}}, {"type": "Feature", "geometry": {"type": "Point", "coordinates": [-87.4129136, 41.573809]}, "properties": {"camera_id": "osm_13988649901", "camera_type": "alpr", "road": "", "operator": "", "updated_at": "2026-08-04T16:29"}}, {"type": "Feature", "geometry": {"type": "Point", "coordinates": [-87.4424312, 41.5880732]}, "properties": {"camera_id": "osm_13988658501", "camera_type": "alpr", "road": "", "operator": "", "updated_at": "2026-08-04T16:29"}}, {"type": "Feature", "geometry": {"type": "Point", "coordinates": [-87.4424023, 41.5882775]}, "properties": {"camera_id": "osm_13988659001", "camera_type": "alpr", "road": "", "operator": "", "updated_at": "2026-08-04T16:29"}}, {"type": "Feature", "geometry": {"type": "Point", "coordinates": [-87.4805216, 41.6027853]}, "properties": {"camera_id": "osm_13988670801", "camera_type": "alpr", "road": "", "operator": "", "updated_at": "2026-08-04T16:29"}}, {"type": "Feature", "geometry": {"type": "Point", "coordinates": [-87.4805252, 41.6099882]}, "properties": {"camera_id": "osm_13988673801", "camera_type": "alpr", "road": "", "operator": "", "updated_at": "2026-08-04T16:29"}}, {"type": "Feature", "geometry": {"type": "Point", "coordinates": [-87.3461451, 41.5653028]}, "properties": {"camera_id": "osm_13988708501", "camera_type": "alpr", "road": "", "operator": "", "updated_at": "2026-08-04T16:29"}}, {"type": "Feature", "geometry": {"type": "Point", "coordinates": [-87.3476366, 41.5879542]}, "properties": {"camera_id": "osm_13988712801", "camera_type": "alpr", "road": "", "operator": "", "updated_at": "2026-08-04T16:29"}}, {"type": "Feature", "geometry": {"type": "Point", "coordinates": [-87.355297, 41.5732479]}, "properties": {"camera_id": "osm_13988721301", "camera_type": "alpr", "road": "", "operator": "", "updated_at": "2026-08-04T16:29"}}, {"type": "Feature", "geometry": {"type": "Point", "coordinates": [-87.3465647, 41.5667664]}, "properties": {"camera_id": "osm_13988723901", "camera_type": "alpr", "road": "", "operator": "", "updated_at": "2026-08-04T16:29"}}, {"type": "Feature", "geometry": {"type": "Point", "coordinates": [-85.8009358, 39.5044771]}, "properties": {"camera_id": "osm_13988772401", "camera_type": "alpr", "road": "", "operator": "", "updated_at": "2026-08-04T16:29"}}, {"type": "Feature", "geometry": {"type": "Point", "coordinates": [-85.8942284, 39.363454]}, "properties": {"camera_id": "osm_13988815701", "camera_type": "alpr", "road": "", "operator": "", "updated_at": "2026-08-04T16:29"}}, {"type": "Feature", "geometry": {"type": "Point", "coordinates": [-87.3346175, 41.1772]}, "properties": {"camera_id": "osm_13989114301", "camera_type": "alpr", "road": "", "operator": "", "updated_at": "2026-08-04T16:29"}}, {"type": "Feature", "geometry": {"type": "Point", "coordinates": [-87.0105551, 41.4695783]}, "properties": {"camera_id": "osm_13989134901", "camera_type": "alpr", "road": "", "operator": "", "updated_at": "2026-08-04T16:29"}}, {"type": "Feature", "geometry": {"type": "Point", "coordinates": [-86.1097756, 39.5986736]}, "properties": {"camera_id": "osm_13990751202", "camera_type": "alpr", "road": "", "operator": "", "updated_at": "2026-08-04T16:29"}}, {"type": "Feature", "geometry": {"type": "Point", "coordinates": [-86.1162538, 39.5987509]}, "properties": {"camera_id": "osm_13990754601", "camera_type": "alpr", "road": "", "operator": "", "updated_at": "2026-08-04T16:29"}}, {"type": "Feature", "geometry": {"type": "Point", "coordinates": [-86.116193, 39.5987675]}, "properties": {"camera_id": "osm_13990754701", "camera_type": "alpr", "road": "", "operator": "", "updated_at": "2026-08-04T16:29"}}, {"type": "Feature", "geometry": {"type": "Point", "coordinates": [-86.1097756, 39.5985967]}, "properties": {"camera_id": "osm_13990754901", "camera_type": "alpr", "road": "", "operator": "", "updated_at": "2026-08-04T16:29"}}, {"type": "Feature", "geometry": {"type": "Point", "coordinates": [-86.9365814, 39.0416167]}, "properties": {"camera_id": "osm_13991484201", "camera_type": "alpr", "road": "", "operator": "", "updated_at": "2026-08-04T16:29"}}, {"type": "Feature", "geometry": {"type": "Point", "coordinates": [-85.686849, 39.6704739]}, "properties": {"camera_id": "osm_13992277201", "camera_type": "alpr", "road": "", "operator": "", "updated_at": "2026-08-04T16:29"}}, {"type": "Feature", "geometry": {"type": "Point", "coordinates": [-86.4718197, 40.0324073]}, "properties": {"camera_id": "osm_13992764501", "camera_type": "alpr", "road": "", "operator": "", "updated_at": "2026-08-04T16:29"}}, {"type": "Feature", "geometry": {"type": "Point", "coordinates": [-87.2154132, 38.8726342]}, "properties": {"camera_id": "osm_13993299102", "camera_type": "alpr", "road": "", "operator": "", "updated_at": "2026-08-04T16:29"}}, {"type": "Feature", "geometry": {"type": "Point", "coordinates": [-85.9955649, 40.0327006]}, "properties": {"camera_id": "osm_13993436004", "camera_type": "alpr", "road": "", "operator": "", "updated_at": "2026-08-04T16:29"}}, {"type": "Feature", "geometry": {"type": "Point", "coordinates": [-86.0340043, 39.922187]}, "properties": {"camera_id": "osm_13993446102", "camera_type": "alpr", "road": "", "operator": "The Home Depot", "updated_at": "2026-08-04T16:29"}}, {"type": "Feature", "geometry": {"type": "Point", "coordinates": [-86.0341923, 39.9237505]}, "properties": {"camera_id": "osm_13993497001", "camera_type": "alpr", "road": "", "operator": "The Home Depot", "updated_at": "2026-08-04T16:29"}}, {"type": "Feature", "geometry": {"type": "Point", "coordinates": [-86.1565679, 39.7670933]}, "properties": {"camera_id": "osm_13993679401", "camera_type": "alpr", "road": "", "operator": "", "updated_at": "2026-08-04T16:29"}}, {"type": "Feature", "geometry": {"type": "Point", "coordinates": [-86.6771561, 40.5768538]}, "properties": {"camera_id": "osm_13993825401", "camera_type": "alpr", "road": "", "operator": "", "updated_at": "2026-08-04T16:29"}}, {"type": "Feature", "geometry": {"type": "Point", "coordinates": [-85.9767707, 41.7259097]}, "properties": {"camera_id": "osm_13993942401", "camera_type": "alpr", "road": "", "operator": "Lowe's", "updated_at": "2026-08-04T16:29"}}, {"type": "Feature", "geometry": {"type": "Point", "coordinates": [-87.2181872, 40.9405953]}, "properties": {"camera_id": "osm_13994675301", "camera_type": "alpr", "road": "", "operator": "", "updated_at": "2026-08-04T16:29"}}, {"type": "Feature", "geometry": {"type": "Point", "coordinates": [-86.4911634, 40.0467196]}, "properties": {"camera_id": "osm_13995515302", "camera_type": "alpr", "road": "", "operator": "", "updated_at": "2026-08-04T16:29"}}, {"type": "Feature", "geometry": {"type": "Point", "coordinates": [-84.8515189, 39.8310128]}, "properties": {"camera_id": "osm_13995890302", "camera_type": "alpr", "road": "", "operator": "", "updated_at": "2026-08-04T16:29"}}, {"type": "Feature", "geometry": {"type": "Point", "coordinates": [-84.8515327, 39.8309878]}, "properties": {"camera_id": "osm_13995894102", "camera_type": "alpr", "road": "", "operator": "", "updated_at": "2026-08-04T16:29"}}, {"type": "Feature", "geometry": {"type": "Point", "coordinates": [-84.8515419, 39.8309983]}, "properties": {"camera_id": "osm_13995894103", "camera_type": "alpr", "road": "", "operator": "", "updated_at": "2026-08-04T16:29"}}, {"type": "Feature", "geometry": {"type": "Point", "coordinates": [-84.8515327, 39.8309878]}, "properties": {"camera_id": "osm_13995894401", "camera_type": "alpr", "road": "", "operator": "", "updated_at": "2026-08-04T16:29"}}, {"type": "Feature", "geometry": {"type": "Point", "coordinates": [-87.5421003, 37.9813842]}, "properties": {"camera_id": "osm_13996030301", "camera_type": "alpr", "road": "", "operator": "", "updated_at": "2026-08-04T16:29"}}, {"type": "Feature", "geometry": {"type": "Point", "coordinates": [-87.360361, 39.490743]}, "properties": {"camera_id": "osm_13996049501", "camera_type": "alpr", "road": "", "operator": "", "updated_at": "2026-08-04T16:29"}}, {"type": "Feature", "geometry": {"type": "Point", "coordinates": [-87.0947285, 41.4852431]}, "properties": {"camera_id": "osm_13996109401", "camera_type": "alpr", "road": "", "operator": "", "updated_at": "2026-08-04T16:29"}}, {"type": "Feature", "geometry": {"type": "Point", "coordinates": [-86.3507586, 39.5994672]}, "properties": {"camera_id": "osm_13996111101", "camera_type": "alpr", "road": "", "operator": "", "updated_at": "2026-08-04T16:29"}}, {"type": "Feature", "geometry": {"type": "Point", "coordinates": [-87.5764746, 38.106421]}, "properties": {"camera_id": "osm_13996116002", "camera_type": "alpr", "road": "", "operator": "", "updated_at": "2026-08-04T16:29"}}, {"type": "Feature", "geometry": {"type": "Point", "coordinates": [-85.9739567, 39.9570143]}, "properties": {"camera_id": "osm_13996246097", "camera_type": "alpr", "road": "", "operator": "", "updated_at": "2026-08-04T16:29"}}, {"type": "Feature", "geometry": {"type": "Point", "coordinates": [-85.8361495, 38.7871509]}, "properties": {"camera_id": "osm_13996666501", "camera_type": "alpr", "road": "", "operator": "", "updated_at": "2026-08-04T16:29"}}, {"type": "Feature", "geometry": {"type": "Point", "coordinates": [-85.8363303, 38.7871896]}, "properties": {"camera_id": "osm_13996667101", "camera_type": "alpr", "road": "", "operator": "", "updated_at": "2026-08-04T16:29"}}, {"type": "Feature", "geometry": {"type": "Point", "coordinates": [-85.8370104, 38.7871474]}, "properties": {"camera_id": "osm_13996668801", "camera_type": "alpr", "road": "", "operator": "", "updated_at": "2026-08-04T16:29"}}, {"type": "Feature", "geometry": {"type": "Point", "coordinates": [-85.837157, 38.7871638]}, "properties": {"camera_id": "osm_13996668802", "camera_type": "alpr", "road": "", "operator": "", "updated_at": "2026-08-04T16:29"}}, {"type": "Feature", "geometry": {"type": "Point", "coordinates": [-85.8377436, 38.7871568]}, "properties": {"camera_id": "osm_13996669001", "camera_type": "alpr", "road": "", "operator": "", "updated_at": "2026-08-04T16:29"}}, {"type": "Feature", "geometry": {"type": "Point", "coordinates": [-87.3758443, 39.5208179]}, "properties": {"camera_id": "osm_13997605301", "camera_type": "alpr", "road": "", "operator": "", "updated_at": "2026-08-04T16:29"}}, {"type": "Feature", "geometry": {"type": "Point", "coordinates": [-86.2332286, 39.9118114]}, "properties": {"camera_id": "osm_13998020801", "camera_type": "alpr", "road": "", "operator": "", "updated_at": "2026-08-04T16:29"}}, {"type": "Feature", "geometry": {"type": "Point", "coordinates": [-86.1549556, 39.6925776]}, "properties": {"camera_id": "osm_13998057601", "camera_type": "alpr", "road": "", "operator": "", "updated_at": "2026-08-04T16:29"}}, {"type": "Feature", "geometry": {"type": "Point", "coordinates": [-86.2408765, 39.9109945]}, "properties": {"camera_id": "osm_13998065801", "camera_type": "alpr", "road": "", "operator": "", "updated_at": "2026-08-04T16:29"}}, {"type": "Feature", "geometry": {"type": "Point", "coordinates": [-86.7754571, 37.9828719]}, "properties": {"camera_id": "osm_13998072001", "camera_type": "alpr", "road": "", "operator": "", "updated_at": "2026-08-04T16:29"}}, {"type": "Feature", "geometry": {"type": "Point", "coordinates": [-86.4635929, 39.8721141]}, "properties": {"camera_id": "osm_13998293501", "camera_type": "alpr", "road": "", "operator": "", "updated_at": "2026-08-04T16:29"}}, {"type": "Feature", "geometry": {"type": "Point", "coordinates": [-86.137798, 39.6936289]}, "properties": {"camera_id": "osm_13998794602", "camera_type": "alpr", "road": "", "operator": "", "updated_at": "2026-08-04T16:29"}}, {"type": "Feature", "geometry": {"type": "Point", "coordinates": [-87.8411708, 37.9430141]}, "properties": {"camera_id": "osm_13998794603", "camera_type": "alpr", "road": "", "operator": "", "updated_at": "2026-08-04T16:29"}}, {"type": "Feature", "geometry": {"type": "Point", "coordinates": [-86.1360238, 39.6934658]}, "properties": {"camera_id": "osm_13998797901", "camera_type": "alpr", "road": "", "operator": "", "updated_at": "2026-08-04T16:29"}}, {"type": "Feature", "geometry": {"type": "Point", "coordinates": [-86.1108414, 39.5640339]}, "properties": {"camera_id": "osm_13999003701", "camera_type": "alpr", "road": "", "operator": "", "updated_at": "2026-08-04T16:29"}}, {"type": "Feature", "geometry": {"type": "Point", "coordinates": [-85.7842185, 41.5515964]}, "properties": {"camera_id": "osm_13999006301", "camera_type": "alpr", "road": "", "operator": "", "updated_at": "2026-08-04T16:29"}}, {"type": "Feature", "geometry": {"type": "Point", "coordinates": [-86.101467, 39.5866142]}, "properties": {"camera_id": "osm_13999036701", "camera_type": "alpr", "road": "", "operator": "", "updated_at": "2026-08-04T16:29"}}, {"type": "Feature", "geometry": {"type": "Point", "coordinates": [-85.9959122, 39.9564274]}, "properties": {"camera_id": "osm_14001127401", "camera_type": "alpr", "road": "", "operator": "", "updated_at": "2026-08-04T16:29"}}, {"type": "Feature", "geometry": {"type": "Point", "coordinates": [-84.852474, 39.2777825]}, "properties": {"camera_id": "osm_14001469203", "camera_type": "alpr", "road": "", "operator": "", "updated_at": "2026-08-04T16:29"}}, {"type": "Feature", "geometry": {"type": "Point", "coordinates": [-84.856471, 39.2782281]}, "properties": {"camera_id": "osm_14001472701", "camera_type": "alpr", "road": "", "operator": "", "updated_at": "2026-08-04T16:29"}}, {"type": "Feature", "geometry": {"type": "Point", "coordinates": [-85.7698703, 39.9892823]}, "properties": {"camera_id": "osm_14001568101", "camera_type": "alpr", "road": "", "operator": "", "updated_at": "2026-08-04T16:29"}}, {"type": "Feature", "geometry": {"type": "Point", "coordinates": [-86.3106781, 40.75761]}, "properties": {"camera_id": "osm_14002938102", "camera_type": "alpr", "road": "", "operator": "", "updated_at": "2026-08-04T16:29"}}, {"type": "Feature", "geometry": {"type": "Point", "coordinates": [-86.3114421, 40.7579069]}, "properties": {"camera_id": "osm_14002940601", "camera_type": "alpr", "road": "", "operator": "", "updated_at": "2026-08-04T16:29"}}, {"type": "Feature", "geometry": {"type": "Point", "coordinates": [-86.3097017, 40.7580035]}, "properties": {"camera_id": "osm_14002945301", "camera_type": "alpr", "road": "", "operator": "", "updated_at": "2026-08-04T16:29"}}, {"type": "Feature", "geometry": {"type": "Point", "coordinates": [-86.3456855, 39.9850836]}, "properties": {"camera_id": "osm_14003153302", "camera_type": "alpr", "road": "", "operator": "", "updated_at": "2026-08-04T16:29"}}, {"type": "Feature", "geometry": {"type": "Point", "coordinates": [-86.316973, 40.7626102]}, "properties": {"camera_id": "osm_14003273702", "camera_type": "alpr", "road": "", "operator": "", "updated_at": "2026-08-04T16:29"}}, {"type": "Feature", "geometry": {"type": "Point", "coordinates": [-86.1395281, 39.6720569]}, "properties": {"camera_id": "osm_14003303101", "camera_type": "alpr", "road": "", "operator": "", "updated_at": "2026-08-04T16:29"}}, {"type": "Feature", "geometry": {"type": "Point", "coordinates": [-86.1393774, 39.6685777]}, "properties": {"camera_id": "osm_14003303202", "camera_type": "alpr", "road": "", "operator": "", "updated_at": "2026-08-04T16:29"}}, {"type": "Feature", "geometry": {"type": "Point", "coordinates": [-86.4705024, 40.0351017]}, "properties": {"camera_id": "osm_14003343701", "camera_type": "alpr", "road": "", "operator": "", "updated_at": "2026-08-04T16:29"}}, {"type": "Feature", "geometry": {"type": "Point", "coordinates": [-87.2400777, 41.5854845]}, "properties": {"camera_id": "osm_14003641401", "camera_type": "alpr", "road": "", "operator": "", "updated_at": "2026-08-04T16:29"}}, {"type": "Feature", "geometry": {"type": "Point", "coordinates": [-87.3559221, 41.5723858]}, "properties": {"camera_id": "osm_14003691701", "camera_type": "alpr", "road": "", "operator": "", "updated_at": "2026-08-04T16:29"}}, {"type": "Feature", "geometry": {"type": "Point", "coordinates": [-86.0311826, 39.8495898]}, "properties": {"camera_id": "osm_14003721701", "camera_type": "alpr", "road": "", "operator": "", "updated_at": "2026-08-04T16:29"}}, {"type": "Feature", "geometry": {"type": "Point", "coordinates": [-86.012845, 39.833482]}, "properties": {"camera_id": "osm_14003730201", "camera_type": "alpr", "road": "", "operator": "", "updated_at": "2026-08-04T16:29"}}, {"type": "Feature", "geometry": {"type": "Point", "coordinates": [-86.0131441, 39.8335016]}, "properties": {"camera_id": "osm_14003731101", "camera_type": "alpr", "road": "", "operator": "", "updated_at": "2026-08-04T16:29"}}, {"type": "Feature", "geometry": {"type": "Point", "coordinates": [-86.0273447, 39.8417366]}, "properties": {"camera_id": "osm_14003733101", "camera_type": "alpr", "road": "", "operator": "", "updated_at": "2026-08-04T16:29"}}, {"type": "Feature", "geometry": {"type": "Point", "coordinates": [-87.3563208, 41.5731526]}, "properties": {"camera_id": "osm_14003758201", "camera_type": "alpr", "road": "", "operator": "", "updated_at": "2026-08-04T16:29"}}, {"type": "Feature", "geometry": {"type": "Point", "coordinates": [-86.0343612, 39.8446278]}, "properties": {"camera_id": "osm_14003758301", "camera_type": "alpr", "road": "", "operator": "", "updated_at": "2026-08-04T16:29"}}, {"type": "Feature", "geometry": {"type": "Point", "coordinates": [-87.355583, 41.5734312]}, "properties": {"camera_id": "osm_14003759301", "camera_type": "alpr", "road": "", "operator": "", "updated_at": "2026-08-04T16:29"}}, {"type": "Feature", "geometry": {"type": "Point", "coordinates": [-87.3562831, 41.5744223]}, "properties": {"camera_id": "osm_14003761101", "camera_type": "alpr", "road": "", "operator": "", "updated_at": "2026-08-04T16:29"}}, {"type": "Feature", "geometry": {"type": "Point", "coordinates": [-87.4032013, 41.5712323]}, "properties": {"camera_id": "osm_14003761802", "camera_type": "alpr", "road": "", "operator": "", "updated_at": "2026-08-04T16:29"}}, {"type": "Feature", "geometry": {"type": "Point", "coordinates": [-86.0364587, 39.8463322]}, "properties": {"camera_id": "osm_14004045401", "camera_type": "alpr", "road": "", "operator": "", "updated_at": "2026-08-04T16:29"}}, {"type": "Feature", "geometry": {"type": "Point", "coordinates": [-86.0368961, 39.8463605]}, "properties": {"camera_id": "osm_14004045601", "camera_type": "alpr", "road": "", "operator": "", "updated_at": "2026-08-04T16:29"}}, {"type": "Feature", "geometry": {"type": "Point", "coordinates": [-86.031967, 39.8402629]}, "properties": {"camera_id": "osm_14004046001", "camera_type": "alpr", "road": "", "operator": "", "updated_at": "2026-08-04T16:29"}}, {"type": "Feature", "geometry": {"type": "Point", "coordinates": [-86.1394219, 41.4466568]}, "properties": {"camera_id": "osm_14004820601", "camera_type": "alpr", "road": "", "operator": "", "updated_at": "2026-08-04T16:29"}}, {"type": "Feature", "geometry": {"type": "Point", "coordinates": [-86.1559247, 41.442535]}, "properties": {"camera_id": "osm_14004912701", "camera_type": "alpr", "road": "", "operator": "", "updated_at": "2026-08-04T16:29"}}, {"type": "Feature", "geometry": {"type": "Point", "coordinates": [-86.146776, 41.4601819]}, "properties": {"camera_id": "osm_14005178101", "camera_type": "alpr", "road": "", "operator": "", "updated_at": "2026-08-04T16:29"}}, {"type": "Feature", "geometry": {"type": "Point", "coordinates": [-87.3868761, 39.4449214]}, "properties": {"camera_id": "osm_14005744501", "camera_type": "alpr", "road": "", "operator": "", "updated_at": "2026-08-04T16:29"}}, {"type": "Feature", "geometry": {"type": "Point", "coordinates": [-86.4687113, 41.442575]}, "properties": {"camera_id": "osm_14005803801", "camera_type": "alpr", "road": "", "operator": "", "updated_at": "2026-08-04T16:29"}}, {"type": "Feature", "geometry": {"type": "Point", "coordinates": [-86.4669841, 41.4546743]}, "properties": {"camera_id": "osm_14005804401", "camera_type": "alpr", "road": "", "operator": "", "updated_at": "2026-08-04T16:29"}}, {"type": "Feature", "geometry": {"type": "Point", "coordinates": [-86.4663013, 41.4532913]}, "properties": {"camera_id": "osm_14005804402", "camera_type": "alpr", "road": "", "operator": "", "updated_at": "2026-08-04T16:29"}}, {"type": "Feature", "geometry": {"type": "Point", "coordinates": [-86.8048188, 38.1757134]}, "properties": {"camera_id": "osm_14005871801", "camera_type": "alpr", "road": "", "operator": "", "updated_at": "2026-08-04T16:29"}}, {"type": "Feature", "geometry": {"type": "Point", "coordinates": [-86.1392594, 39.8696125]}, "properties": {"camera_id": "osm_14006540601", "camera_type": "alpr", "road": "", "operator": "", "updated_at": "2026-08-04T16:29"}}, {"type": "Feature", "geometry": {"type": "Point", "coordinates": [-86.1118541, 39.8978844]}, "properties": {"camera_id": "osm_14006547701", "camera_type": "alpr", "road": "", "operator": "", "updated_at": "2026-08-04T16:29"}}, {"type": "Feature", "geometry": {"type": "Point", "coordinates": [-86.1118523, 39.8980086]}, "properties": {"camera_id": "osm_14006547702", "camera_type": "alpr", "road": "", "operator": "", "updated_at": "2026-08-04T16:29"}}, {"type": "Feature", "geometry": {"type": "Point", "coordinates": [-86.1281794, 40.7637583]}, "properties": {"camera_id": "osm_14006758102", "camera_type": "alpr", "road": "", "operator": "", "updated_at": "2026-08-04T16:29"}}, {"type": "Feature", "geometry": {"type": "Point", "coordinates": [-87.299429, 40.2697358]}, "properties": {"camera_id": "osm_14006998601", "camera_type": "alpr", "road": "", "operator": "", "updated_at": "2026-08-04T16:29"}}, {"type": "Feature", "geometry": {"type": "Point", "coordinates": [-87.1165771, 38.0608803]}, "properties": {"camera_id": "osm_14007014601", "camera_type": "alpr", "road": "", "operator": "", "updated_at": "2026-08-04T16:29"}}, {"type": "Feature", "geometry": {"type": "Point", "coordinates": [-86.6845029, 41.4859985]}, "properties": {"camera_id": "osm_14010318301", "camera_type": "alpr", "road": "", "operator": "", "updated_at": "2026-08-04T16:29"}}, {"type": "Feature", "geometry": {"type": "Point", "coordinates": [-85.1018517, 41.1297403]}, "properties": {"camera_id": "osm_14010872801", "camera_type": "alpr", "road": "", "operator": "", "updated_at": "2026-08-04T16:29"}}, {"type": "Feature", "geometry": {"type": "Point", "coordinates": [-85.1018572, 41.1297325]}, "properties": {"camera_id": "osm_14010872802", "camera_type": "alpr", "road": "", "operator": "", "updated_at": "2026-08-04T16:29"}}, {"type": "Feature", "geometry": {"type": "Point", "coordinates": [-86.1274136, 40.4889119]}, "properties": {"camera_id": "osm_14011085901", "camera_type": "alpr", "road": "", "operator": "", "updated_at": "2026-08-04T16:29"}}, {"type": "Feature", "geometry": {"type": "Point", "coordinates": [-84.9605368, 39.7330788]}, "properties": {"camera_id": "osm_14011150201", "camera_type": "alpr", "road": "", "operator": "", "updated_at": "2026-08-04T16:29"}}, {"type": "Feature", "geometry": {"type": "Point", "coordinates": [-87.4200263, 39.3564439]}, "properties": {"camera_id": "osm_14011185101", "camera_type": "alpr", "road": "", "operator": "", "updated_at": "2026-08-04T16:29"}}, {"type": "Feature", "geometry": {"type": "Point", "coordinates": [-87.4199516, 39.3564423]}, "properties": {"camera_id": "osm_14011185601", "camera_type": "alpr", "road": "", "operator": "", "updated_at": "2026-08-04T16:29"}}, {"type": "Feature", "geometry": {"type": "Point", "coordinates": [-87.4199619, 39.3612766]}, "properties": {"camera_id": "osm_14011185602", "camera_type": "alpr", "road": "", "operator": "", "updated_at": "2026-08-04T16:29"}}, {"type": "Feature", "geometry": {"type": "Point", "coordinates": [-85.0624075, 41.3883577]}, "properties": {"camera_id": "osm_14013522902", "camera_type": "alpr", "road": "", "operator": "", "updated_at": "2026-08-04T16:29"}}, {"type": "Feature", "geometry": {"type": "Point", "coordinates": [-87.220724, 41.5650416]}, "properties": {"camera_id": "osm_14013769001", "camera_type": "alpr", "road": "", "operator": "", "updated_at": "2026-08-04T16:29"}}, {"type": "Feature", "geometry": {"type": "Point", "coordinates": [-87.2218382, 41.5650304]}, "properties": {"camera_id": "osm_14013776501", "camera_type": "alpr", "road": "", "operator": "", "updated_at": "2026-08-04T16:29"}}, {"type": "Feature", "geometry": {"type": "Point", "coordinates": [-87.5253138, 37.994603]}, "properties": {"camera_id": "osm_14014094001", "camera_type": "alpr", "road": "", "operator": "", "updated_at": "2026-08-04T16:29"}}, {"type": "Feature", "geometry": {"type": "Point", "coordinates": [-87.5251493, 37.9951907]}, "properties": {"camera_id": "osm_14014094101", "camera_type": "alpr", "road": "", "operator": "", "updated_at": "2026-08-04T16:29"}}, {"type": "Feature", "geometry": {"type": "Point", "coordinates": [-86.1651322, 39.914727]}, "properties": {"camera_id": "osm_14015014901", "camera_type": "alpr", "road": "", "operator": "", "updated_at": "2026-08-04T16:29"}}, {"type": "Feature", "geometry": {"type": "Point", "coordinates": [-86.5140364, 41.4725023]}, "properties": {"camera_id": "osm_14015588301", "camera_type": "alpr", "road": "", "operator": "", "updated_at": "2026-08-04T16:29"}}, {"type": "Feature", "geometry": {"type": "Point", "coordinates": [-86.4630115, 41.4512488]}, "properties": {"camera_id": "osm_14015599201", "camera_type": "alpr", "road": "", "operator": "", "updated_at": "2026-08-04T16:29"}}, {"type": "Feature", "geometry": {"type": "Point", "coordinates": [-86.1466567, 41.4590249]}, "properties": {"camera_id": "osm_14015632301", "camera_type": "alpr", "road": "", "operator": "", "updated_at": "2026-08-04T16:29"}}, {"type": "Feature", "geometry": {"type": "Point", "coordinates": [-86.1298657, 39.6726158]}, "properties": {"camera_id": "osm_14015880501", "camera_type": "alpr", "road": "", "operator": "", "updated_at": "2026-08-04T16:29"}}, {"type": "Feature", "geometry": {"type": "Point", "coordinates": [-86.1330256, 40.1310954]}, "properties": {"camera_id": "osm_14016521208", "camera_type": "alpr", "road": "", "operator": "", "updated_at": "2026-08-04T16:29"}}, {"type": "Feature", "geometry": {"type": "Point", "coordinates": [-86.7422005, 38.3765302]}, "properties": {"camera_id": "osm_14017273901", "camera_type": "alpr", "road": "", "operator": "", "updated_at": "2026-08-04T16:29"}}, {"type": "Feature", "geometry": {"type": "Point", "coordinates": [-86.5702999, 39.1583975]}, "properties": {"camera_id": "osm_14017398603", "camera_type": "alpr", "road": "", "operator": "", "updated_at": "2026-08-04T16:29"}}, {"type": "Feature", "geometry": {"type": "Point", "coordinates": [-86.1301807, 39.7120207]}, "properties": {"camera_id": "osm_14017403901", "camera_type": "alpr", "road": "", "operator": "", "updated_at": "2026-08-04T16:29"}}, {"type": "Feature", "geometry": {"type": "Point", "coordinates": [-86.3934125, 40.756489]}, "properties": {"camera_id": "osm_14017727401", "camera_type": "alpr", "road": "", "operator": "", "updated_at": "2026-08-04T16:29"}}, {"type": "Feature", "geometry": {"type": "Point", "coordinates": [-86.1468947, 40.6428847]}, "properties": {"camera_id": "osm_14018070402", "camera_type": "alpr", "road": "", "operator": "", "updated_at": "2026-08-04T16:29"}}, {"type": "Feature", "geometry": {"type": "Point", "coordinates": [-86.1563776, 39.9271454]}, "properties": {"camera_id": "osm_14018102603", "camera_type": "alpr", "road": "", "operator": "", "updated_at": "2026-08-04T16:29"}}, {"type": "Feature", "geometry": {"type": "Point", "coordinates": [-86.1426477, 39.70794]}, "properties": {"camera_id": "osm_14018230641", "camera_type": "alpr", "road": "", "operator": "", "updated_at": "2026-08-04T16:29"}}, {"type": "Feature", "geometry": {"type": "Point", "coordinates": [-86.4769234, 40.0825553]}, "properties": {"camera_id": "osm_14018827901", "camera_type": "alpr", "road": "", "operator": "", "updated_at": "2026-08-04T16:29"}}, {"type": "Feature", "geometry": {"type": "Point", "coordinates": [-84.9960964, 41.7340879]}, "properties": {"camera_id": "osm_14019024201", "camera_type": "alpr", "road": "", "operator": "", "updated_at": "2026-08-04T16:29"}}, {"type": "Feature", "geometry": {"type": "Point", "coordinates": [-87.3980986, 39.6445121]}, "properties": {"camera_id": "osm_14019099100", "camera_type": "alpr", "road": "", "operator": "", "updated_at": "2026-08-04T16:29"}}, {"type": "Feature", "geometry": {"type": "Point", "coordinates": [-86.184301, 39.9414702]}, "properties": {"camera_id": "osm_14019134602", "camera_type": "alpr", "road": "", "operator": "", "updated_at": "2026-08-04T16:29"}}, {"type": "Feature", "geometry": {"type": "Point", "coordinates": [-86.1838129, 39.9414595]}, "properties": {"camera_id": "osm_14019138001", "camera_type": "alpr", "road": "", "operator": "", "updated_at": "2026-08-04T16:29"}}, {"type": "Feature", "geometry": {"type": "Point", "coordinates": [-87.4904708, 38.0894483]}, "properties": {"camera_id": "osm_14019290901", "camera_type": "alpr", "road": "", "operator": "", "updated_at": "2026-08-04T16:29"}}, {"type": "Feature", "geometry": {"type": "Point", "coordinates": [-86.1335793, 39.7119698]}, "properties": {"camera_id": "osm_14019673801", "camera_type": "alpr", "road": "", "operator": "", "updated_at": "2026-08-04T16:29"}}, {"type": "Feature", "geometry": {"type": "Point", "coordinates": [-86.1344098, 39.7126096]}, "properties": {"camera_id": "osm_14019864403", "camera_type": "alpr", "road": "", "operator": "", "updated_at": "2026-08-04T16:29"}}, {"type": "Feature", "geometry": {"type": "Point", "coordinates": [-85.4349133, 41.2866035]}, "properties": {"camera_id": "osm_14020161301", "camera_type": "alpr", "road": "", "operator": "", "updated_at": "2026-08-04T16:29"}}, {"type": "Feature", "geometry": {"type": "Point", "coordinates": [-85.7085694, 40.2774243]}, "properties": {"camera_id": "osm_14020335901", "camera_type": "alpr", "road": "", "operator": "", "updated_at": "2026-08-04T16:29"}}, {"type": "Feature", "geometry": {"type": "Point", "coordinates": [-85.4329939, 41.2863962]}, "properties": {"camera_id": "osm_14020500401", "camera_type": "alpr", "road": "", "operator": "", "updated_at": "2026-08-04T16:29"}}, {"type": "Feature", "geometry": {"type": "Point", "coordinates": [-87.4197573, 39.3564441]}, "properties": {"camera_id": "osm_14020597201", "camera_type": "alpr", "road": "", "operator": "", "updated_at": "2026-08-04T16:29"}}, {"type": "Feature", "geometry": {"type": "Point", "coordinates": [-86.1109686, 39.7298853]}, "properties": {"camera_id": "osm_14020997301", "camera_type": "alpr", "road": "", "operator": "", "updated_at": "2026-08-04T16:29"}}, {"type": "Feature", "geometry": {"type": "Point", "coordinates": [-85.6552264, 40.5446831]}, "properties": {"camera_id": "osm_14021258203", "camera_type": "alpr", "road": "", "operator": "", "updated_at": "2026-08-04T16:29"}}, {"type": "Feature", "geometry": {"type": "Point", "coordinates": [-86.0141126, 39.9275674]}, "properties": {"camera_id": "osm_14022108001", "camera_type": "alpr", "road": "", "operator": "", "updated_at": "2026-08-04T16:29"}}, {"type": "Feature", "geometry": {"type": "Point", "coordinates": [-85.7522366, 38.3705994]}, "properties": {"camera_id": "osm_14022293504", "camera_type": "alpr", "road": "", "operator": "", "updated_at": "2026-08-04T16:29"}}, {"type": "Feature", "geometry": {"type": "Point", "coordinates": [-86.1175529, 38.2102488]}, "properties": {"camera_id": "osm_14022339902", "camera_type": "alpr", "road": "", "operator": "", "updated_at": "2026-08-04T16:29"}}, {"type": "Feature", "geometry": {"type": "Point", "coordinates": [-86.1188856, 38.2105102]}, "properties": {"camera_id": "osm_14022367601", "camera_type": "alpr", "road": "", "operator": "", "updated_at": "2026-08-04T16:29"}}, {"type": "Feature", "geometry": {"type": "Point", "coordinates": [-87.1196728, 39.6062096]}, "properties": {"camera_id": "osm_14022391201", "camera_type": "alpr", "road": "", "operator": "", "updated_at": "2026-08-04T16:29"}}, {"type": "Feature", "geometry": {"type": "Point", "coordinates": [-86.1344177, 39.7128565]}, "properties": {"camera_id": "osm_14022683101", "camera_type": "alpr", "road": "", "operator": "", "updated_at": "2026-08-04T16:29"}}, {"type": "Feature", "geometry": {"type": "Point", "coordinates": [-86.1323868, 39.7084202]}, "properties": {"camera_id": "osm_14022712201", "camera_type": "alpr", "road": "", "operator": "", "updated_at": "2026-08-04T16:29"}}, {"type": "Feature", "geometry": {"type": "Point", "coordinates": [-86.1386262, 39.7101782]}, "properties": {"camera_id": "osm_14022759803", "camera_type": "alpr", "road": "", "operator": "", "updated_at": "2026-08-04T16:29"}}, {"type": "Feature", "geometry": {"type": "Point", "coordinates": [-86.1392413, 39.7100977]}, "properties": {"camera_id": "osm_14022759904", "camera_type": "alpr", "road": "", "operator": "", "updated_at": "2026-08-04T16:29"}}, {"type": "Feature", "geometry": {"type": "Point", "coordinates": [-86.1391706, 39.709046]}, "properties": {"camera_id": "osm_14022769901", "camera_type": "alpr", "road": "", "operator": "", "updated_at": "2026-08-04T16:29"}}, {"type": "Feature", "geometry": {"type": "Point", "coordinates": [-86.1387014, 39.7091211]}, "properties": {"camera_id": "osm_14022769902", "camera_type": "alpr", "road": "", "operator": "", "updated_at": "2026-08-04T16:29"}}, {"type": "Feature", "geometry": {"type": "Point", "coordinates": [-86.3109416, 39.7255036]}, "properties": {"camera_id": "osm_14023071401", "camera_type": "alpr", "road": "", "operator": "", "updated_at": "2026-08-04T16:29"}}, {"type": "Feature", "geometry": {"type": "Point", "coordinates": [-85.6810281, 38.3889699]}, "properties": {"camera_id": "osm_14023265901", "camera_type": "alpr", "road": "", "operator": "", "updated_at": "2026-08-04T16:29"}}, {"type": "Feature", "geometry": {"type": "Point", "coordinates": [-86.0094163, 39.803975]}, "properties": {"camera_id": "osm_14023391002", "camera_type": "alpr", "road": "", "operator": "", "updated_at": "2026-08-04T16:29"}}, {"type": "Feature", "geometry": {"type": "Point", "coordinates": [-87.5999368, 38.0038689]}, "properties": {"camera_id": "osm_14024095901", "camera_type": "alpr", "road": "", "operator": "", "updated_at": "2026-08-04T16:29"}}, {"type": "Feature", "geometry": {"type": "Point", "coordinates": [-87.5590212, 38.0577706]}, "properties": {"camera_id": "osm_14024230501", "camera_type": "alpr", "road": "", "operator": "", "updated_at": "2026-08-04T16:29"}}, {"type": "Feature", "geometry": {"type": "Point", "coordinates": [-84.9830365, 41.0896664]}, "properties": {"camera_id": "osm_14024519202", "camera_type": "alpr", "road": "", "operator": "", "updated_at": "2026-08-04T16:29"}}, {"type": "Feature", "geometry": {"type": "Point", "coordinates": [-86.1317856, 39.4089257]}, "properties": {"camera_id": "osm_14024609001", "camera_type": "alpr", "road": "", "operator": "", "updated_at": "2026-08-04T16:29"}}, {"type": "Feature", "geometry": {"type": "Point", "coordinates": [-85.6767619, 40.1078567]}, "properties": {"camera_id": "osm_14024702703", "camera_type": "alpr", "road": "", "operator": "", "updated_at": "2026-08-04T16:29"}}, {"type": "Feature", "geometry": {"type": "Point", "coordinates": [-85.6769764, 40.1079955]}, "properties": {"camera_id": "osm_14024720101", "camera_type": "alpr", "road": "", "operator": "", "updated_at": "2026-08-04T16:29"}}, {"type": "Feature", "geometry": {"type": "Point", "coordinates": [-84.8151705, 41.1513466]}, "properties": {"camera_id": "osm_14025208301", "camera_type": "alpr", "road": "", "operator": "", "updated_at": "2026-08-04T16:29"}}, {"type": "Feature", "geometry": {"type": "Point", "coordinates": [-84.838463, 39.2765392]}, "properties": {"camera_id": "osm_14025367401", "camera_type": "alpr", "road": "", "operator": "", "updated_at": "2026-08-04T16:29"}}, {"type": "Feature", "geometry": {"type": "Point", "coordinates": [-86.7465448, 40.8828013]}, "properties": {"camera_id": "osm_14025441501", "camera_type": "alpr", "road": "", "operator": "", "updated_at": "2026-08-04T16:29"}}, {"type": "Feature", "geometry": {"type": "Point", "coordinates": [-85.6869811, 38.3833737]}, "properties": {"camera_id": "osm_14025441601", "camera_type": "alpr", "road": "", "operator": "", "updated_at": "2026-08-04T16:29"}}, {"type": "Feature", "geometry": {"type": "Point", "coordinates": [-85.6175339, 38.9941477]}, "properties": {"camera_id": "osm_14026114801", "camera_type": "alpr", "road": "", "operator": "", "updated_at": "2026-08-04T16:29"}}, {"type": "Feature", "geometry": {"type": "Point", "coordinates": [-87.2008921, 41.583327]}, "properties": {"camera_id": "osm_14026846801", "camera_type": "alpr", "road": "", "operator": "", "updated_at": "2026-08-04T16:29"}}, {"type": "Feature", "geometry": {"type": "Point", "coordinates": [-85.7711277, 39.3352218]}, "properties": {"camera_id": "osm_14026932701", "camera_type": "alpr", "road": "", "operator": "", "updated_at": "2026-08-04T16:29"}}, {"type": "Feature", "geometry": {"type": "Point", "coordinates": [-87.5525961, 38.0577955]}, "properties": {"camera_id": "osm_14026944101", "camera_type": "alpr", "road": "", "operator": "", "updated_at": "2026-08-04T16:29"}}, {"type": "Feature", "geometry": {"type": "Point", "coordinates": [-87.4139118, 39.3564691]}, "properties": {"camera_id": "osm_14027064701", "camera_type": "alpr", "road": "", "operator": "", "updated_at": "2026-08-04T16:29"}}, {"type": "Feature", "geometry": {"type": "Point", "coordinates": [-86.8658535, 38.2483855]}, "properties": {"camera_id": "osm_14027132701", "camera_type": "alpr", "road": "", "operator": "", "updated_at": "2026-08-04T16:29"}}, {"type": "Feature", "geometry": {"type": "Point", "coordinates": [-87.2423634, 38.7950997]}, "properties": {"camera_id": "osm_14027203901", "camera_type": "alpr", "road": "", "operator": "", "updated_at": "2026-08-04T16:29"}}, {"type": "Feature", "geometry": {"type": "Point", "coordinates": [-85.9613323, 39.9021425]}, "properties": {"camera_id": "osm_14027230402", "camera_type": "alpr", "road": "", "operator": "", "updated_at": "2026-08-04T16:29"}}, {"type": "Feature", "geometry": {"type": "Point", "coordinates": [-85.9692339, 39.2951131]}, "properties": {"camera_id": "osm_14027309502", "camera_type": "alpr", "road": "", "operator": "", "updated_at": "2026-08-04T16:29"}}, {"type": "Feature", "geometry": {"type": "Point", "coordinates": [-85.8915022, 38.9854286]}, "properties": {"camera_id": "osm_14027319101", "camera_type": "alpr", "road": "", "operator": "", "updated_at": "2026-08-04T16:29"}}, {"type": "Feature", "geometry": {"type": "Point", "coordinates": [-87.5260244, 40.2815418]}, "properties": {"camera_id": "osm_14027396101", "camera_type": "alpr", "road": "", "operator": "", "updated_at": "2026-08-04T16:29"}}, {"type": "Feature", "geometry": {"type": "Point", "coordinates": [-86.3305334, 39.6323455]}, "properties": {"camera_id": "osm_14027399501", "camera_type": "alpr", "road": "", "operator": "", "updated_at": "2026-08-04T16:29"}}, {"type": "Feature", "geometry": {"type": "Point", "coordinates": [-86.7756966, 40.8833703]}, "properties": {"camera_id": "osm_14027617901", "camera_type": "alpr", "road": "", "operator": "", "updated_at": "2026-08-04T16:29"}}, {"type": "Feature", "geometry": {"type": "Point", "coordinates": [-86.2383989, 41.6937732]}, "properties": {"camera_id": "osm_14028739626", "camera_type": "alpr", "road": "", "operator": "", "updated_at": "2026-08-04T16:29"}}, {"type": "Feature", "geometry": {"type": "Point", "coordinates": [-87.2182283, 41.6151492]}, "properties": {"camera_id": "osm_14028785265", "camera_type": "alpr", "road": "", "operator": "", "updated_at": "2026-08-04T16:29"}}, {"type": "Feature", "geometry": {"type": "Point", "coordinates": [-87.5148138, 38.0841163]}, "properties": {"camera_id": "osm_14028888302", "camera_type": "alpr", "road": "", "operator": "", "updated_at": "2026-08-04T16:29"}}, {"type": "Feature", "geometry": {"type": "Point", "coordinates": [-87.5529424, 38.0947926]}, "properties": {"camera_id": "osm_14028894001", "camera_type": "alpr", "road": "", "operator": "", "updated_at": "2026-08-04T16:29"}}, {"type": "Feature", "geometry": {"type": "Point", "coordinates": [-87.5527171, 38.0929181]}, "properties": {"camera_id": "osm_14028894701", "camera_type": "alpr", "road": "", "operator": "", "updated_at": "2026-08-04T16:29"}}, {"type": "Feature", "geometry": {"type": "Point", "coordinates": [-86.3924673, 39.8760479]}, "properties": {"camera_id": "osm_14029242601", "camera_type": "alpr", "road": "", "operator": "", "updated_at": "2026-08-04T16:29"}}, {"type": "Feature", "geometry": {"type": "Point", "coordinates": [-86.0331969, 39.8286372]}, "properties": {"camera_id": "osm_14029394001", "camera_type": "alpr", "road": "", "operator": "", "updated_at": "2026-08-04T16:29"}}, {"type": "Feature", "geometry": {"type": "Point", "coordinates": [-86.9010944, 41.6740298]}, "properties": {"camera_id": "osm_14029642801", "camera_type": "alpr", "road": "", "operator": "", "updated_at": "2026-08-04T16:29"}}, {"type": "Feature", "geometry": {"type": "Point", "coordinates": [-86.894652, 41.6689329]}, "properties": {"camera_id": "osm_14029643901", "camera_type": "alpr", "road": "", "operator": "", "updated_at": "2026-08-04T16:29"}}, {"type": "Feature", "geometry": {"type": "Point", "coordinates": [-86.9026463, 41.675926]}, "properties": {"camera_id": "osm_14029671401", "camera_type": "alpr", "road": "", "operator": "", "updated_at": "2026-08-04T16:29"}}, {"type": "Feature", "geometry": {"type": "Point", "coordinates": [-86.9025433, 41.6781806]}, "properties": {"camera_id": "osm_14029687901", "camera_type": "alpr", "road": "", "operator": "", "updated_at": "2026-08-04T16:29"}}, {"type": "Feature", "geometry": {"type": "Point", "coordinates": [-86.9038373, 41.6746592]}, "properties": {"camera_id": "osm_14029688604", "camera_type": "alpr", "road": "", "operator": "", "updated_at": "2026-08-04T16:29"}}, {"type": "Feature", "geometry": {"type": "Point", "coordinates": [-86.9037598, 41.6768923]}, "properties": {"camera_id": "osm_14029695201", "camera_type": "alpr", "road": "", "operator": "", "updated_at": "2026-08-04T16:29"}}, {"type": "Feature", "geometry": {"type": "Point", "coordinates": [-86.8972768, 41.6727929]}, "properties": {"camera_id": "osm_14029727606", "camera_type": "alpr", "road": "", "operator": "", "updated_at": "2026-08-04T16:29"}}, {"type": "Feature", "geometry": {"type": "Point", "coordinates": [-86.9005872, 41.6715268]}, "properties": {"camera_id": "osm_14029743203", "camera_type": "alpr", "road": "", "operator": "", "updated_at": "2026-08-04T16:29"}}, {"type": "Feature", "geometry": {"type": "Point", "coordinates": [-86.8895763, 41.7024991]}, "properties": {"camera_id": "osm_14029756301", "camera_type": "alpr", "road": "", "operator": "", "updated_at": "2026-08-04T16:29"}}, {"type": "Feature", "geometry": {"type": "Point", "coordinates": [-86.0080997, 39.7075113]}, "properties": {"camera_id": "osm_14029770903", "camera_type": "alpr", "road": "", "operator": "", "updated_at": "2026-08-04T16:29"}}, {"type": "Feature", "geometry": {"type": "Point", "coordinates": [-86.826799, 41.7438934]}, "properties": {"camera_id": "osm_14029911501", "camera_type": "alpr", "road": "", "operator": "", "updated_at": "2026-08-04T16:29"}}, {"type": "Feature", "geometry": {"type": "Point", "coordinates": [-86.1645799, 39.9999508]}, "properties": {"camera_id": "osm_14030028701", "camera_type": "alpr", "road": "", "operator": "", "updated_at": "2026-08-04T16:29"}}, {"type": "Feature", "geometry": {"type": "Point", "coordinates": [-86.1375595, 40.7715409]}, "properties": {"camera_id": "osm_14030028901", "camera_type": "alpr", "road": "", "operator": "", "updated_at": "2026-08-04T16:29"}}, {"type": "Feature", "geometry": {"type": "Point", "coordinates": [-87.3959997, 39.3735835]}, "properties": {"camera_id": "osm_14030501601", "camera_type": "alpr", "road": "", "operator": "", "updated_at": "2026-08-04T16:29"}}, {"type": "Feature", "geometry": {"type": "Point", "coordinates": [-87.3985708, 39.3690858]}, "properties": {"camera_id": "osm_14030502201", "camera_type": "alpr", "road": "", "operator": "", "updated_at": "2026-08-04T16:29"}}, {"type": "Feature", "geometry": {"type": "Point", "coordinates": [-87.389448, 39.3735456]}, "properties": {"camera_id": "osm_14030503001", "camera_type": "alpr", "road": "", "operator": "", "updated_at": "2026-08-04T16:29"}}, {"type": "Feature", "geometry": {"type": "Point", "coordinates": [-86.2696002, 39.7289772]}, "properties": {"camera_id": "osm_14030812060", "camera_type": "alpr", "road": "", "operator": "", "updated_at": "2026-08-04T16:29"}}, {"type": "Feature", "geometry": {"type": "Point", "coordinates": [-85.391617, 38.7351183]}, "properties": {"camera_id": "osm_14031206702", "camera_type": "alpr", "road": "", "operator": "", "updated_at": "2026-08-04T16:29"}}, {"type": "Feature", "geometry": {"type": "Point", "coordinates": [-85.3841834, 38.7335222]}, "properties": {"camera_id": "osm_14031209101", "camera_type": "alpr", "road": "", "operator": "", "updated_at": "2026-08-04T16:29"}}, {"type": "Feature", "geometry": {"type": "Point", "coordinates": [-86.8776485, 41.7140775]}, "properties": {"camera_id": "osm_14031593501", "camera_type": "alpr", "road": "", "operator": "", "updated_at": "2026-08-04T16:29"}}, {"type": "Feature", "geometry": {"type": "Point", "coordinates": [-86.8554586, 41.7170521]}, "properties": {"camera_id": "osm_14031598401", "camera_type": "alpr", "road": "", "operator": "", "updated_at": "2026-08-04T16:29"}}, {"type": "Feature", "geometry": {"type": "Point", "coordinates": [-86.471808, 38.8252619]}, "properties": {"camera_id": "osm_14031630801", "camera_type": "alpr", "road": "", "operator": "", "updated_at": "2026-08-04T16:29"}}, {"type": "Feature", "geometry": {"type": "Point", "coordinates": [-86.3822311, 39.82966]}, "properties": {"camera_id": "osm_14031631402", "camera_type": "alpr", "road": "", "operator": "", "updated_at": "2026-08-04T16:29"}}, {"type": "Feature", "geometry": {"type": "Point", "coordinates": [-87.5147127, 40.9408959]}, "properties": {"camera_id": "osm_14031734701", "camera_type": "alpr", "road": "", "operator": "", "updated_at": "2026-08-04T16:29"}}, {"type": "Feature", "geometry": {"type": "Point", "coordinates": [-86.0331247, 39.9446062]}, "properties": {"camera_id": "osm_14031983972", "camera_type": "alpr", "road": "", "operator": "", "updated_at": "2026-08-04T16:29"}}, {"type": "Feature", "geometry": {"type": "Point", "coordinates": [-86.133779, 40.0724915]}, "properties": {"camera_id": "osm_14032034901", "camera_type": "alpr", "road": "", "operator": "", "updated_at": "2026-08-04T16:29"}}, {"type": "Feature", "geometry": {"type": "Point", "coordinates": [-86.1341571, 40.0724787]}, "properties": {"camera_id": "osm_14032037901", "camera_type": "alpr", "road": "", "operator": "", "updated_at": "2026-08-04T16:29"}}, {"type": "Feature", "geometry": {"type": "Point", "coordinates": [-86.7549061, 41.619337]}, "properties": {"camera_id": "osm_14032057301", "camera_type": "alpr", "road": "", "operator": "", "updated_at": "2026-08-04T16:29"}}, {"type": "Feature", "geometry": {"type": "Point", "coordinates": [-87.4323334, 41.5593199]}, "properties": {"camera_id": "osm_14032104302", "camera_type": "alpr", "road": "", "operator": "", "updated_at": "2026-08-04T16:29"}}, {"type": "Feature", "geometry": {"type": "Point", "coordinates": [-87.4323764, 41.5593257]}, "properties": {"camera_id": "osm_14032110801", "camera_type": "alpr", "road": "", "operator": "", "updated_at": "2026-08-04T16:29"}}, {"type": "Feature", "geometry": {"type": "Point", "coordinates": [-87.4323656, 41.5593301]}, "properties": {"camera_id": "osm_14032111101", "camera_type": "alpr", "road": "", "operator": "", "updated_at": "2026-08-04T16:29"}}, {"type": "Feature", "geometry": {"type": "Point", "coordinates": [-87.432348, 41.5593323]}, "properties": {"camera_id": "osm_14032111401", "camera_type": "alpr", "road": "", "operator": "", "updated_at": "2026-08-04T16:29"}}, {"type": "Feature", "geometry": {"type": "Point", "coordinates": [-87.5547979, 38.0984367]}, "properties": {"camera_id": "osm_14032307001", "camera_type": "alpr", "road": "", "operator": "", "updated_at": "2026-08-04T16:29"}}, {"type": "Feature", "geometry": {"type": "Point", "coordinates": [-86.1385166, 39.9168962]}, "properties": {"camera_id": "osm_14032531502", "camera_type": "alpr", "road": "", "operator": "", "updated_at": "2026-08-04T16:29"}}, {"type": "Feature", "geometry": {"type": "Point", "coordinates": [-86.4797067, 39.5963697]}, "properties": {"camera_id": "osm_14038373501", "camera_type": "alpr", "road": "", "operator": "", "updated_at": "2026-08-04T16:29"}}, {"type": "Feature", "geometry": {"type": "Point", "coordinates": [-86.4186859, 39.8508697]}, "properties": {"camera_id": "osm_14039238301", "camera_type": "alpr", "road": "", "operator": "", "updated_at": "2026-08-04T16:29"}}, {"type": "Feature", "geometry": {"type": "Point", "coordinates": [-86.4862258, 40.0464592]}, "properties": {"camera_id": "osm_14039667358", "camera_type": "alpr", "road": "", "operator": "", "updated_at": "2026-08-04T16:29"}}, {"type": "Feature", "geometry": {"type": "Point", "coordinates": [-86.2626552, 39.8951081]}, "properties": {"camera_id": "osm_14040007601", "camera_type": "alpr", "road": "", "operator": "", "updated_at": "2026-08-04T16:29"}}, {"type": "Feature", "geometry": {"type": "Point", "coordinates": [-87.447331, 38.1678668]}, "properties": {"camera_id": "osm_14040289601", "camera_type": "alpr", "road": "", "operator": "", "updated_at": "2026-08-04T16:29"}}, {"type": "Feature", "geometry": {"type": "Point", "coordinates": [-87.6292081, 37.9754126]}, "properties": {"camera_id": "osm_14040380801", "camera_type": "alpr", "road": "", "operator": "", "updated_at": "2026-08-04T16:29"}}, {"type": "Feature", "geometry": {"type": "Point", "coordinates": [-86.5108109, 41.4818043]}, "properties": {"camera_id": "osm_14040604801", "camera_type": "alpr", "road": "", "operator": "", "updated_at": "2026-08-04T16:29"}}, {"type": "Feature", "geometry": {"type": "Point", "coordinates": [-87.4689009, 40.1186567]}, "properties": {"camera_id": "osm_14040614901", "camera_type": "alpr", "road": "", "operator": "", "updated_at": "2026-08-04T16:29"}}, {"type": "Feature", "geometry": {"type": "Point", "coordinates": [-86.2554473, 39.9005399]}, "properties": {"camera_id": "osm_14040669401", "camera_type": "alpr", "road": "", "operator": "", "updated_at": "2026-08-04T16:29"}}, {"type": "Feature", "geometry": {"type": "Point", "coordinates": [-86.2564817, 39.9001035]}, "properties": {"camera_id": "osm_14040670001", "camera_type": "alpr", "road": "", "operator": "", "updated_at": "2026-08-04T16:29"}}, {"type": "Feature", "geometry": {"type": "Point", "coordinates": [-87.5187867, 41.5648793]}, "properties": {"camera_id": "osm_14040786558", "camera_type": "alpr", "road": "", "operator": "", "updated_at": "2026-08-04T16:29"}}, {"type": "Feature", "geometry": {"type": "Point", "coordinates": [-86.0923025, 39.5075402]}, "properties": {"camera_id": "osm_14041392801", "camera_type": "alpr", "road": "", "operator": "", "updated_at": "2026-08-04T16:29"}}, {"type": "Feature", "geometry": {"type": "Point", "coordinates": [-86.1456762, 39.8810954]}, "properties": {"camera_id": "osm_14041475601", "camera_type": "alpr", "road": "", "operator": "", "updated_at": "2026-08-04T16:29"}}, {"type": "Feature", "geometry": {"type": "Point", "coordinates": [-87.5152812, 41.6931556]}, "properties": {"camera_id": "osm_14041488101", "camera_type": "alpr", "road": "", "operator": "", "updated_at": "2026-08-04T16:29"}}, {"type": "Feature", "geometry": {"type": "Point", "coordinates": [-85.906952, 39.2097714]}, "properties": {"camera_id": "osm_14041593601", "camera_type": "alpr", "road": "", "operator": "", "updated_at": "2026-08-04T16:29"}}, {"type": "Feature", "geometry": {"type": "Point", "coordinates": [-85.9072457, 39.2092231]}, "properties": {"camera_id": "osm_14041594001", "camera_type": "alpr", "road": "", "operator": "", "updated_at": "2026-08-04T16:29"}}, {"type": "Feature", "geometry": {"type": "Point", "coordinates": [-85.9065224, 39.2106121]}, "properties": {"camera_id": "osm_14041594201", "camera_type": "alpr", "road": "", "operator": "", "updated_at": "2026-08-04T16:29"}}, {"type": "Feature", "geometry": {"type": "Point", "coordinates": [-86.0892556, 39.9997336]}, "properties": {"camera_id": "osm_14041888103", "camera_type": "alpr", "road": "", "operator": "", "updated_at": "2026-08-04T16:29"}}, {"type": "Feature", "geometry": {"type": "Point", "coordinates": [-86.2566946, 39.9082552]}, "properties": {"camera_id": "osm_14042085202", "camera_type": "alpr", "road": "", "operator": "", "updated_at": "2026-08-04T16:29"}}, {"type": "Feature", "geometry": {"type": "Point", "coordinates": [-86.0949257, 39.5864816]}, "properties": {"camera_id": "osm_14042399902", "camera_type": "alpr", "road": "", "operator": "", "updated_at": "2026-08-04T16:29"}}, {"type": "Feature", "geometry": {"type": "Point", "coordinates": [-86.0948742, 39.586484]}, "properties": {"camera_id": "osm_14042401601", "camera_type": "alpr", "road": "", "operator": "", "updated_at": "2026-08-04T16:29"}}, {"type": "Feature", "geometry": {"type": "Point", "coordinates": [-85.8220912, 38.769763]}, "properties": {"camera_id": "osm_14044870501", "camera_type": "alpr", "road": "", "operator": "", "updated_at": "2026-08-04T16:29"}}, {"type": "Feature", "geometry": {"type": "Point", "coordinates": [-85.1583704, 39.5840113]}, "properties": {"camera_id": "osm_14044906501", "camera_type": "alpr", "road": "", "operator": "", "updated_at": "2026-08-04T16:29"}}, {"type": "Feature", "geometry": {"type": "Point", "coordinates": [-87.17941, 41.5985699]}, "properties": {"camera_id": "osm_14045236401", "camera_type": "alpr", "road": "", "operator": "", "updated_at": "2026-08-04T16:29"}}, {"type": "Feature", "geometry": {"type": "Point", "coordinates": [-87.5251877, 37.9946982]}, "properties": {"camera_id": "osm_14045674502", "camera_type": "alpr", "road": "", "operator": "", "updated_at": "2026-08-04T16:29"}}, {"type": "Feature", "geometry": {"type": "Point", "coordinates": [-87.4520452, 38.1609926]}, "properties": {"camera_id": "osm_14045720202", "camera_type": "alpr", "road": "", "operator": "", "updated_at": "2026-08-04T16:29"}}, {"type": "Feature", "geometry": {"type": "Point", "coordinates": [-86.3977203, 39.8431765]}, "properties": {"camera_id": "osm_14046014601", "camera_type": "alpr", "road": "", "operator": "", "updated_at": "2026-08-04T16:29"}}, {"type": "Feature", "geometry": {"type": "Point", "coordinates": [-85.6652393, 38.7368462]}, "properties": {"camera_id": "osm_14046330101", "camera_type": "alpr", "road": "", "operator": "", "updated_at": "2026-08-04T16:29"}}, {"type": "Feature", "geometry": {"type": "Point", "coordinates": [-86.2440478, 39.2026136]}, "properties": {"camera_id": "osm_14047582501", "camera_type": "alpr", "road": "", "operator": "", "updated_at": "2026-08-04T16:29"}}, {"type": "Feature", "geometry": {"type": "Point", "coordinates": [-85.7128993, 38.323714]}, "properties": {"camera_id": "osm_14047907501", "camera_type": "alpr", "road": "", "operator": "", "updated_at": "2026-08-04T16:29"}}, {"type": "Feature", "geometry": {"type": "Point", "coordinates": [-86.3135282, 39.6999858]}, "properties": {"camera_id": "osm_14049059601", "camera_type": "alpr", "road": "", "operator": "", "updated_at": "2026-08-04T16:29"}}, {"type": "Feature", "geometry": {"type": "Point", "coordinates": [-87.5019605, 38.0858505]}, "properties": {"camera_id": "osm_14049253901", "camera_type": "alpr", "road": "", "operator": "", "updated_at": "2026-08-04T16:29"}}, {"type": "Feature", "geometry": {"type": "Point", "coordinates": [-87.5199721, 38.0720591]}, "properties": {"camera_id": "osm_14049254501", "camera_type": "alpr", "road": "", "operator": "", "updated_at": "2026-08-04T16:29"}}, {"type": "Feature", "geometry": {"type": "Point", "coordinates": [-85.7423349, 38.2708746]}, "properties": {"camera_id": "osm_14049588801", "camera_type": "alpr", "road": "", "operator": "", "updated_at": "2026-08-04T16:29"}}, {"type": "Feature", "geometry": {"type": "Point", "coordinates": [-86.0178399, 39.4830886]}, "properties": {"camera_id": "osm_14049803301", "camera_type": "alpr", "road": "", "operator": "", "updated_at": "2026-08-04T16:29"}}, {"type": "Feature", "geometry": {"type": "Point", "coordinates": [-87.4469293, 38.1571804]}, "properties": {"camera_id": "osm_14049925502", "camera_type": "alpr", "road": "", "operator": "", "updated_at": "2026-08-04T16:29"}}, {"type": "Feature", "geometry": {"type": "Point", "coordinates": [-87.3143034, 41.507034]}, "properties": {"camera_id": "osm_14050007101", "camera_type": "alpr", "road": "", "operator": "", "updated_at": "2026-08-04T16:29"}}, {"type": "Feature", "geometry": {"type": "Point", "coordinates": [-86.0946988, 38.3167554]}, "properties": {"camera_id": "osm_14050045102", "camera_type": "alpr", "road": "", "operator": "", "updated_at": "2026-08-04T16:29"}}, {"type": "Feature", "geometry": {"type": "Point", "coordinates": [-85.1287733, 41.0439755]}, "properties": {"camera_id": "osm_14051283901", "camera_type": "alpr", "road": "", "operator": "", "updated_at": "2026-08-04T16:29"}}, {"type": "Feature", "geometry": {"type": "Point", "coordinates": [-85.1123065, 41.0262013]}, "properties": {"camera_id": "osm_14051286101", "camera_type": "alpr", "road": "", "operator": "", "updated_at": "2026-08-04T16:29"}}, {"type": "Feature", "geometry": {"type": "Point", "coordinates": [-85.136472, 41.0269892]}, "properties": {"camera_id": "osm_14051289001", "camera_type": "alpr", "road": "", "operator": "", "updated_at": "2026-08-04T16:29"}}, {"type": "Feature", "geometry": {"type": "Point", "coordinates": [-85.1364708, 41.0269903]}, "properties": {"camera_id": "osm_14051292001", "camera_type": "alpr", "road": "", "operator": "", "updated_at": "2026-08-04T16:29"}}, {"type": "Feature", "geometry": {"type": "Point", "coordinates": [-86.0131657, 39.6940143]}, "properties": {"camera_id": "osm_14051699401", "camera_type": "alpr", "road": "", "operator": "", "updated_at": "2026-08-04T16:29"}}, {"type": "Feature", "geometry": {"type": "Point", "coordinates": [-86.0826133, 39.634443]}, "properties": {"camera_id": "osm_14051704902", "camera_type": "alpr", "road": "", "operator": "", "updated_at": "2026-08-04T16:29"}}, {"type": "Feature", "geometry": {"type": "Point", "coordinates": [-86.2170982, 41.0465871]}, "properties": {"camera_id": "osm_14052405101", "camera_type": "alpr", "road": "", "operator": "", "updated_at": "2026-08-04T16:29"}}, {"type": "Feature", "geometry": {"type": "Point", "coordinates": [-86.4676543, 38.3524528]}, "properties": {"camera_id": "osm_14052793501", "camera_type": "alpr", "road": "", "operator": "", "updated_at": "2026-08-04T16:29"}}, {"type": "Feature", "geometry": {"type": "Point", "coordinates": [-85.0630232, 41.0691815]}, "properties": {"camera_id": "osm_14053671001", "camera_type": "alpr", "road": "", "operator": "", "updated_at": "2026-08-04T16:29"}}, {"type": "Feature", "geometry": {"type": "Point", "coordinates": [-87.5407505, 38.023902]}, "properties": {"camera_id": "osm_14054086501", "camera_type": "alpr", "road": "", "operator": "", "updated_at": "2026-08-04T16:29"}}, {"type": "Feature", "geometry": {"type": "Point", "coordinates": [-86.0719867, 38.6175977]}, "properties": {"camera_id": "osm_14055010001", "camera_type": "alpr", "road": "", "operator": "", "updated_at": "2026-08-04T16:29"}}, {"type": "Feature", "geometry": {"type": "Point", "coordinates": [-86.2693483, 39.7128894]}, "properties": {"camera_id": "osm_14055927682", "camera_type": "alpr", "road": "", "operator": "", "updated_at": "2026-08-04T16:29"}}, {"type": "Feature", "geometry": {"type": "Point", "coordinates": [-87.4909785, 37.9759553]}, "properties": {"camera_id": "osm_14055945901", "camera_type": "alpr", "road": "", "operator": "", "updated_at": "2026-08-04T16:29"}}, {"type": "Feature", "geometry": {"type": "Point", "coordinates": [-86.2701467, 39.7126803]}, "properties": {"camera_id": "osm_14055947555", "camera_type": "alpr", "road": "", "operator": "", "updated_at": "2026-08-04T16:29"}}, {"type": "Feature", "geometry": {"type": "Point", "coordinates": [-85.7177273, 41.235984]}, "properties": {"camera_id": "osm_14055966301", "camera_type": "alpr", "road": "", "operator": "", "updated_at": "2026-08-04T16:29"}}, {"type": "Feature", "geometry": {"type": "Point", "coordinates": [-87.1810633, 41.5757902]}, "properties": {"camera_id": "osm_14056034501", "camera_type": "alpr", "road": "", "operator": "", "updated_at": "2026-08-04T16:29"}}, {"type": "Feature", "geometry": {"type": "Point", "coordinates": [-87.1831337, 41.5854413]}, "properties": {"camera_id": "osm_14056036602", "camera_type": "alpr", "road": "", "operator": "", "updated_at": "2026-08-04T16:29"}}, {"type": "Feature", "geometry": {"type": "Point", "coordinates": [-87.183312, 41.5825924]}, "properties": {"camera_id": "osm_14056058402", "camera_type": "alpr", "road": "", "operator": "", "updated_at": "2026-08-04T16:29"}}, {"type": "Feature", "geometry": {"type": "Point", "coordinates": [-85.8003983, 38.6836976]}, "properties": {"camera_id": "osm_14056386902", "camera_type": "alpr", "road": "", "operator": "", "updated_at": "2026-08-04T16:29"}}, {"type": "Feature", "geometry": {"type": "Point", "coordinates": [-85.4191518, 40.1858164]}, "properties": {"camera_id": "osm_14056389602", "camera_type": "alpr", "road": "", "operator": "", "updated_at": "2026-08-04T16:29"}}, {"type": "Feature", "geometry": {"type": "Point", "coordinates": [-86.2630152, 39.8524309]}, "properties": {"camera_id": "osm_14056531501", "camera_type": "alpr", "road": "", "operator": "", "updated_at": "2026-08-04T16:29"}}, {"type": "Feature", "geometry": {"type": "Point", "coordinates": [-87.4128132, 39.6586993]}, "properties": {"camera_id": "osm_14056537101", "camera_type": "alpr", "road": "", "operator": "", "updated_at": "2026-08-04T16:29"}}, {"type": "Feature", "geometry": {"type": "Point", "coordinates": [-85.3955616, 40.1928929]}, "properties": {"camera_id": "osm_14056700310", "camera_type": "alpr", "road": "", "operator": "", "updated_at": "2026-08-04T16:29"}}, {"type": "Feature", "geometry": {"type": "Point", "coordinates": [-87.5220259, 41.6041901]}, "properties": {"camera_id": "osm_14056731501", "camera_type": "alpr", "road": "", "operator": "", "updated_at": "2026-08-04T16:29"}}, {"type": "Feature", "geometry": {"type": "Point", "coordinates": [-86.8865785, 40.4144211]}, "properties": {"camera_id": "osm_14057092602", "camera_type": "alpr", "road": "", "operator": "", "updated_at": "2026-08-04T16:29"}}, {"type": "Feature", "geometry": {"type": "Point", "coordinates": [-86.9248705, 41.7063869]}, "properties": {"camera_id": "osm_14057215301", "camera_type": "alpr", "road": "", "operator": "", "updated_at": "2026-08-04T16:29"}}, {"type": "Feature", "geometry": {"type": "Point", "coordinates": [-85.9422308, 39.990839]}, "properties": {"camera_id": "osm_14057262201", "camera_type": "alpr", "road": "", "operator": "", "updated_at": "2026-08-04T16:29"}}, {"type": "Feature", "geometry": {"type": "Point", "coordinates": [-86.9304643, 40.4180459]}, "properties": {"camera_id": "osm_14057263901", "camera_type": "alpr", "road": "", "operator": "", "updated_at": "2026-08-04T16:29"}}, {"type": "Feature", "geometry": {"type": "Point", "coordinates": [-87.1826201, 41.5535713]}, "properties": {"camera_id": "osm_14057264003", "camera_type": "alpr", "road": "", "operator": "", "updated_at": "2026-08-04T16:29"}}, {"type": "Feature", "geometry": {"type": "Point", "coordinates": [-87.1826308, 41.5546141]}, "properties": {"camera_id": "osm_14057270901", "camera_type": "alpr", "road": "", "operator": "", "updated_at": "2026-08-04T16:29"}}, {"type": "Feature", "geometry": {"type": "Point", "coordinates": [-87.2596683, 41.6001053]}, "properties": {"camera_id": "osm_14057433301", "camera_type": "alpr", "road": "", "operator": "", "updated_at": "2026-08-04T16:29"}}, {"type": "Feature", "geometry": {"type": "Point", "coordinates": [-87.2225188, 41.6213352]}, "properties": {"camera_id": "osm_14057434601", "camera_type": "alpr", "road": "", "operator": "", "updated_at": "2026-08-04T16:29"}}, {"type": "Feature", "geometry": {"type": "Point", "coordinates": [-85.9640097, 39.775899]}, "properties": {"camera_id": "osm_14057918799", "camera_type": "alpr", "road": "", "operator": "Meijer", "updated_at": "2026-08-04T16:29"}}, {"type": "Feature", "geometry": {"type": "Point", "coordinates": [-86.1980231, 39.743788]}, "properties": {"camera_id": "osm_14058035401", "camera_type": "alpr", "road": "", "operator": "", "updated_at": "2026-08-04T16:29"}}, {"type": "Feature", "geometry": {"type": "Point", "coordinates": [-87.1831189, 41.5727143]}, "properties": {"camera_id": "osm_14058467201", "camera_type": "alpr", "road": "", "operator": "", "updated_at": "2026-08-04T16:29"}}, {"type": "Feature", "geometry": {"type": "Point", "coordinates": [-86.5390765, 39.8899892]}, "properties": {"camera_id": "osm_14058852202", "camera_type": "alpr", "road": "", "operator": "", "updated_at": "2026-08-04T16:29"}}, {"type": "Feature", "geometry": {"type": "Point", "coordinates": [-86.2707594, 39.8246039]}, "properties": {"camera_id": "osm_14058969501", "camera_type": "alpr", "road": "", "operator": "The Home Depot", "updated_at": "2026-08-04T16:29"}}, {"type": "Feature", "geometry": {"type": "Point", "coordinates": [-86.2707594, 39.8246055]}, "properties": {"camera_id": "osm_14058970001", "camera_type": "alpr", "road": "", "operator": "", "updated_at": "2026-08-04T16:29"}}, {"type": "Feature", "geometry": {"type": "Point", "coordinates": [-86.0268409, 39.927361]}, "properties": {"camera_id": "osm_14059049306", "camera_type": "alpr", "road": "", "operator": "", "updated_at": "2026-08-04T16:29"}}, {"type": "Feature", "geometry": {"type": "Point", "coordinates": [-85.7052634, 38.3495795]}, "properties": {"camera_id": "osm_14060002901", "camera_type": "alpr", "road": "", "operator": "", "updated_at": "2026-08-04T16:29"}}, {"type": "Feature", "geometry": {"type": "Point", "coordinates": [-85.6869648, 38.383372]}, "properties": {"camera_id": "osm_14060034101", "camera_type": "alpr", "road": "", "operator": "", "updated_at": "2026-08-04T16:29"}}, {"type": "Feature", "geometry": {"type": "Point", "coordinates": [-86.8858976, 40.0760948]}, "properties": {"camera_id": "osm_14060196701", "camera_type": "alpr", "road": "", "operator": "", "updated_at": "2026-08-04T16:29"}}, {"type": "Feature", "geometry": {"type": "Point", "coordinates": [-85.0858649, 41.3633936]}, "properties": {"camera_id": "osm_14060356201", "camera_type": "alpr", "road": "", "operator": "The Home Depot", "updated_at": "2026-08-04T16:29"}}, {"type": "Feature", "geometry": {"type": "Point", "coordinates": [-84.8225352, 39.1579838]}, "properties": {"camera_id": "osm_14060408401", "camera_type": "alpr", "road": "", "operator": "", "updated_at": "2026-08-04T16:29"}}, {"type": "Feature", "geometry": {"type": "Point", "coordinates": [-86.0785584, 39.594673]}, "properties": {"camera_id": "osm_14060508301", "camera_type": "alpr", "road": "", "operator": "", "updated_at": "2026-08-04T16:29"}}, {"type": "Feature", "geometry": {"type": "Point", "coordinates": [-86.0785584, 39.594673]}, "properties": {"camera_id": "osm_14060509301", "camera_type": "alpr", "road": "", "operator": "", "updated_at": "2026-08-04T16:29"}}, {"type": "Feature", "geometry": {"type": "Point", "coordinates": [-87.5115439, 39.2486538]}, "properties": {"camera_id": "osm_14060547802", "camera_type": "alpr", "road": "", "operator": "", "updated_at": "2026-08-04T16:29"}}, {"type": "Feature", "geometry": {"type": "Point", "coordinates": [-86.9530833, 39.1102215]}, "properties": {"camera_id": "osm_14061092602", "camera_type": "alpr", "road": "", "operator": "", "updated_at": "2026-08-04T16:29"}}, {"type": "Feature", "geometry": {"type": "Point", "coordinates": [-86.1206225, 39.9726079]}, "properties": {"camera_id": "osm_14061323401", "camera_type": "alpr", "road": "", "operator": "", "updated_at": "2026-08-04T16:29"}}, {"type": "Feature", "geometry": {"type": "Point", "coordinates": [-86.1164373, 39.3207491]}, "properties": {"camera_id": "osm_14061443101", "camera_type": "alpr", "road": "", "operator": "", "updated_at": "2026-08-04T16:29"}}, {"type": "Feature", "geometry": {"type": "Point", "coordinates": [-86.1589286, 39.7370961]}, "properties": {"camera_id": "osm_14061646301", "camera_type": "alpr", "road": "", "operator": "", "updated_at": "2026-08-04T16:29"}}, {"type": "Feature", "geometry": {"type": "Point", "coordinates": [-86.1589713, 39.7296643]}, "properties": {"camera_id": "osm_14061646302", "camera_type": "alpr", "road": "", "operator": "", "updated_at": "2026-08-04T16:29"}}, {"type": "Feature", "geometry": {"type": "Point", "coordinates": [-86.1583313, 39.7066314]}, "properties": {"camera_id": "osm_14061646304", "camera_type": "alpr", "road": "", "operator": "", "updated_at": "2026-08-04T16:29"}}, {"type": "Feature", "geometry": {"type": "Point", "coordinates": [-86.1589642, 39.7302276]}, "properties": {"camera_id": "osm_14061651501", "camera_type": "alpr", "road": "", "operator": "", "updated_at": "2026-08-04T16:29"}}, {"type": "Feature", "geometry": {"type": "Point", "coordinates": [-86.8868742, 40.4209788]}, "properties": {"camera_id": "osm_14061659701", "camera_type": "alpr", "road": "", "operator": "", "updated_at": "2026-08-04T16:29"}}, {"type": "Feature", "geometry": {"type": "Point", "coordinates": [-86.1585436, 39.7065998]}, "properties": {"camera_id": "osm_14061665301", "camera_type": "alpr", "road": "", "operator": "", "updated_at": "2026-08-04T16:29"}}, {"type": "Feature", "geometry": {"type": "Point", "coordinates": [-86.1595015, 39.781541]}, "properties": {"camera_id": "osm_14061835601", "camera_type": "alpr", "road": "", "operator": "", "updated_at": "2026-08-04T16:29"}}, {"type": "Feature", "geometry": {"type": "Point", "coordinates": [-86.1593352, 39.7815658]}, "properties": {"camera_id": "osm_14061837801", "camera_type": "alpr", "road": "", "operator": "", "updated_at": "2026-08-04T16:29"}}, {"type": "Feature", "geometry": {"type": "Point", "coordinates": [-86.2066652, 39.8785379]}, "properties": {"camera_id": "osm_14062203301", "camera_type": "alpr", "road": "", "operator": "", "updated_at": "2026-08-04T16:29"}}, {"type": "Feature", "geometry": {"type": "Point", "coordinates": [-86.2226283, 39.9092435]}, "properties": {"camera_id": "osm_14062540801", "camera_type": "alpr", "road": "", "operator": "", "updated_at": "2026-08-04T16:29"}}, {"type": "Feature", "geometry": {"type": "Point", "coordinates": [-86.54586, 39.5922304]}, "properties": {"camera_id": "osm_14062540802", "camera_type": "alpr", "road": "", "operator": "", "updated_at": "2026-08-04T16:29"}}, {"type": "Feature", "geometry": {"type": "Point", "coordinates": [-86.2893631, 39.6110858]}, "properties": {"camera_id": "osm_14062565301", "camera_type": "alpr", "road": "", "operator": "", "updated_at": "2026-08-04T16:29"}}, {"type": "Feature", "geometry": {"type": "Point", "coordinates": [-86.1339468, 39.9271131]}, "properties": {"camera_id": "osm_14062791501", "camera_type": "alpr", "road": "", "operator": "", "updated_at": "2026-08-04T16:29"}}, {"type": "Feature", "geometry": {"type": "Point", "coordinates": [-87.4405145, 38.1580182]}, "properties": {"camera_id": "osm_14063906902", "camera_type": "alpr", "road": "", "operator": "", "updated_at": "2026-08-04T16:29"}}, {"type": "Feature", "geometry": {"type": "Point", "coordinates": [-87.0172843, 41.4693135]}, "properties": {"camera_id": "osm_14063949201", "camera_type": "alpr", "road": "", "operator": "", "updated_at": "2026-08-04T16:29"}}, {"type": "Feature", "geometry": {"type": "Point", "coordinates": [-85.7593775, 38.3280679]}, "properties": {"camera_id": "osm_14064320701", "camera_type": "alpr", "road": "", "operator": "", "updated_at": "2026-08-04T16:29"}}, {"type": "Feature", "geometry": {"type": "Point", "coordinates": [-86.3168246, 40.7573879]}, "properties": {"camera_id": "osm_14065004901", "camera_type": "alpr", "road": "", "operator": "", "updated_at": "2026-08-04T16:29"}}, {"type": "Feature", "geometry": {"type": "Point", "coordinates": [-86.1196504, 39.976048]}, "properties": {"camera_id": "osm_14065022202", "camera_type": "alpr", "road": "", "operator": "", "updated_at": "2026-08-04T16:29"}}, {"type": "Feature", "geometry": {"type": "Point", "coordinates": [-86.1196641, 39.974651]}, "properties": {"camera_id": "osm_14065022203", "camera_type": "alpr", "road": "", "operator": "", "updated_at": "2026-08-04T16:29"}}, {"type": "Feature", "geometry": {"type": "Point", "coordinates": [-85.9269024, 40.0012909]}, "properties": {"camera_id": "osm_14066567401", "camera_type": "alpr", "road": "", "operator": "", "updated_at": "2026-08-04T16:29"}}, {"type": "Feature", "geometry": {"type": "Point", "coordinates": [-85.9284499, 39.9937968]}, "properties": {"camera_id": "osm_14066569601", "camera_type": "alpr", "road": "", "operator": "", "updated_at": "2026-08-04T16:29"}}, {"type": "Feature", "geometry": {"type": "Point", "coordinates": [-86.008656, 39.7981804]}, "properties": {"camera_id": "osm_14066795902", "camera_type": "alpr", "road": "", "operator": "The Home Depot", "updated_at": "2026-08-04T16:29"}}, {"type": "Feature", "geometry": {"type": "Point", "coordinates": [-85.3966742, 38.7611546]}, "properties": {"camera_id": "osm_14066999402", "camera_type": "alpr", "road": "", "operator": "", "updated_at": "2026-08-04T16:29"}}, {"type": "Feature", "geometry": {"type": "Point", "coordinates": [-85.3965745, 38.7609323]}, "properties": {"camera_id": "osm_14067008501", "camera_type": "alpr", "road": "", "operator": "", "updated_at": "2026-08-04T16:29"}}, {"type": "Feature", "geometry": {"type": "Point", "coordinates": [-87.5313187, 40.1328901]}, "properties": {"camera_id": "osm_14067599501", "camera_type": "alpr", "road": "", "operator": "", "updated_at": "2026-08-04T16:29"}}, {"type": "Feature", "geometry": {"type": "Point", "coordinates": [-85.1964069, 41.3657653]}, "properties": {"camera_id": "osm_14068652301", "camera_type": "alpr", "road": "", "operator": "", "updated_at": "2026-08-04T16:29"}}, {"type": "Feature", "geometry": {"type": "Point", "coordinates": [-86.2896449, 39.8445846]}, "properties": {"camera_id": "osm_14068688801", "camera_type": "alpr", "road": "", "operator": "", "updated_at": "2026-08-04T16:29"}}, {"type": "Feature", "geometry": {"type": "Point", "coordinates": [-86.4685166, 39.8593302]}, "properties": {"camera_id": "osm_14068750401", "camera_type": "alpr", "road": "", "operator": "", "updated_at": "2026-08-04T16:29"}}, {"type": "Feature", "geometry": {"type": "Point", "coordinates": [-86.2510818, 41.7602491]}, "properties": {"camera_id": "osm_14068822701", "camera_type": "alpr", "road": "", "operator": "", "updated_at": "2026-08-04T16:29"}}, {"type": "Feature", "geometry": {"type": "Point", "coordinates": [-85.0222013, 41.071788]}, "properties": {"camera_id": "osm_14069214601", "camera_type": "alpr", "road": "", "operator": "", "updated_at": "2026-08-04T16:29"}}, {"type": "Feature", "geometry": {"type": "Point", "coordinates": [-87.2995949, 40.268741]}, "properties": {"camera_id": "osm_14069262401", "camera_type": "alpr", "road": "", "operator": "", "updated_at": "2026-08-04T16:29"}}, {"type": "Feature", "geometry": {"type": "Point", "coordinates": [-85.2801704, 41.0891539]}, "properties": {"camera_id": "osm_14069262501", "camera_type": "alpr", "road": "", "operator": "", "updated_at": "2026-08-04T16:29"}}, {"type": "Feature", "geometry": {"type": "Point", "coordinates": [-85.3816756, 38.8290955]}, "properties": {"camera_id": "osm_14070064101", "camera_type": "alpr", "road": "", "operator": "", "updated_at": "2026-08-04T16:29"}}, {"type": "Feature", "geometry": {"type": "Point", "coordinates": [-85.4623091, 38.839752]}, "properties": {"camera_id": "osm_14070064102", "camera_type": "alpr", "road": "", "operator": "", "updated_at": "2026-08-04T16:29"}}, {"type": "Feature", "geometry": {"type": "Point", "coordinates": [-85.1385957, 39.6817344]}, "properties": {"camera_id": "osm_14070816701", "camera_type": "alpr", "road": "", "operator": "", "updated_at": "2026-08-04T16:29"}}, {"type": "Feature", "geometry": {"type": "Point", "coordinates": [-85.4109258, 38.7856302]}, "properties": {"camera_id": "osm_14070898901", "camera_type": "alpr", "road": "", "operator": "", "updated_at": "2026-08-04T16:29"}}, {"type": "Feature", "geometry": {"type": "Point", "coordinates": [-87.1739187, 41.5939106]}, "properties": {"camera_id": "osm_14071312801", "camera_type": "alpr", "road": "", "operator": "", "updated_at": "2026-08-04T16:29"}}, {"type": "Feature", "geometry": {"type": "Point", "coordinates": [-85.6621027, 40.5405893]}, "properties": {"camera_id": "osm_14071580601", "camera_type": "alpr", "road": "", "operator": "", "updated_at": "2026-08-04T16:29"}}, {"type": "Feature", "geometry": {"type": "Point", "coordinates": [-86.2804652, 38.3541627]}, "properties": {"camera_id": "osm_14071889301", "camera_type": "alpr", "road": "", "operator": "", "updated_at": "2026-08-04T16:29"}}, {"type": "Feature", "geometry": {"type": "Point", "coordinates": [-86.2814368, 38.3547827]}, "properties": {"camera_id": "osm_14071889901", "camera_type": "alpr", "road": "", "operator": "", "updated_at": "2026-08-04T16:29"}}, {"type": "Feature", "geometry": {"type": "Point", "coordinates": [-86.3537905, 38.3218104]}, "properties": {"camera_id": "osm_14071890701", "camera_type": "alpr", "road": "", "operator": "", "updated_at": "2026-08-04T16:29"}}, {"type": "Feature", "geometry": {"type": "Point", "coordinates": [-87.1778145, 41.6297704]}, "properties": {"camera_id": "osm_14072020301", "camera_type": "alpr", "road": "", "operator": "", "updated_at": "2026-08-04T16:29"}}, {"type": "Feature", "geometry": {"type": "Point", "coordinates": [-85.6869842, 40.5712477]}, "properties": {"camera_id": "osm_14072562801", "camera_type": "alpr", "road": "", "operator": "", "updated_at": "2026-08-04T16:29"}}, {"type": "Feature", "geometry": {"type": "Point", "coordinates": [-87.5199885, 41.6988778]}, "properties": {"camera_id": "osm_14072677201", "camera_type": "alpr", "road": "", "operator": "", "updated_at": "2026-08-04T16:29"}}, {"type": "Feature", "geometry": {"type": "Point", "coordinates": [-86.3635384, 39.8535188]}, "properties": {"camera_id": "osm_14072730601", "camera_type": "alpr", "road": "", "operator": "", "updated_at": "2026-08-04T16:29"}}, {"type": "Feature", "geometry": {"type": "Point", "coordinates": [-86.3591042, 39.8519282]}, "properties": {"camera_id": "osm_14072929302", "camera_type": "alpr", "road": "", "operator": "", "updated_at": "2026-08-04T16:29"}}, {"type": "Feature", "geometry": {"type": "Point", "coordinates": [-86.3697306, 39.9443014]}, "properties": {"camera_id": "osm_14073419302", "camera_type": "alpr", "road": "", "operator": "", "updated_at": "2026-08-04T16:29"}}, {"type": "Feature", "geometry": {"type": "Point", "coordinates": [-86.3581302, 39.9458309]}, "properties": {"camera_id": "osm_14073422601", "camera_type": "alpr", "road": "", "operator": "", "updated_at": "2026-08-04T16:29"}}]}