{"type": "FeatureCollection", "generated": "2026-08-05T16:16", "features": [{"type": "Feature", "geometry": {"type": "Point", "coordinates": [-86.03935, 38.08253]}, "properties": {"category": "hazard", "full_closure": true, "updated_at": "2026-08-05T16:16"}}, {"type": "Feature", "geometry": {"type": "Point", "coordinates": [-85.51467, 39.36233]}, "properties": {"category": "hazard", "full_closure": true, "updated_at": "2026-08-05T16:16"}}, {"type": "Feature", "geometry": {"type": "Point", "coordinates": [-86.88936, 40.37439]}, "properties": {"category": "hazard", "full_closure": false, "updated_at": "2026-08-05T16:16"}}, {"type": "Feature", "geometry": {"type": "Point", "coordinates": [-85.01776, 39.85933]}, "properties": {"category": "other", "full_closure": true, "updated_at": "2026-08-05T16:16"}}, {"type": "Feature", "geometry": {"type": "Point", "coordinates": [-86.17322, 39.75414]}, "properties": {"category": "other", "full_closure": false, "updated_at": "2026-08-05T16:16"}}, {"type": "Feature", "geometry": {"type": "Point", "coordinates": [-84.9279, 39.86736]}, "properties": {"category": "hazard", "full_closure": true, "updated_at": "2026-08-05T16:16"}}, {"type": "Feature", "geometry": {"type": "Point", "coordinates": [-86.54044, 40.05393]}, "properties": {"category": "congestion", "full_closure": false, "updated_at": "2026-08-05T16:16"}}, {"type": "Feature", "geometry": {"type": "Point", "coordinates": [-86.11789, 38.41062]}, "properties": {"category": "other", "full_closure": false, "updated_at": "2026-08-05T16:16"}}, {"type": "Feature", "geometry": {"type": "Point", "coordinates": [-87.23231, 39.89265]}, "properties": {"category": "hazard", "full_closure": true, "updated_at": "2026-08-05T16:16"}}, {"type": "Feature", "geometry": {"type": "Point", "coordinates": [-85.17075, 40.95458]}, "properties": {"category": "hazard", "full_closure": true, "updated_at": "2026-08-05T16:16"}}, {"type": "Feature", "geometry": {"type": "Point", "coordinates": [-86.13853, 39.73871]}, "properties": {"category": "hazard", "full_closure": true, "updated_at": "2026-08-05T16:16"}}, {"type": "Feature", "geometry": {"type": "Point", "coordinates": [-86.13747, 39.73535]}, "properties": {"category": "hazard", "full_closure": true, "updated_at": "2026-08-05T16:16"}}, {"type": "Feature", "geometry": {"type": "Point", "coordinates": [-86.13598, 39.73709]}, "properties": {"category": "hazard", "full_closure": true, "updated_at": "2026-08-05T16:16"}}, {"type": "Feature", "geometry": {"type": "Point", "coordinates": [-87.43252, 41.56997]}, "properties": {"category": "hazard", "full_closure": true, "updated_at": "2026-08-05T16:16"}}, {"type": "Feature", "geometry": {"type": "Point", "coordinates": [-85.23467, 38.87255]}, "properties": {"category": "hazard", "full_closure": true, "updated_at": "2026-08-05T16:16"}}, {"type": "Feature", "geometry": {"type": "Point", "coordinates": [-87.46407, 38.48259]}, "properties": {"category": "hazard", "full_closure": true, "updated_at": "2026-08-05T16:16"}}, {"type": "Feature", "geometry": {"type": "Point", "coordinates": [-86.14369, 39.76656]}, "properties": {"category": "hazard", "full_closure": true, "updated_at": "2026-08-05T16:16"}}, {"type": "Feature", "geometry": {"type": "Point", "coordinates": [-86.26483, 39.7514]}, "properties": {"category": "hazard", "full_closure": true, "updated_at": "2026-08-05T16:16"}}, {"type": "Feature", "geometry": {"type": "Point", "coordinates": [-86.13747, 39.73535]}, "properties": {"category": "hazard", "full_closure": true, "updated_at": "2026-08-05T16:16"}}, {"type": "Feature", "geometry": {"type": "Point", "coordinates": [-86.14351, 39.75787]}, "properties": {"category": "hazard", "full_closure": true, "updated_at": "2026-08-05T16:16"}}, {"type": "Feature", "geometry": {"type": "Point", "coordinates": [-85.51273, 39.36501]}, "properties": {"category": "hazard", "full_closure": true, "updated_at": "2026-08-05T16:16"}}, {"type": "Feature", "geometry": {"type": "Point", "coordinates": [-86.54618, 39.09564]}, "properties": {"category": "congestion", "full_closure": true, "updated_at": "2026-08-05T16:16"}}, {"type": "Feature", "geometry": {"type": "Point", "coordinates": [-86.83023, 41.67732]}, "properties": {"category": "hazard", "full_closure": true, "updated_at": "2026-08-05T16:16"}}, {"type": "Feature", "geometry": {"type": "Point", "coordinates": [-85.82282, 39.58447]}, "properties": {"category": "crash", "full_closure": false, "updated_at": "2026-08-05T16:16"}}, {"type": "Feature", "geometry": {"type": "Point", "coordinates": [-87.24315, 41.58211]}, "properties": {"category": "hazard", "full_closure": true, "updated_at": "2026-08-05T16:16"}}, {"type": "Feature", "geometry": {"type": "Point", "coordinates": [-85.50486, 40.6139]}, "properties": {"category": "other", "full_closure": false, "updated_at": "2026-08-05T16:16"}}, {"type": "Feature", "geometry": {"type": "Point", "coordinates": [-87.35055, 40.34746]}, "properties": {"category": "other", "full_closure": false, "updated_at": "2026-08-05T16:16"}}, {"type": "Feature", "geometry": {"type": "Point", "coordinates": [-87.29267, 38.19815]}, "properties": {"category": "hazard", "full_closure": true, "updated_at": "2026-08-05T16:16"}}, {"type": "Feature", "geometry": {"type": "Point", "coordinates": [-87.43304, 41.57404]}, "properties": {"category": "hazard", "full_closure": true, "updated_at": "2026-08-05T16:16"}}, {"type": "Feature", "geometry": {"type": "Point", "coordinates": [-85.9728, 39.35558]}, "properties": {"category": "hazard", "full_closure": true, "updated_at": "2026-08-05T16:16"}}, {"type": "Feature", "geometry": {"type": "Point", "coordinates": [-86.94979, 38.19403]}, "properties": {"category": "other", "full_closure": true, "updated_at": "2026-08-05T16:16"}}, {"type": "Feature", "geometry": {"type": "Point", "coordinates": [-86.15747, 39.93412]}, "properties": {"category": "hazard", "full_closure": true, "updated_at": "2026-08-05T16:16"}}, {"type": "Feature", "geometry": {"type": "Point", "coordinates": [-86.59248, 40.40723]}, "properties": {"category": "hazard", "full_closure": true, "updated_at": "2026-08-05T16:16"}}, {"type": "Feature", "geometry": {"type": "Point", "coordinates": [-86.06392, 39.48473]}, "properties": {"category": "hazard", "full_closure": true, "updated_at": "2026-08-05T16:16"}}, {"type": "Feature", "geometry": {"type": "Point", "coordinates": [-86.13384, 39.78709]}, "properties": {"category": "other", "full_closure": false, "updated_at": "2026-08-05T16:16"}}, {"type": "Feature", "geometry": {"type": "Point", "coordinates": [-86.30917, 41.34086]}, "properties": {"category": "hazard", "full_closure": true, "updated_at": "2026-08-05T16:16"}}, {"type": "Feature", "geometry": {"type": "Point", "coordinates": [-85.00979, 41.13504]}, "properties": {"category": "hazard", "full_closure": true, "updated_at": "2026-08-05T16:16"}}, {"type": "Feature", "geometry": {"type": "Point", "coordinates": [-86.69703, 38.26652]}, "properties": {"category": "hazard", "full_closure": true, "updated_at": "2026-08-05T16:16"}}, {"type": "Feature", "geometry": {"type": "Point", "coordinates": [-86.51597, 40.05459]}, "properties": {"category": "hazard", "full_closure": true, "updated_at": "2026-08-05T16:16"}}, {"type": "Feature", "geometry": {"type": "Point", "coordinates": [-85.02511, 39.85938]}, "properties": {"category": "other", "full_closure": true, "updated_at": "2026-08-05T16:16"}}, {"type": "Feature", "geometry": {"type": "Point", "coordinates": [-86.0765, 39.90875]}, "properties": {"category": "hazard", "full_closure": true, "updated_at": "2026-08-05T16:16"}}, {"type": "Feature", "geometry": {"type": "Point", "coordinates": [-86.12816, 40.20475]}, "properties": {"category": "hazard", "full_closure": true, "updated_at": "2026-08-05T16:16"}}, {"type": "Feature", "geometry": {"type": "Point", "coordinates": [-86.07455, 39.90752]}, "properties": {"category": "hazard", "full_closure": true, "updated_at": "2026-08-05T16:16"}}, {"type": "Feature", "geometry": {"type": "Point", "coordinates": [-86.13759, 40.17461]}, "properties": {"category": "hazard", "full_closure": true, "updated_at": "2026-08-05T16:16"}}, {"type": "Feature", "geometry": {"type": "Point", "coordinates": [-86.15728, 39.94244]}, "properties": {"category": "hazard", "full_closure": true, "updated_at": "2026-08-05T16:16"}}, {"type": "Feature", "geometry": {"type": "Point", "coordinates": [-86.15538, 39.93135]}, "properties": {"category": "hazard", "full_closure": true, "updated_at": "2026-08-05T16:16"}}, {"type": "Feature", "geometry": {"type": "Point", "coordinates": [-86.16055, 39.9298]}, "properties": {"category": "hazard", "full_closure": true, "updated_at": "2026-08-05T16:16"}}, {"type": "Feature", "geometry": {"type": "Point", "coordinates": [-86.15825, 39.941]}, "properties": {"category": "hazard", "full_closure": true, "updated_at": "2026-08-05T16:16"}}, {"type": "Feature", "geometry": {"type": "Point", "coordinates": [-86.98117, 39.91601]}, "properties": {"category": "hazard", "full_closure": true, "updated_at": "2026-08-05T16:16"}}, {"type": "Feature", "geometry": {"type": "Point", "coordinates": [-86.34098, 41.7249]}, "properties": {"category": "hazard", "full_closure": true, "updated_at": "2026-08-05T16:16"}}, {"type": "Feature", "geometry": {"type": "Point", "coordinates": [-86.68581, 39.03693]}, "properties": {"category": "hazard", "full_closure": true, "updated_at": "2026-08-05T16:16"}}, {"type": "Feature", "geometry": {"type": "Point", "coordinates": [-87.24183, 41.584]}, "properties": {"category": "hazard", "full_closure": true, "updated_at": "2026-08-05T16:16"}}, {"type": "Feature", "geometry": {"type": "Point", "coordinates": [-87.239, 41.58459]}, "properties": {"category": "hazard", "full_closure": true, "updated_at": "2026-08-05T16:16"}}, {"type": "Feature", "geometry": {"type": "Point", "coordinates": [-87.24166, 41.58157]}, "properties": {"category": "hazard", "full_closure": true, "updated_at": "2026-08-05T16:16"}}, {"type": "Feature", "geometry": {"type": "Point", "coordinates": [-87.23865, 41.58223]}, "properties": {"category": "hazard", "full_closure": true, "updated_at": "2026-08-05T16:16"}}, {"type": "Feature", "geometry": {"type": "Point", "coordinates": [-84.8713, 41.42877]}, "properties": {"category": "hazard", "full_closure": true, "updated_at": "2026-08-05T16:16"}}, {"type": "Feature", "geometry": {"type": "Point", "coordinates": [-87.44847, 41.10116]}, "properties": {"category": "congestion", "full_closure": true, "updated_at": "2026-08-05T16:16"}}, {"type": "Feature", "geometry": {"type": "Point", "coordinates": [-86.31002, 41.36266]}, "properties": {"category": "hazard", "full_closure": true, "updated_at": "2026-08-05T16:16"}}, {"type": "Feature", "geometry": {"type": "Point", "coordinates": [-85.94899, 41.65945]}, "properties": {"category": "hazard", "full_closure": true, "updated_at": "2026-08-05T16:16"}}, {"type": "Feature", "geometry": {"type": "Point", "coordinates": [-86.50083, 40.04647]}, "properties": {"category": "hazard", "full_closure": true, "updated_at": "2026-08-05T16:16"}}, {"type": "Feature", "geometry": {"type": "Point", "coordinates": [-86.58857, 40.39531]}, "properties": {"category": "other", "full_closure": false, "updated_at": "2026-08-05T16:16"}}, {"type": "Feature", "geometry": {"type": "Point", "coordinates": [-86.25563, 41.72252]}, "properties": {"category": "hazard", "full_closure": true, "updated_at": "2026-08-05T16:16"}}, {"type": "Feature", "geometry": {"type": "Point", "coordinates": [-86.0463, 39.85055]}, "properties": {"category": "hazard", "full_closure": true, "updated_at": "2026-08-05T16:16"}}, {"type": "Feature", "geometry": {"type": "Point", "coordinates": [-87.9011352984, 37.9286483258]}, "properties": {"category": "hazard", "full_closure": true, "updated_at": "2026-08-05T16:16"}}, {"type": "Feature", "geometry": {"type": "Point", "coordinates": [-87.898730698, 37.9292826918]}, "properties": {"category": "hazard", "full_closure": true, "updated_at": "2026-08-05T16:16"}}, {"type": "Feature", "geometry": {"type": "Point", "coordinates": [-87.8966600327, 37.9617052201]}, "properties": {"category": "congestion", "full_closure": false, "updated_at": "2026-08-05T16:16"}}, {"type": "Feature", "geometry": {"type": "Point", "coordinates": [-87.8963904707, 37.9764586835]}, "properties": {"category": "congestion", "full_closure": false, "updated_at": "2026-08-05T16:16"}}, {"type": "Feature", "geometry": {"type": "Point", "coordinates": [-87.8920815019, 37.9664366053]}, "properties": {"category": "congestion", "full_closure": false, "updated_at": "2026-08-05T16:16"}}, {"type": "Feature", "geometry": {"type": "Point", "coordinates": [-87.883344206, 37.9353417847]}, "properties": {"category": "hazard", "full_closure": true, "updated_at": "2026-08-05T16:16"}}, {"type": "Feature", "geometry": {"type": "Point", "coordinates": [-87.8833079962, 37.941505482]}, "properties": {"category": "hazard", "full_closure": true, "updated_at": "2026-08-05T16:16"}}, {"type": "Feature", "geometry": {"type": "Point", "coordinates": [-87.6995552209, 37.9373882768]}, "properties": {"category": "hazard", "full_closure": true, "updated_at": "2026-08-05T16:16"}}, {"type": "Feature", "geometry": {"type": "Point", "coordinates": [-87.6585335163, 37.9712096441]}, "properties": {"category": "congestion", "full_closure": false, "updated_at": "2026-08-05T16:16"}}, {"type": "Feature", "geometry": {"type": "Point", "coordinates": [-87.6325804618, 37.9765659836]}, "properties": {"category": "congestion", "full_closure": false, "updated_at": "2026-08-05T16:16"}}, {"type": "Feature", "geometry": {"type": "Point", "coordinates": [-87.632415506, 37.97654048]}, "properties": {"category": "hazard", "full_closure": true, "updated_at": "2026-08-05T16:16"}}, {"type": "Feature", "geometry": {"type": "Point", "coordinates": [-87.6257448522, 37.971626716]}, "properties": {"category": "hazard", "full_closure": true, "updated_at": "2026-08-05T16:16"}}, {"type": "Feature", "geometry": {"type": "Point", "coordinates": [-87.6268512634, 37.9645094739]}, "properties": {"category": "hazard", "full_closure": true, "updated_at": "2026-08-05T16:16"}}, {"type": "Feature", "geometry": {"type": "Point", "coordinates": [-87.6193316904, 37.9615201164]}, "properties": {"category": "hazard", "full_closure": true, "updated_at": "2026-08-05T16:16"}}, {"type": "Feature", "geometry": {"type": "Point", "coordinates": [-87.619082245, 37.9713705395]}, "properties": {"category": "hazard", "full_closure": true, "updated_at": "2026-08-05T16:16"}}, {"type": "Feature", "geometry": {"type": "Point", "coordinates": [-87.6156731573, 37.9768664096]}, "properties": {"category": "hazard", "full_closure": true, "updated_at": "2026-08-05T16:16"}}, {"type": "Feature", "geometry": {"type": "Point", "coordinates": [-87.6156624285, 37.9774671919]}, "properties": {"category": "hazard", "full_closure": true, "updated_at": "2026-08-05T16:16"}}, {"type": "Feature", "geometry": {"type": "Point", "coordinates": [-87.6027247933, 37.9806657315]}, "properties": {"category": "congestion", "full_closure": false, "updated_at": "2026-08-05T16:16"}}, {"type": "Feature", "geometry": {"type": "Point", "coordinates": [-87.6006447402, 37.9777407897]}, "properties": {"category": "hazard", "full_closure": true, "updated_at": "2026-08-05T16:16"}}, {"type": "Feature", "geometry": {"type": "Point", "coordinates": [-87.5939486054, 37.9795298206]}, "properties": {"category": "congestion", "full_closure": false, "updated_at": "2026-08-05T16:16"}}, {"type": "Feature", "geometry": {"type": "Point", "coordinates": [-87.5814951089, 38.0063344912]}, "properties": {"category": "congestion", "full_closure": false, "updated_at": "2026-08-05T16:16"}}, {"type": "Feature", "geometry": {"type": "Point", "coordinates": [-87.5812617567, 38.0148907293]}, "properties": {"category": "congestion", "full_closure": false, "updated_at": "2026-08-05T16:16"}}, {"type": "Feature", "geometry": {"type": "Point", "coordinates": [-87.5760985044, 37.9848526531]}, "properties": {"category": "congestion", "full_closure": false, "updated_at": "2026-08-05T16:16"}}, {"type": "Feature", "geometry": {"type": "Point", "coordinates": [-87.5769004849, 38.0052884034]}, "properties": {"category": "hazard", "full_closure": true, "updated_at": "2026-08-05T16:16"}}, {"type": "Feature", "geometry": {"type": "Point", "coordinates": [-87.5597035018, 38.3560851667]}, "properties": {"category": "hazard", "full_closure": true, "updated_at": "2026-08-05T16:16"}}, {"type": "Feature", "geometry": {"type": "Point", "coordinates": [-87.5596605864, 38.3580404918]}, "properties": {"category": "hazard", "full_closure": true, "updated_at": "2026-08-05T16:16"}}, {"type": "Feature", "geometry": {"type": "Point", "coordinates": [-87.5517172244, 38.001377743]}, "properties": {"category": "congestion", "full_closure": false, "updated_at": "2026-08-05T16:16"}}, {"type": "Feature", "geometry": {"type": "Point", "coordinates": [-87.5374089804, 37.9699704402]}, "properties": {"category": "congestion", "full_closure": false, "updated_at": "2026-08-05T16:16"}}, {"type": "Feature", "geometry": {"type": "Point", "coordinates": [-87.535209569, 37.9699717617]}, "properties": {"category": "congestion", "full_closure": false, "updated_at": "2026-08-05T16:16"}}, {"type": "Feature", "geometry": {"type": "Point", "coordinates": [-87.5312264887, 37.9699315206]}, "properties": {"category": "congestion", "full_closure": false, "updated_at": "2026-08-05T16:16"}}, {"type": "Feature", "geometry": {"type": "Point", "coordinates": [-87.5328720239, 38.6251871685]}, "properties": {"category": "hazard", "full_closure": true, "updated_at": "2026-08-05T16:16"}}, {"type": "Feature", "geometry": {"type": "Point", "coordinates": [-87.5295313326, 38.6257960296]}, "properties": {"category": "hazard", "full_closure": true, "updated_at": "2026-08-05T16:16"}}, {"type": "Feature", "geometry": {"type": "Point", "coordinates": [-87.5116946426, 38.6810146783]}, "properties": {"category": "hazard", "full_closure": true, "updated_at": "2026-08-05T16:16"}}, {"type": "Feature", "geometry": {"type": "Point", "coordinates": [-87.5125006464, 38.6820244876]}, "properties": {"category": "hazard", "full_closure": true, "updated_at": "2026-08-05T16:16"}}, {"type": "Feature", "geometry": {"type": "Point", "coordinates": [-87.5104769197, 38.0168809219]}, "properties": {"category": "hazard", "full_closure": true, "updated_at": "2026-08-05T16:16"}}, {"type": "Feature", "geometry": {"type": "Point", "coordinates": [-87.5104433921, 38.019480017]}, "properties": {"category": "hazard", "full_closure": true, "updated_at": "2026-08-05T16:16"}}, {"type": "Feature", "geometry": {"type": "Point", "coordinates": [-87.510377678, 38.0217276713]}, "properties": {"category": "hazard", "full_closure": true, "updated_at": "2026-08-05T16:16"}}, {"type": "Feature", "geometry": {"type": "Point", "coordinates": [-87.5099860755, 38.0333630778]}, "properties": {"category": "hazard", "full_closure": true, "updated_at": "2026-08-05T16:16"}}, {"type": "Feature", "geometry": {"type": "Point", "coordinates": [-87.5100410607, 38.0318422858]}, "properties": {"category": "hazard", "full_closure": true, "updated_at": "2026-08-05T16:16"}}, {"type": "Feature", "geometry": {"type": "Point", "coordinates": [-87.5099176791, 38.035200398]}, "properties": {"category": "hazard", "full_closure": true, "updated_at": "2026-08-05T16:16"}}, {"type": "Feature", "geometry": {"type": "Point", "coordinates": [-87.4925973144, 37.9651075819]}, "properties": {"category": "congestion", "full_closure": false, "updated_at": "2026-08-05T16:16"}}, {"type": "Feature", "geometry": {"type": "Point", "coordinates": [-87.469865593, 38.5038748535]}, "properties": {"category": "hazard", "full_closure": true, "updated_at": "2026-08-05T16:16"}}, {"type": "Feature", "geometry": {"type": "Point", "coordinates": [-87.5358975557, 38.4929006124]}, "properties": {"category": "hazard", "full_closure": true, "updated_at": "2026-08-05T16:16"}}, {"type": "Feature", "geometry": {"type": "Point", "coordinates": [-87.4655552831, 37.9912095123]}, "properties": {"category": "hazard", "full_closure": true, "updated_at": "2026-08-05T16:16"}}, {"type": "Feature", "geometry": {"type": "Point", "coordinates": [-87.4584782746, 37.97309788]}, "properties": {"category": "hazard", "full_closure": true, "updated_at": "2026-08-05T16:16"}}, {"type": "Feature", "geometry": {"type": "Point", "coordinates": [-87.4584715691, 37.9752288845]}, "properties": {"category": "hazard", "full_closure": true, "updated_at": "2026-08-05T16:16"}}, {"type": "Feature", "geometry": {"type": "Point", "coordinates": [-87.453183594, 37.9768704399]}, "properties": {"category": "congestion", "full_closure": false, "updated_at": "2026-08-05T16:16"}}, {"type": "Feature", "geometry": {"type": "Point", "coordinates": [-87.4487834301, 38.4837569448]}, "properties": {"category": "hazard", "full_closure": true, "updated_at": "2026-08-05T16:16"}}, {"type": "Feature", "geometry": {"type": "Point", "coordinates": [-87.4424467113, 37.9912027744]}, "properties": {"category": "hazard", "full_closure": true, "updated_at": "2026-08-05T16:16"}}, {"type": "Feature", "geometry": {"type": "Point", "coordinates": [-87.3961048451, 37.9773398077]}, "properties": {"category": "congestion", "full_closure": false, "updated_at": "2026-08-05T16:16"}}, {"type": "Feature", "geometry": {"type": "Point", "coordinates": [-87.3903903988, 37.9772526604]}, "properties": {"category": "congestion", "full_closure": false, "updated_at": "2026-08-05T16:16"}}, {"type": "Feature", "geometry": {"type": "Point", "coordinates": [-87.3819454637, 38.0074717702]}, "properties": {"category": "congestion", "full_closure": false, "updated_at": "2026-08-05T16:16"}}, {"type": "Feature", "geometry": {"type": "Point", "coordinates": [-87.3677150038, 37.995755828]}, "properties": {"category": "hazard", "full_closure": true, "updated_at": "2026-08-05T16:16"}}, {"type": "Feature", "geometry": {"type": "Point", "coordinates": [-87.3655987408, 37.9948479085]}, "properties": {"category": "hazard", "full_closure": true, "updated_at": "2026-08-05T16:16"}}, {"type": "Feature", "geometry": {"type": "Point", "coordinates": [-87.3592338588, 37.9956807245]}, "properties": {"category": "hazard", "full_closure": true, "updated_at": "2026-08-05T16:16"}}, {"type": "Feature", "geometry": {"type": "Point", "coordinates": [-87.3655987408, 37.9948479085]}, "properties": {"category": "hazard", "full_closure": true, "updated_at": "2026-08-05T16:16"}}, {"type": "Feature", "geometry": {"type": "Point", "coordinates": [-87.2800376143, 38.0417476963]}, "properties": {"category": "congestion", "full_closure": false, "updated_at": "2026-08-05T16:16"}}, {"type": "Feature", "geometry": {"type": "Point", "coordinates": [-87.269689652, 38.0562517538]}, "properties": {"category": "congestion", "full_closure": false, "updated_at": "2026-08-05T16:16"}}, {"type": "Feature", "geometry": {"type": "Point", "coordinates": [-87.2689681377, 38.0560747427]}, "properties": {"category": "congestion", "full_closure": false, "updated_at": "2026-08-05T16:16"}}, {"type": "Feature", "geometry": {"type": "Point", "coordinates": [-87.2666533914, 38.0438009259]}, "properties": {"category": "congestion", "full_closure": false, "updated_at": "2026-08-05T16:16"}}, {"type": "Feature", "geometry": {"type": "Point", "coordinates": [-87.2231667366, 38.360404834]}, "properties": {"category": "congestion", "full_closure": false, "updated_at": "2026-08-05T16:16"}}, {"type": "Feature", "geometry": {"type": "Point", "coordinates": [-87.2168554988, 38.3837682522]}, "properties": {"category": "hazard", "full_closure": true, "updated_at": "2026-08-05T16:16"}}, {"type": "Feature", "geometry": {"type": "Point", "coordinates": [-87.2169788804, 38.3830426884]}, "properties": {"category": "hazard", "full_closure": true, "updated_at": "2026-08-05T16:16"}}, {"type": "Feature", "geometry": {"type": "Point", "coordinates": [-87.2159100201, 38.3836917737]}, "properties": {"category": "hazard", "full_closure": true, "updated_at": "2026-08-05T16:16"}}, {"type": "Feature", "geometry": {"type": "Point", "coordinates": [-87.2161299612, 38.3822125814]}, "properties": {"category": "hazard", "full_closure": true, "updated_at": "2026-08-05T16:16"}}, {"type": "Feature", "geometry": {"type": "Point", "coordinates": [-87.1897638466, 38.0545566004]}, "properties": {"category": "hazard", "full_closure": true, "updated_at": "2026-08-05T16:16"}}, {"type": "Feature", "geometry": {"type": "Point", "coordinates": [-87.0587433006, 37.8934456946]}, "properties": {"category": "congestion", "full_closure": false, "updated_at": "2026-08-05T16:16"}}, {"type": "Feature", "geometry": {"type": "Point", "coordinates": [-87.0400174584, 37.9079255815]}, "properties": {"category": "hazard", "full_closure": true, "updated_at": "2026-08-05T16:16"}}, {"type": "Feature", "geometry": {"type": "Point", "coordinates": [-86.9054738309, 38.5105401345]}, "properties": {"category": "congestion", "full_closure": false, "updated_at": "2026-08-05T16:16"}}, {"type": "Feature", "geometry": {"type": "Point", "coordinates": [-86.8585163976, 38.0013308482]}, "properties": {"category": "hazard", "full_closure": true, "updated_at": "2026-08-05T16:16"}}, {"type": "Feature", "geometry": {"type": "Point", "coordinates": [-86.8678558494, 38.0012517213]}, "properties": {"category": "hazard", "full_closure": true, "updated_at": "2026-08-05T16:16"}}, {"type": "Feature", "geometry": {"type": "Point", "coordinates": [-86.7698036755, 37.9507926237]}, "properties": {"category": "hazard", "full_closure": true, "updated_at": "2026-08-05T16:16"}}, {"type": "Feature", "geometry": {"type": "Point", "coordinates": [-86.7698103811, 37.952320186]}, "properties": {"category": "hazard", "full_closure": true, "updated_at": "2026-08-05T16:16"}}, {"type": "Feature", "geometry": {"type": "Point", "coordinates": [-86.7684893931, 37.9507765627]}, "properties": {"category": "hazard", "full_closure": true, "updated_at": "2026-08-05T16:16"}}, {"type": "Feature", "geometry": {"type": "Point", "coordinates": [-86.7698036755, 37.9507926237]}, "properties": {"category": "hazard", "full_closure": true, "updated_at": "2026-08-05T16:16"}}, {"type": "Feature", "geometry": {"type": "Point", "coordinates": [-86.7605272557, 38.2128431494]}, "properties": {"category": "congestion", "full_closure": false, "updated_at": "2026-08-05T16:16"}}, {"type": "Feature", "geometry": {"type": "Point", "coordinates": [-86.7105080808, 38.2481128297]}, "properties": {"category": "hazard", "full_closure": true, "updated_at": "2026-08-05T16:16"}}, {"type": "Feature", "geometry": {"type": "Point", "coordinates": [-86.6310275222, 38.5394583733]}, "properties": {"category": "hazard", "full_closure": true, "updated_at": "2026-08-05T16:16"}}, {"type": "Feature", "geometry": {"type": "Point", "coordinates": [-86.6331022109, 37.9795740866]}, "properties": {"category": "hazard", "full_closure": true, "updated_at": "2026-08-05T16:16"}}, {"type": "Feature", "geometry": {"type": "Point", "coordinates": [-86.6259299839, 37.9852536601]}, "properties": {"category": "hazard", "full_closure": true, "updated_at": "2026-08-05T16:16"}}, {"type": "Feature", "geometry": {"type": "Point", "coordinates": [-86.621785971, 38.5468425147]}, "properties": {"category": "hazard", "full_closure": true, "updated_at": "2026-08-05T16:16"}}, {"type": "Feature", "geometry": {"type": "Point", "coordinates": [-86.6138452912, 38.5575606429]}, "properties": {"category": "congestion", "full_closure": false, "updated_at": "2026-08-05T16:16"}}, {"type": "Feature", "geometry": {"type": "Point", "coordinates": [-86.4695317174, 38.5476565693]}, "properties": {"category": "hazard", "full_closure": true, "updated_at": "2026-08-05T16:16"}}, {"type": "Feature", "geometry": {"type": "Point", "coordinates": [-86.4684628571, 38.5550715282]}, "properties": {"category": "hazard", "full_closure": true, "updated_at": "2026-08-05T16:16"}}, {"type": "Feature", "geometry": {"type": "Point", "coordinates": [-86.4631051446, 38.5539704567]}, "properties": {"category": "hazard", "full_closure": true, "updated_at": "2026-08-05T16:16"}}, {"type": "Feature", "geometry": {"type": "Point", "coordinates": [-86.449175092, 38.5477518192]}, "properties": {"category": "hazard", "full_closure": true, "updated_at": "2026-08-05T16:16"}}, {"type": "Feature", "geometry": {"type": "Point", "coordinates": [-86.3624995077, 38.2869928147]}, "properties": {"category": "congestion", "full_closure": false, "updated_at": "2026-08-05T16:16"}}, {"type": "Feature", "geometry": {"type": "Point", "coordinates": [-86.1298916363, 38.2332963405]}, "properties": {"category": "congestion", "full_closure": false, "updated_at": "2026-08-05T16:16"}}, {"type": "Feature", "geometry": {"type": "Point", "coordinates": [-86.1060535037, 38.6125230874]}, "properties": {"category": "congestion", "full_closure": false, "updated_at": "2026-08-05T16:16"}}, {"type": "Feature", "geometry": {"type": "Point", "coordinates": [-86.0952120149, 38.2025340394]}, "properties": {"category": "hazard", "full_closure": true, "updated_at": "2026-08-05T16:16"}}, {"type": "Feature", "geometry": {"type": "Point", "coordinates": [-86.0945092761, 38.196293883]}, "properties": {"category": "hazard", "full_closure": true, "updated_at": "2026-08-05T16:16"}}, {"type": "Feature", "geometry": {"type": "Point", "coordinates": [-85.9336732947, 38.3285817828]}, "properties": {"category": "congestion", "full_closure": false, "updated_at": "2026-08-05T16:16"}}, {"type": "Feature", "geometry": {"type": "Point", "coordinates": [-85.9316388392, 38.3220210846]}, "properties": {"category": "congestion", "full_closure": false, "updated_at": "2026-08-05T16:16"}}, {"type": "Feature", "geometry": {"type": "Point", "coordinates": [-85.8725256347, 38.3240019227]}, "properties": {"category": "congestion", "full_closure": false, "updated_at": "2026-08-05T16:16"}}, {"type": "Feature", "geometry": {"type": "Point", "coordinates": [-85.841064664, 38.288388886]}, "properties": {"category": "congestion", "full_closure": false, "updated_at": "2026-08-05T16:16"}}, {"type": "Feature", "geometry": {"type": "Point", "coordinates": [-85.8331843339, 38.2955315877]}, "properties": {"category": "congestion", "full_closure": false, "updated_at": "2026-08-05T16:16"}}, {"type": "Feature", "geometry": {"type": "Point", "coordinates": [-85.8236665153, 38.2872690705]}, "properties": {"category": "hazard", "full_closure": true, "updated_at": "2026-08-05T16:16"}}, {"type": "Feature", "geometry": {"type": "Point", "coordinates": [-85.8254515254, 38.2908203018]}, "properties": {"category": "hazard", "full_closure": true, "updated_at": "2026-08-05T16:16"}}, {"type": "Feature", "geometry": {"type": "Point", "coordinates": [-85.8277837061, 38.4467813942]}, "properties": {"category": "hazard", "full_closure": true, "updated_at": "2026-08-05T16:16"}}, {"type": "Feature", "geometry": {"type": "Point", "coordinates": [-85.8234049999, 38.4446825331]}, "properties": {"category": "hazard", "full_closure": true, "updated_at": "2026-08-05T16:16"}}, {"type": "Feature", "geometry": {"type": "Point", "coordinates": [-85.8220357322, 38.2887644128]}, "properties": {"category": "hazard", "full_closure": true, "updated_at": "2026-08-05T16:16"}}, {"type": "Feature", "geometry": {"type": "Point", "coordinates": [-85.821493926, 38.2901738708]}, "properties": {"category": "hazard", "full_closure": true, "updated_at": "2026-08-05T16:16"}}, {"type": "Feature", "geometry": {"type": "Point", "coordinates": [-85.8246334516, 38.2891774373]}, "properties": {"category": "hazard", "full_closure": true, "updated_at": "2026-08-05T16:16"}}, {"type": "Feature", "geometry": {"type": "Point", "coordinates": [-85.8199301981, 38.2870343946]}, "properties": {"category": "hazard", "full_closure": true, "updated_at": "2026-08-05T16:16"}}, {"type": "Feature", "geometry": {"type": "Point", "coordinates": [-85.8188264691, 38.2848376673]}, "properties": {"category": "hazard", "full_closure": true, "updated_at": "2026-08-05T16:16"}}, {"type": "Feature", "geometry": {"type": "Point", "coordinates": [-85.7945323609, 38.3443035257]}, "properties": {"category": "congestion", "full_closure": false, "updated_at": "2026-08-05T16:16"}}, {"type": "Feature", "geometry": {"type": "Point", "coordinates": [-85.7822330915, 38.328482561]}, "properties": {"category": "hazard", "full_closure": true, "updated_at": "2026-08-05T16:16"}}, {"type": "Feature", "geometry": {"type": "Point", "coordinates": [-85.779993447, 38.330951492]}, "properties": {"category": "hazard", "full_closure": true, "updated_at": "2026-08-05T16:16"}}, {"type": "Feature", "geometry": {"type": "Point", "coordinates": [-85.7710281633, 38.6489166788]}, "properties": {"category": "congestion", "full_closure": false, "updated_at": "2026-08-05T16:16"}}, {"type": "Feature", "geometry": {"type": "Point", "coordinates": [-85.7580167674, 38.3966388185]}, "properties": {"category": "hazard", "full_closure": true, "updated_at": "2026-08-05T16:16"}}, {"type": "Feature", "geometry": {"type": "Point", "coordinates": [-85.7560051106, 38.3987457107]}, "properties": {"category": "hazard", "full_closure": true, "updated_at": "2026-08-05T16:16"}}, {"type": "Feature", "geometry": {"type": "Point", "coordinates": [-85.753597828, 38.4037211957]}, "properties": {"category": "hazard", "full_closure": true, "updated_at": "2026-08-05T16:16"}}, {"type": "Feature", "geometry": {"type": "Point", "coordinates": [-85.7529111825, 38.405938032]}, "properties": {"category": "hazard", "full_closure": true, "updated_at": "2026-08-05T16:16"}}, {"type": "Feature", "geometry": {"type": "Point", "coordinates": [-85.7505722963, 38.2682213379]}, "properties": {"category": "congestion", "full_closure": false, "updated_at": "2026-08-05T16:16"}}, {"type": "Feature", "geometry": {"type": "Point", "coordinates": [-85.7488999389, 38.2743381312]}, "properties": {"category": "hazard", "full_closure": true, "updated_at": "2026-08-05T16:16"}}, {"type": "Feature", "geometry": {"type": "Point", "coordinates": [-85.7481341683, 38.2684372536]}, "properties": {"category": "congestion", "full_closure": false, "updated_at": "2026-08-05T16:16"}}, {"type": "Feature", "geometry": {"type": "Point", "coordinates": [-85.7436562203, 38.3370226963]}, "properties": {"category": "congestion", "full_closure": false, "updated_at": "2026-08-05T16:16"}}, {"type": "Feature", "geometry": {"type": "Point", "coordinates": [-85.7424224042, 38.2810892809]}, "properties": {"category": "hazard", "full_closure": true, "updated_at": "2026-08-05T16:16"}}, {"type": "Feature", "geometry": {"type": "Point", "coordinates": [-85.7414353513, 38.2797843304]}, "properties": {"category": "hazard", "full_closure": true, "updated_at": "2026-08-05T16:16"}}, {"type": "Feature", "geometry": {"type": "Point", "coordinates": [-85.7364880167, 38.2778545293]}, "properties": {"category": "congestion", "full_closure": false, "updated_at": "2026-08-05T16:16"}}, {"type": "Feature", "geometry": {"type": "Point", "coordinates": [-85.7270506643, 38.2793310499]}, "properties": {"category": "hazard", "full_closure": true, "updated_at": "2026-08-05T16:16"}}, {"type": "Feature", "geometry": {"type": "Point", "coordinates": [-85.7279854141, 38.278200501]}, "properties": {"category": "hazard", "full_closure": true, "updated_at": "2026-08-05T16:16"}}, {"type": "Feature", "geometry": {"type": "Point", "coordinates": [-85.7247520112, 38.3079274473]}, "properties": {"category": "congestion", "full_closure": false, "updated_at": "2026-08-05T16:16"}}, {"type": "Feature", "geometry": {"type": "Point", "coordinates": [-85.7213523113, 38.3389069411]}, "properties": {"category": "hazard", "full_closure": true, "updated_at": "2026-08-05T16:16"}}, {"type": "Feature", "geometry": {"type": "Point", "coordinates": [-85.7210492216, 38.3378273524]}, "properties": {"category": "hazard", "full_closure": true, "updated_at": "2026-08-05T16:16"}}, {"type": "Feature", "geometry": {"type": "Point", "coordinates": [-85.7080914699, 38.366721461]}, "properties": {"category": "hazard", "full_closure": true, "updated_at": "2026-08-05T16:16"}}, {"type": "Feature", "geometry": {"type": "Point", "coordinates": [-85.7002325975, 38.3768803263]}, "properties": {"category": "hazard", "full_closure": true, "updated_at": "2026-08-05T16:16"}}, {"type": "Feature", "geometry": {"type": "Point", "coordinates": [-85.6644787513, 38.3534351498]}, "properties": {"category": "hazard", "full_closure": true, "updated_at": "2026-08-05T16:16"}}, {"type": "Feature", "geometry": {"type": "Point", "coordinates": [-85.6637800358, 38.3584495069]}, "properties": {"category": "hazard", "full_closure": true, "updated_at": "2026-08-05T16:16"}}, {"type": "Feature", "geometry": {"type": "Point", "coordinates": [-85.6552559756, 38.3503881383]}, "properties": {"category": "hazard", "full_closure": true, "updated_at": "2026-08-05T16:16"}}, {"type": "Feature", "geometry": {"type": "Point", "coordinates": [-85.6547825657, 38.3504310622]}, "properties": {"category": "hazard", "full_closure": true, "updated_at": "2026-08-05T16:16"}}, {"type": "Feature", "geometry": {"type": "Point", "coordinates": [-85.6272590779, 38.6526784629]}, "properties": {"category": "congestion", "full_closure": false, "updated_at": "2026-08-05T16:16"}}, {"type": "Feature", "geometry": {"type": "Point", "coordinates": [-87.494735035, 39.7968055687]}, "properties": {"category": "congestion", "full_closure": false, "updated_at": "2026-08-05T16:16"}}, {"type": "Feature", "geometry": {"type": "Point", "coordinates": [-87.4696590629, 39.3853922518]}, "properties": {"category": "hazard", "full_closure": true, "updated_at": "2026-08-05T16:16"}}, {"type": "Feature", "geometry": {"type": "Point", "coordinates": [-87.4699366715, 39.3758744117]}, "properties": {"category": "hazard", "full_closure": true, "updated_at": "2026-08-05T16:16"}}, {"type": "Feature", "geometry": {"type": "Point", "coordinates": [-87.4234365549, 39.4401119915]}, "properties": {"category": "hazard", "full_closure": true, "updated_at": "2026-08-05T16:16"}}, {"type": "Feature", "geometry": {"type": "Point", "coordinates": [-87.4228276935, 39.4399805844]}, "properties": {"category": "hazard", "full_closure": true, "updated_at": "2026-08-05T16:16"}}, {"type": "Feature", "geometry": {"type": "Point", "coordinates": [-87.4228156236, 39.4380064698]}, "properties": {"category": "hazard", "full_closure": true, "updated_at": "2026-08-05T16:16"}}, {"type": "Feature", "geometry": {"type": "Point", "coordinates": [-87.4228075769, 39.439006934]}, "properties": {"category": "hazard", "full_closure": true, "updated_at": "2026-08-05T16:16"}}, {"type": "Feature", "geometry": {"type": "Point", "coordinates": [-87.4272841838, 39.642330423]}, "properties": {"category": "hazard", "full_closure": true, "updated_at": "2026-08-05T16:16"}}, {"type": "Feature", "geometry": {"type": "Point", "coordinates": [-87.4211848405, 39.6389548735]}, "properties": {"category": "hazard", "full_closure": true, "updated_at": "2026-08-05T16:16"}}, {"type": "Feature", "geometry": {"type": "Point", "coordinates": [-87.416674706, 39.4724956404]}, "properties": {"category": "hazard", "full_closure": true, "updated_at": "2026-08-05T16:16"}}, {"type": "Feature", "geometry": {"type": "Point", "coordinates": [-87.4162214127, 39.4248542258]}, "properties": {"category": "congestion", "full_closure": false, "updated_at": "2026-08-05T16:16"}}, {"type": "Feature", "geometry": {"type": "Point", "coordinates": [-87.4137658503, 39.4118710453]}, "properties": {"category": "congestion", "full_closure": false, "updated_at": "2026-08-05T16:16"}}, {"type": "Feature", "geometry": {"type": "Point", "coordinates": [-87.3976363864, 39.4483115005]}, "properties": {"category": "hazard", "full_closure": true, "updated_at": "2026-08-05T16:16"}}, {"type": "Feature", "geometry": {"type": "Point", "coordinates": [-87.3976243165, 39.452218121]}, "properties": {"category": "hazard", "full_closure": true, "updated_at": "2026-08-05T16:16"}}, {"type": "Feature", "geometry": {"type": "Point", "coordinates": [-87.3852097121, 39.1864514554]}, "properties": {"category": "hazard", "full_closure": true, "updated_at": "2026-08-05T16:16"}}, {"type": "Feature", "geometry": {"type": "Point", "coordinates": [-87.3707351711, 39.2009340395]}, "properties": {"category": "hazard", "full_closure": true, "updated_at": "2026-08-05T16:16"}}, {"type": "Feature", "geometry": {"type": "Point", "coordinates": [-87.3523794737, 39.200849534]}, "properties": {"category": "hazard", "full_closure": true, "updated_at": "2026-08-05T16:16"}}, {"type": "Feature", "geometry": {"type": "Point", "coordinates": [-87.3523794737, 39.200849534]}, "properties": {"category": "hazard", "full_closure": true, "updated_at": "2026-08-05T16:16"}}, {"type": "Feature", "geometry": {"type": "Point", "coordinates": [-87.3524934676, 39.1864461281]}, "properties": {"category": "hazard", "full_closure": true, "updated_at": "2026-08-05T16:16"}}, {"type": "Feature", "geometry": {"type": "Point", "coordinates": [-87.3050934699, 39.3904334446]}, "properties": {"category": "hazard", "full_closure": true, "updated_at": "2026-08-05T16:16"}}, {"type": "Feature", "geometry": {"type": "Point", "coordinates": [-87.3024756339, 39.3903395803]}, "properties": {"category": "hazard", "full_closure": true, "updated_at": "2026-08-05T16:16"}}, {"type": "Feature", "geometry": {"type": "Point", "coordinates": [-87.2105201211, 39.4481304648]}, "properties": {"category": "hazard", "full_closure": true, "updated_at": "2026-08-05T16:16"}}, {"type": "Feature", "geometry": {"type": "Point", "coordinates": [-87.2012222435, 39.4478542176]}, "properties": {"category": "hazard", "full_closure": true, "updated_at": "2026-08-05T16:16"}}, {"type": "Feature", "geometry": {"type": "Point", "coordinates": [-87.2011484828, 39.4529986551]}, "properties": {"category": "hazard", "full_closure": true, "updated_at": "2026-08-05T16:16"}}, {"type": "Feature", "geometry": {"type": "Point", "coordinates": [-87.2061776247, 39.4479762248]}, "properties": {"category": "hazard", "full_closure": true, "updated_at": "2026-08-05T16:16"}}, {"type": "Feature", "geometry": {"type": "Point", "coordinates": [-87.1711694326, 39.5134248205]}, "properties": {"category": "congestion", "full_closure": false, "updated_at": "2026-08-05T16:16"}}, {"type": "Feature", "geometry": {"type": "Point", "coordinates": [-87.0703720178, 39.5382955712]}, "properties": {"category": "congestion", "full_closure": false, "updated_at": "2026-08-05T16:16"}}, {"type": "Feature", "geometry": {"type": "Point", "coordinates": [-86.8673408653, 39.6462263293]}, "properties": {"category": "hazard", "full_closure": true, "updated_at": "2026-08-05T16:16"}}, {"type": "Feature", "geometry": {"type": "Point", "coordinates": [-86.8673301364, 39.6520682283]}, "properties": {"category": "hazard", "full_closure": true, "updated_at": "2026-08-05T16:16"}}, {"type": "Feature", "geometry": {"type": "Point", "coordinates": [-86.8625732388, 39.6498473464]}, "properties": {"category": "hazard", "full_closure": true, "updated_at": "2026-08-05T16:16"}}, {"type": "Feature", "geometry": {"type": "Point", "coordinates": [-86.8673301364, 39.6520682283]}, "properties": {"category": "hazard", "full_closure": true, "updated_at": "2026-08-05T16:16"}}, {"type": "Feature", "geometry": {"type": "Point", "coordinates": [-86.8426390614, 39.6172370319]}, "properties": {"category": "congestion", "full_closure": false, "updated_at": "2026-08-05T16:16"}}, {"type": "Feature", "geometry": {"type": "Point", "coordinates": [-86.7613721515, 39.2851514069]}, "properties": {"category": "congestion", "full_closure": false, "updated_at": "2026-08-05T16:16"}}, {"type": "Feature", "geometry": {"type": "Point", "coordinates": [-86.7438318456, 39.1077862735]}, "properties": {"category": "hazard", "full_closure": true, "updated_at": "2026-08-05T16:16"}}, {"type": "Feature", "geometry": {"type": "Point", "coordinates": [-86.7243254806, 39.1237588749]}, "properties": {"category": "hazard", "full_closure": true, "updated_at": "2026-08-05T16:16"}}, {"type": "Feature", "geometry": {"type": "Point", "coordinates": [-86.6760269428, 38.8589108473]}, "properties": {"category": "hazard", "full_closure": true, "updated_at": "2026-08-05T16:16"}}, {"type": "Feature", "geometry": {"type": "Point", "coordinates": [-86.6838415588, 38.8612362898]}, "properties": {"category": "hazard", "full_closure": true, "updated_at": "2026-08-05T16:16"}}, {"type": "Feature", "geometry": {"type": "Point", "coordinates": [-86.6264168049, 39.6452768668]}, "properties": {"category": "hazard", "full_closure": true, "updated_at": "2026-08-05T16:16"}}, {"type": "Feature", "geometry": {"type": "Point", "coordinates": [-86.6275768603, 39.6416760065]}, "properties": {"category": "hazard", "full_closure": true, "updated_at": "2026-08-05T16:16"}}, {"type": "Feature", "geometry": {"type": "Point", "coordinates": [-86.5751115108, 39.1043463396]}, "properties": {"category": "hazard", "full_closure": true, "updated_at": "2026-08-05T16:16"}}, {"type": "Feature", "geometry": {"type": "Point", "coordinates": [-86.5772867823, 39.1014965334]}, "properties": {"category": "hazard", "full_closure": true, "updated_at": "2026-08-05T16:16"}}, {"type": "Feature", "geometry": {"type": "Point", "coordinates": [-86.5630938733, 39.1766962799]}, "properties": {"category": "congestion", "full_closure": false, "updated_at": "2026-08-05T16:16"}}, {"type": "Feature", "geometry": {"type": "Point", "coordinates": [-86.5668261672, 38.9231751886]}, "properties": {"category": "congestion", "full_closure": false, "updated_at": "2026-08-05T16:16"}}, {"type": "Feature", "geometry": {"type": "Point", "coordinates": [-86.5409978355, 39.6299909272]}, "properties": {"category": "hazard", "full_closure": true, "updated_at": "2026-08-05T16:16"}}, {"type": "Feature", "geometry": {"type": "Point", "coordinates": [-86.5411051238, 39.6423331339]}, "properties": {"category": "hazard", "full_closure": true, "updated_at": "2026-08-05T16:16"}}, {"type": "Feature", "geometry": {"type": "Point", "coordinates": [-86.5374425674, 39.1981016531]}, "properties": {"category": "hazard", "full_closure": true, "updated_at": "2026-08-05T16:16"}}, {"type": "Feature", "geometry": {"type": "Point", "coordinates": [-86.5368484581, 39.1981056804]}, "properties": {"category": "hazard", "full_closure": true, "updated_at": "2026-08-05T16:16"}}, {"type": "Feature", "geometry": {"type": "Point", "coordinates": [-86.5339476491, 39.1555966952]}, "properties": {"category": "hazard", "full_closure": true, "updated_at": "2026-08-05T16:16"}}, {"type": "Feature", "geometry": {"type": "Point", "coordinates": [-86.5349534775, 39.1555926654]}, "properties": {"category": "hazard", "full_closure": true, "updated_at": "2026-08-05T16:16"}}, {"type": "Feature", "geometry": {"type": "Point", "coordinates": [-86.5336365128, 39.1641448572]}, "properties": {"category": "congestion", "full_closure": false, "updated_at": "2026-08-05T16:16"}}, {"type": "Feature", "geometry": {"type": "Point", "coordinates": [-86.531931969, 39.1628332524]}, "properties": {"category": "congestion", "full_closure": false, "updated_at": "2026-08-05T16:16"}}, {"type": "Feature", "geometry": {"type": "Point", "coordinates": [-86.5312560523, 39.1608793175]}, "properties": {"category": "congestion", "full_closure": false, "updated_at": "2026-08-05T16:16"}}, {"type": "Feature", "geometry": {"type": "Point", "coordinates": [-86.5270034099, 39.1752465712]}, "properties": {"category": "hazard", "full_closure": true, "updated_at": "2026-08-05T16:16"}}, {"type": "Feature", "geometry": {"type": "Point", "coordinates": [-86.5269846345, 39.1734480877]}, "properties": {"category": "hazard", "full_closure": true, "updated_at": "2026-08-05T16:16"}}, {"type": "Feature", "geometry": {"type": "Point", "coordinates": [-86.5269645179, 39.1532967044]}, "properties": {"category": "congestion", "full_closure": false, "updated_at": "2026-08-05T16:16"}}, {"type": "Feature", "geometry": {"type": "Point", "coordinates": [-86.526914897, 39.1488040115]}, "properties": {"category": "congestion", "full_closure": false, "updated_at": "2026-08-05T16:16"}}, {"type": "Feature", "geometry": {"type": "Point", "coordinates": [-86.5238196278, 39.1214279961]}, "properties": {"category": "hazard", "full_closure": true, "updated_at": "2026-08-05T16:16"}}, {"type": "Feature", "geometry": {"type": "Point", "coordinates": [-86.526657405, 39.1214467891]}, "properties": {"category": "hazard", "full_closure": true, "updated_at": "2026-08-05T16:16"}}, {"type": "Feature", "geometry": {"type": "Point", "coordinates": [-86.5124993647, 39.1214642165]}, "properties": {"category": "hazard", "full_closure": true, "updated_at": "2026-08-05T16:16"}}, {"type": "Feature", "geometry": {"type": "Point", "coordinates": [-86.5207324053, 39.1214763116]}, "properties": {"category": "hazard", "full_closure": true, "updated_at": "2026-08-05T16:16"}}, {"type": "Feature", "geometry": {"type": "Point", "coordinates": [-86.5115485216, 39.1264826117]}, "properties": {"category": "congestion", "full_closure": false, "updated_at": "2026-08-05T16:16"}}, {"type": "Feature", "geometry": {"type": "Point", "coordinates": [-86.5096964563, 39.1360111554]}, "properties": {"category": "congestion", "full_closure": false, "updated_at": "2026-08-05T16:16"}}, {"type": "Feature", "geometry": {"type": "Point", "coordinates": [-86.5094268943, 39.1682124183]}, "properties": {"category": "hazard", "full_closure": true, "updated_at": "2026-08-05T16:16"}}, {"type": "Feature", "geometry": {"type": "Point", "coordinates": [-86.5094121421, 39.1655945998]}, "properties": {"category": "hazard", "full_closure": true, "updated_at": "2026-08-05T16:16"}}, {"type": "Feature", "geometry": {"type": "Point", "coordinates": [-86.5094255531, 39.1680769905]}, "properties": {"category": "hazard", "full_closure": true, "updated_at": "2026-08-05T16:16"}}, {"type": "Feature", "geometry": {"type": "Point", "coordinates": [-86.5084317947, 39.1592122721]}, "properties": {"category": "congestion", "full_closure": false, "updated_at": "2026-08-05T16:16"}}, {"type": "Feature", "geometry": {"type": "Point", "coordinates": [-86.5067621196, 38.8616399661]}, "properties": {"category": "congestion", "full_closure": false, "updated_at": "2026-08-05T16:16"}}, {"type": "Feature", "geometry": {"type": "Point", "coordinates": [-86.5082024658, 39.1397220043]}, "properties": {"category": "congestion", "full_closure": false, "updated_at": "2026-08-05T16:16"}}, {"type": "Feature", "geometry": {"type": "Point", "coordinates": [-86.5058112765, 39.1603200656]}, "properties": {"category": "congestion", "full_closure": false, "updated_at": "2026-08-05T16:16"}}, {"type": "Feature", "geometry": {"type": "Point", "coordinates": [-86.5069538975, 39.1609705002]}, "properties": {"category": "congestion", "full_closure": false, "updated_at": "2026-08-05T16:16"}}, {"type": "Feature", "geometry": {"type": "Point", "coordinates": [-86.5013896549, 39.1609248764]}, "properties": {"category": "congestion", "full_closure": false, "updated_at": "2026-08-05T16:16"}}, {"type": "Feature", "geometry": {"type": "Point", "coordinates": [-86.4969787622, 38.8622207079]}, "properties": {"category": "hazard", "full_closure": true, "updated_at": "2026-08-05T16:16"}}, {"type": "Feature", "geometry": {"type": "Point", "coordinates": [-86.4950717116, 38.8622045871]}, "properties": {"category": "hazard", "full_closure": true, "updated_at": "2026-08-05T16:16"}}, {"type": "Feature", "geometry": {"type": "Point", "coordinates": [-86.4773141468, 39.6153460794]}, "properties": {"category": "congestion", "full_closure": false, "updated_at": "2026-08-05T16:16"}}, {"type": "Feature", "geometry": {"type": "Point", "coordinates": [-86.4797697092, 39.6103812923]}, "properties": {"category": "hazard", "full_closure": true, "updated_at": "2026-08-05T16:16"}}, {"type": "Feature", "geometry": {"type": "Point", "coordinates": [-86.4559436465, 39.6155244197]}, "properties": {"category": "hazard", "full_closure": true, "updated_at": "2026-08-05T16:16"}}, {"type": "Feature", "geometry": {"type": "Point", "coordinates": [-86.4207222188, 39.6152321144]}, "properties": {"category": "congestion", "full_closure": false, "updated_at": "2026-08-05T16:16"}}, {"type": "Feature", "geometry": {"type": "Point", "coordinates": [-86.4015806342, 39.7186861966]}, "properties": {"category": "hazard", "full_closure": true, "updated_at": "2026-08-05T16:16"}}, {"type": "Feature", "geometry": {"type": "Point", "coordinates": [-86.3995314265, 39.7222079367]}, "properties": {"category": "hazard", "full_closure": true, "updated_at": "2026-08-05T16:16"}}, {"type": "Feature", "geometry": {"type": "Point", "coordinates": [-86.3964415217, 39.7048138527]}, "properties": {"category": "congestion", "full_closure": false, "updated_at": "2026-08-05T16:16"}}, {"type": "Feature", "geometry": {"type": "Point", "coordinates": [-86.3995461786, 39.753237118]}, "properties": {"category": "congestion", "full_closure": false, "updated_at": "2026-08-05T16:16"}}, {"type": "Feature", "geometry": {"type": "Point", "coordinates": [-86.39949924, 39.7007234599]}, "properties": {"category": "congestion", "full_closure": false, "updated_at": "2026-08-05T16:16"}}, {"type": "Feature", "geometry": {"type": "Point", "coordinates": [-86.3952734197, 39.7020122735]}, "properties": {"category": "congestion", "full_closure": false, "updated_at": "2026-08-05T16:16"}}, {"type": "Feature", "geometry": {"type": "Point", "coordinates": [-86.3839491332, 39.7984805863]}, "properties": {"category": "congestion", "full_closure": false, "updated_at": "2026-08-05T16:16"}}, {"type": "Feature", "geometry": {"type": "Point", "coordinates": [-86.3839759553, 39.5713484911]}, "properties": {"category": "hazard", "full_closure": true, "updated_at": "2026-08-05T16:16"}}, {"type": "Feature", "geometry": {"type": "Point", "coordinates": [-86.3809517646, 39.5714235683]}, "properties": {"category": "hazard", "full_closure": true, "updated_at": "2026-08-05T16:16"}}, {"type": "Feature", "geometry": {"type": "Point", "coordinates": [-86.3811703647, 39.7515647366]}, "properties": {"category": "congestion", "full_closure": false, "updated_at": "2026-08-05T16:16"}}, {"type": "Feature", "geometry": {"type": "Point", "coordinates": [-86.3788462305, 39.6195772449]}, "properties": {"category": "congestion", "full_closure": false, "updated_at": "2026-08-05T16:16"}}, {"type": "Feature", "geometry": {"type": "Point", "coordinates": [-86.377235564, 39.7044463469]}, "properties": {"category": "congestion", "full_closure": false, "updated_at": "2026-08-05T16:16"}}, {"type": "Feature", "geometry": {"type": "Point", "coordinates": [-86.3755350435, 39.6127657751]}, "properties": {"category": "hazard", "full_closure": true, "updated_at": "2026-08-05T16:16"}}, {"type": "Feature", "geometry": {"type": "Point", "coordinates": [-86.3773146892, 39.6196550462]}, "properties": {"category": "congestion", "full_closure": false, "updated_at": "2026-08-05T16:16"}}, {"type": "Feature", "geometry": {"type": "Point", "coordinates": [-86.3749020422, 39.6138749154]}, "properties": {"category": "hazard", "full_closure": true, "updated_at": "2026-08-05T16:16"}}, {"type": "Feature", "geometry": {"type": "Point", "coordinates": [-86.3749087477, 39.6116808317]}, "properties": {"category": "hazard", "full_closure": true, "updated_at": "2026-08-05T16:16"}}, {"type": "Feature", "geometry": {"type": "Point", "coordinates": [-86.3761801148, 39.6127684871]}, "properties": {"category": "hazard", "full_closure": true, "updated_at": "2026-08-05T16:16"}}, {"type": "Feature", "geometry": {"type": "Point", "coordinates": [-86.372307005, 39.6127724905]}, "properties": {"category": "hazard", "full_closure": true, "updated_at": "2026-08-05T16:16"}}, {"type": "Feature", "geometry": {"type": "Point", "coordinates": [-86.3691460216, 39.713159555]}, "properties": {"category": "congestion", "full_closure": false, "updated_at": "2026-08-05T16:16"}}, {"type": "Feature", "geometry": {"type": "Point", "coordinates": [-86.377312007, 39.7190576883]}, "properties": {"category": "hazard", "full_closure": true, "updated_at": "2026-08-05T16:16"}}, {"type": "Feature", "geometry": {"type": "Point", "coordinates": [-86.3613515222, 39.7203263667]}, "properties": {"category": "hazard", "full_closure": true, "updated_at": "2026-08-05T16:16"}}, {"type": "Feature", "geometry": {"type": "Point", "coordinates": [-86.3626228893, 39.7715458529]}, "properties": {"category": "hazard", "full_closure": true, "updated_at": "2026-08-05T16:16"}}, {"type": "Feature", "geometry": {"type": "Point", "coordinates": [-86.3602209711, 39.7691975793]}, "properties": {"category": "hazard", "full_closure": true, "updated_at": "2026-08-05T16:16"}}, {"type": "Feature", "geometry": {"type": "Point", "coordinates": [-86.3600962484, 39.7702704507]}, "properties": {"category": "hazard", "full_closure": true, "updated_at": "2026-08-05T16:16"}}, {"type": "Feature", "geometry": {"type": "Point", "coordinates": [-86.3466436291, 39.768895809]}, "properties": {"category": "hazard", "full_closure": true, "updated_at": "2026-08-05T16:16"}}, {"type": "Feature", "geometry": {"type": "Point", "coordinates": [-86.347437563, 39.764534553]}, "properties": {"category": "hazard", "full_closure": true, "updated_at": "2026-08-05T16:16"}}, {"type": "Feature", "geometry": {"type": "Point", "coordinates": [-86.3451120878, 39.6609154879]}, "properties": {"category": "hazard", "full_closure": true, "updated_at": "2026-08-05T16:16"}}, {"type": "Feature", "geometry": {"type": "Point", "coordinates": [-86.3366658116, 39.7577418806]}, "properties": {"category": "congestion", "full_closure": false, "updated_at": "2026-08-05T16:16"}}, {"type": "Feature", "geometry": {"type": "Point", "coordinates": [-86.3373873258, 39.6611193279]}, "properties": {"category": "hazard", "full_closure": true, "updated_at": "2026-08-05T16:16"}}, {"type": "Feature", "geometry": {"type": "Point", "coordinates": [-86.3358463967, 39.6612252806]}, "properties": {"category": "hazard", "full_closure": true, "updated_at": "2026-08-05T16:16"}}, {"type": "Feature", "geometry": {"type": "Point", "coordinates": [-86.3385688389, 39.691275402]}, "properties": {"category": "hazard", "full_closure": true, "updated_at": "2026-08-05T16:16"}}, {"type": "Feature", "geometry": {"type": "Point", "coordinates": [-86.3356613243, 39.7016998263]}, "properties": {"category": "congestion", "full_closure": false, "updated_at": "2026-08-05T16:16"}}, {"type": "Feature", "geometry": {"type": "Point", "coordinates": [-86.331101569, 39.7785907086]}, "properties": {"category": "hazard", "full_closure": true, "updated_at": "2026-08-05T16:16"}}, {"type": "Feature", "geometry": {"type": "Point", "coordinates": [-86.3273813451, 39.7799693436]}, "properties": {"category": "hazard", "full_closure": true, "updated_at": "2026-08-05T16:16"}}, {"type": "Feature", "geometry": {"type": "Point", "coordinates": [-86.3264398897, 39.7799746901]}, "properties": {"category": "hazard", "full_closure": true, "updated_at": "2026-08-05T16:16"}}, {"type": "Feature", "geometry": {"type": "Point", "coordinates": [-86.3269253695, 39.7744426554]}, "properties": {"category": "hazard", "full_closure": true, "updated_at": "2026-08-05T16:16"}}, {"type": "Feature", "geometry": {"type": "Point", "coordinates": [-86.3264372075, 39.7794637443]}, "properties": {"category": "hazard", "full_closure": true, "updated_at": "2026-08-05T16:16"}}, {"type": "Feature", "geometry": {"type": "Point", "coordinates": [-86.3241264844, 39.7786805056]}, "properties": {"category": "hazard", "full_closure": true, "updated_at": "2026-08-05T16:16"}}, {"type": "Feature", "geometry": {"type": "Point", "coordinates": [-86.3261582577, 39.7786604075]}, "properties": {"category": "hazard", "full_closure": true, "updated_at": "2026-08-05T16:16"}}, {"type": "Feature", "geometry": {"type": "Point", "coordinates": [-86.3125728691, 39.4682993036]}, "properties": {"category": "hazard", "full_closure": true, "updated_at": "2026-08-05T16:16"}}, {"type": "Feature", "geometry": {"type": "Point", "coordinates": [-86.3100475693, 39.6762778127]}, "properties": {"category": "congestion", "full_closure": false, "updated_at": "2026-08-05T16:16"}}, {"type": "Feature", "geometry": {"type": "Point", "coordinates": [-86.3205336654, 39.7933843745]}, "properties": {"category": "congestion", "full_closure": false, "updated_at": "2026-08-05T16:16"}}, {"type": "Feature", "geometry": {"type": "Point", "coordinates": [-86.3076268757, 39.789240369]}, "properties": {"category": "congestion", "full_closure": false, "updated_at": "2026-08-05T16:16"}}, {"type": "Feature", "geometry": {"type": "Point", "coordinates": [-86.3054033244, 39.7641872101]}, "properties": {"category": "congestion", "full_closure": false, "updated_at": "2026-08-05T16:16"}}, {"type": "Feature", "geometry": {"type": "Point", "coordinates": [-86.2969275439, 39.7132789037]}, "properties": {"category": "congestion", "full_closure": false, "updated_at": "2026-08-05T16:16"}}, {"type": "Feature", "geometry": {"type": "Point", "coordinates": [-86.2806398296, 39.7498092466]}, "properties": {"category": "congestion", "full_closure": false, "updated_at": "2026-08-05T16:16"}}, {"type": "Feature", "geometry": {"type": "Point", "coordinates": [-86.274587425, 39.7954175464]}, "properties": {"category": "congestion", "full_closure": false, "updated_at": "2026-08-05T16:16"}}, {"type": "Feature", "geometry": {"type": "Point", "coordinates": [-86.2692900622, 38.957089081]}, "properties": {"category": "congestion", "full_closure": false, "updated_at": "2026-08-05T16:16"}}, {"type": "Feature", "geometry": {"type": "Point", "coordinates": [-86.2520206594, 39.7358148305]}, "properties": {"category": "hazard", "full_closure": true, "updated_at": "2026-08-05T16:16"}}, {"type": "Feature", "geometry": {"type": "Point", "coordinates": [-86.2540832782, 39.7357678414]}, "properties": {"category": "hazard", "full_closure": true, "updated_at": "2026-08-05T16:16"}}, {"type": "Feature", "geometry": {"type": "Point", "coordinates": [-86.2504502261, 39.7064365549]}, "properties": {"category": "congestion", "full_closure": false, "updated_at": "2026-08-05T16:16"}}, {"type": "Feature", "geometry": {"type": "Point", "coordinates": [-86.2503027046, 39.7643428091]}, "properties": {"category": "hazard", "full_closure": true, "updated_at": "2026-08-05T16:16"}}, {"type": "Feature", "geometry": {"type": "Point", "coordinates": [-86.2502356493, 39.7609913928]}, "properties": {"category": "hazard", "full_closure": true, "updated_at": "2026-08-05T16:16"}}, {"type": "Feature", "geometry": {"type": "Point", "coordinates": [-86.2467675531, 39.7841911371]}, "properties": {"category": "congestion", "full_closure": false, "updated_at": "2026-08-05T16:16"}}, {"type": "Feature", "geometry": {"type": "Point", "coordinates": [-86.2305039787, 39.5913175237]}, "properties": {"category": "hazard", "full_closure": true, "updated_at": "2026-08-05T16:16"}}, {"type": "Feature", "geometry": {"type": "Point", "coordinates": [-86.2297194326, 39.5912263201]}, "properties": {"category": "hazard", "full_closure": true, "updated_at": "2026-08-05T16:16"}}, {"type": "Feature", "geometry": {"type": "Point", "coordinates": [-86.2089095139, 39.7650455452]}, "properties": {"category": "congestion", "full_closure": false, "updated_at": "2026-08-05T16:16"}}, {"type": "Feature", "geometry": {"type": "Point", "coordinates": [-86.1968824887, 39.7685927489]}, "properties": {"category": "hazard", "full_closure": true, "updated_at": "2026-08-05T16:16"}}, {"type": "Feature", "geometry": {"type": "Point", "coordinates": [-86.1968905353, 39.7662512039]}, "properties": {"category": "hazard", "full_closure": true, "updated_at": "2026-08-05T16:16"}}, {"type": "Feature", "geometry": {"type": "Point", "coordinates": [-86.199811461, 39.7881299858]}, "properties": {"category": "hazard", "full_closure": true, "updated_at": "2026-08-05T16:16"}}, {"type": "Feature", "geometry": {"type": "Point", "coordinates": [-86.1930429065, 39.7892430741]}, "properties": {"category": "hazard", "full_closure": true, "updated_at": "2026-08-05T16:16"}}, {"type": "Feature", "geometry": {"type": "Point", "coordinates": [-86.1873660111, 39.7672033843]}, "properties": {"category": "hazard", "full_closure": true, "updated_at": "2026-08-05T16:16"}}, {"type": "Feature", "geometry": {"type": "Point", "coordinates": [-86.1872386062, 39.7604187073]}, "properties": {"category": "congestion", "full_closure": false, "updated_at": "2026-08-05T16:16"}}, {"type": "Feature", "geometry": {"type": "Point", "coordinates": [-86.1940956736, 39.6644144314]}, "properties": {"category": "congestion", "full_closure": false, "updated_at": "2026-08-05T16:16"}}, {"type": "Feature", "geometry": {"type": "Point", "coordinates": [-86.1863561594, 39.6638256514]}, "properties": {"category": "congestion", "full_closure": false, "updated_at": "2026-08-05T16:16"}}, {"type": "Feature", "geometry": {"type": "Point", "coordinates": [-86.1832059049, 39.6632972614]}, "properties": {"category": "congestion", "full_closure": false, "updated_at": "2026-08-05T16:16"}}, {"type": "Feature", "geometry": {"type": "Point", "coordinates": [-86.1801937842, 39.7847718051]}, "properties": {"category": "hazard", "full_closure": true, "updated_at": "2026-08-05T16:16"}}, {"type": "Feature", "geometry": {"type": "Point", "coordinates": [-86.1792657399, 39.670198598]}, "properties": {"category": "congestion", "full_closure": false, "updated_at": "2026-08-05T16:16"}}, {"type": "Feature", "geometry": {"type": "Point", "coordinates": [-86.1825112128, 39.634653951]}, "properties": {"category": "congestion", "full_closure": false, "updated_at": "2026-08-05T16:16"}}, {"type": "Feature", "geometry": {"type": "Point", "coordinates": [-86.1754918718, 39.6150738544]}, "properties": {"category": "hazard", "full_closure": true, "updated_at": "2026-08-05T16:16"}}, {"type": "Feature", "geometry": {"type": "Point", "coordinates": [-86.1702092612, 39.7694215223]}, "properties": {"category": "hazard", "full_closure": true, "updated_at": "2026-08-05T16:16"}}, {"type": "Feature", "geometry": {"type": "Point", "coordinates": [-86.1724569523, 39.7705199023]}, "properties": {"category": "hazard", "full_closure": true, "updated_at": "2026-08-05T16:16"}}, {"type": "Feature", "geometry": {"type": "Point", "coordinates": [-86.170155617, 39.7704742898]}, "properties": {"category": "hazard", "full_closure": true, "updated_at": "2026-08-05T16:16"}}, {"type": "Feature", "geometry": {"type": "Point", "coordinates": [-86.1701247716, 39.771580706]}, "properties": {"category": "hazard", "full_closure": true, "updated_at": "2026-08-05T16:16"}}, {"type": "Feature", "geometry": {"type": "Point", "coordinates": [-86.1729424321, 39.7833207379]}, "properties": {"category": "hazard", "full_closure": true, "updated_at": "2026-08-05T16:16"}}, {"type": "Feature", "geometry": {"type": "Point", "coordinates": [-86.1670187735, 39.7723331026]}, "properties": {"category": "congestion", "full_closure": false, "updated_at": "2026-08-05T16:16"}}, {"type": "Feature", "geometry": {"type": "Point", "coordinates": [-86.1634366834, 39.7700424516]}, "properties": {"category": "congestion", "full_closure": false, "updated_at": "2026-08-05T16:16"}}, {"type": "Feature", "geometry": {"type": "Point", "coordinates": [-86.1616154635, 39.7699941974]}, "properties": {"category": "hazard", "full_closure": true, "updated_at": "2026-08-05T16:16"}}, {"type": "Feature", "geometry": {"type": "Point", "coordinates": [-86.1610200131, 39.7685632417]}, "properties": {"category": "hazard", "full_closure": true, "updated_at": "2026-08-05T16:16"}}, {"type": "Feature", "geometry": {"type": "Point", "coordinates": [-86.1588930213, 39.5711231297]}, "properties": {"category": "congestion", "full_closure": false, "updated_at": "2026-08-05T16:16"}}, {"type": "Feature", "geometry": {"type": "Point", "coordinates": [-86.1584464335, 39.6121515657]}, "properties": {"category": "congestion", "full_closure": false, "updated_at": "2026-08-05T16:16"}}, {"type": "Feature", "geometry": {"type": "Point", "coordinates": [-86.1579824114, 39.7699056776]}, "properties": {"category": "hazard", "full_closure": true, "updated_at": "2026-08-05T16:16"}}, {"type": "Feature", "geometry": {"type": "Point", "coordinates": [-86.1545666182, 39.7298240798]}, "properties": {"category": "congestion", "full_closure": false, "updated_at": "2026-08-05T16:16"}}, {"type": "Feature", "geometry": {"type": "Point", "coordinates": [-86.1661926532, 39.8044793394]}, "properties": {"category": "congestion", "full_closure": false, "updated_at": "2026-08-05T16:16"}}, {"type": "Feature", "geometry": {"type": "Point", "coordinates": [-86.1428601169, 39.708633307]}, "properties": {"category": "congestion", "full_closure": false, "updated_at": "2026-08-05T16:16"}}, {"type": "Feature", "geometry": {"type": "Point", "coordinates": [-86.1338090026, 39.6795286495]}, "properties": {"category": "congestion", "full_closure": false, "updated_at": "2026-08-05T16:16"}}, {"type": "Feature", "geometry": {"type": "Point", "coordinates": [-86.1316256845, 39.6709161008]}, "properties": {"category": "congestion", "full_closure": false, "updated_at": "2026-08-05T16:16"}}, {"type": "Feature", "geometry": {"type": "Point", "coordinates": [-86.1295831823, 39.5818251776]}, "properties": {"category": "hazard", "full_closure": true, "updated_at": "2026-08-05T16:16"}}, {"type": "Feature", "geometry": {"type": "Point", "coordinates": [-86.1271812641, 39.6095712714]}, "properties": {"category": "hazard", "full_closure": true, "updated_at": "2026-08-05T16:16"}}, {"type": "Feature", "geometry": {"type": "Point", "coordinates": [-86.1293149614, 39.6062949941]}, "properties": {"category": "hazard", "full_closure": true, "updated_at": "2026-08-05T16:16"}}, {"type": "Feature", "geometry": {"type": "Point", "coordinates": [-86.131311866, 39.6648784188]}, "properties": {"category": "congestion", "full_closure": false, "updated_at": "2026-08-05T16:16"}}, {"type": "Feature", "geometry": {"type": "Point", "coordinates": [-86.1207359159, 39.7194815293]}, "properties": {"category": "congestion", "full_closure": false, "updated_at": "2026-08-05T16:16"}}, {"type": "Feature", "geometry": {"type": "Point", "coordinates": [-86.1255598688, 39.6796064479]}, "properties": {"category": "congestion", "full_closure": false, "updated_at": "2026-08-05T16:16"}}, {"type": "Feature", "geometry": {"type": "Point", "coordinates": [-86.1165784919, 39.7813345529]}, "properties": {"category": "hazard", "full_closure": true, "updated_at": "2026-08-05T16:16"}}, {"type": "Feature", "geometry": {"type": "Point", "coordinates": [-86.1164966845, 39.773624572]}, "properties": {"category": "hazard", "full_closure": true, "updated_at": "2026-08-05T16:16"}}, {"type": "Feature", "geometry": {"type": "Point", "coordinates": [-86.1117236936, 39.6652056794]}, "properties": {"category": "congestion", "full_closure": false, "updated_at": "2026-08-05T16:16"}}, {"type": "Feature", "geometry": {"type": "Point", "coordinates": [-86.1110786223, 39.7865756126]}, "properties": {"category": "congestion", "full_closure": false, "updated_at": "2026-08-05T16:16"}}, {"type": "Feature", "geometry": {"type": "Point", "coordinates": [-86.1109445119, 39.6504280494]}, "properties": {"category": "congestion", "full_closure": false, "updated_at": "2026-08-05T16:16"}}, {"type": "Feature", "geometry": {"type": "Point", "coordinates": [-86.1046507084, 39.7974519461]}, "properties": {"category": "congestion", "full_closure": false, "updated_at": "2026-08-05T16:16"}}, {"type": "Feature", "geometry": {"type": "Point", "coordinates": [-86.1038554334, 39.6049135965]}, "properties": {"category": "hazard", "full_closure": true, "updated_at": "2026-08-05T16:16"}}, {"type": "Feature", "geometry": {"type": "Point", "coordinates": [-86.1038165414, 39.6039104822]}, "properties": {"category": "hazard", "full_closure": true, "updated_at": "2026-08-05T16:16"}}, {"type": "Feature", "geometry": {"type": "Point", "coordinates": [-86.1057477319, 39.6020986658]}, "properties": {"category": "hazard", "full_closure": true, "updated_at": "2026-08-05T16:16"}}, {"type": "Feature", "geometry": {"type": "Point", "coordinates": [-86.1030494296, 39.6021657016]}, "properties": {"category": "hazard", "full_closure": true, "updated_at": "2026-08-05T16:16"}}, {"type": "Feature", "geometry": {"type": "Point", "coordinates": [-86.1029957854, 39.6010110366]}, "properties": {"category": "hazard", "full_closure": true, "updated_at": "2026-08-05T16:16"}}, {"type": "Feature", "geometry": {"type": "Point", "coordinates": [-86.1030387008, 39.6019175785]}, "properties": {"category": "hazard", "full_closure": true, "updated_at": "2026-08-05T16:16"}}, {"type": "Feature", "geometry": {"type": "Point", "coordinates": [-86.1029300713, 39.7235906662]}, "properties": {"category": "congestion", "full_closure": false, "updated_at": "2026-08-05T16:16"}}, {"type": "Feature", "geometry": {"type": "Point", "coordinates": [-86.1043958985, 38.7545715288]}, "properties": {"category": "congestion", "full_closure": false, "updated_at": "2026-08-05T16:16"}}, {"type": "Feature", "geometry": {"type": "Point", "coordinates": [-86.0958691561, 39.5867792219]}, "properties": {"category": "congestion", "full_closure": false, "updated_at": "2026-08-05T16:16"}}, {"type": "Feature", "geometry": {"type": "Point", "coordinates": [-86.0957739377, 39.57301277]}, "properties": {"category": "congestion", "full_closure": false, "updated_at": "2026-08-05T16:16"}}, {"type": "Feature", "geometry": {"type": "Point", "coordinates": [-86.0882034027, 39.6371779271]}, "properties": {"category": "congestion", "full_closure": false, "updated_at": "2026-08-05T16:16"}}, {"type": "Feature", "geometry": {"type": "Point", "coordinates": [-86.0874671363, 39.7382703992]}, "properties": {"category": "hazard", "full_closure": true, "updated_at": "2026-08-05T16:16"}}, {"type": "Feature", "geometry": {"type": "Point", "coordinates": [-86.1017767214, 39.7379055854]}, "properties": {"category": "hazard", "full_closure": true, "updated_at": "2026-08-05T16:16"}}, {"type": "Feature", "geometry": {"type": "Point", "coordinates": [-86.1873593056, 39.6956044686]}, "properties": {"category": "congestion", "full_closure": false, "updated_at": "2026-08-05T16:16"}}, {"type": "Feature", "geometry": {"type": "Point", "coordinates": [-86.0829114043, 39.5647944917]}, "properties": {"category": "hazard", "full_closure": true, "updated_at": "2026-08-05T16:16"}}, {"type": "Feature", "geometry": {"type": "Point", "coordinates": [-86.0828805589, 39.5760060971]}, "properties": {"category": "hazard", "full_closure": true, "updated_at": "2026-08-05T16:16"}}, {"type": "Feature", "geometry": {"type": "Point", "coordinates": [-86.0901587331, 39.7485686931]}, "properties": {"category": "congestion", "full_closure": false, "updated_at": "2026-08-05T16:16"}}, {"type": "Feature", "geometry": {"type": "Point", "coordinates": [-86.0757472241, 39.7703415754]}, "properties": {"category": "hazard", "full_closure": true, "updated_at": "2026-08-05T16:16"}}, {"type": "Feature", "geometry": {"type": "Point", "coordinates": [-86.071461054, 39.5946863547]}, "properties": {"category": "congestion", "full_closure": false, "updated_at": "2026-08-05T16:16"}}, {"type": "Feature", "geometry": {"type": "Point", "coordinates": [-86.0729241991, 39.4690664575]}, "properties": {"category": "congestion", "full_closure": false, "updated_at": "2026-08-05T16:16"}}, {"type": "Feature", "geometry": {"type": "Point", "coordinates": [-86.0683885836, 39.585919573]}, "properties": {"category": "congestion", "full_closure": false, "updated_at": "2026-08-05T16:16"}}, {"type": "Feature", "geometry": {"type": "Point", "coordinates": [-86.0652316236, 39.7094942687]}, "properties": {"category": "hazard", "full_closure": true, "updated_at": "2026-08-05T16:16"}}, {"type": "Feature", "geometry": {"type": "Point", "coordinates": [-86.0635874295, 39.7095760956]}, "properties": {"category": "hazard", "full_closure": true, "updated_at": "2026-08-05T16:16"}}, {"type": "Feature", "geometry": {"type": "Point", "coordinates": [-86.0635820651, 39.711750051]}, "properties": {"category": "hazard", "full_closure": true, "updated_at": "2026-08-05T16:16"}}, {"type": "Feature", "geometry": {"type": "Point", "coordinates": [-86.0635498786, 39.7059256438]}, "properties": {"category": "hazard", "full_closure": true, "updated_at": "2026-08-05T16:16"}}, {"type": "Feature", "geometry": {"type": "Point", "coordinates": [-86.0586387538, 39.5504902857]}, "properties": {"category": "hazard", "full_closure": true, "updated_at": "2026-08-05T16:16"}}, {"type": "Feature", "geometry": {"type": "Point", "coordinates": [-86.055330249, 39.5505211141]}, "properties": {"category": "hazard", "full_closure": true, "updated_at": "2026-08-05T16:16"}}, {"type": "Feature", "geometry": {"type": "Point", "coordinates": [-86.0562341535, 39.6664260534]}, "properties": {"category": "congestion", "full_closure": false, "updated_at": "2026-08-05T16:16"}}, {"type": "Feature", "geometry": {"type": "Point", "coordinates": [-86.0501562678, 39.6169621025]}, "properties": {"category": "congestion", "full_closure": false, "updated_at": "2026-08-05T16:16"}}, {"type": "Feature", "geometry": {"type": "Point", "coordinates": [-86.0494642579, 39.7298522499]}, "properties": {"category": "hazard", "full_closure": true, "updated_at": "2026-08-05T16:16"}}, {"type": "Feature", "geometry": {"type": "Point", "coordinates": [-86.0494548702, 39.7282817985]}, "properties": {"category": "hazard", "full_closure": true, "updated_at": "2026-08-05T16:16"}}, {"type": "Feature", "geometry": {"type": "Point", "coordinates": [-86.0495111966, 39.739331184]}, "properties": {"category": "hazard", "full_closure": true, "updated_at": "2026-08-05T16:16"}}, {"type": "Feature", "geometry": {"type": "Point", "coordinates": [-86.0494602346, 39.7302586198]}, "properties": {"category": "hazard", "full_closure": true, "updated_at": "2026-08-05T16:16"}}, {"type": "Feature", "geometry": {"type": "Point", "coordinates": [-86.0498920702, 39.5505934995]}, "properties": {"category": "hazard", "full_closure": true, "updated_at": "2026-08-05T16:16"}}, {"type": "Feature", "geometry": {"type": "Point", "coordinates": [-86.0488929474, 39.5506109495]}, "properties": {"category": "hazard", "full_closure": true, "updated_at": "2026-08-05T16:16"}}, {"type": "Feature", "geometry": {"type": "Point", "coordinates": [-86.0465755188, 39.4797899372]}, "properties": {"category": "congestion", "full_closure": false, "updated_at": "2026-08-05T16:16"}}, {"type": "Feature", "geometry": {"type": "Point", "coordinates": [-86.0463810586, 39.7277641516]}, "properties": {"category": "congestion", "full_closure": false, "updated_at": "2026-08-05T16:16"}}, {"type": "Feature", "geometry": {"type": "Point", "coordinates": [-86.0462348783, 39.7308165365]}, "properties": {"category": "congestion", "full_closure": false, "updated_at": "2026-08-05T16:16"}}, {"type": "Feature", "geometry": {"type": "Point", "coordinates": [-86.0415168726, 39.483719374]}, "properties": {"category": "congestion", "full_closure": false, "updated_at": "2026-08-05T16:16"}}, {"type": "Feature", "geometry": {"type": "Point", "coordinates": [-86.0405646884, 38.8787323336]}, "properties": {"category": "hazard", "full_closure": true, "updated_at": "2026-08-05T16:16"}}, {"type": "Feature", "geometry": {"type": "Point", "coordinates": [-86.0417703414, 38.8791614889]}, "properties": {"category": "hazard", "full_closure": true, "updated_at": "2026-08-05T16:16"}}, {"type": "Feature", "geometry": {"type": "Point", "coordinates": [-86.0402267301, 39.7483286353]}, "properties": {"category": "congestion", "full_closure": false, "updated_at": "2026-08-05T16:16"}}, {"type": "Feature", "geometry": {"type": "Point", "coordinates": [-86.0382539653, 39.6666808491]}, "properties": {"category": "congestion", "full_closure": false, "updated_at": "2026-08-05T16:16"}}, {"type": "Feature", "geometry": {"type": "Point", "coordinates": [-86.0398847484, 39.484868682]}, "properties": {"category": "congestion", "full_closure": false, "updated_at": "2026-08-05T16:16"}}, {"type": "Feature", "geometry": {"type": "Point", "coordinates": [-86.0313928747, 39.361725801]}, "properties": {"category": "hazard", "full_closure": true, "updated_at": "2026-08-05T16:16"}}, {"type": "Feature", "geometry": {"type": "Point", "coordinates": [-86.0296346867, 39.3676118837]}, "properties": {"category": "hazard", "full_closure": true, "updated_at": "2026-08-05T16:16"}}, {"type": "Feature", "geometry": {"type": "Point", "coordinates": [-86.0287804031, 39.4630193916]}, "properties": {"category": "congestion", "full_closure": false, "updated_at": "2026-08-05T16:16"}}, {"type": "Feature", "geometry": {"type": "Point", "coordinates": [-86.0311474525, 39.8166552211]}, "properties": {"category": "congestion", "full_closure": false, "updated_at": "2026-08-05T16:16"}}, {"type": "Feature", "geometry": {"type": "Point", "coordinates": [-86.0222237431, 39.5813825973]}, "properties": {"category": "hazard", "full_closure": true, "updated_at": "2026-08-05T16:16"}}, {"type": "Feature", "geometry": {"type": "Point", "coordinates": [-86.0185880088, 39.6684591664]}, "properties": {"category": "congestion", "full_closure": false, "updated_at": "2026-08-05T16:16"}}, {"type": "Feature", "geometry": {"type": "Point", "coordinates": [-86.0185370469, 39.6626870494]}, "properties": {"category": "congestion", "full_closure": false, "updated_at": "2026-08-05T16:16"}}, {"type": "Feature", "geometry": {"type": "Point", "coordinates": [-86.0173153007, 39.6645659326]}, "properties": {"category": "congestion", "full_closure": false, "updated_at": "2026-08-05T16:16"}}, {"type": "Feature", "geometry": {"type": "Point", "coordinates": [-86.0159956538, 39.8001449378]}, "properties": {"category": "congestion", "full_closure": false, "updated_at": "2026-08-05T16:16"}}, {"type": "Feature", "geometry": {"type": "Point", "coordinates": [-86.0093947374, 39.7938524537]}, "properties": {"category": "congestion", "full_closure": false, "updated_at": "2026-08-05T16:16"}}, {"type": "Feature", "geometry": {"type": "Point", "coordinates": [-86.0072382414, 39.7953584906]}, "properties": {"category": "hazard", "full_closure": true, "updated_at": "2026-08-05T16:16"}}, {"type": "Feature", "geometry": {"type": "Point", "coordinates": [-86.0071711862, 39.7935279286]}, "properties": {"category": "hazard", "full_closure": true, "updated_at": "2026-08-05T16:16"}}, {"type": "Feature", "geometry": {"type": "Point", "coordinates": [-86.0055538141, 39.7967264213]}, "properties": {"category": "congestion", "full_closure": false, "updated_at": "2026-08-05T16:16"}}, {"type": "Feature", "geometry": {"type": "Point", "coordinates": [-85.999238553, 39.7967934615]}, "properties": {"category": "congestion", "full_closure": false, "updated_at": "2026-08-05T16:16"}}, {"type": "Feature", "geometry": {"type": "Point", "coordinates": [-85.9904046976, 39.7915953654]}, "properties": {"category": "congestion", "full_closure": false, "updated_at": "2026-08-05T16:16"}}, {"type": "Feature", "geometry": {"type": "Point", "coordinates": [-85.9793593609, 39.6762536851]}, "properties": {"category": "congestion", "full_closure": false, "updated_at": "2026-08-05T16:16"}}, {"type": "Feature", "geometry": {"type": "Point", "coordinates": [-85.9578735256, 39.7898331671]}, "properties": {"category": "congestion", "full_closure": false, "updated_at": "2026-08-05T16:16"}}, {"type": "Feature", "geometry": {"type": "Point", "coordinates": [-85.9435277306, 39.1368614712]}, "properties": {"category": "congestion", "full_closure": false, "updated_at": "2026-08-05T16:16"}}, {"type": "Feature", "geometry": {"type": "Point", "coordinates": [-85.9424991035, 39.6622793781]}, "properties": {"category": "hazard", "full_closure": true, "updated_at": "2026-08-05T16:16"}}, {"type": "Feature", "geometry": {"type": "Point", "coordinates": [-85.9437865638, 39.6611434608]}, "properties": {"category": "hazard", "full_closure": true, "updated_at": "2026-08-05T16:16"}}, {"type": "Feature", "geometry": {"type": "Point", "coordinates": [-85.9193824851, 39.2267113969]}, "properties": {"category": "hazard", "full_closure": true, "updated_at": "2026-08-05T16:16"}}, {"type": "Feature", "geometry": {"type": "Point", "coordinates": [-85.9157802784, 39.2270198805]}, "properties": {"category": "hazard", "full_closure": true, "updated_at": "2026-08-05T16:16"}}, {"type": "Feature", "geometry": {"type": "Point", "coordinates": [-85.9169711792, 39.2267878849]}, "properties": {"category": "hazard", "full_closure": true, "updated_at": "2026-08-05T16:16"}}, {"type": "Feature", "geometry": {"type": "Point", "coordinates": [-85.9007049226, 39.1934077791]}, "properties": {"category": "congestion", "full_closure": false, "updated_at": "2026-08-05T16:16"}}, {"type": "Feature", "geometry": {"type": "Point", "coordinates": [-85.8878745758, 39.7261105561]}, "properties": {"category": "congestion", "full_closure": false, "updated_at": "2026-08-05T16:16"}}, {"type": "Feature", "geometry": {"type": "Point", "coordinates": [-85.8671370768, 38.9598732171]}, "properties": {"category": "congestion", "full_closure": false, "updated_at": "2026-08-05T16:16"}}, {"type": "Feature", "geometry": {"type": "Point", "coordinates": [-85.8532405519, 38.9654240212]}, "properties": {"category": "hazard", "full_closure": true, "updated_at": "2026-08-05T16:16"}}, {"type": "Feature", "geometry": {"type": "Point", "coordinates": [-85.8533692979, 38.9688988121]}, "properties": {"category": "hazard", "full_closure": true, "updated_at": "2026-08-05T16:16"}}, {"type": "Feature", "geometry": {"type": "Point", "coordinates": [-85.7846376919, 39.5122258688]}, "properties": {"category": "congestion", "full_closure": false, "updated_at": "2026-08-05T16:16"}}, {"type": "Feature", "geometry": {"type": "Point", "coordinates": [-85.78140563, 39.795492638]}, "properties": {"category": "congestion", "full_closure": false, "updated_at": "2026-08-05T16:16"}}, {"type": "Feature", "geometry": {"type": "Point", "coordinates": [-85.7768364869, 39.7920781409]}, "properties": {"category": "hazard", "full_closure": true, "updated_at": "2026-08-05T16:16"}}, {"type": "Feature", "geometry": {"type": "Point", "coordinates": [-85.775669726, 39.7903790084]}, "properties": {"category": "hazard", "full_closure": true, "updated_at": "2026-08-05T16:16"}}, {"type": "Feature", "geometry": {"type": "Point", "coordinates": [-85.7640343033, 39.6902280033]}, "properties": {"category": "hazard", "full_closure": true, "updated_at": "2026-08-05T16:16"}}, {"type": "Feature", "geometry": {"type": "Point", "coordinates": [-85.7734126471, 39.6836485518]}, "properties": {"category": "hazard", "full_closure": true, "updated_at": "2026-08-05T16:16"}}, {"type": "Feature", "geometry": {"type": "Point", "coordinates": [-85.7344964765, 39.5270558233]}, "properties": {"category": "hazard", "full_closure": true, "updated_at": "2026-08-05T16:16"}}, {"type": "Feature", "geometry": {"type": "Point", "coordinates": [-85.7197483503, 38.9772190701]}, "properties": {"category": "hazard", "full_closure": true, "updated_at": "2026-08-05T16:16"}}, {"type": "Feature", "geometry": {"type": "Point", "coordinates": [-85.7234256588, 38.9826129886]}, "properties": {"category": "hazard", "full_closure": true, "updated_at": "2026-08-05T16:16"}}, {"type": "Feature", "geometry": {"type": "Point", "coordinates": [-85.759345802, 39.5419648305]}, "properties": {"category": "congestion", "full_closure": false, "updated_at": "2026-08-05T16:16"}}, {"type": "Feature", "geometry": {"type": "Point", "coordinates": [-85.687201085, 39.6774579941]}, "properties": {"category": "congestion", "full_closure": false, "updated_at": "2026-08-05T16:16"}}, {"type": "Feature", "geometry": {"type": "Point", "coordinates": [-85.6945516788, 38.9807448218]}, "properties": {"category": "congestion", "full_closure": false, "updated_at": "2026-08-05T16:16"}}, {"type": "Feature", "geometry": {"type": "Point", "coordinates": [-85.6706196688, 39.478000886]}, "properties": {"category": "congestion", "full_closure": false, "updated_at": "2026-08-05T16:16"}}, {"type": "Feature", "geometry": {"type": "Point", "coordinates": [-85.6529077016, 39.006932578]}, "properties": {"category": "hazard", "full_closure": true, "updated_at": "2026-08-05T16:16"}}, {"type": "Feature", "geometry": {"type": "Point", "coordinates": [-85.6482634567, 39.0040437948]}, "properties": {"category": "hazard", "full_closure": true, "updated_at": "2026-08-05T16:16"}}, {"type": "Feature", "geometry": {"type": "Point", "coordinates": [-85.6446330868, 38.9961420433]}, "properties": {"category": "hazard", "full_closure": true, "updated_at": "2026-08-05T16:16"}}, {"type": "Feature", "geometry": {"type": "Point", "coordinates": [-85.6445097052, 38.9999413518]}, "properties": {"category": "hazard", "full_closure": true, "updated_at": "2026-08-05T16:16"}}, {"type": "Feature", "geometry": {"type": "Point", "coordinates": [-85.6247082971, 39.0065852216]}, "properties": {"category": "hazard", "full_closure": true, "updated_at": "2026-08-05T16:16"}}, {"type": "Feature", "geometry": {"type": "Point", "coordinates": [-85.6252232812, 39.0070183585]}, "properties": {"category": "hazard", "full_closure": true, "updated_at": "2026-08-05T16:16"}}, {"type": "Feature", "geometry": {"type": "Point", "coordinates": [-85.5308779202, 39.7868304155]}, "properties": {"category": "hazard", "full_closure": true, "updated_at": "2026-08-05T16:16"}}, {"type": "Feature", "geometry": {"type": "Point", "coordinates": [-85.5249918125, 39.7868451652]}, "properties": {"category": "hazard", "full_closure": true, "updated_at": "2026-08-05T16:16"}}, {"type": "Feature", "geometry": {"type": "Point", "coordinates": [-85.5254397414, 39.7907745876]}, "properties": {"category": "hazard", "full_closure": true, "updated_at": "2026-08-05T16:16"}}, {"type": "Feature", "geometry": {"type": "Point", "coordinates": [-85.5225684367, 39.7825375431]}, "properties": {"category": "hazard", "full_closure": true, "updated_at": "2026-08-05T16:16"}}, {"type": "Feature", "geometry": {"type": "Point", "coordinates": [-85.4739976547, 39.497106283]}, "properties": {"category": "hazard", "full_closure": true, "updated_at": "2026-08-05T16:16"}}, {"type": "Feature", "geometry": {"type": "Point", "coordinates": [-85.4598422967, 39.4935805131]}, "properties": {"category": "hazard", "full_closure": true, "updated_at": "2026-08-05T16:16"}}, {"type": "Feature", "geometry": {"type": "Point", "coordinates": [-85.4215725384, 39.2932087736]}, "properties": {"category": "hazard", "full_closure": true, "updated_at": "2026-08-05T16:16"}}, {"type": "Feature", "geometry": {"type": "Point", "coordinates": [-85.4013929389, 39.2786121551]}, "properties": {"category": "hazard", "full_closure": true, "updated_at": "2026-08-05T16:16"}}, {"type": "Feature", "geometry": {"type": "Point", "coordinates": [-85.332957717, 38.7731847195]}, "properties": {"category": "congestion", "full_closure": false, "updated_at": "2026-08-05T16:16"}}, {"type": "Feature", "geometry": {"type": "Point", "coordinates": [-85.2493881307, 38.8797475685]}, "properties": {"category": "hazard", "full_closure": true, "updated_at": "2026-08-05T16:16"}}, {"type": "Feature", "geometry": {"type": "Point", "coordinates": [-85.2191542706, 38.8704952726]}, "properties": {"category": "hazard", "full_closure": true, "updated_at": "2026-08-05T16:16"}}, {"type": "Feature", "geometry": {"type": "Point", "coordinates": [-85.0835806749, 39.6204865137]}, "properties": {"category": "hazard", "full_closure": true, "updated_at": "2026-08-05T16:16"}}, {"type": "Feature", "geometry": {"type": "Point", "coordinates": [-85.0761482737, 39.6185405748]}, "properties": {"category": "hazard", "full_closure": true, "updated_at": "2026-08-05T16:16"}}, {"type": "Feature", "geometry": {"type": "Point", "coordinates": [-85.0110819063, 39.4133207845]}, "properties": {"category": "hazard", "full_closure": true, "updated_at": "2026-08-05T16:16"}}, {"type": "Feature", "geometry": {"type": "Point", "coordinates": [-85.0102531037, 39.4152170499]}, "properties": {"category": "hazard", "full_closure": true, "updated_at": "2026-08-05T16:16"}}, {"type": "Feature", "geometry": {"type": "Point", "coordinates": [-85.0121266267, 39.4173588101]}, "properties": {"category": "congestion", "full_closure": false, "updated_at": "2026-08-05T16:16"}}, {"type": "Feature", "geometry": {"type": "Point", "coordinates": [-85.0025712571, 39.5812565606]}, "properties": {"category": "hazard", "full_closure": true, "updated_at": "2026-08-05T16:16"}}, {"type": "Feature", "geometry": {"type": "Point", "coordinates": [-84.9957718572, 39.5902244931]}, "properties": {"category": "hazard", "full_closure": true, "updated_at": "2026-08-05T16:16"}}, {"type": "Feature", "geometry": {"type": "Point", "coordinates": [-84.9785654864, 39.5868435595]}, "properties": {"category": "hazard", "full_closure": true, "updated_at": "2026-08-05T16:16"}}, {"type": "Feature", "geometry": {"type": "Point", "coordinates": [-84.9670775852, 39.2044825945]}, "properties": {"category": "congestion", "full_closure": false, "updated_at": "2026-08-05T16:16"}}, {"type": "Feature", "geometry": {"type": "Point", "coordinates": [-84.9478836974, 39.2450134718]}, "properties": {"category": "hazard", "full_closure": true, "updated_at": "2026-08-05T16:16"}}, {"type": "Feature", "geometry": {"type": "Point", "coordinates": [-84.9430664501, 39.3596739053]}, "properties": {"category": "hazard", "full_closure": true, "updated_at": "2026-08-05T16:16"}}, {"type": "Feature", "geometry": {"type": "Point", "coordinates": [-84.939960452, 39.2610302714]}, "properties": {"category": "hazard", "full_closure": true, "updated_at": "2026-08-05T16:16"}}, {"type": "Feature", "geometry": {"type": "Point", "coordinates": [-84.9441379926, 39.2552313389]}, "properties": {"category": "hazard", "full_closure": true, "updated_at": "2026-08-05T16:16"}}, {"type": "Feature", "geometry": {"type": "Point", "coordinates": [-84.9323952815, 39.636406756]}, "properties": {"category": "hazard", "full_closure": true, "updated_at": "2026-08-05T16:16"}}, {"type": "Feature", "geometry": {"type": "Point", "coordinates": [-84.9087730667, 39.170802132]}, "properties": {"category": "hazard", "full_closure": true, "updated_at": "2026-08-05T16:16"}}, {"type": "Feature", "geometry": {"type": "Point", "coordinates": [-84.9128822109, 39.1684457771]}, "properties": {"category": "hazard", "full_closure": true, "updated_at": "2026-08-05T16:16"}}, {"type": "Feature", "geometry": {"type": "Point", "coordinates": [-84.8764524481, 39.2793015267]}, "properties": {"category": "hazard", "full_closure": true, "updated_at": "2026-08-05T16:16"}}, {"type": "Feature", "geometry": {"type": "Point", "coordinates": [-84.86952162, 39.2814150815]}, "properties": {"category": "hazard", "full_closure": true, "updated_at": "2026-08-05T16:16"}}, {"type": "Feature", "geometry": {"type": "Point", "coordinates": [-84.852198573, 39.1003632915]}, "properties": {"category": "congestion", "full_closure": false, "updated_at": "2026-08-05T16:16"}}, {"type": "Feature", "geometry": {"type": "Point", "coordinates": [-84.8510224244, 39.0952496867]}, "properties": {"category": "congestion", "full_closure": false, "updated_at": "2026-08-05T16:16"}}, {"type": "Feature", "geometry": {"type": "Point", "coordinates": [-84.8499750218, 39.1065981078]}, "properties": {"category": "congestion", "full_closure": false, "updated_at": "2026-08-05T16:16"}}, {"type": "Feature", "geometry": {"type": "Point", "coordinates": [-84.8471385857, 39.0929053745]}, "properties": {"category": "hazard", "full_closure": true, "updated_at": "2026-08-05T16:16"}}, {"type": "Feature", "geometry": {"type": "Point", "coordinates": [-84.8475543281, 39.0925808844]}, "properties": {"category": "hazard", "full_closure": true, "updated_at": "2026-08-05T16:16"}}, {"type": "Feature", "geometry": {"type": "Point", "coordinates": [-84.814726772, 39.6264799119]}, "properties": {"category": "hazard", "full_closure": true, "updated_at": "2026-08-05T16:16"}}, {"type": "Feature", "geometry": {"type": "Point", "coordinates": [-87.462473425, 39.9495171124]}, "properties": {"category": "congestion", "full_closure": false, "updated_at": "2026-08-05T16:16"}}, {"type": "Feature", "geometry": {"type": "Point", "coordinates": [-87.4508433667, 39.9628570776]}, "properties": {"category": "hazard", "full_closure": true, "updated_at": "2026-08-05T16:16"}}, {"type": "Feature", "geometry": {"type": "Point", "coordinates": [-87.4518156674, 39.9630019477]}, "properties": {"category": "hazard", "full_closure": true, "updated_at": "2026-08-05T16:16"}}, {"type": "Feature", "geometry": {"type": "Point", "coordinates": [-87.4274477985, 39.9523602771]}, "properties": {"category": "hazard", "full_closure": true, "updated_at": "2026-08-05T16:16"}}, {"type": "Feature", "geometry": {"type": "Point", "coordinates": [-87.4048622575, 39.9506248864]}, "properties": {"category": "hazard", "full_closure": true, "updated_at": "2026-08-05T16:16"}}, {"type": "Feature", "geometry": {"type": "Point", "coordinates": [-87.4513784674, 39.952239544]}, "properties": {"category": "hazard", "full_closure": true, "updated_at": "2026-08-05T16:16"}}, {"type": "Feature", "geometry": {"type": "Point", "coordinates": [-87.4034970131, 39.9546696511]}, "properties": {"category": "hazard", "full_closure": true, "updated_at": "2026-08-05T16:16"}}, {"type": "Feature", "geometry": {"type": "Point", "coordinates": [-87.0725083973, 40.0258756059]}, "properties": {"category": "hazard", "full_closure": true, "updated_at": "2026-08-05T16:16"}}, {"type": "Feature", "geometry": {"type": "Point", "coordinates": [-87.0584026601, 40.0251313153]}, "properties": {"category": "hazard", "full_closure": true, "updated_at": "2026-08-05T16:16"}}, {"type": "Feature", "geometry": {"type": "Point", "coordinates": [-86.9866280879, 40.0247195643]}, "properties": {"category": "hazard", "full_closure": true, "updated_at": "2026-08-05T16:16"}}, {"type": "Feature", "geometry": {"type": "Point", "coordinates": [-86.9756095733, 40.0250092344]}, "properties": {"category": "hazard", "full_closure": true, "updated_at": "2026-08-05T16:16"}}, {"type": "Feature", "geometry": {"type": "Point", "coordinates": [-86.9749886419, 40.1954582873]}, "properties": {"category": "congestion", "full_closure": false, "updated_at": "2026-08-05T16:16"}}, {"type": "Feature", "geometry": {"type": "Point", "coordinates": [-86.9373532261, 40.4588833691]}, "properties": {"category": "hazard", "full_closure": true, "updated_at": "2026-08-05T16:16"}}, {"type": "Feature", "geometry": {"type": "Point", "coordinates": [-86.9416152562, 40.45928171]}, "properties": {"category": "hazard", "full_closure": true, "updated_at": "2026-08-05T16:16"}}, {"type": "Feature", "geometry": {"type": "Point", "coordinates": [-86.9257580365, 40.4253316128]}, "properties": {"category": "hazard", "full_closure": true, "updated_at": "2026-08-05T16:16"}}, {"type": "Feature", "geometry": {"type": "Point", "coordinates": [-86.9257741298, 40.4273995782]}, "properties": {"category": "hazard", "full_closure": true, "updated_at": "2026-08-05T16:16"}}, {"type": "Feature", "geometry": {"type": "Point", "coordinates": [-86.9226828839, 40.034705446]}, "properties": {"category": "hazard", "full_closure": true, "updated_at": "2026-08-05T16:16"}}, {"type": "Feature", "geometry": {"type": "Point", "coordinates": [-86.9230315711, 40.0367559813]}, "properties": {"category": "hazard", "full_closure": true, "updated_at": "2026-08-05T16:16"}}, {"type": "Feature", "geometry": {"type": "Point", "coordinates": [-86.9201736774, 40.0250226492]}, "properties": {"category": "congestion", "full_closure": false, "updated_at": "2026-08-05T16:16"}}, {"type": "Feature", "geometry": {"type": "Point", "coordinates": [-86.9195607926, 40.4219681141]}, "properties": {"category": "hazard", "full_closure": true, "updated_at": "2026-08-05T16:16"}}, {"type": "Feature", "geometry": {"type": "Point", "coordinates": [-86.9188231851, 40.3461876981]}, "properties": {"category": "hazard", "full_closure": true, "updated_at": "2026-08-05T16:16"}}, {"type": "Feature", "geometry": {"type": "Point", "coordinates": [-86.917358699, 40.3461903812]}, "properties": {"category": "hazard", "full_closure": true, "updated_at": "2026-08-05T16:16"}}, {"type": "Feature", "geometry": {"type": "Point", "coordinates": [-86.9173533346, 40.3453025378]}, "properties": {"category": "hazard", "full_closure": true, "updated_at": "2026-08-05T16:16"}}, {"type": "Feature", "geometry": {"type": "Point", "coordinates": [-86.917358699, 40.3461903812]}, "properties": {"category": "hazard", "full_closure": true, "updated_at": "2026-08-05T16:16"}}, {"type": "Feature", "geometry": {"type": "Point", "coordinates": [-86.911378714, 40.4221465282]}, "properties": {"category": "hazard", "full_closure": true, "updated_at": "2026-08-05T16:16"}}, {"type": "Feature", "geometry": {"type": "Point", "coordinates": [-86.9109388317, 40.4221344043]}, "properties": {"category": "hazard", "full_closure": true, "updated_at": "2026-08-05T16:16"}}, {"type": "Feature", "geometry": {"type": "Point", "coordinates": [-86.9069141771, 40.4248354448]}, "properties": {"category": "hazard", "full_closure": true, "updated_at": "2026-08-05T16:16"}}, {"type": "Feature", "geometry": {"type": "Point", "coordinates": [-86.9069208826, 40.4257393407]}, "properties": {"category": "hazard", "full_closure": true, "updated_at": "2026-08-05T16:16"}}, {"type": "Feature", "geometry": {"type": "Point", "coordinates": [-86.9045484687, 40.3647418958]}, "properties": {"category": "hazard", "full_closure": true, "updated_at": "2026-08-05T16:16"}}, {"type": "Feature", "geometry": {"type": "Point", "coordinates": [-86.9056696321, 40.3589777854]}, "properties": {"category": "hazard", "full_closure": true, "updated_at": "2026-08-05T16:16"}}, {"type": "Feature", "geometry": {"type": "Point", "coordinates": [-86.9041233386, 40.3901611754]}, "properties": {"category": "congestion", "full_closure": false, "updated_at": "2026-08-05T16:16"}}, {"type": "Feature", "geometry": {"type": "Point", "coordinates": [-86.9027862574, 40.4227768444]}, "properties": {"category": "hazard", "full_closure": true, "updated_at": "2026-08-05T16:16"}}, {"type": "Feature", "geometry": {"type": "Point", "coordinates": [-86.9030075397, 40.423197924]}, "properties": {"category": "hazard", "full_closure": true, "updated_at": "2026-08-05T16:16"}}, {"type": "Feature", "geometry": {"type": "Point", "coordinates": [-86.8967807914, 40.0338122322]}, "properties": {"category": "congestion", "full_closure": false, "updated_at": "2026-08-05T16:16"}}, {"type": "Feature", "geometry": {"type": "Point", "coordinates": [-86.8954638268, 40.417307803]}, "properties": {"category": "hazard", "full_closure": true, "updated_at": "2026-08-05T16:16"}}, {"type": "Feature", "geometry": {"type": "Point", "coordinates": [-86.876332971, 40.7501176602]}, "properties": {"category": "hazard", "full_closure": true, "updated_at": "2026-08-05T16:16"}}, {"type": "Feature", "geometry": {"type": "Point", "coordinates": [-86.8762873735, 40.7484278233]}, "properties": {"category": "hazard", "full_closure": true, "updated_at": "2026-08-05T16:16"}}, {"type": "Feature", "geometry": {"type": "Point", "coordinates": [-86.8913815047, 40.8099698013]}, "properties": {"category": "hazard", "full_closure": true, "updated_at": "2026-08-05T16:16"}}, {"type": "Feature", "geometry": {"type": "Point", "coordinates": [-86.8762873735, 40.7484278233]}, "properties": {"category": "hazard", "full_closure": true, "updated_at": "2026-08-05T16:16"}}, {"type": "Feature", "geometry": {"type": "Point", "coordinates": [-86.8743816639, 40.7484506197]}, "properties": {"category": "hazard", "full_closure": true, "updated_at": "2026-08-05T16:16"}}, {"type": "Feature", "geometry": {"type": "Point", "coordinates": [-86.871892574, 40.7493277372]}, "properties": {"category": "hazard", "full_closure": true, "updated_at": "2026-08-05T16:16"}}, {"type": "Feature", "geometry": {"type": "Point", "coordinates": [-86.871905985, 40.7484720826]}, "properties": {"category": "hazard", "full_closure": true, "updated_at": "2026-08-05T16:16"}}, {"type": "Feature", "geometry": {"type": "Point", "coordinates": [-86.8731156613, 40.4124221414]}, "properties": {"category": "congestion", "full_closure": false, "updated_at": "2026-08-05T16:16"}}, {"type": "Feature", "geometry": {"type": "Point", "coordinates": [-86.8686551477, 40.5930314049]}, "properties": {"category": "hazard", "full_closure": true, "updated_at": "2026-08-05T16:16"}}, {"type": "Feature", "geometry": {"type": "Point", "coordinates": [-86.8685545649, 40.6026980764]}, "properties": {"category": "hazard", "full_closure": true, "updated_at": "2026-08-05T16:16"}}, {"type": "Feature", "geometry": {"type": "Point", "coordinates": [-86.862191024, 40.4358351462]}, "properties": {"category": "congestion", "full_closure": false, "updated_at": "2026-08-05T16:16"}}, {"type": "Feature", "geometry": {"type": "Point", "coordinates": [-86.8583447362, 40.4258680393]}, "properties": {"category": "congestion", "full_closure": false, "updated_at": "2026-08-05T16:16"}}, {"type": "Feature", "geometry": {"type": "Point", "coordinates": [-86.8578324343, 40.4127788921]}, "properties": {"category": "congestion", "full_closure": false, "updated_at": "2026-08-05T16:16"}}, {"type": "Feature", "geometry": {"type": "Point", "coordinates": [-86.8578230466, 40.4076598802]}, "properties": {"category": "congestion", "full_closure": false, "updated_at": "2026-08-05T16:16"}}, {"type": "Feature", "geometry": {"type": "Point", "coordinates": [-86.8398026253, 40.3819428397]}, "properties": {"category": "hazard", "full_closure": true, "updated_at": "2026-08-05T16:16"}}, {"type": "Feature", "geometry": {"type": "Point", "coordinates": [-86.8420328821, 40.3817175817]}, "properties": {"category": "hazard", "full_closure": true, "updated_at": "2026-08-05T16:16"}}, {"type": "Feature", "geometry": {"type": "Point", "coordinates": [-86.8477942671, 40.3453454673]}, "properties": {"category": "hazard", "full_closure": true, "updated_at": "2026-08-05T16:16"}}, {"type": "Feature", "geometry": {"type": "Point", "coordinates": [-86.8361481155, 40.3452864392]}, "properties": {"category": "hazard", "full_closure": true, "updated_at": "2026-08-05T16:16"}}, {"type": "Feature", "geometry": {"type": "Point", "coordinates": [-86.8144195403, 40.4921025268]}, "properties": {"category": "hazard", "full_closure": true, "updated_at": "2026-08-05T16:16"}}, {"type": "Feature", "geometry": {"type": "Point", "coordinates": [-86.8261635925, 40.4972107761]}, "properties": {"category": "hazard", "full_closure": true, "updated_at": "2026-08-05T16:16"}}, {"type": "Feature", "geometry": {"type": "Point", "coordinates": [-86.8093957628, 40.3663042667]}, "properties": {"category": "hazard", "full_closure": true, "updated_at": "2026-08-05T16:16"}}, {"type": "Feature", "geometry": {"type": "Point", "coordinates": [-86.7974049474, 39.9157802776]}, "properties": {"category": "hazard", "full_closure": true, "updated_at": "2026-08-05T16:16"}}, {"type": "Feature", "geometry": {"type": "Point", "coordinates": [-86.7969664062, 40.5322270561]}, "properties": {"category": "hazard", "full_closure": true, "updated_at": "2026-08-05T16:16"}}, {"type": "Feature", "geometry": {"type": "Point", "coordinates": [-86.7777778829, 40.5412231853]}, "properties": {"category": "hazard", "full_closure": true, "updated_at": "2026-08-05T16:16"}}, {"type": "Feature", "geometry": {"type": "Point", "coordinates": [-86.7708725358, 40.7669337435]}, "properties": {"category": "hazard", "full_closure": true, "updated_at": "2026-08-05T16:16"}}, {"type": "Feature", "geometry": {"type": "Point", "coordinates": [-86.7616846288, 40.7759620751]}, "properties": {"category": "hazard", "full_closure": true, "updated_at": "2026-08-05T16:16"}}, {"type": "Feature", "geometry": {"type": "Point", "coordinates": [-86.6950773324, 40.558361174]}, "properties": {"category": "hazard", "full_closure": true, "updated_at": "2026-08-05T16:16"}}, {"type": "Feature", "geometry": {"type": "Point", "coordinates": [-86.6892234112, 40.5662495127]}, "properties": {"category": "hazard", "full_closure": true, "updated_at": "2026-08-05T16:16"}}, {"type": "Feature", "geometry": {"type": "Point", "coordinates": [-86.6911492373, 40.5640487928]}, "properties": {"category": "congestion", "full_closure": false, "updated_at": "2026-08-05T16:16"}}, {"type": "Feature", "geometry": {"type": "Point", "coordinates": [-86.6842894877, 40.5714395937]}, "properties": {"category": "hazard", "full_closure": true, "updated_at": "2026-08-05T16:16"}}, {"type": "Feature", "geometry": {"type": "Point", "coordinates": [-86.6836430753, 40.5724990939]}, "properties": {"category": "hazard", "full_closure": true, "updated_at": "2026-08-05T16:16"}}, {"type": "Feature", "geometry": {"type": "Point", "coordinates": [-86.6830248262, 40.5740681626]}, "properties": {"category": "hazard", "full_closure": true, "updated_at": "2026-08-05T16:16"}}, {"type": "Feature", "geometry": {"type": "Point", "coordinates": [-86.6803211595, 40.5836369338]}, "properties": {"category": "hazard", "full_closure": true, "updated_at": "2026-08-05T16:16"}}, {"type": "Feature", "geometry": {"type": "Point", "coordinates": [-86.6801414515, 40.5833700833]}, "properties": {"category": "hazard", "full_closure": true, "updated_at": "2026-08-05T16:16"}}, {"type": "Feature", "geometry": {"type": "Point", "coordinates": [-86.6745584334, 40.5869897256]}, "properties": {"category": "hazard", "full_closure": true, "updated_at": "2026-08-05T16:16"}}, {"type": "Feature", "geometry": {"type": "Point", "coordinates": [-86.6767310227, 40.5861354228]}, "properties": {"category": "hazard", "full_closure": true, "updated_at": "2026-08-05T16:16"}}, {"type": "Feature", "geometry": {"type": "Point", "coordinates": [-86.6739924873, 40.5861407698]}, "properties": {"category": "hazard", "full_closure": true, "updated_at": "2026-08-05T16:16"}}, {"type": "Feature", "geometry": {"type": "Point", "coordinates": [-86.6750814642, 40.58783326]}, "properties": {"category": "hazard", "full_closure": true, "updated_at": "2026-08-05T16:16"}}, {"type": "Feature", "geometry": {"type": "Point", "coordinates": [-86.6593154396, 40.2655175738]}, "properties": {"category": "congestion", "full_closure": false, "updated_at": "2026-08-05T16:16"}}, {"type": "Feature", "geometry": {"type": "Point", "coordinates": [-86.5313459063, 40.0989845512]}, "properties": {"category": "hazard", "full_closure": true, "updated_at": "2026-08-05T16:16"}}, {"type": "Feature", "geometry": {"type": "Point", "coordinates": [-86.5309556449, 40.5616696391]}, "properties": {"category": "hazard", "full_closure": true, "updated_at": "2026-08-05T16:16"}}, {"type": "Feature", "geometry": {"type": "Point", "coordinates": [-86.534639659, 40.5761334579]}, "properties": {"category": "hazard", "full_closure": true, "updated_at": "2026-08-05T16:16"}}, {"type": "Feature", "geometry": {"type": "Point", "coordinates": [-86.5342882896, 40.1014066155]}, "properties": {"category": "hazard", "full_closure": true, "updated_at": "2026-08-05T16:16"}}, {"type": "Feature", "geometry": {"type": "Point", "coordinates": [-86.5128601218, 40.0828001514]}, "properties": {"category": "hazard", "full_closure": true, "updated_at": "2026-08-05T16:16"}}, {"type": "Feature", "geometry": {"type": "Point", "coordinates": [-86.5058743084, 40.2271270955]}, "properties": {"category": "hazard", "full_closure": true, "updated_at": "2026-08-05T16:16"}}, {"type": "Feature", "geometry": {"type": "Point", "coordinates": [-86.5058018888, 40.2225096973]}, "properties": {"category": "hazard", "full_closure": true, "updated_at": "2026-08-05T16:16"}}, {"type": "Feature", "geometry": {"type": "Point", "coordinates": [-86.4603277171, 40.0424945469]}, "properties": {"category": "hazard", "full_closure": true, "updated_at": "2026-08-05T16:16"}}, {"type": "Feature", "geometry": {"type": "Point", "coordinates": [-86.4602418864, 40.0484678533]}, "properties": {"category": "hazard", "full_closure": true, "updated_at": "2026-08-05T16:16"}}, {"type": "Feature", "geometry": {"type": "Point", "coordinates": [-86.4344537878, 40.7207192847]}, "properties": {"category": "hazard", "full_closure": true, "updated_at": "2026-08-05T16:16"}}, {"type": "Feature", "geometry": {"type": "Point", "coordinates": [-86.4344417179, 40.7119337142]}, "properties": {"category": "hazard", "full_closure": true, "updated_at": "2026-08-05T16:16"}}, {"type": "Feature", "geometry": {"type": "Point", "coordinates": [-86.4318439985, 39.971420076]}, "properties": {"category": "hazard", "full_closure": true, "updated_at": "2026-08-05T16:16"}}, {"type": "Feature", "geometry": {"type": "Point", "coordinates": [-86.4318533862, 39.9816567244]}, "properties": {"category": "hazard", "full_closure": true, "updated_at": "2026-08-05T16:16"}}, {"type": "Feature", "geometry": {"type": "Point", "coordinates": [-86.4245778943, 39.813589514]}, "properties": {"category": "hazard", "full_closure": true, "updated_at": "2026-08-05T16:16"}}, {"type": "Feature", "geometry": {"type": "Point", "coordinates": [-86.4117126787, 39.8112747395]}, "properties": {"category": "hazard", "full_closure": true, "updated_at": "2026-08-05T16:16"}}, {"type": "Feature", "geometry": {"type": "Point", "coordinates": [-86.3940221691, 39.8655170613]}, "properties": {"category": "hazard", "full_closure": true, "updated_at": "2026-08-05T16:16"}}, {"type": "Feature", "geometry": {"type": "Point", "coordinates": [-86.4029794062, 39.8654298868]}, "properties": {"category": "hazard", "full_closure": true, "updated_at": "2026-08-05T16:16"}}, {"type": "Feature", "geometry": {"type": "Point", "coordinates": [-86.3751635576, 40.0261505087]}, "properties": {"category": "hazard", "full_closure": true, "updated_at": "2026-08-05T16:16"}}, {"type": "Feature", "geometry": {"type": "Point", "coordinates": [-86.4049588764, 40.0257522427]}, "properties": {"category": "hazard", "full_closure": true, "updated_at": "2026-08-05T16:16"}}, {"type": "Feature", "geometry": {"type": "Point", "coordinates": [-86.3939537728, 40.0032672705]}, "properties": {"category": "hazard", "full_closure": true, "updated_at": "2026-08-05T16:16"}}, {"type": "Feature", "geometry": {"type": "Point", "coordinates": [-86.3939215863, 40.0394073645]}, "properties": {"category": "hazard", "full_closure": true, "updated_at": "2026-08-05T16:16"}}, {"type": "Feature", "geometry": {"type": "Point", "coordinates": [-86.3939296329, 39.9986538472]}, "properties": {"category": "hazard", "full_closure": true, "updated_at": "2026-08-05T16:16"}}, {"type": "Feature", "geometry": {"type": "Point", "coordinates": [-86.3818047071, 39.8372935008]}, "properties": {"category": "congestion", "full_closure": false, "updated_at": "2026-08-05T16:16"}}, {"type": "Feature", "geometry": {"type": "Point", "coordinates": [-86.3638298834, 39.8657625003]}, "properties": {"category": "hazard", "full_closure": true, "updated_at": "2026-08-05T16:16"}}, {"type": "Feature", "geometry": {"type": "Point", "coordinates": [-86.3640913987, 39.8858508489]}, "properties": {"category": "hazard", "full_closure": true, "updated_at": "2026-08-05T16:16"}}, {"type": "Feature", "geometry": {"type": "Point", "coordinates": [-86.360642078, 39.8514434747]}, "properties": {"category": "congestion", "full_closure": false, "updated_at": "2026-08-05T16:16"}}, {"type": "Feature", "geometry": {"type": "Point", "coordinates": [-86.3518283391, 40.1900858065]}, "properties": {"category": "congestion", "full_closure": false, "updated_at": "2026-08-05T16:16"}}, {"type": "Feature", "geometry": {"type": "Point", "coordinates": [-86.3471036279, 40.7595751155]}, "properties": {"category": "hazard", "full_closure": true, "updated_at": "2026-08-05T16:16"}}, {"type": "Feature", "geometry": {"type": "Point", "coordinates": [-86.3485211754, 40.7593350623]}, "properties": {"category": "hazard", "full_closure": true, "updated_at": "2026-08-05T16:16"}}, {"type": "Feature", "geometry": {"type": "Point", "coordinates": [-86.3462117934, 39.952659314]}, "properties": {"category": "congestion", "full_closure": false, "updated_at": "2026-08-05T16:16"}}, {"type": "Feature", "geometry": {"type": "Point", "coordinates": [-86.3699627543, 39.9603116822]}, "properties": {"category": "congestion", "full_closure": false, "updated_at": "2026-08-05T16:16"}}, {"type": "Feature", "geometry": {"type": "Point", "coordinates": [-86.3359617317, 39.9603317913]}, "properties": {"category": "congestion", "full_closure": false, "updated_at": "2026-08-05T16:16"}}, {"type": "Feature", "geometry": {"type": "Point", "coordinates": [-86.336170944, 39.9582705433]}, "properties": {"category": "congestion", "full_closure": false, "updated_at": "2026-08-05T16:16"}}, {"type": "Feature", "geometry": {"type": "Point", "coordinates": [-86.3213919723, 39.9195407787]}, "properties": {"category": "hazard", "full_closure": true, "updated_at": "2026-08-05T16:16"}}, {"type": "Feature", "geometry": {"type": "Point", "coordinates": [-86.3213785613, 39.924237322]}, "properties": {"category": "hazard", "full_closure": true, "updated_at": "2026-08-05T16:16"}}, {"type": "Feature", "geometry": {"type": "Point", "coordinates": [-86.319629761, 39.8089412145]}, "properties": {"category": "congestion", "full_closure": false, "updated_at": "2026-08-05T16:16"}}, {"type": "Feature", "geometry": {"type": "Point", "coordinates": [-86.3104995215, 39.8115201794]}, "properties": {"category": "congestion", "full_closure": false, "updated_at": "2026-08-05T16:16"}}, {"type": "Feature", "geometry": {"type": "Point", "coordinates": [-86.2926199162, 39.8169663747]}, "properties": {"category": "hazard", "full_closure": true, "updated_at": "2026-08-05T16:16"}}, {"type": "Feature", "geometry": {"type": "Point", "coordinates": [-86.2908523405, 39.8163092358]}, "properties": {"category": "hazard", "full_closure": true, "updated_at": "2026-08-05T16:16"}}, {"type": "Feature", "geometry": {"type": "Point", "coordinates": [-86.3005565727, 39.8955671979]}, "properties": {"category": "hazard", "full_closure": true, "updated_at": "2026-08-05T16:16"}}, {"type": "Feature", "geometry": {"type": "Point", "coordinates": [-86.2884155536, 39.9101637633]}, "properties": {"category": "hazard", "full_closure": true, "updated_at": "2026-08-05T16:16"}}, {"type": "Feature", "geometry": {"type": "Point", "coordinates": [-86.2834682191, 39.9582021188]}, "properties": {"category": "congestion", "full_closure": false, "updated_at": "2026-08-05T16:16"}}, {"type": "Feature", "geometry": {"type": "Point", "coordinates": [-86.2788065398, 39.9353349288]}, "properties": {"category": "hazard", "full_closure": true, "updated_at": "2026-08-05T16:16"}}, {"type": "Feature", "geometry": {"type": "Point", "coordinates": [-86.2787743533, 39.9269503465]}, "properties": {"category": "hazard", "full_closure": true, "updated_at": "2026-08-05T16:16"}}, {"type": "Feature", "geometry": {"type": "Point", "coordinates": [-86.2755516791, 39.9605276141]}, "properties": {"category": "congestion", "full_closure": false, "updated_at": "2026-08-05T16:16"}}, {"type": "Feature", "geometry": {"type": "Point", "coordinates": [-86.2755731368, 39.9592307278]}, "properties": {"category": "congestion", "full_closure": false, "updated_at": "2026-08-05T16:16"}}, {"type": "Feature", "geometry": {"type": "Point", "coordinates": [-86.2760398412, 39.8485990153]}, "properties": {"category": "congestion", "full_closure": false, "updated_at": "2026-08-05T16:16"}}, {"type": "Feature", "geometry": {"type": "Point", "coordinates": [-86.2728788579, 39.9602057398]}, "properties": {"category": "congestion", "full_closure": false, "updated_at": "2026-08-05T16:16"}}, {"type": "Feature", "geometry": {"type": "Point", "coordinates": [-86.2715149546, 39.959305833]}, "properties": {"category": "congestion", "full_closure": false, "updated_at": "2026-08-05T16:16"}}, {"type": "Feature", "geometry": {"type": "Point", "coordinates": [-86.270045104, 40.0411480728]}, "properties": {"category": "hazard", "full_closure": true, "updated_at": "2026-08-05T16:16"}}, {"type": "Feature", "geometry": {"type": "Point", "coordinates": [-86.2700357163, 40.0405673924]}, "properties": {"category": "hazard", "full_closure": true, "updated_at": "2026-08-05T16:16"}}, {"type": "Feature", "geometry": {"type": "Point", "coordinates": [-86.2715256834, 39.9598503272]}, "properties": {"category": "congestion", "full_closure": false, "updated_at": "2026-08-05T16:16"}}, {"type": "Feature", "geometry": {"type": "Point", "coordinates": [-86.2699498856, 39.959839598]}, "properties": {"category": "congestion", "full_closure": false, "updated_at": "2026-08-05T16:16"}}, {"type": "Feature", "geometry": {"type": "Point", "coordinates": [-86.2698385739, 39.8027546911]}, "properties": {"category": "hazard", "full_closure": true, "updated_at": "2026-08-05T16:16"}}, {"type": "Feature", "geometry": {"type": "Point", "coordinates": [-86.2615277493, 39.8511028768]}, "properties": {"category": "congestion", "full_closure": false, "updated_at": "2026-08-05T16:16"}}, {"type": "Feature", "geometry": {"type": "Point", "coordinates": [-86.2463464463, 39.9991956521]}, "properties": {"category": "congestion", "full_closure": false, "updated_at": "2026-08-05T16:16"}}, {"type": "Feature", "geometry": {"type": "Point", "coordinates": [-86.2416887903, 39.8238757707]}, "properties": {"category": "congestion", "full_closure": false, "updated_at": "2026-08-05T16:16"}}, {"type": "Feature", "geometry": {"type": "Point", "coordinates": [-86.2344991291, 40.1297038894]}, "properties": {"category": "hazard", "full_closure": true, "updated_at": "2026-08-05T16:16"}}, {"type": "Feature", "geometry": {"type": "Point", "coordinates": [-86.2300386155, 40.1297508651]}, "properties": {"category": "hazard", "full_closure": true, "updated_at": "2026-08-05T16:16"}}, {"type": "Feature", "geometry": {"type": "Point", "coordinates": [-86.2281436348, 39.82476896]}, "properties": {"category": "congestion", "full_closure": false, "updated_at": "2026-08-05T16:16"}}, {"type": "Feature", "geometry": {"type": "Point", "coordinates": [-86.2315191948, 39.929937011]}, "properties": {"category": "congestion", "full_closure": false, "updated_at": "2026-08-05T16:16"}}, {"type": "Feature", "geometry": {"type": "Point", "coordinates": [-86.2272558236, 40.1297776535]}, "properties": {"category": "hazard", "full_closure": true, "updated_at": "2026-08-05T16:16"}}, {"type": "Feature", "geometry": {"type": "Point", "coordinates": [-86.2261815989, 40.1275286146]}, "properties": {"category": "hazard", "full_closure": true, "updated_at": "2026-08-05T16:16"}}, {"type": "Feature", "geometry": {"type": "Point", "coordinates": [-86.2258570516, 39.9186167441]}, "properties": {"category": "congestion", "full_closure": false, "updated_at": "2026-08-05T16:16"}}, {"type": "Feature", "geometry": {"type": "Point", "coordinates": [-86.2241981053, 40.1298138626]}, "properties": {"category": "hazard", "full_closure": true, "updated_at": "2026-08-05T16:16"}}, {"type": "Feature", "geometry": {"type": "Point", "coordinates": [-86.2232754254, 40.1298192459]}, "properties": {"category": "hazard", "full_closure": true, "updated_at": "2026-08-05T16:16"}}, {"type": "Feature", "geometry": {"type": "Point", "coordinates": [-86.2221851075, 40.0486167125]}, "properties": {"category": "hazard", "full_closure": true, "updated_at": "2026-08-05T16:16"}}, {"type": "Feature", "geometry": {"type": "Point", "coordinates": [-86.2221569443, 40.041774373]}, "properties": {"category": "hazard", "full_closure": true, "updated_at": "2026-08-05T16:16"}}, {"type": "Feature", "geometry": {"type": "Point", "coordinates": [-86.2223259234, 39.9158969607]}, "properties": {"category": "hazard", "full_closure": true, "updated_at": "2026-08-05T16:16"}}, {"type": "Feature", "geometry": {"type": "Point", "coordinates": [-86.2205985808, 39.9163435688]}, "properties": {"category": "hazard", "full_closure": true, "updated_at": "2026-08-05T16:16"}}, {"type": "Feature", "geometry": {"type": "Point", "coordinates": [-86.2216030681, 39.91855638]}, "properties": {"category": "hazard", "full_closure": true, "updated_at": "2026-08-05T16:16"}}, {"type": "Feature", "geometry": {"type": "Point", "coordinates": [-86.2197684371, 39.9145397607]}, "properties": {"category": "hazard", "full_closure": true, "updated_at": "2026-08-05T16:16"}}, {"type": "Feature", "geometry": {"type": "Point", "coordinates": [-86.2199387574, 39.8535436515]}, "properties": {"category": "congestion", "full_closure": false, "updated_at": "2026-08-05T16:16"}}, {"type": "Feature", "geometry": {"type": "Point", "coordinates": [-86.2070266032, 39.9241675779]}, "properties": {"category": "congestion", "full_closure": false, "updated_at": "2026-08-05T16:16"}}, {"type": "Feature", "geometry": {"type": "Point", "coordinates": [-86.2061535442, 39.9031135538]}, "properties": {"category": "hazard", "full_closure": true, "updated_at": "2026-08-05T16:16"}}, {"type": "Feature", "geometry": {"type": "Point", "coordinates": [-86.2031588578, 40.5230150012]}, "properties": {"category": "congestion", "full_closure": false, "updated_at": "2026-08-05T16:16"}}, {"type": "Feature", "geometry": {"type": "Point", "coordinates": [-86.2023796761, 39.9754460754]}, "properties": {"category": "hazard", "full_closure": true, "updated_at": "2026-08-05T16:16"}}, {"type": "Feature", "geometry": {"type": "Point", "coordinates": [-86.2301633382, 39.9236016513]}, "properties": {"category": "congestion", "full_closure": false, "updated_at": "2026-08-05T16:16"}}, {"type": "Feature", "geometry": {"type": "Point", "coordinates": [-86.1933111274, 40.0421217232]}, "properties": {"category": "hazard", "full_closure": true, "updated_at": "2026-08-05T16:16"}}, {"type": "Feature", "geometry": {"type": "Point", "coordinates": [-86.1933473372, 40.0367935234]}, "properties": {"category": "hazard", "full_closure": true, "updated_at": "2026-08-05T16:16"}}, {"type": "Feature", "geometry": {"type": "Point", "coordinates": [-86.1907764399, 40.5843370294]}, "properties": {"category": "hazard", "full_closure": true, "updated_at": "2026-08-05T16:16"}}, {"type": "Feature", "geometry": {"type": "Point", "coordinates": [-86.1899127686, 40.5807213814]}, "properties": {"category": "hazard", "full_closure": true, "updated_at": "2026-08-05T16:16"}}, {"type": "Feature", "geometry": {"type": "Point", "coordinates": [-86.1838161075, 40.0070666209]}, "properties": {"category": "hazard", "full_closure": true, "updated_at": "2026-08-05T16:16"}}, {"type": "Feature", "geometry": {"type": "Point", "coordinates": [-86.183502289, 40.0136755588]}, "properties": {"category": "hazard", "full_closure": true, "updated_at": "2026-08-05T16:16"}}, {"type": "Feature", "geometry": {"type": "Point", "coordinates": [-86.1834607148, 40.0072718117]}, "properties": {"category": "hazard", "full_closure": true, "updated_at": "2026-08-05T16:16"}}, {"type": "Feature", "geometry": {"type": "Point", "coordinates": [-86.1834593737, 40.0025256227]}, "properties": {"category": "hazard", "full_closure": true, "updated_at": "2026-08-05T16:16"}}, {"type": "Feature", "geometry": {"type": "Point", "coordinates": [-86.1646222198, 39.9687431822]}, "properties": {"category": "hazard", "full_closure": true, "updated_at": "2026-08-05T16:16"}}, {"type": "Feature", "geometry": {"type": "Point", "coordinates": [-86.1497064554, 39.8621830562]}, "properties": {"category": "congestion", "full_closure": false, "updated_at": "2026-08-05T16:16"}}, {"type": "Feature", "geometry": {"type": "Point", "coordinates": [-86.1400290453, 39.8697013072]}, "properties": {"category": "congestion", "full_closure": false, "updated_at": "2026-08-05T16:16"}}, {"type": "Feature", "geometry": {"type": "Point", "coordinates": [-86.1388421678, 39.8622635436]}, "properties": {"category": "congestion", "full_closure": false, "updated_at": "2026-08-05T16:16"}}, {"type": "Feature", "geometry": {"type": "Point", "coordinates": [-86.1352547133, 39.8674509558]}, "properties": {"category": "congestion", "full_closure": false, "updated_at": "2026-08-05T16:16"}}, {"type": "Feature", "geometry": {"type": "Point", "coordinates": [-86.1344902837, 40.0478106875]}, "properties": {"category": "hazard", "full_closure": true, "updated_at": "2026-08-05T16:16"}}, {"type": "Feature", "geometry": {"type": "Point", "coordinates": [-86.1328930282, 40.0493141005]}, "properties": {"category": "hazard", "full_closure": true, "updated_at": "2026-08-05T16:16"}}, {"type": "Feature", "geometry": {"type": "Point", "coordinates": [-86.1319757128, 40.4551416816]}, "properties": {"category": "congestion", "full_closure": false, "updated_at": "2026-08-05T16:16"}}, {"type": "Feature", "geometry": {"type": "Point", "coordinates": [-86.1376660192, 39.8253630612]}, "properties": {"category": "congestion", "full_closure": false, "updated_at": "2026-08-05T16:16"}}, {"type": "Feature", "geometry": {"type": "Point", "coordinates": [-86.132569822, 40.0406505579]}, "properties": {"category": "hazard", "full_closure": true, "updated_at": "2026-08-05T16:16"}}, {"type": "Feature", "geometry": {"type": "Point", "coordinates": [-86.1283024275, 40.0417315075]}, "properties": {"category": "congestion", "full_closure": false, "updated_at": "2026-08-05T16:16"}}, {"type": "Feature", "geometry": {"type": "Point", "coordinates": [-86.1284579956, 40.4334010394]}, "properties": {"category": "congestion", "full_closure": false, "updated_at": "2026-08-05T16:16"}}, {"type": "Feature", "geometry": {"type": "Point", "coordinates": [-86.132390114, 40.0424395539]}, "properties": {"category": "congestion", "full_closure": false, "updated_at": "2026-08-05T16:16"}}, {"type": "Feature", "geometry": {"type": "Point", "coordinates": [-86.1274642372, 40.4729354771]}, "properties": {"category": "hazard", "full_closure": true, "updated_at": "2026-08-05T16:16"}}, {"type": "Feature", "geometry": {"type": "Point", "coordinates": [-86.1251052344, 40.2750649159]}, "properties": {"category": "hazard", "full_closure": true, "updated_at": "2026-08-05T16:16"}}, {"type": "Feature", "geometry": {"type": "Point", "coordinates": [-86.1234905445, 40.0615999591]}, "properties": {"category": "congestion", "full_closure": false, "updated_at": "2026-08-05T16:16"}}, {"type": "Feature", "geometry": {"type": "Point", "coordinates": [-86.1234556758, 40.044816018]}, "properties": {"category": "hazard", "full_closure": true, "updated_at": "2026-08-05T16:16"}}, {"type": "Feature", "geometry": {"type": "Point", "coordinates": [-86.1236327016, 40.0427856174]}, "properties": {"category": "hazard", "full_closure": true, "updated_at": "2026-08-05T16:16"}}, {"type": "Feature", "geometry": {"type": "Point", "coordinates": [-86.1222728216, 39.8701787094]}, "properties": {"category": "congestion", "full_closure": false, "updated_at": "2026-08-05T16:16"}}, {"type": "Feature", "geometry": {"type": "Point", "coordinates": [-86.124536606, 39.9014224398]}, "properties": {"category": "congestion", "full_closure": false, "updated_at": "2026-08-05T16:16"}}, {"type": "Feature", "geometry": {"type": "Point", "coordinates": [-86.1185029769, 40.101605111]}, "properties": {"category": "hazard", "full_closure": true, "updated_at": "2026-08-05T16:16"}}, {"type": "Feature", "geometry": {"type": "Point", "coordinates": [-86.1196375513, 39.9565753945]}, "properties": {"category": "hazard", "full_closure": true, "updated_at": "2026-08-05T16:16"}}, {"type": "Feature", "geometry": {"type": "Point", "coordinates": [-86.1184614026, 39.9566866753]}, "properties": {"category": "hazard", "full_closure": true, "updated_at": "2026-08-05T16:16"}}, {"type": "Feature", "geometry": {"type": "Point", "coordinates": [-86.1181945228, 40.1756152751]}, "properties": {"category": "hazard", "full_closure": true, "updated_at": "2026-08-05T16:16"}}, {"type": "Feature", "geometry": {"type": "Point", "coordinates": [-86.1176205301, 39.9559678446]}, "properties": {"category": "hazard", "full_closure": true, "updated_at": "2026-08-05T16:16"}}, {"type": "Feature", "geometry": {"type": "Point", "coordinates": [-86.1168628061, 39.9680619297]}, "properties": {"category": "hazard", "full_closure": true, "updated_at": "2026-08-05T16:16"}}, {"type": "Feature", "geometry": {"type": "Point", "coordinates": [-86.1152816438, 39.9675550169]}, "properties": {"category": "hazard", "full_closure": true, "updated_at": "2026-08-05T16:16"}}, {"type": "Feature", "geometry": {"type": "Point", "coordinates": [-86.116439017, 39.9674879507]}, "properties": {"category": "hazard", "full_closure": true, "updated_at": "2026-08-05T16:16"}}, {"type": "Feature", "geometry": {"type": "Point", "coordinates": [-86.1148967468, 39.97105393]}, "properties": {"category": "hazard", "full_closure": true, "updated_at": "2026-08-05T16:16"}}, {"type": "Feature", "geometry": {"type": "Point", "coordinates": [-86.1278316998, 40.1014964386]}, "properties": {"category": "hazard", "full_closure": true, "updated_at": "2026-08-05T16:16"}}, {"type": "Feature", "geometry": {"type": "Point", "coordinates": [-86.1136508608, 39.9204741861]}, "properties": {"category": "congestion", "full_closure": false, "updated_at": "2026-08-05T16:16"}}, {"type": "Feature", "geometry": {"type": "Point", "coordinates": [-86.0959737622, 39.870699081]}, "properties": {"category": "congestion", "full_closure": false, "updated_at": "2026-08-05T16:16"}}, {"type": "Feature", "geometry": {"type": "Point", "coordinates": [-86.0896222913, 39.9783388391]}, "properties": {"category": "hazard", "full_closure": true, "updated_at": "2026-08-05T16:16"}}, {"type": "Feature", "geometry": {"type": "Point", "coordinates": [-86.0895310962, 39.9820040597]}, "properties": {"category": "hazard", "full_closure": true, "updated_at": "2026-08-05T16:16"}}, {"type": "Feature", "geometry": {"type": "Point", "coordinates": [-86.089464041, 39.9785829107]}, "properties": {"category": "hazard", "full_closure": true, "updated_at": "2026-08-05T16:16"}}, {"type": "Feature", "geometry": {"type": "Point", "coordinates": [-86.0894707465, 39.9730374544]}, "properties": {"category": "hazard", "full_closure": true, "updated_at": "2026-08-05T16:16"}}, {"type": "Feature", "geometry": {"type": "Point", "coordinates": [-86.0873249793, 39.8506884686]}, "properties": {"category": "hazard", "full_closure": true, "updated_at": "2026-08-05T16:16"}}, {"type": "Feature", "geometry": {"type": "Point", "coordinates": [-86.0870594406, 39.8530461217]}, "properties": {"category": "hazard", "full_closure": true, "updated_at": "2026-08-05T16:16"}}, {"type": "Feature", "geometry": {"type": "Point", "coordinates": [-86.0850585127, 39.9784326783]}, "properties": {"category": "hazard", "full_closure": true, "updated_at": "2026-08-05T16:16"}}, {"type": "Feature", "geometry": {"type": "Point", "coordinates": [-86.0932955765, 39.9784313295]}, "properties": {"category": "hazard", "full_closure": true, "updated_at": "2026-08-05T16:16"}}, {"type": "Feature", "geometry": {"type": "Point", "coordinates": [-86.0920483493, 39.860650174]}, "properties": {"category": "congestion", "full_closure": false, "updated_at": "2026-08-05T16:16"}}, {"type": "Feature", "geometry": {"type": "Point", "coordinates": [-86.0754374289, 39.876312912]}, "properties": {"category": "congestion", "full_closure": false, "updated_at": "2026-08-05T16:16"}}, {"type": "Feature", "geometry": {"type": "Point", "coordinates": [-86.0736577832, 39.9555413485]}, "properties": {"category": "hazard", "full_closure": true, "updated_at": "2026-08-05T16:16"}}, {"type": "Feature", "geometry": {"type": "Point", "coordinates": [-86.0742881023, 39.9564398913]}, "properties": {"category": "hazard", "full_closure": true, "updated_at": "2026-08-05T16:16"}}, {"type": "Feature", "geometry": {"type": "Point", "coordinates": [-86.0745040202, 39.941331045]}, "properties": {"category": "hazard", "full_closure": true, "updated_at": "2026-08-05T16:16"}}, {"type": "Feature", "geometry": {"type": "Point", "coordinates": [-86.1213809871, 39.9239436247]}, "properties": {"category": "congestion", "full_closure": false, "updated_at": "2026-08-05T16:16"}}, {"type": "Feature", "geometry": {"type": "Point", "coordinates": [-86.0678333664, 39.9248649519]}, "properties": {"category": "congestion", "full_closure": false, "updated_at": "2026-08-05T16:16"}}, {"type": "Feature", "geometry": {"type": "Point", "coordinates": [-86.0616964721, 39.9270147528]}, "properties": {"category": "congestion", "full_closure": false, "updated_at": "2026-08-05T16:16"}}, {"type": "Feature", "geometry": {"type": "Point", "coordinates": [-86.0575712347, 39.8906359444]}, "properties": {"category": "congestion", "full_closure": false, "updated_at": "2026-08-05T16:16"}}, {"type": "Feature", "geometry": {"type": "Point", "coordinates": [-86.0551518821, 39.8906587108]}, "properties": {"category": "congestion", "full_closure": false, "updated_at": "2026-08-05T16:16"}}, {"type": "Feature", "geometry": {"type": "Point", "coordinates": [-86.0543592894, 39.8953459164]}, "properties": {"category": "congestion", "full_closure": false, "updated_at": "2026-08-05T16:16"}}, {"type": "Feature", "geometry": {"type": "Point", "coordinates": [-86.0530208671, 39.8956073899]}, "properties": {"category": "hazard", "full_closure": true, "updated_at": "2026-08-05T16:16"}}, {"type": "Feature", "geometry": {"type": "Point", "coordinates": [-86.0494052493, 39.8910476675]}, "properties": {"category": "congestion", "full_closure": false, "updated_at": "2026-08-05T16:16"}}, {"type": "Feature", "geometry": {"type": "Point", "coordinates": [-86.0440448546, 39.9030063011]}, "properties": {"category": "congestion", "full_closure": false, "updated_at": "2026-08-05T16:16"}}, {"type": "Feature", "geometry": {"type": "Point", "coordinates": [-86.0460417592, 39.899590524]}, "properties": {"category": "congestion", "full_closure": false, "updated_at": "2026-08-05T16:16"}}, {"type": "Feature", "geometry": {"type": "Point", "coordinates": [-86.0415557646, 39.9523965163]}, "properties": {"category": "congestion", "full_closure": false, "updated_at": "2026-08-05T16:16"}}, {"type": "Feature", "geometry": {"type": "Point", "coordinates": [-86.0381225371, 39.9052097056]}, "properties": {"category": "congestion", "full_closure": false, "updated_at": "2026-08-05T16:16"}}, {"type": "Feature", "geometry": {"type": "Point", "coordinates": [-86.0348475599, 40.0441602287]}, "properties": {"category": "hazard", "full_closure": true, "updated_at": "2026-08-05T16:16"}}, {"type": "Feature", "geometry": {"type": "Point", "coordinates": [-86.0350876176, 40.0434842843]}, "properties": {"category": "hazard", "full_closure": true, "updated_at": "2026-08-05T16:16"}}, {"type": "Feature", "geometry": {"type": "Point", "coordinates": [-86.0269766175, 39.8280063598]}, "properties": {"category": "congestion", "full_closure": false, "updated_at": "2026-08-05T16:16"}}, {"type": "Feature", "geometry": {"type": "Point", "coordinates": [-86.0266265892, 39.8027627404]}, "properties": {"category": "congestion", "full_closure": false, "updated_at": "2026-08-05T16:16"}}, {"type": "Feature", "geometry": {"type": "Point", "coordinates": [-86.0265729451, 40.8615741199]}, "properties": {"category": "hazard", "full_closure": true, "updated_at": "2026-08-05T16:16"}}, {"type": "Feature", "geometry": {"type": "Point", "coordinates": [-86.0297151529, 40.8517814074]}, "properties": {"category": "hazard", "full_closure": true, "updated_at": "2026-08-05T16:16"}}, {"type": "Feature", "geometry": {"type": "Point", "coordinates": [-86.0265514874, 40.8603926149]}, "properties": {"category": "hazard", "full_closure": true, "updated_at": "2026-08-05T16:16"}}, {"type": "Feature", "geometry": {"type": "Point", "coordinates": [-86.0238853716, 40.0002336608]}, "properties": {"category": "congestion", "full_closure": false, "updated_at": "2026-08-05T16:16"}}, {"type": "Feature", "geometry": {"type": "Point", "coordinates": [-86.0147350156, 40.0456233617]}, "properties": {"category": "hazard", "full_closure": true, "updated_at": "2026-08-05T16:16"}}, {"type": "Feature", "geometry": {"type": "Point", "coordinates": [-86.0135293626, 40.0456166884]}, "properties": {"category": "hazard", "full_closure": true, "updated_at": "2026-08-05T16:16"}}, {"type": "Feature", "geometry": {"type": "Point", "coordinates": [-86.013495835, 40.0471454948]}, "properties": {"category": "hazard", "full_closure": true, "updated_at": "2026-08-05T16:16"}}, {"type": "Feature", "geometry": {"type": "Point", "coordinates": [-86.014714899, 40.0465527383]}, "properties": {"category": "hazard", "full_closure": true, "updated_at": "2026-08-05T16:16"}}, {"type": "Feature", "geometry": {"type": "Point", "coordinates": [-86.0122445845, 40.0465608231]}, "properties": {"category": "hazard", "full_closure": true, "updated_at": "2026-08-05T16:16"}}, {"type": "Feature", "geometry": {"type": "Point", "coordinates": [-86.0115619623, 40.0409134013]}, "properties": {"category": "hazard", "full_closure": true, "updated_at": "2026-08-05T16:16"}}, {"type": "Feature", "geometry": {"type": "Point", "coordinates": [-86.0109946751, 40.0409241178]}, "properties": {"category": "hazard", "full_closure": true, "updated_at": "2026-08-05T16:16"}}, {"type": "Feature", "geometry": {"type": "Point", "coordinates": [-86.0094094896, 39.800411797]}, "properties": {"category": "congestion", "full_closure": false, "updated_at": "2026-08-05T16:16"}}, {"type": "Feature", "geometry": {"type": "Point", "coordinates": [-86.0079718255, 40.0007111164]}, "properties": {"category": "congestion", "full_closure": false, "updated_at": "2026-08-05T16:16"}}, {"type": "Feature", "geometry": {"type": "Point", "coordinates": [-86.0010919594, 40.0510977363]}, "properties": {"category": "congestion", "full_closure": false, "updated_at": "2026-08-05T16:16"}}, {"type": "Feature", "geometry": {"type": "Point", "coordinates": [-86.0052346312, 40.0584215166]}, "properties": {"category": "congestion", "full_closure": false, "updated_at": "2026-08-05T16:16"}}, {"type": "Feature", "geometry": {"type": "Point", "coordinates": [-85.99578655, 40.0605780237]}, "properties": {"category": "congestion", "full_closure": false, "updated_at": "2026-08-05T16:16"}}, {"type": "Feature", "geometry": {"type": "Point", "coordinates": [-85.9957422935, 40.0503105401]}, "properties": {"category": "congestion", "full_closure": false, "updated_at": "2026-08-05T16:16"}}, {"type": "Feature", "geometry": {"type": "Point", "coordinates": [-85.9912214302, 39.8371071086]}, "properties": {"category": "hazard", "full_closure": true, "updated_at": "2026-08-05T16:16"}}, {"type": "Feature", "geometry": {"type": "Point", "coordinates": [-85.9911785149, 39.8336497514]}, "properties": {"category": "hazard", "full_closure": true, "updated_at": "2026-08-05T16:16"}}, {"type": "Feature", "geometry": {"type": "Point", "coordinates": [-85.9768608832, 39.9800098125]}, "properties": {"category": "hazard", "full_closure": true, "updated_at": "2026-08-05T16:16"}}, {"type": "Feature", "geometry": {"type": "Point", "coordinates": [-85.9792346382, 39.9797563688]}, "properties": {"category": "hazard", "full_closure": true, "updated_at": "2026-08-05T16:16"}}, {"type": "Feature", "geometry": {"type": "Point", "coordinates": [-85.9647802138, 39.9792668844]}, "properties": {"category": "congestion", "full_closure": false, "updated_at": "2026-08-05T16:16"}}, {"type": "Feature", "geometry": {"type": "Point", "coordinates": [-85.9542565667, 40.0098628375]}, "properties": {"category": "congestion", "full_closure": false, "updated_at": "2026-08-05T16:16"}}, {"type": "Feature", "geometry": {"type": "Point", "coordinates": [-85.9578614556, 39.9326299494]}, "properties": {"category": "congestion", "full_closure": false, "updated_at": "2026-08-05T16:16"}}, {"type": "Feature", "geometry": {"type": "Point", "coordinates": [-85.9344605231, 39.8343860216]}, "properties": {"category": "hazard", "full_closure": true, "updated_at": "2026-08-05T16:16"}}, {"type": "Feature", "geometry": {"type": "Point", "coordinates": [-85.9342325353, 39.8207147854]}, "properties": {"category": "hazard", "full_closure": true, "updated_at": "2026-08-05T16:16"}}, {"type": "Feature", "geometry": {"type": "Point", "coordinates": [-85.9318400048, 39.827017943]}, "properties": {"category": "hazard", "full_closure": true, "updated_at": "2026-08-05T16:16"}}, {"type": "Feature", "geometry": {"type": "Point", "coordinates": [-85.9484026455, 39.8268369301]}, "properties": {"category": "hazard", "full_closure": true, "updated_at": "2026-08-05T16:16"}}, {"type": "Feature", "geometry": {"type": "Point", "coordinates": [-85.9252095842, 40.0161928396]}, "properties": {"category": "hazard", "full_closure": true, "updated_at": "2026-08-05T16:16"}}, {"type": "Feature", "geometry": {"type": "Point", "coordinates": [-85.9192577624, 40.0162236527]}, "properties": {"category": "hazard", "full_closure": true, "updated_at": "2026-08-05T16:16"}}, {"type": "Feature", "geometry": {"type": "Point", "coordinates": [-85.918945285, 39.928205615]}, "properties": {"category": "congestion", "full_closure": false, "updated_at": "2026-08-05T16:16"}}, {"type": "Feature", "geometry": {"type": "Point", "coordinates": [-85.917970302, 39.9506503958]}, "properties": {"category": "congestion", "full_closure": false, "updated_at": "2026-08-05T16:16"}}, {"type": "Feature", "geometry": {"type": "Point", "coordinates": [-85.9151821458, 39.8202051722]}, "properties": {"category": "congestion", "full_closure": false, "updated_at": "2026-08-05T16:16"}}, {"type": "Feature", "geometry": {"type": "Point", "coordinates": [-85.9001014256, 39.9872759136]}, "properties": {"category": "hazard", "full_closure": true, "updated_at": "2026-08-05T16:16"}}, {"type": "Feature", "geometry": {"type": "Point", "coordinates": [-85.912271949, 39.9868534661]}, "properties": {"category": "hazard", "full_closure": true, "updated_at": "2026-08-05T16:16"}}, {"type": "Feature", "geometry": {"type": "Point", "coordinates": [-85.8911777162, 40.4529315721]}, "properties": {"category": "congestion", "full_closure": false, "updated_at": "2026-08-05T16:16"}}, {"type": "Feature", "geometry": {"type": "Point", "coordinates": [-85.8731935047, 40.5701655735]}, "properties": {"category": "hazard", "full_closure": true, "updated_at": "2026-08-05T16:16"}}, {"type": "Feature", "geometry": {"type": "Point", "coordinates": [-85.8732793354, 40.5774356944]}, "properties": {"category": "hazard", "full_closure": true, "updated_at": "2026-08-05T16:16"}}, {"type": "Feature", "geometry": {"type": "Point", "coordinates": [-85.8689153813, 39.9404150807]}, "properties": {"category": "congestion", "full_closure": false, "updated_at": "2026-08-05T16:16"}}, {"type": "Feature", "geometry": {"type": "Point", "coordinates": [-85.8486016714, 39.9413779579]}, "properties": {"category": "congestion", "full_closure": false, "updated_at": "2026-08-05T16:16"}}, {"type": "Feature", "geometry": {"type": "Point", "coordinates": [-85.8226204537, 40.7986656081]}, "properties": {"category": "hazard", "full_closure": true, "updated_at": "2026-08-05T16:16"}}, {"type": "Feature", "geometry": {"type": "Point", "coordinates": [-85.8256754898, 40.5718258061]}, "properties": {"category": "hazard", "full_closure": true, "updated_at": "2026-08-05T16:16"}}, {"type": "Feature", "geometry": {"type": "Point", "coordinates": [-85.8221430205, 40.5770936967]}, "properties": {"category": "hazard", "full_closure": true, "updated_at": "2026-08-05T16:16"}}, {"type": "Feature", "geometry": {"type": "Point", "coordinates": [-85.8152256035, 39.9516146068]}, "properties": {"category": "hazard", "full_closure": true, "updated_at": "2026-08-05T16:16"}}, {"type": "Feature", "geometry": {"type": "Point", "coordinates": [-85.8199570202, 39.9515287626]}, "properties": {"category": "hazard", "full_closure": true, "updated_at": "2026-08-05T16:16"}}, {"type": "Feature", "geometry": {"type": "Point", "coordinates": [-85.8152081691, 39.95039151]}, "properties": {"category": "hazard", "full_closure": true, "updated_at": "2026-08-05T16:16"}}, {"type": "Feature", "geometry": {"type": "Point", "coordinates": [-85.8152256035, 39.9516146068]}, "properties": {"category": "hazard", "full_closure": true, "updated_at": "2026-08-05T16:16"}}, {"type": "Feature", "geometry": {"type": "Point", "coordinates": [-85.7493505501, 39.8065701349]}, "properties": {"category": "congestion", "full_closure": false, "updated_at": "2026-08-05T16:16"}}, {"type": "Feature", "geometry": {"type": "Point", "coordinates": [-85.7302196943, 40.046637244]}, "properties": {"category": "hazard", "full_closure": true, "updated_at": "2026-08-05T16:16"}}, {"type": "Feature", "geometry": {"type": "Point", "coordinates": [-85.7301580034, 40.0612083152]}, "properties": {"category": "hazard", "full_closure": true, "updated_at": "2026-08-05T16:16"}}, {"type": "Feature", "geometry": {"type": "Point", "coordinates": [-85.7062528156, 39.9673095569]}, "properties": {"category": "hazard", "full_closure": true, "updated_at": "2026-08-05T16:16"}}, {"type": "Feature", "geometry": {"type": "Point", "coordinates": [-85.715586903, 39.9673015269]}, "properties": {"category": "hazard", "full_closure": true, "updated_at": "2026-08-05T16:16"}}, {"type": "Feature", "geometry": {"type": "Point", "coordinates": [-85.6918895863, 40.1098274216]}, "properties": {"category": "hazard", "full_closure": true, "updated_at": "2026-08-05T16:16"}}, {"type": "Feature", "geometry": {"type": "Point", "coordinates": [-85.6918667875, 40.1117813997]}, "properties": {"category": "hazard", "full_closure": true, "updated_at": "2026-08-05T16:16"}}, {"type": "Feature", "geometry": {"type": "Point", "coordinates": [-85.6823945664, 40.1021066688]}, "properties": {"category": "hazard", "full_closure": true, "updated_at": "2026-08-05T16:16"}}, {"type": "Feature", "geometry": {"type": "Point", "coordinates": [-85.6718172752, 40.3282718648]}, "properties": {"category": "hazard", "full_closure": true, "updated_at": "2026-08-05T16:16"}}, {"type": "Feature", "geometry": {"type": "Point", "coordinates": [-85.671815934, 40.313742334]}, "properties": {"category": "hazard", "full_closure": true, "updated_at": "2026-08-05T16:16"}}, {"type": "Feature", "geometry": {"type": "Point", "coordinates": [-85.662960621, 40.5200484465]}, "properties": {"category": "hazard", "full_closure": true, "updated_at": "2026-08-05T16:16"}}, {"type": "Feature", "geometry": {"type": "Point", "coordinates": [-85.6629525744, 40.5218831014]}, "properties": {"category": "hazard", "full_closure": true, "updated_at": "2026-08-05T16:16"}}, {"type": "Feature", "geometry": {"type": "Point", "coordinates": [-85.6573212765, 40.5603755014]}, "properties": {"category": "hazard", "full_closure": true, "updated_at": "2026-08-05T16:16"}}, {"type": "Feature", "geometry": {"type": "Point", "coordinates": [-85.6527762734, 40.0625145557]}, "properties": {"category": "congestion", "full_closure": false, "updated_at": "2026-08-05T16:16"}}, {"type": "Feature", "geometry": {"type": "Point", "coordinates": [-85.6540208183, 40.4038753214]}, "properties": {"category": "congestion", "full_closure": false, "updated_at": "2026-08-05T16:16"}}, {"type": "Feature", "geometry": {"type": "Point", "coordinates": [-85.6530511998, 40.1204864684]}, "properties": {"category": "congestion", "full_closure": false, "updated_at": "2026-08-05T16:16"}}, {"type": "Feature", "geometry": {"type": "Point", "coordinates": [-85.6399995707, 40.4771277746]}, "properties": {"category": "congestion", "full_closure": false, "updated_at": "2026-08-05T16:16"}}, {"type": "Feature", "geometry": {"type": "Point", "coordinates": [-85.6335957967, 40.0980122903]}, "properties": {"category": "hazard", "full_closure": true, "updated_at": "2026-08-05T16:16"}}, {"type": "Feature", "geometry": {"type": "Point", "coordinates": [-85.6335944556, 40.0994915139]}, "properties": {"category": "hazard", "full_closure": true, "updated_at": "2026-08-05T16:16"}}, {"type": "Feature", "geometry": {"type": "Point", "coordinates": [-85.6335957967, 40.1014200152]}, "properties": {"category": "hazard", "full_closure": true, "updated_at": "2026-08-05T16:16"}}, {"type": "Feature", "geometry": {"type": "Point", "coordinates": [-85.6335931145, 40.1004718321]}, "properties": {"category": "hazard", "full_closure": true, "updated_at": "2026-08-05T16:16"}}, {"type": "Feature", "geometry": {"type": "Point", "coordinates": [-85.6335689746, 40.0914140266]}, "properties": {"category": "hazard", "full_closure": true, "updated_at": "2026-08-05T16:16"}}, {"type": "Feature", "geometry": {"type": "Point", "coordinates": [-85.6335917734, 40.0897564252]}, "properties": {"category": "hazard", "full_closure": true, "updated_at": "2026-08-05T16:16"}}, {"type": "Feature", "geometry": {"type": "Point", "coordinates": [-85.6335676335, 40.0925177679]}, "properties": {"category": "hazard", "full_closure": true, "updated_at": "2026-08-05T16:16"}}, {"type": "Feature", "geometry": {"type": "Point", "coordinates": [-85.6335957967, 40.0975080094]}, "properties": {"category": "hazard", "full_closure": true, "updated_at": "2026-08-05T16:16"}}, {"type": "Feature", "geometry": {"type": "Point", "coordinates": [-85.6065215789, 39.8831150355]}, "properties": {"category": "hazard", "full_closure": true, "updated_at": "2026-08-05T16:16"}}, {"type": "Feature", "geometry": {"type": "Point", "coordinates": [-85.6065135323, 39.884138277]}, "properties": {"category": "hazard", "full_closure": true, "updated_at": "2026-08-05T16:16"}}, {"type": "Feature", "geometry": {"type": "Point", "coordinates": [-85.6103826188, 39.8874535284]}, "properties": {"category": "hazard", "full_closure": true, "updated_at": "2026-08-05T16:16"}}, {"type": "Feature", "geometry": {"type": "Point", "coordinates": [-85.6018733107, 39.8801941242]}, "properties": {"category": "hazard", "full_closure": true, "updated_at": "2026-08-05T16:16"}}, {"type": "Feature", "geometry": {"type": "Point", "coordinates": [-85.5978942536, 40.8583836658]}, "properties": {"category": "congestion", "full_closure": false, "updated_at": "2026-08-05T16:16"}}, {"type": "Feature", "geometry": {"type": "Point", "coordinates": [-85.5581224583, 40.0698289629]}, "properties": {"category": "congestion", "full_closure": false, "updated_at": "2026-08-05T16:16"}}, {"type": "Feature", "geometry": {"type": "Point", "coordinates": [-85.5882302545, 40.2770872952]}, "properties": {"category": "congestion", "full_closure": false, "updated_at": "2026-08-05T16:16"}}, {"type": "Feature", "geometry": {"type": "Point", "coordinates": [-85.5548649154, 40.1144019154]}, "properties": {"category": "congestion", "full_closure": false, "updated_at": "2026-08-05T16:16"}}, {"type": "Feature", "geometry": {"type": "Point", "coordinates": [-85.5467217289, 40.0118757934]}, "properties": {"category": "hazard", "full_closure": true, "updated_at": "2026-08-05T16:16"}}, {"type": "Feature", "geometry": {"type": "Point", "coordinates": [-85.5288233481, 39.9847693836]}, "properties": {"category": "hazard", "full_closure": true, "updated_at": "2026-08-05T16:16"}}, {"type": "Feature", "geometry": {"type": "Point", "coordinates": [-85.5289856218, 39.9778627044]}, "properties": {"category": "hazard", "full_closure": true, "updated_at": "2026-08-05T16:16"}}, {"type": "Feature", "geometry": {"type": "Point", "coordinates": [-85.4979658745, 40.459595483]}, "properties": {"category": "hazard", "full_closure": true, "updated_at": "2026-08-05T16:16"}}, {"type": "Feature", "geometry": {"type": "Point", "coordinates": [-85.4979497812, 40.4591422335]}, "properties": {"category": "hazard", "full_closure": true, "updated_at": "2026-08-05T16:16"}}, {"type": "Feature", "geometry": {"type": "Point", "coordinates": [-85.4991031311, 40.4563808979]}, "properties": {"category": "hazard", "full_closure": true, "updated_at": "2026-08-05T16:16"}}, {"type": "Feature", "geometry": {"type": "Point", "coordinates": [-85.4978880904, 40.4574524221]}, "properties": {"category": "hazard", "full_closure": true, "updated_at": "2026-08-05T16:16"}}, {"type": "Feature", "geometry": {"type": "Point", "coordinates": [-85.4393368087, 40.1886320537]}, "properties": {"category": "hazard", "full_closure": true, "updated_at": "2026-08-05T16:16"}}, {"type": "Feature", "geometry": {"type": "Point", "coordinates": [-85.4397498689, 40.1868148189]}, "properties": {"category": "hazard", "full_closure": true, "updated_at": "2026-08-05T16:16"}}, {"type": "Feature", "geometry": {"type": "Point", "coordinates": [-85.4392684124, 40.1909722961]}, "properties": {"category": "hazard", "full_closure": true, "updated_at": "2026-08-05T16:16"}}, {"type": "Feature", "geometry": {"type": "Point", "coordinates": [-85.4382813595, 40.1909575053]}, "properties": {"category": "hazard", "full_closure": true, "updated_at": "2026-08-05T16:16"}}, {"type": "Feature", "geometry": {"type": "Point", "coordinates": [-85.419154527, 40.1916361472]}, "properties": {"category": "congestion", "full_closure": false, "updated_at": "2026-08-05T16:16"}}, {"type": "Feature", "geometry": {"type": "Point", "coordinates": [-85.421733471, 40.2334812471]}, "properties": {"category": "hazard", "full_closure": true, "updated_at": "2026-08-05T16:16"}}, {"type": "Feature", "geometry": {"type": "Point", "coordinates": [-85.4138987384, 40.2334316556]}, "properties": {"category": "hazard", "full_closure": true, "updated_at": "2026-08-05T16:16"}}, {"type": "Feature", "geometry": {"type": "Point", "coordinates": [-85.4082124553, 40.7419194672]}, "properties": {"category": "hazard", "full_closure": true, "updated_at": "2026-08-05T16:16"}}, {"type": "Feature", "geometry": {"type": "Point", "coordinates": [-85.4444490991, 40.7419865295]}, "properties": {"category": "hazard", "full_closure": true, "updated_at": "2026-08-05T16:16"}}, {"type": "Feature", "geometry": {"type": "Point", "coordinates": [-85.4044533394, 40.196685378]}, "properties": {"category": "hazard", "full_closure": true, "updated_at": "2026-08-05T16:16"}}, {"type": "Feature", "geometry": {"type": "Point", "coordinates": [-85.3909792624, 40.1928806586]}, "properties": {"category": "congestion", "full_closure": false, "updated_at": "2026-08-05T16:16"}}, {"type": "Feature", "geometry": {"type": "Point", "coordinates": [-85.3853198014, 39.8987536741]}, "properties": {"category": "congestion", "full_closure": false, "updated_at": "2026-08-05T16:16"}}, {"type": "Feature", "geometry": {"type": "Point", "coordinates": [-85.3823881469, 39.9241166035]}, "properties": {"category": "congestion", "full_closure": false, "updated_at": "2026-08-05T16:16"}}, {"type": "Feature", "geometry": {"type": "Point", "coordinates": [-85.3744756303, 40.2189892557]}, "properties": {"category": "hazard", "full_closure": true, "updated_at": "2026-08-05T16:16"}}, {"type": "Feature", "geometry": {"type": "Point", "coordinates": [-85.3722990177, 40.458471633]}, "properties": {"category": "congestion", "full_closure": false, "updated_at": "2026-08-05T16:16"}}, {"type": "Feature", "geometry": {"type": "Point", "coordinates": [-85.3756558023, 39.909663558]}, "properties": {"category": "congestion", "full_closure": false, "updated_at": "2026-08-05T16:16"}}, {"type": "Feature", "geometry": {"type": "Point", "coordinates": [-85.3701384983, 40.4538649396]}, "properties": {"category": "congestion", "full_closure": false, "updated_at": "2026-08-05T16:16"}}, {"type": "Feature", "geometry": {"type": "Point", "coordinates": [-85.3674375139, 40.4435974398]}, "properties": {"category": "hazard", "full_closure": true, "updated_at": "2026-08-05T16:16"}}, {"type": "Feature", "geometry": {"type": "Point", "coordinates": [-85.3701787315, 40.4436390309]}, "properties": {"category": "hazard", "full_closure": true, "updated_at": "2026-08-05T16:16"}}, {"type": "Feature", "geometry": {"type": "Point", "coordinates": [-85.3629743181, 39.9250071385]}, "properties": {"category": "congestion", "full_closure": false, "updated_at": "2026-08-05T16:16"}}, {"type": "Feature", "geometry": {"type": "Point", "coordinates": [-85.3676561139, 40.7855764184]}, "properties": {"category": "hazard", "full_closure": true, "updated_at": "2026-08-05T16:16"}}, {"type": "Feature", "geometry": {"type": "Point", "coordinates": [-85.3582683823, 40.7958036768]}, "properties": {"category": "hazard", "full_closure": true, "updated_at": "2026-08-05T16:16"}}, {"type": "Feature", "geometry": {"type": "Point", "coordinates": [-85.3388666234, 40.8245851388]}, "properties": {"category": "hazard", "full_closure": true, "updated_at": "2026-08-05T16:16"}}, {"type": "Feature", "geometry": {"type": "Point", "coordinates": [-85.3550094984, 40.8001703521]}, "properties": {"category": "hazard", "full_closure": true, "updated_at": "2026-08-05T16:16"}}, {"type": "Feature", "geometry": {"type": "Point", "coordinates": [-85.3283496819, 40.8223508821]}, "properties": {"category": "hazard", "full_closure": true, "updated_at": "2026-08-05T16:16"}}, {"type": "Feature", "geometry": {"type": "Point", "coordinates": [-85.3160852812, 40.2917603151]}, "properties": {"category": "hazard", "full_closure": true, "updated_at": "2026-08-05T16:16"}}, {"type": "Feature", "geometry": {"type": "Point", "coordinates": [-85.307152184, 40.2918501422]}, "properties": {"category": "hazard", "full_closure": true, "updated_at": "2026-08-05T16:16"}}, {"type": "Feature", "geometry": {"type": "Point", "coordinates": [-85.3005418799, 40.2918756518]}, "properties": {"category": "hazard", "full_closure": true, "updated_at": "2026-08-05T16:16"}}, {"type": "Feature", "geometry": {"type": "Point", "coordinates": [-85.2799653134, 40.8110104804]}, "properties": {"category": "hazard", "full_closure": true, "updated_at": "2026-08-05T16:16"}}, {"type": "Feature", "geometry": {"type": "Point", "coordinates": [-85.3307609878, 40.8223683251]}, "properties": {"category": "hazard", "full_closure": true, "updated_at": "2026-08-05T16:16"}}, {"type": "Feature", "geometry": {"type": "Point", "coordinates": [-85.1601859054, 39.9099236909]}, "properties": {"category": "congestion", "full_closure": false, "updated_at": "2026-08-05T16:16"}}, {"type": "Feature", "geometry": {"type": "Point", "coordinates": [-85.1490466914, 39.8529992127]}, "properties": {"category": "hazard", "full_closure": true, "updated_at": "2026-08-05T16:16"}}, {"type": "Feature", "geometry": {"type": "Point", "coordinates": [-85.1438820979, 39.851814958]}, "properties": {"category": "hazard", "full_closure": true, "updated_at": "2026-08-05T16:16"}}, {"type": "Feature", "geometry": {"type": "Point", "coordinates": [-85.1430291555, 39.9826209478]}, "properties": {"category": "hazard", "full_closure": true, "updated_at": "2026-08-05T16:16"}}, {"type": "Feature", "geometry": {"type": "Point", "coordinates": [-85.1260185859, 39.9825016168]}, "properties": {"category": "hazard", "full_closure": true, "updated_at": "2026-08-05T16:16"}}, {"type": "Feature", "geometry": {"type": "Point", "coordinates": [-85.0797907135, 40.7004377699]}, "properties": {"category": "hazard", "full_closure": true, "updated_at": "2026-08-05T16:16"}}, {"type": "Feature", "geometry": {"type": "Point", "coordinates": [-84.9815440795, 40.1893334497]}, "properties": {"category": "congestion", "full_closure": false, "updated_at": "2026-08-05T16:16"}}, {"type": "Feature", "geometry": {"type": "Point", "coordinates": [-84.9555802962, 40.6685958805]}, "properties": {"category": "congestion", "full_closure": false, "updated_at": "2026-08-05T16:16"}}, {"type": "Feature", "geometry": {"type": "Point", "coordinates": [-84.9231295904, 40.8315414567]}, "properties": {"category": "hazard", "full_closure": true, "updated_at": "2026-08-05T16:16"}}, {"type": "Feature", "geometry": {"type": "Point", "coordinates": [-84.9026965222, 39.8264346062]}, "properties": {"category": "hazard", "full_closure": true, "updated_at": "2026-08-05T16:16"}}, {"type": "Feature", "geometry": {"type": "Point", "coordinates": [-84.8956154904, 39.8411733163]}, "properties": {"category": "hazard", "full_closure": true, "updated_at": "2026-08-05T16:16"}}, {"type": "Feature", "geometry": {"type": "Point", "coordinates": [-84.895315083, 39.8365773428]}, "properties": {"category": "hazard", "full_closure": true, "updated_at": "2026-08-05T16:16"}}, {"type": "Feature", "geometry": {"type": "Point", "coordinates": [-84.895315083, 39.8365773428]}, "properties": {"category": "hazard", "full_closure": true, "updated_at": "2026-08-05T16:16"}}, {"type": "Feature", "geometry": {"type": "Point", "coordinates": [-84.9010174593, 39.8343645239]}, "properties": {"category": "hazard", "full_closure": true, "updated_at": "2026-08-05T16:16"}}, {"type": "Feature", "geometry": {"type": "Point", "coordinates": [-84.8950884363, 39.8335907284]}, "properties": {"category": "hazard", "full_closure": true, "updated_at": "2026-08-05T16:16"}}, {"type": "Feature", "geometry": {"type": "Point", "coordinates": [-84.8950482032, 39.8216656327]}, "properties": {"category": "congestion", "full_closure": false, "updated_at": "2026-08-05T16:16"}}, {"type": "Feature", "geometry": {"type": "Point", "coordinates": [-84.8892063519, 39.8385715864]}, "properties": {"category": "hazard", "full_closure": true, "updated_at": "2026-08-05T16:16"}}, {"type": "Feature", "geometry": {"type": "Point", "coordinates": [-84.8325701675, 39.8336095231]}, "properties": {"category": "hazard", "full_closure": true, "updated_at": "2026-08-05T16:16"}}, {"type": "Feature", "geometry": {"type": "Point", "coordinates": [-84.8347628733, 39.849215948]}, "properties": {"category": "hazard", "full_closure": true, "updated_at": "2026-08-05T16:16"}}, {"type": "Feature", "geometry": {"type": "Point", "coordinates": [-84.8207429668, 39.8329295647]}, "properties": {"category": "hazard", "full_closure": true, "updated_at": "2026-08-05T16:16"}}, {"type": "Feature", "geometry": {"type": "Point", "coordinates": [-87.5183518854, 41.6322841255]}, "properties": {"category": "congestion", "full_closure": false, "updated_at": "2026-08-05T16:16"}}, {"type": "Feature", "geometry": {"type": "Point", "coordinates": [-87.5088300434, 41.6189655911]}, "properties": {"category": "hazard", "full_closure": true, "updated_at": "2026-08-05T16:16"}}, {"type": "Feature", "geometry": {"type": "Point", "coordinates": [-87.5061746564, 41.6180093728]}, "properties": {"category": "hazard", "full_closure": true, "updated_at": "2026-08-05T16:16"}}, {"type": "Feature", "geometry": {"type": "Point", "coordinates": [-87.4999251094, 41.4917631954]}, "properties": {"category": "congestion", "full_closure": false, "updated_at": "2026-08-05T16:16"}}, {"type": "Feature", "geometry": {"type": "Point", "coordinates": [-87.4822305766, 41.6321795027]}, "properties": {"category": "hazard", "full_closure": true, "updated_at": "2026-08-05T16:16"}}, {"type": "Feature", "geometry": {"type": "Point", "coordinates": [-87.4815761176, 41.6358071842]}, "properties": {"category": "hazard", "full_closure": true, "updated_at": "2026-08-05T16:16"}}, {"type": "Feature", "geometry": {"type": "Point", "coordinates": [-87.483622643, 41.6340007299]}, "properties": {"category": "hazard", "full_closure": true, "updated_at": "2026-08-05T16:16"}}, {"type": "Feature", "geometry": {"type": "Point", "coordinates": [-87.4815653887, 41.6339631419]}, "properties": {"category": "hazard", "full_closure": true, "updated_at": "2026-08-05T16:16"}}, {"type": "Feature", "geometry": {"type": "Point", "coordinates": [-87.4836132553, 41.6358017967]}, "properties": {"category": "hazard", "full_closure": true, "updated_at": "2026-08-05T16:16"}}, {"type": "Feature", "geometry": {"type": "Point", "coordinates": [-87.4794142571, 41.6231015421]}, "properties": {"category": "hazard", "full_closure": true, "updated_at": "2026-08-05T16:16"}}, {"type": "Feature", "geometry": {"type": "Point", "coordinates": [-87.4794142571, 41.6273756914]}, "properties": {"category": "hazard", "full_closure": true, "updated_at": "2026-08-05T16:16"}}, {"type": "Feature", "geometry": {"type": "Point", "coordinates": [-87.4787302938, 41.627386405]}, "properties": {"category": "hazard", "full_closure": true, "updated_at": "2026-08-05T16:16"}}, {"type": "Feature", "geometry": {"type": "Point", "coordinates": [-87.4787155417, 41.6248999686]}, "properties": {"category": "hazard", "full_closure": true, "updated_at": "2026-08-05T16:16"}}, {"type": "Feature", "geometry": {"type": "Point", "coordinates": [-87.4800861505, 41.6248959587]}, "properties": {"category": "hazard", "full_closure": true, "updated_at": "2026-08-05T16:16"}}, {"type": "Feature", "geometry": {"type": "Point", "coordinates": [-87.4795698252, 41.6273783228]}, "properties": {"category": "hazard", "full_closure": true, "updated_at": "2026-08-05T16:16"}}, {"type": "Feature", "geometry": {"type": "Point", "coordinates": [-87.4711785343, 41.5005219516]}, "properties": {"category": "congestion", "full_closure": false, "updated_at": "2026-08-05T16:16"}}, {"type": "Feature", "geometry": {"type": "Point", "coordinates": [-87.4706072238, 41.4781147441]}, "properties": {"category": "congestion", "full_closure": false, "updated_at": "2026-08-05T16:16"}}, {"type": "Feature", "geometry": {"type": "Point", "coordinates": [-87.4783440557, 41.3446815671]}, "properties": {"category": "hazard", "full_closure": true, "updated_at": "2026-08-05T16:16"}}, {"type": "Feature", "geometry": {"type": "Point", "coordinates": [-87.4644435075, 41.4440037837]}, "properties": {"category": "hazard", "full_closure": true, "updated_at": "2026-08-05T16:16"}}, {"type": "Feature", "geometry": {"type": "Point", "coordinates": [-87.4614635733, 41.442967064]}, "properties": {"category": "hazard", "full_closure": true, "updated_at": "2026-08-05T16:16"}}, {"type": "Feature", "geometry": {"type": "Point", "coordinates": [-87.4614515033, 41.3447338595]}, "properties": {"category": "hazard", "full_closure": true, "updated_at": "2026-08-05T16:16"}}, {"type": "Feature", "geometry": {"type": "Point", "coordinates": [-87.4613455561, 41.5017718145]}, "properties": {"category": "hazard", "full_closure": true, "updated_at": "2026-08-05T16:16"}}, {"type": "Feature", "geometry": {"type": "Point", "coordinates": [-87.461408588, 41.5063758223]}, "properties": {"category": "hazard", "full_closure": true, "updated_at": "2026-08-05T16:16"}}, {"type": "Feature", "geometry": {"type": "Point", "coordinates": [-87.4504839507, 41.4927126819]}, "properties": {"category": "hazard", "full_closure": true, "updated_at": "2026-08-05T16:16"}}, {"type": "Feature", "geometry": {"type": "Point", "coordinates": [-87.4612047401, 41.5013748868]}, "properties": {"category": "hazard", "full_closure": true, "updated_at": "2026-08-05T16:16"}}, {"type": "Feature", "geometry": {"type": "Point", "coordinates": [-87.4357881275, 41.5883722986]}, "properties": {"category": "hazard", "full_closure": true, "updated_at": "2026-08-05T16:16"}}, {"type": "Feature", "geometry": {"type": "Point", "coordinates": [-87.4329114583, 41.59088152]}, "properties": {"category": "hazard", "full_closure": true, "updated_at": "2026-08-05T16:16"}}, {"type": "Feature", "geometry": {"type": "Point", "coordinates": [-87.4337456253, 41.5917277474]}, "properties": {"category": "hazard", "full_closure": true, "updated_at": "2026-08-05T16:16"}}, {"type": "Feature", "geometry": {"type": "Point", "coordinates": [-87.43211216, 41.6143253558]}, "properties": {"category": "congestion", "full_closure": false, "updated_at": "2026-08-05T16:16"}}, {"type": "Feature", "geometry": {"type": "Point", "coordinates": [-87.4311975267, 41.4063240992]}, "properties": {"category": "hazard", "full_closure": true, "updated_at": "2026-08-05T16:16"}}, {"type": "Feature", "geometry": {"type": "Point", "coordinates": [-87.4311760691, 41.4279695327]}, "properties": {"category": "hazard", "full_closure": true, "updated_at": "2026-08-05T16:16"}}, {"type": "Feature", "geometry": {"type": "Point", "coordinates": [-87.450450423, 41.3374436077]}, "properties": {"category": "hazard", "full_closure": true, "updated_at": "2026-08-05T16:16"}}, {"type": "Feature", "geometry": {"type": "Point", "coordinates": [-87.4311264482, 41.337266574]}, "properties": {"category": "hazard", "full_closure": true, "updated_at": "2026-08-05T16:16"}}, {"type": "Feature", "geometry": {"type": "Point", "coordinates": [-87.4299342063, 41.2886193886]}, "properties": {"category": "hazard", "full_closure": true, "updated_at": "2026-08-05T16:16"}}, {"type": "Feature", "geometry": {"type": "Point", "coordinates": [-87.4215227988, 41.3777304026]}, "properties": {"category": "congestion", "full_closure": false, "updated_at": "2026-08-05T16:16"}}, {"type": "Feature", "geometry": {"type": "Point", "coordinates": [-87.4412008253, 41.420981001]}, "properties": {"category": "hazard", "full_closure": true, "updated_at": "2026-08-05T16:16"}}, {"type": "Feature", "geometry": {"type": "Point", "coordinates": [-87.4156836298, 41.4207771675]}, "properties": {"category": "hazard", "full_closure": true, "updated_at": "2026-08-05T16:16"}}, {"type": "Feature", "geometry": {"type": "Point", "coordinates": [-87.4027057615, 41.2901335025]}, "properties": {"category": "congestion", "full_closure": false, "updated_at": "2026-08-05T16:16"}}, {"type": "Feature", "geometry": {"type": "Point", "coordinates": [-87.4007692066, 41.4783950736]}, "properties": {"category": "hazard", "full_closure": true, "updated_at": "2026-08-05T16:16"}}, {"type": "Feature", "geometry": {"type": "Point", "coordinates": [-87.3989828554, 41.4793150531]}, "properties": {"category": "hazard", "full_closure": true, "updated_at": "2026-08-05T16:16"}}, {"type": "Feature", "geometry": {"type": "Point", "coordinates": [-87.3989828554, 41.4793150531]}, "properties": {"category": "hazard", "full_closure": true, "updated_at": "2026-08-05T16:16"}}, {"type": "Feature", "geometry": {"type": "Point", "coordinates": [-87.3979032662, 41.5485455299]}, "properties": {"category": "congestion", "full_closure": false, "updated_at": "2026-08-05T16:16"}}, {"type": "Feature", "geometry": {"type": "Point", "coordinates": [-87.3974969116, 41.4205746532]}, "properties": {"category": "hazard", "full_closure": true, "updated_at": "2026-08-05T16:16"}}, {"type": "Feature", "geometry": {"type": "Point", "coordinates": [-87.398054811, 41.4201830737]}, "properties": {"category": "hazard", "full_closure": true, "updated_at": "2026-08-05T16:16"}}, {"type": "Feature", "geometry": {"type": "Point", "coordinates": [-87.373082104, 41.4180735317]}, "properties": {"category": "hazard", "full_closure": true, "updated_at": "2026-08-05T16:16"}}, {"type": "Feature", "geometry": {"type": "Point", "coordinates": [-87.373043212, 41.4188835531]}, "properties": {"category": "hazard", "full_closure": true, "updated_at": "2026-08-05T16:16"}}, {"type": "Feature", "geometry": {"type": "Point", "coordinates": [-87.3549838987, 41.3765890976]}, "properties": {"category": "hazard", "full_closure": true, "updated_at": "2026-08-05T16:16"}}, {"type": "Feature", "geometry": {"type": "Point", "coordinates": [-87.3679000762, 41.3766146335]}, "properties": {"category": "hazard", "full_closure": true, "updated_at": "2026-08-05T16:16"}}, {"type": "Feature", "geometry": {"type": "Point", "coordinates": [-87.3384963598, 41.6038754893]}, "properties": {"category": "hazard", "full_closure": true, "updated_at": "2026-08-05T16:16"}}, {"type": "Feature", "geometry": {"type": "Point", "coordinates": [-87.3384534445, 41.6022715292]}, "properties": {"category": "hazard", "full_closure": true, "updated_at": "2026-08-05T16:16"}}, {"type": "Feature", "geometry": {"type": "Point", "coordinates": [-87.3354896035, 41.4311922221]}, "properties": {"category": "hazard", "full_closure": true, "updated_at": "2026-08-05T16:16"}}, {"type": "Feature", "geometry": {"type": "Point", "coordinates": [-87.3354413238, 41.4274035973]}, "properties": {"category": "hazard", "full_closure": true, "updated_at": "2026-08-05T16:16"}}, {"type": "Feature", "geometry": {"type": "Point", "coordinates": [-87.3345468071, 41.4227217621]}, "properties": {"category": "congestion", "full_closure": false, "updated_at": "2026-08-05T16:16"}}, {"type": "Feature", "geometry": {"type": "Point", "coordinates": [-87.3256043222, 41.4128941715]}, "properties": {"category": "hazard", "full_closure": true, "updated_at": "2026-08-05T16:16"}}, {"type": "Feature", "geometry": {"type": "Point", "coordinates": [-87.3142518726, 41.4129129669]}, "properties": {"category": "hazard", "full_closure": true, "updated_at": "2026-08-05T16:16"}}, {"type": "Feature", "geometry": {"type": "Point", "coordinates": [-87.2701925662, 41.5749746562]}, "properties": {"category": "congestion", "full_closure": false, "updated_at": "2026-08-05T16:16"}}, {"type": "Feature", "geometry": {"type": "Point", "coordinates": [-87.3199180391, 41.5018643448]}, "properties": {"category": "congestion", "full_closure": false, "updated_at": "2026-08-05T16:16"}}, {"type": "Feature", "geometry": {"type": "Point", "coordinates": [-87.3067859438, 41.5628403529]}, "properties": {"category": "congestion", "full_closure": false, "updated_at": "2026-08-05T16:16"}}, {"type": "Feature", "geometry": {"type": "Point", "coordinates": [-87.3026405897, 41.5690282237]}, "properties": {"category": "congestion", "full_closure": false, "updated_at": "2026-08-05T16:16"}}, {"type": "Feature", "geometry": {"type": "Point", "coordinates": [-87.296985152, 41.4616030594]}, "properties": {"category": "hazard", "full_closure": true, "updated_at": "2026-08-05T16:16"}}, {"type": "Feature", "geometry": {"type": "Point", "coordinates": [-87.2969180968, 41.4419907731]}, "properties": {"category": "hazard", "full_closure": true, "updated_at": "2026-08-05T16:16"}}, {"type": "Feature", "geometry": {"type": "Point", "coordinates": [-87.2679354873, 41.528651584]}, "properties": {"category": "hazard", "full_closure": true, "updated_at": "2026-08-05T16:16"}}, {"type": "Feature", "geometry": {"type": "Point", "coordinates": [-87.2656126943, 41.1400088674]}, "properties": {"category": "congestion", "full_closure": false, "updated_at": "2026-08-05T16:16"}}, {"type": "Feature", "geometry": {"type": "Point", "coordinates": [-87.2454183426, 41.5362033573]}, "properties": {"category": "hazard", "full_closure": true, "updated_at": "2026-08-05T16:16"}}, {"type": "Feature", "geometry": {"type": "Point", "coordinates": [-87.2468761232, 41.5362127685]}, "properties": {"category": "hazard", "full_closure": true, "updated_at": "2026-08-05T16:16"}}, {"type": "Feature", "geometry": {"type": "Point", "coordinates": [-87.2382917132, 40.955467524]}, "properties": {"category": "hazard", "full_closure": true, "updated_at": "2026-08-05T16:16"}}, {"type": "Feature", "geometry": {"type": "Point", "coordinates": [-87.2380114224, 40.9699676019]}, "properties": {"category": "hazard", "full_closure": true, "updated_at": "2026-08-05T16:16"}}, {"type": "Feature", "geometry": {"type": "Point", "coordinates": [-87.221914145, 41.5723286808]}, "properties": {"category": "hazard", "full_closure": true, "updated_at": "2026-08-05T16:16"}}, {"type": "Feature", "geometry": {"type": "Point", "coordinates": [-87.220759454, 41.5252854539]}, "properties": {"category": "hazard", "full_closure": true, "updated_at": "2026-08-05T16:16"}}, {"type": "Feature", "geometry": {"type": "Point", "coordinates": [-87.2206065681, 41.5216469775]}, "properties": {"category": "hazard", "full_closure": true, "updated_at": "2026-08-05T16:16"}}, {"type": "Feature", "geometry": {"type": "Point", "coordinates": [-87.2059295204, 41.5651739027]}, "properties": {"category": "congestion", "full_closure": false, "updated_at": "2026-08-05T16:16"}}, {"type": "Feature", "geometry": {"type": "Point", "coordinates": [-87.2022736695, 41.5634774168]}, "properties": {"category": "congestion", "full_closure": false, "updated_at": "2026-08-05T16:16"}}, {"type": "Feature", "geometry": {"type": "Point", "coordinates": [-87.1970634785, 41.5450653827]}, "properties": {"category": "hazard", "full_closure": true, "updated_at": "2026-08-05T16:16"}}, {"type": "Feature", "geometry": {"type": "Point", "coordinates": [-87.1891080465, 41.4202662295]}, "properties": {"category": "hazard", "full_closure": true, "updated_at": "2026-08-05T16:16"}}, {"type": "Feature", "geometry": {"type": "Point", "coordinates": [-87.2122608747, 41.4201763483]}, "properties": {"category": "hazard", "full_closure": true, "updated_at": "2026-08-05T16:16"}}, {"type": "Feature", "geometry": {"type": "Point", "coordinates": [-87.1049295988, 41.5486850405]}, "properties": {"category": "hazard", "full_closure": true, "updated_at": "2026-08-05T16:16"}}, {"type": "Feature", "geometry": {"type": "Point", "coordinates": [-87.1048598613, 41.5403822545]}, "properties": {"category": "hazard", "full_closure": true, "updated_at": "2026-08-05T16:16"}}, {"type": "Feature", "geometry": {"type": "Point", "coordinates": [-87.072812828, 41.4999398878]}, "properties": {"category": "hazard", "full_closure": true, "updated_at": "2026-08-05T16:16"}}, {"type": "Feature", "geometry": {"type": "Point", "coordinates": [-87.0528799917, 41.4898293342]}, "properties": {"category": "congestion", "full_closure": false, "updated_at": "2026-08-05T16:16"}}, {"type": "Feature", "geometry": {"type": "Point", "coordinates": [-87.0519814517, 41.6097186914]}, "properties": {"category": "congestion", "full_closure": false, "updated_at": "2026-08-05T16:16"}}, {"type": "Feature", "geometry": {"type": "Point", "coordinates": [-87.0514986541, 41.6168117614]}, "properties": {"category": "hazard", "full_closure": true, "updated_at": "2026-08-05T16:16"}}, {"type": "Feature", "geometry": {"type": "Point", "coordinates": [-87.0509125914, 41.6168144559]}, "properties": {"category": "hazard", "full_closure": true, "updated_at": "2026-08-05T16:16"}}, {"type": "Feature", "geometry": {"type": "Point", "coordinates": [-87.0460980262, 41.0559779888]}, "properties": {"category": "congestion", "full_closure": false, "updated_at": "2026-08-05T16:16"}}, {"type": "Feature", "geometry": {"type": "Point", "coordinates": [-87.045980009, 41.1147827023]}, "properties": {"category": "congestion", "full_closure": false, "updated_at": "2026-08-05T16:16"}}, {"type": "Feature", "geometry": {"type": "Point", "coordinates": [-87.0164918031, 41.5496251611]}, "properties": {"category": "hazard", "full_closure": true, "updated_at": "2026-08-05T16:16"}}, {"type": "Feature", "geometry": {"type": "Point", "coordinates": [-87.0035514857, 41.5587446311]}, "properties": {"category": "hazard", "full_closure": true, "updated_at": "2026-08-05T16:16"}}, {"type": "Feature", "geometry": {"type": "Point", "coordinates": [-87.0035514857, 41.5587446311]}, "properties": {"category": "hazard", "full_closure": true, "updated_at": "2026-08-05T16:16"}}, {"type": "Feature", "geometry": {"type": "Point", "coordinates": [-86.932307991, 41.6515879506]}, "properties": {"category": "hazard", "full_closure": true, "updated_at": "2026-08-05T16:16"}}, {"type": "Feature", "geometry": {"type": "Point", "coordinates": [-86.9323830928, 41.6660692251]}, "properties": {"category": "hazard", "full_closure": true, "updated_at": "2026-08-05T16:16"}}, {"type": "Feature", "geometry": {"type": "Point", "coordinates": [-86.775699171, 41.1960952516]}, "properties": {"category": "hazard", "full_closure": true, "updated_at": "2026-08-05T16:16"}}, {"type": "Feature", "geometry": {"type": "Point", "coordinates": [-86.7772628988, 41.0563306733]}, "properties": {"category": "hazard", "full_closure": true, "updated_at": "2026-08-05T16:16"}}, {"type": "Feature", "geometry": {"type": "Point", "coordinates": [-86.7382582153, 41.6011691478]}, "properties": {"category": "hazard", "full_closure": true, "updated_at": "2026-08-05T16:16"}}, {"type": "Feature", "geometry": {"type": "Point", "coordinates": [-86.7381536092, 41.6057758587]}, "properties": {"category": "hazard", "full_closure": true, "updated_at": "2026-08-05T16:16"}}, {"type": "Feature", "geometry": {"type": "Point", "coordinates": [-86.737138393, 41.2953477032]}, "properties": {"category": "hazard", "full_closure": true, "updated_at": "2026-08-05T16:16"}}, {"type": "Feature", "geometry": {"type": "Point", "coordinates": [-86.7374227072, 41.3169555368]}, "properties": {"category": "hazard", "full_closure": true, "updated_at": "2026-08-05T16:16"}}, {"type": "Feature", "geometry": {"type": "Point", "coordinates": [-86.7415358747, 41.6030989923]}, "properties": {"category": "hazard", "full_closure": true, "updated_at": "2026-08-05T16:16"}}, {"type": "Feature", "geometry": {"type": "Point", "coordinates": [-86.7360400284, 41.6030373184]}, "properties": {"category": "hazard", "full_closure": true, "updated_at": "2026-08-05T16:16"}}, {"type": "Feature", "geometry": {"type": "Point", "coordinates": [-86.7476687456, 41.6856976313]}, "properties": {"category": "congestion", "full_closure": false, "updated_at": "2026-08-05T16:16"}}, {"type": "Feature", "geometry": {"type": "Point", "coordinates": [-86.7280443634, 41.6845469738]}, "properties": {"category": "congestion", "full_closure": false, "updated_at": "2026-08-05T16:16"}}, {"type": "Feature", "geometry": {"type": "Point", "coordinates": [-86.7271967853, 41.6070391682]}, "properties": {"category": "congestion", "full_closure": false, "updated_at": "2026-08-05T16:16"}}, {"type": "Feature", "geometry": {"type": "Point", "coordinates": [-86.714385214, 41.6004007039]}, "properties": {"category": "hazard", "full_closure": true, "updated_at": "2026-08-05T16:16"}}, {"type": "Feature", "geometry": {"type": "Point", "coordinates": [-86.7123775805, 41.6014266309]}, "properties": {"category": "hazard", "full_closure": true, "updated_at": "2026-08-05T16:16"}}, {"type": "Feature", "geometry": {"type": "Point", "coordinates": [-86.7160213615, 41.60372795]}, "properties": {"category": "hazard", "full_closure": true, "updated_at": "2026-08-05T16:16"}}, {"type": "Feature", "geometry": {"type": "Point", "coordinates": [-86.7087364818, 41.5959321403]}, "properties": {"category": "hazard", "full_closure": true, "updated_at": "2026-08-05T16:16"}}, {"type": "Feature", "geometry": {"type": "Point", "coordinates": [-86.695649984, 41.6228655118]}, "properties": {"category": "hazard", "full_closure": true, "updated_at": "2026-08-05T16:16"}}, {"type": "Feature", "geometry": {"type": "Point", "coordinates": [-86.6944429899, 41.6215110304]}, "properties": {"category": "hazard", "full_closure": true, "updated_at": "2026-08-05T16:16"}}, {"type": "Feature", "geometry": {"type": "Point", "coordinates": [-86.6885287191, 41.6257086584]}, "properties": {"category": "congestion", "full_closure": false, "updated_at": "2026-08-05T16:16"}}, {"type": "Feature", "geometry": {"type": "Point", "coordinates": [-86.6235508645, 41.6720773402]}, "properties": {"category": "hazard", "full_closure": true, "updated_at": "2026-08-05T16:16"}}, {"type": "Feature", "geometry": {"type": "Point", "coordinates": [-86.6023775066, 41.6657151335]}, "properties": {"category": "congestion", "full_closure": false, "updated_at": "2026-08-05T16:16"}}, {"type": "Feature", "geometry": {"type": "Point", "coordinates": [-86.4732023204, 41.6715315069]}, "properties": {"category": "hazard", "full_closure": true, "updated_at": "2026-08-05T16:16"}}, {"type": "Feature", "geometry": {"type": "Point", "coordinates": [-86.4623460794, 41.6576041803]}, "properties": {"category": "hazard", "full_closure": true, "updated_at": "2026-08-05T16:16"}}, {"type": "Feature", "geometry": {"type": "Point", "coordinates": [-86.4817384506, 41.6649346223]}, "properties": {"category": "hazard", "full_closure": true, "updated_at": "2026-08-05T16:16"}}, {"type": "Feature", "geometry": {"type": "Point", "coordinates": [-86.462405088, 41.6719365309]}, "properties": {"category": "hazard", "full_closure": true, "updated_at": "2026-08-05T16:16"}}, {"type": "Feature", "geometry": {"type": "Point", "coordinates": [-86.4623460794, 41.6576041803]}, "properties": {"category": "hazard", "full_closure": true, "updated_at": "2026-08-05T16:16"}}, {"type": "Feature", "geometry": {"type": "Point", "coordinates": [-86.460467192, 41.6938166866]}, "properties": {"category": "hazard", "full_closure": true, "updated_at": "2026-08-05T16:16"}}, {"type": "Feature", "geometry": {"type": "Point", "coordinates": [-86.4526995147, 41.6938126183]}, "properties": {"category": "hazard", "full_closure": true, "updated_at": "2026-08-05T16:16"}}, {"type": "Feature", "geometry": {"type": "Point", "coordinates": [-86.4478514219, 41.6937871448]}, "properties": {"category": "hazard", "full_closure": true, "updated_at": "2026-08-05T16:16"}}, {"type": "Feature", "geometry": {"type": "Point", "coordinates": [-86.3847953701, 41.5962392268]}, "properties": {"category": "congestion", "full_closure": false, "updated_at": "2026-08-05T16:16"}}, {"type": "Feature", "geometry": {"type": "Point", "coordinates": [-86.3033997142, 41.6755186505]}, "properties": {"category": "hazard", "full_closure": true, "updated_at": "2026-08-05T16:16"}}, {"type": "Feature", "geometry": {"type": "Point", "coordinates": [-86.2865514183, 41.6873967883]}, "properties": {"category": "hazard", "full_closure": true, "updated_at": "2026-08-05T16:16"}}, {"type": "Feature", "geometry": {"type": "Point", "coordinates": [-86.2864025557, 41.6890637901]}, "properties": {"category": "hazard", "full_closure": true, "updated_at": "2026-08-05T16:16"}}, {"type": "Feature", "geometry": {"type": "Point", "coordinates": [-86.2837552154, 41.6924124981]}, "properties": {"category": "hazard", "full_closure": true, "updated_at": "2026-08-05T16:16"}}, {"type": "Feature", "geometry": {"type": "Point", "coordinates": [-86.2837310755, 41.6907334403]}, "properties": {"category": "hazard", "full_closure": true, "updated_at": "2026-08-05T16:16"}}, {"type": "Feature", "geometry": {"type": "Point", "coordinates": [-86.2671644116, 41.6522384181]}, "properties": {"category": "hazard", "full_closure": true, "updated_at": "2026-08-05T16:16"}}, {"type": "Feature", "geometry": {"type": "Point", "coordinates": [-86.2671644116, 41.6522384181]}, "properties": {"category": "hazard", "full_closure": true, "updated_at": "2026-08-05T16:16"}}, {"type": "Feature", "geometry": {"type": "Point", "coordinates": [-86.2704031789, 41.6761905379]}, "properties": {"category": "hazard", "full_closure": true, "updated_at": "2026-08-05T16:16"}}, {"type": "Feature", "geometry": {"type": "Point", "coordinates": [-86.2637901926, 41.6762736782]}, "properties": {"category": "hazard", "full_closure": true, "updated_at": "2026-08-05T16:16"}}, {"type": "Feature", "geometry": {"type": "Point", "coordinates": [-86.2510765219, 41.6804364386]}, "properties": {"category": "hazard", "full_closure": true, "updated_at": "2026-08-05T16:16"}}, {"type": "Feature", "geometry": {"type": "Point", "coordinates": [-86.2520608926, 41.6804230419]}, "properties": {"category": "hazard", "full_closure": true, "updated_at": "2026-08-05T16:16"}}, {"type": "Feature", "geometry": {"type": "Point", "coordinates": [-86.2467769408, 41.6777877762]}, "properties": {"category": "hazard", "full_closure": true, "updated_at": "2026-08-05T16:16"}}, {"type": "Feature", "geometry": {"type": "Point", "coordinates": [-86.247266444, 41.6777850842]}, "properties": {"category": "hazard", "full_closure": true, "updated_at": "2026-08-05T16:16"}}, {"type": "Feature", "geometry": {"type": "Point", "coordinates": [-86.2463142598, 41.675066694]}, "properties": {"category": "congestion", "full_closure": false, "updated_at": "2026-08-05T16:16"}}, {"type": "Feature", "geometry": {"type": "Point", "coordinates": [-86.2443616116, 41.6771185975]}, "properties": {"category": "hazard", "full_closure": true, "updated_at": "2026-08-05T16:16"}}, {"type": "Feature", "geometry": {"type": "Point", "coordinates": [-86.2443616116, 41.6778038654]}, "properties": {"category": "hazard", "full_closure": true, "updated_at": "2026-08-05T16:16"}}, {"type": "Feature", "geometry": {"type": "Point", "coordinates": [-86.2468936169, 41.2376306074]}, "properties": {"category": "congestion", "full_closure": false, "updated_at": "2026-08-05T16:16"}}, {"type": "Feature", "geometry": {"type": "Point", "coordinates": [-86.2428810322, 41.6778119414]}, "properties": {"category": "hazard", "full_closure": true, "updated_at": "2026-08-05T16:16"}}, {"type": "Feature", "geometry": {"type": "Point", "coordinates": [-86.2462860966, 41.6777917829]}, "properties": {"category": "hazard", "full_closure": true, "updated_at": "2026-08-05T16:16"}}, {"type": "Feature", "geometry": {"type": "Point", "coordinates": [-86.2320998931, 41.6953442035]}, "properties": {"category": "hazard", "full_closure": true, "updated_at": "2026-08-05T16:16"}}, {"type": "Feature", "geometry": {"type": "Point", "coordinates": [-86.23204759, 41.6929395653]}, "properties": {"category": "hazard", "full_closure": true, "updated_at": "2026-08-05T16:16"}}, {"type": "Feature", "geometry": {"type": "Point", "coordinates": [-86.2160052979, 41.6754314399]}, "properties": {"category": "congestion", "full_closure": false, "updated_at": "2026-08-05T16:16"}}, {"type": "Feature", "geometry": {"type": "Point", "coordinates": [-86.2069219971, 41.4503472049]}, "properties": {"category": "hazard", "full_closure": true, "updated_at": "2026-08-05T16:16"}}, {"type": "Feature", "geometry": {"type": "Point", "coordinates": [-86.1961596334, 41.0544276717]}, "properties": {"category": "congestion", "full_closure": false, "updated_at": "2026-08-05T16:16"}}, {"type": "Feature", "geometry": {"type": "Point", "coordinates": [-86.195423367, 41.6661322163]}, "properties": {"category": "hazard", "full_closure": true, "updated_at": "2026-08-05T16:16"}}, {"type": "Feature", "geometry": {"type": "Point", "coordinates": [-86.1818661415, 41.666216747]}, "properties": {"category": "hazard", "full_closure": true, "updated_at": "2026-08-05T16:16"}}, {"type": "Feature", "geometry": {"type": "Point", "coordinates": [-86.1964506531, 41.6658076796]}, "properties": {"category": "hazard", "full_closure": true, "updated_at": "2026-08-05T16:16"}}, {"type": "Feature", "geometry": {"type": "Point", "coordinates": [-86.1813404286, 41.6662220694]}, "properties": {"category": "hazard", "full_closure": true, "updated_at": "2026-08-05T16:16"}}, {"type": "Feature", "geometry": {"type": "Point", "coordinates": [-86.1777060354, 41.7277720604]}, "properties": {"category": "congestion", "full_closure": false, "updated_at": "2026-08-05T16:16"}}, {"type": "Feature", "geometry": {"type": "Point", "coordinates": [-86.1770395064, 41.6559773831]}, "properties": {"category": "congestion", "full_closure": false, "updated_at": "2026-08-05T16:16"}}, {"type": "Feature", "geometry": {"type": "Point", "coordinates": [-86.1725789928, 41.6512245101]}, "properties": {"category": "hazard", "full_closure": true, "updated_at": "2026-08-05T16:16"}}, {"type": "Feature", "geometry": {"type": "Point", "coordinates": [-86.1587495231, 41.6663964529]}, "properties": {"category": "hazard", "full_closure": true, "updated_at": "2026-08-05T16:16"}}, {"type": "Feature", "geometry": {"type": "Point", "coordinates": [-86.1619064832, 41.6663856831]}, "properties": {"category": "hazard", "full_closure": true, "updated_at": "2026-08-05T16:16"}}, {"type": "Feature", "geometry": {"type": "Point", "coordinates": [-86.1576887095, 41.6663977678]}, "properties": {"category": "hazard", "full_closure": true, "updated_at": "2026-08-05T16:16"}}, {"type": "Feature", "geometry": {"type": "Point", "coordinates": [-86.1576846862, 41.6646530348]}, "properties": {"category": "hazard", "full_closure": true, "updated_at": "2026-08-05T16:16"}}, {"type": "Feature", "geometry": {"type": "Point", "coordinates": [-86.1576887095, 41.6663977678]}, "properties": {"category": "hazard", "full_closure": true, "updated_at": "2026-08-05T16:16"}}, {"type": "Feature", "geometry": {"type": "Point", "coordinates": [-86.1595394337, 41.6512674116]}, "properties": {"category": "hazard", "full_closure": true, "updated_at": "2026-08-05T16:16"}}, {"type": "Feature", "geometry": {"type": "Point", "coordinates": [-86.1628707373, 41.1274226621]}, "properties": {"category": "hazard", "full_closure": true, "updated_at": "2026-08-05T16:16"}}, {"type": "Feature", "geometry": {"type": "Point", "coordinates": [-86.1244628453, 41.6634567282]}, "properties": {"category": "hazard", "full_closure": true, "updated_at": "2026-08-05T16:16"}}, {"type": "Feature", "geometry": {"type": "Point", "coordinates": [-86.1208928251, 41.6644961167]}, "properties": {"category": "hazard", "full_closure": true, "updated_at": "2026-08-05T16:16"}}, {"type": "Feature", "geometry": {"type": "Point", "coordinates": [-86.1225745702, 41.6640146526]}, "properties": {"category": "hazard", "full_closure": true, "updated_at": "2026-08-05T16:16"}}, {"type": "Feature", "geometry": {"type": "Point", "coordinates": [-86.0408597314, 41.5643410617]}, "properties": {"category": "hazard", "full_closure": true, "updated_at": "2026-08-05T16:16"}}, {"type": "Feature", "geometry": {"type": "Point", "coordinates": [-86.0411306345, 41.6085773929]}, "properties": {"category": "hazard", "full_closure": true, "updated_at": "2026-08-05T16:16"}}, {"type": "Feature", "geometry": {"type": "Point", "coordinates": [-86.0353451097, 41.6086216389]}, "properties": {"category": "hazard", "full_closure": true, "updated_at": "2026-08-05T16:16"}}, {"type": "Feature", "geometry": {"type": "Point", "coordinates": [-86.0034160935, 41.6996370291]}, "properties": {"category": "congestion", "full_closure": false, "updated_at": "2026-08-05T16:16"}}, {"type": "Feature", "geometry": {"type": "Point", "coordinates": [-86.0031036162, 41.6616945073]}, "properties": {"category": "congestion", "full_closure": false, "updated_at": "2026-08-05T16:16"}}, {"type": "Feature", "geometry": {"type": "Point", "coordinates": [-85.9993874156, 41.6713505006]}, "properties": {"category": "congestion", "full_closure": false, "updated_at": "2026-08-05T16:16"}}, {"type": "Feature", "geometry": {"type": "Point", "coordinates": [-85.9853326404, 41.4436483478]}, "properties": {"category": "hazard", "full_closure": true, "updated_at": "2026-08-05T16:16"}}, {"type": "Feature", "geometry": {"type": "Point", "coordinates": [-85.9853259348, 41.4429590216]}, "properties": {"category": "hazard", "full_closure": true, "updated_at": "2026-08-05T16:16"}}, {"type": "Feature", "geometry": {"type": "Point", "coordinates": [-85.9848873937, 41.6741775468]}, "properties": {"category": "hazard", "full_closure": true, "updated_at": "2026-08-05T16:16"}}, {"type": "Feature", "geometry": {"type": "Point", "coordinates": [-85.9878324592, 41.6742057203]}, "properties": {"category": "hazard", "full_closure": true, "updated_at": "2026-08-05T16:16"}}, {"type": "Feature", "geometry": {"type": "Point", "coordinates": [-85.9849316501, 41.6780560342]}, "properties": {"category": "hazard", "full_closure": true, "updated_at": "2026-08-05T16:16"}}, {"type": "Feature", "geometry": {"type": "Point", "coordinates": [-85.9848753237, 41.6730818417]}, "properties": {"category": "hazard", "full_closure": true, "updated_at": "2026-08-05T16:16"}}, {"type": "Feature", "geometry": {"type": "Point", "coordinates": [-85.9803826236, 41.6741198852]}, "properties": {"category": "hazard", "full_closure": true, "updated_at": "2026-08-05T16:16"}}, {"type": "Feature", "geometry": {"type": "Point", "coordinates": [-85.9848766648, 41.673619648]}, "properties": {"category": "hazard", "full_closure": true, "updated_at": "2026-08-05T16:16"}}, {"type": "Feature", "geometry": {"type": "Point", "coordinates": [-85.9849316501, 41.6780560342]}, "properties": {"category": "hazard", "full_closure": true, "updated_at": "2026-08-05T16:16"}}, {"type": "Feature", "geometry": {"type": "Point", "coordinates": [-85.9756860756, 41.6867745308]}, "properties": {"category": "hazard", "full_closure": true, "updated_at": "2026-08-05T16:16"}}, {"type": "Feature", "geometry": {"type": "Point", "coordinates": [-85.9744415306, 41.6859122114]}, "properties": {"category": "hazard", "full_closure": true, "updated_at": "2026-08-05T16:16"}}, {"type": "Feature", "geometry": {"type": "Point", "coordinates": [-85.9735362851, 41.6873807014]}, "properties": {"category": "hazard", "full_closure": true, "updated_at": "2026-08-05T16:16"}}, {"type": "Feature", "geometry": {"type": "Point", "coordinates": [-85.9749645614, 41.6869730204]}, "properties": {"category": "hazard", "full_closure": true, "updated_at": "2026-08-05T16:16"}}, {"type": "Feature", "geometry": {"type": "Point", "coordinates": [-85.9694754207, 41.684884937]}, "properties": {"category": "hazard", "full_closure": true, "updated_at": "2026-08-05T16:16"}}, {"type": "Feature", "geometry": {"type": "Point", "coordinates": [-85.9725103402, 41.6876288266]}, "properties": {"category": "hazard", "full_closure": true, "updated_at": "2026-08-05T16:16"}}, {"type": "Feature", "geometry": {"type": "Point", "coordinates": [-85.9655392789, 41.6778495038]}, "properties": {"category": "hazard", "full_closure": true, "updated_at": "2026-08-05T16:16"}}, {"type": "Feature", "geometry": {"type": "Point", "coordinates": [-85.9702036404, 41.6812156351]}, "properties": {"category": "hazard", "full_closure": true, "updated_at": "2026-08-05T16:16"}}, {"type": "Feature", "geometry": {"type": "Point", "coordinates": [-85.9651101255, 41.7377284283]}, "properties": {"category": "hazard", "full_closure": true, "updated_at": "2026-08-05T16:16"}}, {"type": "Feature", "geometry": {"type": "Point", "coordinates": [-85.9664311134, 41.7377177329]}, "properties": {"category": "hazard", "full_closure": true, "updated_at": "2026-08-05T16:16"}}, {"type": "Feature", "geometry": {"type": "Point", "coordinates": [-85.9420538568, 41.3195425743]}, "properties": {"category": "hazard", "full_closure": true, "updated_at": "2026-08-05T16:16"}}, {"type": "Feature", "geometry": {"type": "Point", "coordinates": [-85.9417883181, 41.3122925666]}, "properties": {"category": "hazard", "full_closure": true, "updated_at": "2026-08-05T16:16"}}, {"type": "Feature", "geometry": {"type": "Point", "coordinates": [-85.9240334355, 41.6413915491]}, "properties": {"category": "hazard", "full_closure": true, "updated_at": "2026-08-05T16:16"}}, {"type": "Feature", "geometry": {"type": "Point", "coordinates": [-85.9215430044, 41.6385081887]}, "properties": {"category": "hazard", "full_closure": true, "updated_at": "2026-08-05T16:16"}}, {"type": "Feature", "geometry": {"type": "Point", "coordinates": [-85.9215228879, 41.6377155708]}, "properties": {"category": "hazard", "full_closure": true, "updated_at": "2026-08-05T16:16"}}, {"type": "Feature", "geometry": {"type": "Point", "coordinates": [-85.9198827171, 41.7023956843]}, "properties": {"category": "hazard", "full_closure": true, "updated_at": "2026-08-05T16:16"}}, {"type": "Feature", "geometry": {"type": "Point", "coordinates": [-85.9198263907, 41.7012209188]}, "properties": {"category": "hazard", "full_closure": true, "updated_at": "2026-08-05T16:16"}}, {"type": "Feature", "geometry": {"type": "Point", "coordinates": [-85.9193516397, 41.6450782162]}, "properties": {"category": "hazard", "full_closure": true, "updated_at": "2026-08-05T16:16"}}, {"type": "Feature", "geometry": {"type": "Point", "coordinates": [-85.924784454, 41.7022213357]}, "properties": {"category": "hazard", "full_closure": true, "updated_at": "2026-08-05T16:16"}}, {"type": "Feature", "geometry": {"type": "Point", "coordinates": [-85.8669023835, 41.247278465]}, "properties": {"category": "congestion", "full_closure": false, "updated_at": "2026-08-05T16:16"}}, {"type": "Feature", "geometry": {"type": "Point", "coordinates": [-85.8592245602, 41.2420240578]}, "properties": {"category": "hazard", "full_closure": true, "updated_at": "2026-08-05T16:16"}}, {"type": "Feature", "geometry": {"type": "Point", "coordinates": [-85.8579250299, 41.2400780956]}, "properties": {"category": "hazard", "full_closure": true, "updated_at": "2026-08-05T16:16"}}, {"type": "Feature", "geometry": {"type": "Point", "coordinates": [-85.8579370998, 41.239087035]}, "properties": {"category": "hazard", "full_closure": true, "updated_at": "2026-08-05T16:16"}}, {"type": "Feature", "geometry": {"type": "Point", "coordinates": [-85.8537796759, 41.5946902396]}, "properties": {"category": "hazard", "full_closure": true, "updated_at": "2026-08-05T16:16"}}, {"type": "Feature", "geometry": {"type": "Point", "coordinates": [-85.8462252342, 41.2630337961]}, "properties": {"category": "hazard", "full_closure": true, "updated_at": "2026-08-05T16:16"}}, {"type": "Feature", "geometry": {"type": "Point", "coordinates": [-85.8436355614, 41.2630874141]}, "properties": {"category": "hazard", "full_closure": true, "updated_at": "2026-08-05T16:16"}}, {"type": "Feature", "geometry": {"type": "Point", "coordinates": [-85.8423896753, 41.2636466517]}, "properties": {"category": "hazard", "full_closure": true, "updated_at": "2026-08-05T16:16"}}, {"type": "Feature", "geometry": {"type": "Point", "coordinates": [-85.8438085639, 41.2630767031]}, "properties": {"category": "hazard", "full_closure": true, "updated_at": "2026-08-05T16:16"}}, {"type": "Feature", "geometry": {"type": "Point", "coordinates": [-85.8233982944, 41.2574668605]}, "properties": {"category": "hazard", "full_closure": true, "updated_at": "2026-08-05T16:16"}}, {"type": "Feature", "geometry": {"type": "Point", "coordinates": [-85.8233996355, 41.2633690497]}, "properties": {"category": "hazard", "full_closure": true, "updated_at": "2026-08-05T16:16"}}, {"type": "Feature", "geometry": {"type": "Point", "coordinates": [-85.8222959064, 41.5900419892]}, "properties": {"category": "hazard", "full_closure": true, "updated_at": "2026-08-05T16:16"}}, {"type": "Feature", "geometry": {"type": "Point", "coordinates": [-85.822265061, 41.5887384131]}, "properties": {"category": "hazard", "full_closure": true, "updated_at": "2026-08-05T16:16"}}, {"type": "Feature", "geometry": {"type": "Point", "coordinates": [-85.8201259994, 41.551604595]}, "properties": {"category": "congestion", "full_closure": false, "updated_at": "2026-08-05T16:16"}}, {"type": "Feature", "geometry": {"type": "Point", "coordinates": [-85.817939999, 41.5446013448]}, "properties": {"category": "hazard", "full_closure": true, "updated_at": "2026-08-05T16:16"}}, {"type": "Feature", "geometry": {"type": "Point", "coordinates": [-85.8219579481, 41.5402990644]}, "properties": {"category": "hazard", "full_closure": true, "updated_at": "2026-08-05T16:16"}}, {"type": "Feature", "geometry": {"type": "Point", "coordinates": [-85.8159578465, 41.7215024469]}, "properties": {"category": "congestion", "full_closure": false, "updated_at": "2026-08-05T16:16"}}, {"type": "Feature", "geometry": {"type": "Point", "coordinates": [-85.7702047252, 40.9990212702]}, "properties": {"category": "hazard", "full_closure": true, "updated_at": "2026-08-05T16:16"}}, {"type": "Feature", "geometry": {"type": "Point", "coordinates": [-85.7702945792, 40.9969143634]}, "properties": {"category": "hazard", "full_closure": true, "updated_at": "2026-08-05T16:16"}}, {"type": "Feature", "geometry": {"type": "Point", "coordinates": [-85.7658233367, 40.9963135615]}, "properties": {"category": "hazard", "full_closure": true, "updated_at": "2026-08-05T16:16"}}, {"type": "Feature", "geometry": {"type": "Point", "coordinates": [-85.7650361084, 40.9957824702]}, "properties": {"category": "hazard", "full_closure": true, "updated_at": "2026-08-05T16:16"}}, {"type": "Feature", "geometry": {"type": "Point", "coordinates": [-85.7624464356, 41.1095135498]}, "properties": {"category": "hazard", "full_closure": true, "updated_at": "2026-08-05T16:16"}}, {"type": "Feature", "geometry": {"type": "Point", "coordinates": [-85.7624169313, 40.9991325444]}, "properties": {"category": "hazard", "full_closure": true, "updated_at": "2026-08-05T16:16"}}, {"type": "Feature", "geometry": {"type": "Point", "coordinates": [-85.6994078182, 41.265017255]}, "properties": {"category": "hazard", "full_closure": true, "updated_at": "2026-08-05T16:16"}}, {"type": "Feature", "geometry": {"type": "Point", "coordinates": [-85.6981726609, 41.2714706876]}, "properties": {"category": "hazard", "full_closure": true, "updated_at": "2026-08-05T16:16"}}, {"type": "Feature", "geometry": {"type": "Point", "coordinates": [-85.6944564603, 41.2758386178]}, "properties": {"category": "hazard", "full_closure": true, "updated_at": "2026-08-05T16:16"}}, {"type": "Feature", "geometry": {"type": "Point", "coordinates": [-85.6908555947, 41.5523958246]}, "properties": {"category": "congestion", "full_closure": false, "updated_at": "2026-08-05T16:16"}}, {"type": "Feature", "geometry": {"type": "Point", "coordinates": [-85.677858951, 41.5523999018]}, "properties": {"category": "hazard", "full_closure": true, "updated_at": "2026-08-05T16:16"}}, {"type": "Feature", "geometry": {"type": "Point", "coordinates": [-85.6321702026, 41.083101803]}, "properties": {"category": "hazard", "full_closure": true, "updated_at": "2026-08-05T16:16"}}, {"type": "Feature", "geometry": {"type": "Point", "coordinates": [-85.6292774402, 41.083101803]}, "properties": {"category": "hazard", "full_closure": true, "updated_at": "2026-08-05T16:16"}}, {"type": "Feature", "geometry": {"type": "Point", "coordinates": [-85.619342538, 41.6586931351]}, "properties": {"category": "congestion", "full_closure": false, "updated_at": "2026-08-05T16:16"}}, {"type": "Feature", "geometry": {"type": "Point", "coordinates": [-85.5863594137, 41.4545193319]}, "properties": {"category": "congestion", "full_closure": false, "updated_at": "2026-08-05T16:16"}}, {"type": "Feature", "geometry": {"type": "Point", "coordinates": [-85.5670448266, 41.4564465201]}, "properties": {"category": "hazard", "full_closure": true, "updated_at": "2026-08-05T16:16"}}, {"type": "Feature", "geometry": {"type": "Point", "coordinates": [-85.5491920434, 41.003385241]}, "properties": {"category": "hazard", "full_closure": true, "updated_at": "2026-08-05T16:16"}}, {"type": "Feature", "geometry": {"type": "Point", "coordinates": [-85.5393845461, 41.539383088]}, "properties": {"category": "hazard", "full_closure": true, "updated_at": "2026-08-05T16:16"}}, {"type": "Feature", "geometry": {"type": "Point", "coordinates": [-85.5129393063, 40.8983297682]}, "properties": {"category": "congestion", "full_closure": false, "updated_at": "2026-08-05T16:16"}}, {"type": "Feature", "geometry": {"type": "Point", "coordinates": [-85.5738536142, 41.002977493]}, "properties": {"category": "hazard", "full_closure": true, "updated_at": "2026-08-05T16:16"}}, {"type": "Feature", "geometry": {"type": "Point", "coordinates": [-85.5093639217, 40.9258103903]}, "properties": {"category": "hazard", "full_closure": true, "updated_at": "2026-08-05T16:16"}}, {"type": "Feature", "geometry": {"type": "Point", "coordinates": [-85.4992841802, 40.8864046824]}, "properties": {"category": "hazard", "full_closure": true, "updated_at": "2026-08-05T16:16"}}, {"type": "Feature", "geometry": {"type": "Point", "coordinates": [-85.4999118171, 41.3149130928]}, "properties": {"category": "congestion", "full_closure": false, "updated_at": "2026-08-05T16:16"}}, {"type": "Feature", "geometry": {"type": "Point", "coordinates": [-85.4956940435, 41.1639529691]}, "properties": {"category": "congestion", "full_closure": false, "updated_at": "2026-08-05T16:16"}}, {"type": "Feature", "geometry": {"type": "Point", "coordinates": [-85.4950610421, 41.3321757505]}, "properties": {"category": "congestion", "full_closure": false, "updated_at": "2026-08-05T16:16"}}, {"type": "Feature", "geometry": {"type": "Point", "coordinates": [-85.4760522268, 40.8973990546]}, "properties": {"category": "congestion", "full_closure": false, "updated_at": "2026-08-05T16:16"}}, {"type": "Feature", "geometry": {"type": "Point", "coordinates": [-85.4714804016, 40.8989628234]}, "properties": {"category": "congestion", "full_closure": false, "updated_at": "2026-08-05T16:16"}}, {"type": "Feature", "geometry": {"type": "Point", "coordinates": [-85.4179703317, 41.6444224149]}, "properties": {"category": "congestion", "full_closure": false, "updated_at": "2026-08-05T16:16"}}, {"type": "Feature", "geometry": {"type": "Point", "coordinates": [-85.4295239471, 41.6414103409]}, "properties": {"category": "congestion", "full_closure": false, "updated_at": "2026-08-05T16:16"}}, {"type": "Feature", "geometry": {"type": "Point", "coordinates": [-85.4101315759, 41.1672440668]}, "properties": {"category": "hazard", "full_closure": true, "updated_at": "2026-08-05T16:16"}}, {"type": "Feature", "geometry": {"type": "Point", "coordinates": [-85.3711175046, 40.9592346934]}, "properties": {"category": "congestion", "full_closure": false, "updated_at": "2026-08-05T16:16"}}, {"type": "Feature", "geometry": {"type": "Point", "coordinates": [-85.2903441212, 41.1037427437]}, "properties": {"category": "hazard", "full_closure": true, "updated_at": "2026-08-05T16:16"}}, {"type": "Feature", "geometry": {"type": "Point", "coordinates": [-85.2903883777, 41.1047244222]}, "properties": {"category": "hazard", "full_closure": true, "updated_at": "2026-08-05T16:16"}}, {"type": "Feature", "geometry": {"type": "Point", "coordinates": [-85.2937599144, 41.0675074526]}, "properties": {"category": "hazard", "full_closure": true, "updated_at": "2026-08-05T16:16"}}, {"type": "Feature", "geometry": {"type": "Point", "coordinates": [-85.2848201118, 41.0717721639]}, "properties": {"category": "hazard", "full_closure": true, "updated_at": "2026-08-05T16:16"}}, {"type": "Feature", "geometry": {"type": "Point", "coordinates": [-85.2803233884, 41.4377179924]}, "properties": {"category": "hazard", "full_closure": true, "updated_at": "2026-08-05T16:16"}}, {"type": "Feature", "geometry": {"type": "Point", "coordinates": [-85.2749536059, 41.4376992041]}, "properties": {"category": "hazard", "full_closure": true, "updated_at": "2026-08-05T16:16"}}, {"type": "Feature", "geometry": {"type": "Point", "coordinates": [-85.269463124, 41.039674192]}, "properties": {"category": "congestion", "full_closure": false, "updated_at": "2026-08-05T16:16"}}, {"type": "Feature", "geometry": {"type": "Point", "coordinates": [-85.2414166055, 41.3874359682]}, "properties": {"category": "hazard", "full_closure": true, "updated_at": "2026-08-05T16:16"}}, {"type": "Feature", "geometry": {"type": "Point", "coordinates": [-85.2397965512, 41.380239618]}, "properties": {"category": "hazard", "full_closure": true, "updated_at": "2026-08-05T16:16"}}, {"type": "Feature", "geometry": {"type": "Point", "coordinates": [-85.1901072881, 41.1860771944]}, "properties": {"category": "congestion", "full_closure": false, "updated_at": "2026-08-05T16:16"}}, {"type": "Feature", "geometry": {"type": "Point", "coordinates": [-85.1901086292, 41.1843015285]}, "properties": {"category": "congestion", "full_closure": false, "updated_at": "2026-08-05T16:16"}}, {"type": "Feature", "geometry": {"type": "Point", "coordinates": [-85.1720546803, 41.126443596]}, "properties": {"category": "congestion", "full_closure": false, "updated_at": "2026-08-05T16:16"}}, {"type": "Feature", "geometry": {"type": "Point", "coordinates": [-85.1716577134, 41.0223376778]}, "properties": {"category": "hazard", "full_closure": true, "updated_at": "2026-08-05T16:16"}}, {"type": "Feature", "geometry": {"type": "Point", "coordinates": [-85.17121649, 41.0245290766]}, "properties": {"category": "hazard", "full_closure": true, "updated_at": "2026-08-05T16:16"}}, {"type": "Feature", "geometry": {"type": "Point", "coordinates": [-85.1758956036, 41.206191043]}, "properties": {"category": "congestion", "full_closure": false, "updated_at": "2026-08-05T16:16"}}, {"type": "Feature", "geometry": {"type": "Point", "coordinates": [-85.1682164392, 40.9746963]}, "properties": {"category": "hazard", "full_closure": true, "updated_at": "2026-08-05T16:16"}}, {"type": "Feature", "geometry": {"type": "Point", "coordinates": [-85.1684712491, 40.9892378967]}, "properties": {"category": "hazard", "full_closure": true, "updated_at": "2026-08-05T16:16"}}, {"type": "Feature", "geometry": {"type": "Point", "coordinates": [-85.1927506051, 41.1464596177]}, "properties": {"category": "hazard", "full_closure": true, "updated_at": "2026-08-05T16:16"}}, {"type": "Feature", "geometry": {"type": "Point", "coordinates": [-85.1673125348, 41.0303829673]}, "properties": {"category": "hazard", "full_closure": true, "updated_at": "2026-08-05T16:16"}}, {"type": "Feature", "geometry": {"type": "Point", "coordinates": [-85.1672562084, 41.0303347229]}, "properties": {"category": "hazard", "full_closure": true, "updated_at": "2026-08-05T16:16"}}, {"type": "Feature", "geometry": {"type": "Point", "coordinates": [-85.1718266926, 41.0316235254]}, "properties": {"category": "hazard", "full_closure": true, "updated_at": "2026-08-05T16:16"}}, {"type": "Feature", "geometry": {"type": "Point", "coordinates": [-85.1773667953, 41.1917272248]}, "properties": {"category": "congestion", "full_closure": false, "updated_at": "2026-08-05T16:16"}}, {"type": "Feature", "geometry": {"type": "Point", "coordinates": [-85.1709576568, 41.0255335645]}, "properties": {"category": "hazard", "full_closure": true, "updated_at": "2026-08-05T16:16"}}, {"type": "Feature", "geometry": {"type": "Point", "coordinates": [-85.1719849429, 41.0768978811]}, "properties": {"category": "hazard", "full_closure": true, "updated_at": "2026-08-05T16:16"}}, {"type": "Feature", "geometry": {"type": "Point", "coordinates": [-85.1657474658, 41.0785474356]}, "properties": {"category": "hazard", "full_closure": true, "updated_at": "2026-08-05T16:16"}}, {"type": "Feature", "geometry": {"type": "Point", "coordinates": [-85.1649951062, 41.154321156]}, "properties": {"category": "congestion", "full_closure": false, "updated_at": "2026-08-05T16:16"}}, {"type": "Feature", "geometry": {"type": "Point", "coordinates": [-85.1574876032, 41.0743176011]}, "properties": {"category": "hazard", "full_closure": true, "updated_at": "2026-08-05T16:16"}}, {"type": "Feature", "geometry": {"type": "Point", "coordinates": [-85.1537083707, 41.0781584763]}, "properties": {"category": "hazard", "full_closure": true, "updated_at": "2026-08-05T16:16"}}, {"type": "Feature", "geometry": {"type": "Point", "coordinates": [-85.1471946261, 41.067795807]}, "properties": {"category": "hazard", "full_closure": true, "updated_at": "2026-08-05T16:16"}}, {"type": "Feature", "geometry": {"type": "Point", "coordinates": [-85.1464717707, 41.0810257648]}, "properties": {"category": "hazard", "full_closure": true, "updated_at": "2026-08-05T16:16"}}, {"type": "Feature", "geometry": {"type": "Point", "coordinates": [-85.1489689073, 41.0677877182]}, "properties": {"category": "hazard", "full_closure": true, "updated_at": "2026-08-05T16:16"}}, {"type": "Feature", "geometry": {"type": "Point", "coordinates": [-85.1443514845, 41.077466482]}, "properties": {"category": "hazard", "full_closure": true, "updated_at": "2026-08-05T16:16"}}, {"type": "Feature", "geometry": {"type": "Point", "coordinates": [-85.1446049533, 41.0784910758]}, "properties": {"category": "hazard", "full_closure": true, "updated_at": "2026-08-05T16:16"}}, {"type": "Feature", "geometry": {"type": "Point", "coordinates": [-85.1435307286, 41.0319172219]}, "properties": {"category": "hazard", "full_closure": true, "updated_at": "2026-08-05T16:16"}}, {"type": "Feature", "geometry": {"type": "Point", "coordinates": [-85.1441690943, 41.0374372077]}, "properties": {"category": "hazard", "full_closure": true, "updated_at": "2026-08-05T16:16"}}, {"type": "Feature", "geometry": {"type": "Point", "coordinates": [-85.1422231517, 41.0877125225]}, "properties": {"category": "hazard", "full_closure": true, "updated_at": "2026-08-05T16:16"}}, {"type": "Feature", "geometry": {"type": "Point", "coordinates": [-85.1402530691, 41.0877500483]}, "properties": {"category": "hazard", "full_closure": true, "updated_at": "2026-08-05T16:16"}}, {"type": "Feature", "geometry": {"type": "Point", "coordinates": [-85.1395516715, 40.9846365989]}, "properties": {"category": "congestion", "full_closure": false, "updated_at": "2026-08-05T16:16"}}, {"type": "Feature", "geometry": {"type": "Point", "coordinates": [-85.1254204533, 41.0966483018]}, "properties": {"category": "congestion", "full_closure": false, "updated_at": "2026-08-05T16:16"}}, {"type": "Feature", "geometry": {"type": "Point", "coordinates": [-85.1153956971, 41.094988021]}, "properties": {"category": "congestion", "full_closure": false, "updated_at": "2026-08-05T16:16"}}, {"type": "Feature", "geometry": {"type": "Point", "coordinates": [-85.1152736566, 41.065074684]}, "properties": {"category": "hazard", "full_closure": true, "updated_at": "2026-08-05T16:16"}}, {"type": "Feature", "geometry": {"type": "Point", "coordinates": [-85.11502287, 41.0581089832]}, "properties": {"category": "hazard", "full_closure": true, "updated_at": "2026-08-05T16:16"}}, {"type": "Feature", "geometry": {"type": "Point", "coordinates": [-85.1139151177, 41.0606946395]}, "properties": {"category": "hazard", "full_closure": true, "updated_at": "2026-08-05T16:16"}}, {"type": "Feature", "geometry": {"type": "Point", "coordinates": [-85.1136428735, 41.0536296815]}, "properties": {"category": "hazard", "full_closure": true, "updated_at": "2026-08-05T16:16"}}, {"type": "Feature", "geometry": {"type": "Point", "coordinates": [-85.1064237079, 41.055724472]}, "properties": {"category": "hazard", "full_closure": true, "updated_at": "2026-08-05T16:16"}}, {"type": "Feature", "geometry": {"type": "Point", "coordinates": [-85.099431189, 41.0691636883]}, "properties": {"category": "hazard", "full_closure": true, "updated_at": "2026-08-05T16:16"}}, {"type": "Feature", "geometry": {"type": "Point", "coordinates": [-85.0994714222, 41.0720175937]}, "properties": {"category": "hazard", "full_closure": true, "updated_at": "2026-08-05T16:16"}}, {"type": "Feature", "geometry": {"type": "Point", "coordinates": [-85.0988746307, 41.0541714942]}, "properties": {"category": "congestion", "full_closure": false, "updated_at": "2026-08-05T16:16"}}, {"type": "Feature", "geometry": {"type": "Point", "coordinates": [-85.0977360329, 41.1046788218]}, "properties": {"category": "hazard", "full_closure": true, "updated_at": "2026-08-05T16:16"}}, {"type": "Feature", "geometry": {"type": "Point", "coordinates": [-85.0874055049, 41.0694694766]}, "properties": {"category": "hazard", "full_closure": true, "updated_at": "2026-08-05T16:16"}}, {"type": "Feature", "geometry": {"type": "Point", "coordinates": [-85.0870018325, 41.0937448043]}, "properties": {"category": "hazard", "full_closure": true, "updated_at": "2026-08-05T16:16"}}, {"type": "Feature", "geometry": {"type": "Point", "coordinates": [-85.0874484203, 41.0735839884]}, "properties": {"category": "hazard", "full_closure": true, "updated_at": "2026-08-05T16:16"}}, {"type": "Feature", "geometry": {"type": "Point", "coordinates": [-85.0832065067, 41.0688927811]}, "properties": {"category": "hazard", "full_closure": true, "updated_at": "2026-08-05T16:16"}}, {"type": "Feature", "geometry": {"type": "Point", "coordinates": [-85.0810017309, 41.131372178]}, "properties": {"category": "hazard", "full_closure": true, "updated_at": "2026-08-05T16:16"}}, {"type": "Feature", "geometry": {"type": "Point", "coordinates": [-85.0804263971, 41.1312622006]}, "properties": {"category": "hazard", "full_closure": true, "updated_at": "2026-08-05T16:16"}}, {"type": "Feature", "geometry": {"type": "Point", "coordinates": [-85.0779051206, 41.0717748178]}, "properties": {"category": "hazard", "full_closure": true, "updated_at": "2026-08-05T16:16"}}, {"type": "Feature", "geometry": {"type": "Point", "coordinates": [-85.077859523, 41.0689035238]}, "properties": {"category": "hazard", "full_closure": true, "updated_at": "2026-08-05T16:16"}}, {"type": "Feature", "geometry": {"type": "Point", "coordinates": [-85.0779775402, 41.0689021968]}, "properties": {"category": "hazard", "full_closure": true, "updated_at": "2026-08-05T16:16"}}, {"type": "Feature", "geometry": {"type": "Point", "coordinates": [-85.0778233132, 41.06346132]}, "properties": {"category": "hazard", "full_closure": true, "updated_at": "2026-08-05T16:16"}}, {"type": "Feature", "geometry": {"type": "Point", "coordinates": [-85.0782846532, 41.0533735641]}, "properties": {"category": "hazard", "full_closure": true, "updated_at": "2026-08-05T16:16"}}, {"type": "Feature", "geometry": {"type": "Point", "coordinates": [-85.0777803979, 41.0610419898]}, "properties": {"category": "hazard", "full_closure": true, "updated_at": "2026-08-05T16:16"}}, {"type": "Feature", "geometry": {"type": "Point", "coordinates": [-85.0768751523, 41.0690269394]}, "properties": {"category": "hazard", "full_closure": true, "updated_at": "2026-08-05T16:16"}}, {"type": "Feature", "geometry": {"type": "Point", "coordinates": [-85.0774142763, 41.0544571893]}, "properties": {"category": "hazard", "full_closure": true, "updated_at": "2026-08-05T16:16"}}, {"type": "Feature", "geometry": {"type": "Point", "coordinates": [-85.0715013466, 41.3639291196]}, "properties": {"category": "congestion", "full_closure": false, "updated_at": "2026-08-05T16:16"}}, {"type": "Feature", "geometry": {"type": "Point", "coordinates": [-85.0692348799, 41.3667427029]}, "properties": {"category": "congestion", "full_closure": false, "updated_at": "2026-08-05T16:16"}}, {"type": "Feature", "geometry": {"type": "Point", "coordinates": [-85.0637376926, 41.160256889]}, "properties": {"category": "hazard", "full_closure": true, "updated_at": "2026-08-05T16:16"}}, {"type": "Feature", "geometry": {"type": "Point", "coordinates": [-85.0588507077, 41.0730193981]}, "properties": {"category": "congestion", "full_closure": false, "updated_at": "2026-08-05T16:16"}}, {"type": "Feature", "geometry": {"type": "Point", "coordinates": [-85.0586267433, 41.0603432424]}, "properties": {"category": "congestion", "full_closure": false, "updated_at": "2026-08-05T16:16"}}, {"type": "Feature", "geometry": {"type": "Point", "coordinates": [-85.0567465148, 40.9942683776]}, "properties": {"category": "hazard", "full_closure": true, "updated_at": "2026-08-05T16:16"}}, {"type": "Feature", "geometry": {"type": "Point", "coordinates": [-85.0567465148, 40.9942683776]}, "properties": {"category": "hazard", "full_closure": true, "updated_at": "2026-08-05T16:16"}}, {"type": "Feature", "geometry": {"type": "Point", "coordinates": [-85.0571528694, 41.0041764395]}, "properties": {"category": "hazard", "full_closure": true, "updated_at": "2026-08-05T16:16"}}, {"type": "Feature", "geometry": {"type": "Point", "coordinates": [-85.0566660485, 40.9918530835]}, "properties": {"category": "hazard", "full_closure": true, "updated_at": "2026-08-05T16:16"}}, {"type": "Feature", "geometry": {"type": "Point", "coordinates": [-85.0581533334, 41.1947823008]}, "properties": {"category": "congestion", "full_closure": false, "updated_at": "2026-08-05T16:16"}}, {"type": "Feature", "geometry": {"type": "Point", "coordinates": [-85.0522055349, 41.3659125933]}, "properties": {"category": "congestion", "full_closure": false, "updated_at": "2026-08-05T16:16"}}, {"type": "Feature", "geometry": {"type": "Point", "coordinates": [-85.0437927863, 41.1096865278]}, "properties": {"category": "hazard", "full_closure": true, "updated_at": "2026-08-05T16:16"}}, {"type": "Feature", "geometry": {"type": "Point", "coordinates": [-85.0338377676, 41.3723539052]}, "properties": {"category": "congestion", "full_closure": false, "updated_at": "2026-08-05T16:16"}}, {"type": "Feature", "geometry": {"type": "Point", "coordinates": [-85.0277893862, 41.3816222992]}, "properties": {"category": "congestion", "full_closure": false, "updated_at": "2026-08-05T16:16"}}, {"type": "Feature", "geometry": {"type": "Point", "coordinates": [-84.9940083048, 41.7354928163]}, "properties": {"category": "congestion", "full_closure": false, "updated_at": "2026-08-05T16:16"}}, {"type": "Feature", "geometry": {"type": "Point", "coordinates": [-84.9925894162, 41.0836623896]}, "properties": {"category": "congestion", "full_closure": false, "updated_at": "2026-08-05T16:16"}}, {"type": "Feature", "geometry": {"type": "Point", "coordinates": [-84.952844443, 40.970926469]}, "properties": {"category": "hazard", "full_closure": true, "updated_at": "2026-08-05T16:16"}}, {"type": "Feature", "geometry": {"type": "Point", "coordinates": [-84.9563125393, 40.9708714727]}, "properties": {"category": "hazard", "full_closure": true, "updated_at": "2026-08-05T16:16"}}, {"type": "Feature", "geometry": {"type": "Point", "coordinates": [-84.9305526039, 40.9786244309]}, "properties": {"category": "hazard", "full_closure": true, "updated_at": "2026-08-05T16:16"}}, {"type": "Feature", "geometry": {"type": "Point", "coordinates": [-84.9129653594, 41.5334232156]}, "properties": {"category": "congestion", "full_closure": false, "updated_at": "2026-08-05T16:16"}}, {"type": "Feature", "geometry": {"type": "Point", "coordinates": [-84.8512557766, 41.6651532164]}, "properties": {"category": "congestion", "full_closure": false, "updated_at": "2026-08-05T16:16"}}]}