lat,lon,lit
41.72961,-84.97048,0
41.72888,-84.96977,0
41.72814,-84.96908,0
41.7274,-84.96839,0
41.72666,-84.9677,0
41.72592,-84.96702,0
41.72519,-84.96633,0
41.72445,-84.96564,0
41.72371,-84.96495,0
41.72297,-84.96426,0
41.72224,-84.96357,0
41.7215,-84.96288,0
41.72076,-84.96219,0
41.72005,-84.96145,0
41.71938,-84.96065,0
41.71877,-84.95976,0
41.71823,-84.9588,0
41.71774,-84.95779,0
41.71729,-84.95675,0
41.71686,-84.95569,0
41.71643,-84.95464,0
41.71599,-84.95358,0
41.71555,-84.95253,0
41.71511,-84.95148,0
41.71468,-84.95043,0
41.71423,-84.94938,0
41.71379,-84.94833,0
41.71336,-84.94727,0
41.71293,-84.94621,0
41.12049,-85.05947,1
41.12055,-85.05828,1
41.1206,-85.05709,1
41.12065,-85.0559,1
41.1207,-85.05471,1
41.12074,-85.05351,1
41.12079,-85.05232,1
41.12083,-85.05113,1
41.12087,-85.04994,1
41.02948,-85.14715,0
41.03025,-85.14653,0
41.03092,-85.14575,0
41.03136,-85.14472,0
41.03152,-85.14355,0
41.04546,-85.1323,1
41.03158,-85.13656,1
41.03157,-85.13775,1
41.03156,-85.13894,1
41.03154,-85.14013,1
41.03152,-85.14133,1
41.03152,-85.14252,1
41.07646,-85.14412,1
41.07628,-85.14529,1
41.07348,-85.09089,1
41.07361,-85.09207,1
41.07379,-85.09324,1
41.07402,-85.09439,1
41.0743,-85.09553,1
41.12564,-85.28457,0
41.125,-85.28378,0
41.12455,-85.28275,0
41.1241,-85.28172,0
41.12365,-85.28068,0
41.12323,-85.27963,0
41.12289,-85.27852,0
41.12257,-85.27741,0
41.12228,-85.27628,0
41.12198,-85.27515,0
41.12169,-85.27402,0
41.12141,-85.27289,0
41.12112,-85.27176,0
41.12083,-85.27063,0
41.12054,-85.2695,0
41.12025,-85.26837,0
41.11997,-85.26723,0
41.11967,-85.26611,0
41.11939,-85.26498,0
41.1191,-85.26385,0
41.11881,-85.26271,0
41.11852,-85.26158,0
41.11827,-85.26044,0
41.11817,-85.25925,0
41.11817,-85.25806,0
41.11818,-85.25687,0
41.11818,-85.25567,0
41.11818,-85.25448,0
41.11818,-85.25328,0
41.11819,-85.25209,0
41.1182,-85.2509,0
41.1182,-85.2497,0
41.11821,-85.24851,0
41.11821,-85.24732,0
41.11822,-85.24612,0
41.03158,-85.13656,1
41.03159,-85.13537,1
41.03161,-85.13417,1
41.03162,-85.13298,1
39.97839,-86.12705,1
39.97838,-86.12823,1
39.97836,-86.1294,1
39.97834,-86.13058,1
39.97842,-86.12328,1
39.97841,-86.12446,1
39.9784,-86.12563,1
39.97839,-86.1268,1
39.9269,-86.1306,1
39.92722,-86.1317,1
39.92754,-86.1328,1
39.92786,-86.13389,1
39.92818,-86.13499,1
39.9285,-86.13608,1
39.92881,-86.13718,1
39.92913,-86.13828,1
39.92945,-86.13937,1
39.92976,-86.14048,1
39.93001,-86.1416,1
39.93022,-86.14274,1
39.93037,-86.1439,1
39.93048,-86.14506,1
41.66943,-86.77763,0
41.67015,-86.77836,0
41.67086,-86.77909,0
41.67157,-86.77983,0
41.67229,-86.78056,0
41.673,-86.78129,0
41.67371,-86.78202,0
41.67443,-86.78276,0
41.67514,-86.78349,0
41.67586,-86.78422,0
41.67657,-86.78495,0
41.67729,-86.78568,0
41.678,-86.78642,0
41.67871,-86.78715,0
41.67943,-86.78788,0
41.6574,-86.7654,0
41.65815,-86.76606,0
41.65881,-86.76688,0
41.65945,-86.76772,0
41.66009,-86.76857,0
41.66072,-86.76942,0
41.66137,-86.77026,0
41.66211,-86.77092,0
41.6629,-86.7715,0
41.6637,-86.77207,0
41.66449,-86.77264,0
41.66525,-86.77328,0
41.66596,-86.77402,0
41.66667,-86.77475,0
41.66738,-86.77549,0
41.66809,-86.77623,0
41.6688,-86.77696,0
41.60675,-86.7188,1
41.60749,-86.71949,1
41.60823,-86.72018,1
41.59115,-86.75195,0
41.61496,-86.73028,1
41.61063,-86.72239,1
41.61138,-86.723,1
41.60062,-86.73733,1
41.60085,-86.73617,1
41.60089,-86.73497,1
41.60087,-86.73377,1
41.64479,-86.74951,0
41.64539,-86.75039,0
41.646,-86.75128,0
41.64661,-86.75216,0
41.64722,-86.75305,0
41.64783,-86.75394,0
41.64844,-86.75482,0
41.64905,-86.75571,0
41.64965,-86.75661,0
41.65017,-86.75758,0
41.65065,-86.7586,0
41.65111,-86.75963,0
41.65164,-86.76061,0
41.65232,-86.76138,0
41.65309,-86.762,0
41.65387,-86.76262,0
41.67412,-86.84589,0
41.67327,-86.84548,0
41.67243,-86.84507,0
41.67163,-86.84453,0
41.67089,-86.84383,0
41.6702,-86.84307,0
41.6696,-86.84218,0
41.66904,-86.84124,0
41.66848,-86.8403,0
41.66792,-86.83936,0
41.66736,-86.83842,0
41.6668,-86.83747,0
41.66624,-86.83653,0
41.66568,-86.83559,0
41.66511,-86.83465,0
41.66455,-86.83371,0
41.66399,-86.83277,0
41.66342,-86.83184,0
41.66286,-86.8309,0
41.6623,-86.82996,0
41.66175,-86.829,0
41.66119,-86.82806,0
41.66063,-86.82711,0
41.66016,-86.8261,0
41.65975,-86.82503,0
41.65934,-86.82395,0
41.65893,-86.82288,0
41.65853,-86.8218,0
41.65811,-86.82074,0
41.65746,-86.81992,0
41.65673,-86.8192,0
41.65601,-86.81849,0
41.65528,-86.81778,0
41.65458,-86.81703,0
41.65393,-86.8162,0
41.65332,-86.81532,0
41.6527,-86.81445,0
41.65208,-86.81357,0
41.65147,-86.81269,0
41.65085,-86.81182,0
41.65023,-86.81095,0
41.64961,-86.81008,0
41.64898,-86.80921,0
41.64844,-86.80826,0
41.64792,-86.80727,0
41.64739,-86.8063,0
41.64686,-86.80533,0
41.64633,-86.80435,0
41.6458,-86.80338,0
41.64527,-86.80241,0
41.64474,-86.80144,0
41.64419,-86.80049,0
41.64364,-86.79954,0
41.64332,-86.79842,0
41.64323,-86.79722,0
41.64317,-86.79602,0
41.6431,-86.79482,0
41.64304,-86.79362,0
41.64297,-86.79242,0
41.64291,-86.79122,0
41.64284,-86.79002,0
41.64278,-86.78882,0
41.64272,-86.78762,0
41.64265,-86.78642,0
41.64259,-86.78522,0
41.64252,-86.78402,0
41.64246,-86.78282,0
41.64239,-86.78162,0
41.64232,-86.78042,0
41.56292,-86.86736,0
41.56293,-86.86616,0
41.56294,-86.86496,0
41.56296,-86.86376,0
41.56298,-86.86255,0
41.563,-86.86135,0
41.56302,-86.86015,0
41.56305,-86.85895,0
41.56315,-86.85776,0
41.56358,-86.85671,0
41.56411,-86.85574,0
41.56463,-86.85476,0
41.56516,-86.85378,0
41.56568,-86.85281,0
41.5662,-86.85183,0
41.56673,-86.85086,0
41.56725,-86.84988,0
41.56778,-86.8489,0
41.5683,-86.84793,0
41.56883,-86.84695,0
41.56935,-86.84597,0
41.56987,-86.84499,0
41.57039,-86.84401,0
41.57092,-86.84304,0
41.57144,-86.84206,0
41.57196,-86.84108,0
41.57248,-86.8401,0
41.573,-86.83911,0
41.57351,-86.83812,0
41.57401,-86.83713,0
41.57452,-86.83614,0
41.57505,-86.83516,0
41.57557,-86.83418,0
41.57609,-86.8332,0
41.57661,-86.83222,0
41.57713,-86.83124,0
41.57765,-86.83026,0
41.57818,-86.82928,0
41.5787,-86.82831,0
41.5793,-86.82741,0
41.57991,-86.82653,0
41.58053,-86.82566,0
41.58114,-86.82478,0
41.58179,-86.82394,0
41.58246,-86.82315,0
41.58314,-86.82236,0
41.58382,-86.82157,0
41.5845,-86.82078,0
41.58518,-86.81999,0
41.58585,-86.81919,0
41.58651,-86.81838,0
41.58717,-86.81756,0
41.58783,-86.81674,0
41.58845,-86.81587,0
41.58897,-86.81489,0
41.58935,-86.81381,0
41.58969,-86.81269,0
41.59003,-86.81158,0
41.59037,-86.81046,0
41.5907,-86.80935,0
41.59104,-86.80824,0
41.59138,-86.80712,0
41.59163,-86.80597,0
41.59173,-86.80477,0
41.59171,-86.80357,0
41.59166,-86.80237,0
41.59161,-86.80117,0
41.59157,-86.79997,0
41.59152,-86.79877,0
41.5915,-86.79757,0
41.59149,-86.79636,0
41.59148,-86.79516,0
41.59148,-86.79396,0
41.59147,-86.79276,0
41.59147,-86.79155,0
41.59146,-86.79035,0
41.59146,-86.78915,0
41.59145,-86.78795,0
41.59146,-86.78674,0
41.59146,-86.78554,0
41.59147,-86.78434,0
41.59147,-86.78314,0
41.59146,-86.78193,0
41.59146,-86.78073,0
41.59145,-86.77953,0
41.59145,-86.77833,0
41.59144,-86.77713,0
41.59144,-86.77592,0
41.59143,-86.77472,0
41.59142,-86.77352,0
41.59142,-86.77232,0
41.59141,-86.77111,0
41.59141,-86.76991,0
41.5914,-86.76871,0
41.5914,-86.76751,0
41.59139,-86.7663,0
41.59139,-86.7651,0
41.59138,-86.7639,0
41.59138,-86.7627,0
41.59137,-86.76149,0
41.59137,-86.76029,0
41.59136,-86.75909,0
41.59135,-86.75789,0
41.59131,-86.75668,0
41.59127,-86.75548,0
41.59122,-86.75428,0
41.59118,-86.75308,0
41.59391,-86.74702,0
41.59456,-86.74619,0
41.59522,-86.74537,0
41.59589,-86.74457,0
41.59651,-86.7437,0
41.59709,-86.74279,0
41.59767,-86.74187,0
41.59826,-86.74095,0
41.5989,-86.74012,0
41.59957,-86.73932,0
41.60335,-86.71043,1
41.60387,-86.71141,1
41.60439,-86.71239,1
41.60492,-86.71336,1
41.60544,-86.71434,1
41.60606,-86.71519,1
41.60681,-86.71587,1
41.60754,-86.71656,1
41.61504,-86.71387,1
41.61548,-86.71282,1
41.6159,-86.71176,1
41.61632,-86.71069,1
41.61674,-86.70963,1
41.6326,-86.74019,1
41.55172,-86.897,0
41.55262,-86.89698,0
41.55352,-86.89697,0
41.55442,-86.89695,0
41.55532,-86.89694,0
41.55622,-86.89694,0
41.55711,-86.89694,0
41.55801,-86.89694,0
41.55891,-86.89693,0
41.55981,-86.89693,0
41.56071,-86.89692,0
41.56161,-86.89691,0
41.56251,-86.89691,0
41.34355,-86.30952,1
41.34346,-86.31071,1
41.34337,-86.31191,1
41.34327,-86.3131,1
41.34318,-86.31429,1
41.34316,-86.31549,1
41.34314,-86.31668,1
41.34313,-86.31788,1
41.34313,-86.31908,1
41.34312,-86.32028,1
41.34311,-86.32148,1
41.3431,-86.32267,1
41.34305,-86.32387,1
40.75373,-86.06905,1
40.75373,-86.06905,1
39.1666,-86.53489,1
39.1657,-86.53489,1
39.77547,-86.15596,1
39.77457,-86.15599,1
39.77551,-86.15776,1
39.77548,-86.15659,1
39.92689,-86.1315,1
39.92657,-86.13041,1
39.92625,-86.12931,1
39.92593,-86.12822,1
39.92561,-86.12712,1
39.92529,-86.12602,1
39.92497,-86.12493,1
39.92465,-86.12383,1
39.92433,-86.12274,1
39.924,-86.12164,1
39.92368,-86.12055,1
39.92142,-86.11188,1
39.76996,-86.1598,1
39.76999,-86.16097,1
39.78114,-86.15941,1
39.78178,-86.16018,1
39.78225,-86.16109,1
41.49996,-87.06598,0
39.86252,-86.15784,1
39.8622,-86.15893,1
39.88371,-86.15878,0
39.88433,-86.15963,0
39.885,-86.16041,0
39.88571,-86.16113,0
39.88639,-86.16189,0
41.70731,-85.008,0
41.7079,-85.00891,0
41.70812,-85.01006,0
37.97714,-87.5756,1
37.97633,-87.57527,1
37.97557,-87.57466,1
37.97748,-87.57569,1
37.97761,-87.57682,1
37.97765,-87.57796,1
37.97767,-87.5791,1
37.97769,-87.58024,1
37.9702,-87.57613,1
37.9707,-87.57517,1
37.97118,-87.57421,1
37.97672,-87.47417,1
37.97582,-87.47419,1
37.97493,-87.4742,1
37.97695,-87.56114,1
37.97694,-87.56,1
37.97681,-87.46276,1
37.9768,-87.46391,1
37.97679,-87.46505,1
37.97678,-87.46619,1
37.97677,-87.46733,1
37.97676,-87.46847,1
37.97675,-87.46961,1
37.97675,-87.47075,1
37.97674,-87.47189,1
37.97673,-87.47303,1
39.82965,-84.88044,1
39.829,-84.89034,1
39.82905,-84.89156,1
39.82815,-84.89158,1
39.831,-84.85153,1
39.83102,-84.85036,1
39.83103,-84.84918,1
39.83105,-84.84801,1
39.83106,-84.84684,1
39.83108,-84.84567,1
39.83109,-84.8445,1
39.8311,-84.84333,1
39.83112,-84.84216,1
39.83113,-84.84099,1
39.83115,-84.83982,1
39.83116,-84.83865,1
39.83063,-84.89616,1
39.83035,-84.89724,1
39.82949,-84.89749,1
39.82909,-84.89754,1
39.77551,-86.15776,1
39.77641,-86.15773,1
39.77731,-86.15769,1
39.88242,-86.22452,0
39.88241,-86.22569,0
39.8824,-86.22686,0
39.8824,-86.22803,0
39.88239,-86.2292,0
39.88238,-86.23038,0
41.62863,-84.80571,0
41.62847,-84.8069,0
41.6283,-84.80808,0
41.62819,-84.80927,0
41.62818,-84.81047,0
41.62826,-84.81167,0
41.62844,-84.81285,0
41.6287,-84.814,0
41.62906,-84.8151,0
41.6295,-84.81615,0
41.63003,-84.81712,0
41.61343,-86.72687,1
41.61371,-86.72801,1
41.61174,-86.72335,1
41.6124,-86.72417,1
41.61293,-86.72514,1
41.6133,-86.72623,1
39.03156,-85.89498,0
39.03223,-85.89576,0
39.03289,-85.89654,0
39.03105,-85.89442,0
37.97783,-87.59233,1
37.97786,-87.59119,1
37.97789,-87.59005,1
37.97788,-87.58891,1
37.97786,-87.58777,1
37.97784,-87.58663,1
37.97795,-87.58584,1
37.97797,-87.58698,1
37.97798,-87.58812,1
37.978,-87.58926,1
37.978,-87.5904,1
37.97797,-87.59154,1
37.97779,-87.58479,1
37.97767,-87.58366,1
37.97758,-87.58252,1
37.97795,-87.59232,1
37.97793,-87.59346,1
37.97732,-87.57572,1
37.97721,-87.57459,1
37.97699,-87.52949,1
37.97699,-87.53063,1
37.97699,-87.53177,1
37.977,-87.53291,1
37.977,-87.53405,1
37.977,-87.53519,1
37.977,-87.53633,1
37.977,-87.53748,1
37.97701,-87.53862,1
37.97701,-87.53976,1
37.97701,-87.5409,1
37.97699,-87.52915,1
37.97685,-87.52952,1
37.97694,-87.51999,1
37.97679,-87.52002,1
37.97679,-87.51888,1
37.97678,-87.51774,1
37.97677,-87.5166,1
37.97677,-87.51546,1
37.97676,-87.51432,1
37.97694,-87.52044,1
37.97695,-87.52158,1
37.97696,-87.52272,1
37.97697,-87.52387,1
37.97698,-87.52501,1
37.97297,-87.5707,1
37.97372,-87.57131,1
37.92003,-87.27089,0
37.9196,-87.26989,0
37.91918,-87.26888,0
37.91875,-87.26788,0
37.91833,-87.26687,0
37.91791,-87.26586,0
37.91749,-87.26485,0
37.91708,-87.26384,0
37.91668,-87.26282,0
37.91628,-87.2618,0
37.91588,-87.26078,0
37.91547,-87.25976,0
37.91507,-87.25874,0
37.91466,-87.25772,0
37.91426,-87.2567,0
37.91387,-87.25568,0
37.91347,-87.25466,0
37.91307,-87.25364,0
37.91267,-87.25261,0
37.91227,-87.25159,0
37.91187,-87.25057,0
37.91148,-87.24955,0
37.91108,-87.24852,0
37.91068,-87.2475,0
37.91027,-87.24649,0
37.90982,-87.24551,0
37.90931,-87.24456,0
37.90876,-87.24366,0
37.90818,-87.2428,0
37.90757,-87.24196,0
37.90693,-87.24115,0
37.9063,-87.24034,0
37.90568,-87.23952,0
37.90505,-87.2387,0
37.90442,-87.23789,0
37.90378,-87.23708,0
37.90316,-87.23626,0
37.90252,-87.23545,0
37.90192,-87.23461,0
37.9014,-87.23368,0
37.90095,-87.23269,0
37.90061,-87.23164,0
37.90036,-87.23055,0
37.90019,-87.22943,0
37.90014,-87.2283,0
37.90015,-87.22716,0
37.90015,-87.22602,0
37.90016,-87.22488,0
37.90016,-87.22374,0
37.90016,-87.2226,0
37.90015,-87.22146,0
37.90015,-87.22032,0
37.90016,-87.21918,0
37.90017,-87.21804,0
37.90018,-87.2169,0
37.9002,-87.21576,0
39.93026,-86.14913,1
39.93028,-86.14796,1
39.93029,-86.14679,1
39.78097,-86.16559,1
39.781,-86.16442,1
39.78103,-86.16325,1
39.78103,-86.16208,1
39.78114,-86.15941,1
39.78115,-86.15824,1
39.27825,-84.86315,1
39.27763,-84.86399,1
39.27702,-84.86484,1
39.27646,-84.86574,1
39.27602,-84.86676,1
39.27565,-84.86782,1
39.27545,-84.86895,1
39.27537,-84.8701,1
39.27542,-84.87126,1
39.8305,-84.88046,1
39.83051,-84.88163,1
39.83052,-84.8828,1
39.83053,-84.88397,1
39.82725,-84.88769,1
39.82815,-84.88769,1
39.81425,-84.89,1
39.81515,-84.88999,1
39.81605,-84.88999,1
39.81695,-84.88997,1
39.81785,-84.88997,1
39.81875,-84.88997,1
39.81965,-84.88998,1
39.82055,-84.88997,1
39.82144,-84.89003,1
41.57453,-87.48025,1
41.5754,-87.48056,1
41.57628,-87.48074,1
41.57718,-87.4808,1
40.83246,-84.93777,1
40.83336,-84.93777,1
40.83426,-84.93776,1
40.83516,-84.93776,1
40.83606,-84.93776,1
40.83696,-84.93775,1
40.83786,-84.93775,1
40.83876,-84.93774,1
40.83966,-84.93775,1
40.84056,-84.93774,1
40.84146,-84.93772,1
40.84236,-84.9377,1
40.84325,-84.93767,1
40.84415,-84.93762,1
40.84505,-84.93757,1
41.57752,-87.48109,1
41.57663,-87.48106,1
41.57573,-87.48093,1
41.57485,-87.48067,1
41.57401,-87.48027,1
41.63032,-84.81799,0
41.62973,-84.81708,0
41.62922,-84.81609,0
41.62879,-84.81503,0
41.62845,-84.81393,0
41.62819,-84.81277,0
41.62803,-84.81159,0
41.62796,-84.81039,0
41.62797,-84.80919,0
41.62809,-84.808,0
41.62825,-84.80681,0
41.63036,-84.81764,0
41.66609,-84.85326,0
41.66658,-84.85427,0
41.66707,-84.85528,0
41.66756,-84.85629,0
41.66805,-84.8573,0
41.66854,-84.85831,0
41.66903,-84.85932,0
41.66952,-84.86032,0
41.67003,-84.86132,0
41.67055,-84.8623,0
41.67107,-84.86328,0
41.67161,-84.86425,0
41.67216,-84.8652,0
41.67272,-84.86614,0
41.67329,-84.86707,0
41.67387,-84.86799,0
41.67446,-84.8689,0
41.67506,-84.8698,0
41.67566,-84.87069,0
41.67628,-84.87157,0
41.67691,-84.87243,0
41.67754,-84.87329,0
41.67817,-84.87415,0
41.6788,-84.87501,0
41.67943,-84.87586,0
41.68006,-84.87672,0
41.68069,-84.87758,0
41.68132,-84.87844,0
41.68195,-84.8793,0
41.68258,-84.88015,0
41.6832,-84.88103,0
41.6838,-84.88193,0
41.68438,-84.88285,0
41.68494,-84.88379,0
41.68548,-84.88475,0
41.686,-84.88574,0
41.68649,-84.88674,0
41.68697,-84.88776,0
41.68742,-84.8888,0
41.68785,-84.88986,0
41.68826,-84.89093,0
41.68865,-84.89202,0
41.68904,-84.89311,0
41.68943,-84.89419,0
41.68981,-84.89528,0
41.6902,-84.89637,0
41.69059,-84.89745,0
41.69098,-84.89854,0
41.69136,-84.89963,0
41.69175,-84.90071,0
41.69214,-84.9018,0
41.69253,-84.90289,0
41.69293,-84.90396,0
41.69335,-84.90503,0
41.6938,-84.90607,0
41.69427,-84.9071,0
41.69476,-84.9081,0
41.69527,-84.9091,0
41.69581,-84.91006,0
41.69637,-84.91101,0
41.69694,-84.91194,0
41.69753,-84.91285,0
41.69812,-84.91376,0
41.69871,-84.91467,0
41.6993,-84.91558,0
41.69989,-84.91648,0
41.70048,-84.9174,0
41.70105,-84.91832,0
41.70162,-84.91926,0
41.70215,-84.92022,0
41.70267,-84.92121,0
41.70317,-84.92221,0
41.70365,-84.92323,0
41.7041,-84.92427,0
41.70454,-84.92532,0
41.70498,-84.92638,0
41.70541,-84.92743,0
41.63077,-84.81821,0
41.63143,-84.81903,0
41.63209,-84.81984,0
41.63275,-84.82066,0
41.63341,-84.82148,0
41.63407,-84.82229,0
41.63473,-84.82311,0
41.63539,-84.82392,0
41.63606,-84.82474,0
41.63672,-84.82555,0
41.63737,-84.82638,0
41.63802,-84.82722,0
41.63866,-84.82806,0
41.63928,-84.82893,0
41.6399,-84.8298,0
41.64051,-84.83068,0
41.64111,-84.83158,0
41.6417,-84.83249,0
41.64228,-84.83341,0
41.64285,-84.83434,0
41.64341,-84.83528,0
41.64396,-84.83623,0
41.64451,-84.83719,0
41.64505,-84.83814,0
41.6456,-84.8391,0
41.64616,-84.84004,0
41.63075,-84.81857,0
41.66591,-84.8534,0
41.66542,-84.8524,0
41.66492,-84.85139,0
41.66442,-84.85039,0
41.66393,-84.84939,0
41.66339,-84.84842,0
41.66278,-84.84754,0
41.66209,-84.84676,0
41.66134,-84.8461,0
41.66054,-84.84556,0
41.6597,-84.84513,0
39.92691,-86.12559,1
39.9597,-86.15507,0
39.9606,-86.15509,0
39.96114,-86.15516,0
39.96026,-86.15521,0
39.95936,-86.1552,0
41.07348,-85.09089,1
41.64232,-86.76697,0
41.64234,-86.76577,0
41.64237,-86.76457,0
41.6424,-86.76336,0
41.64242,-86.76216,0
41.64246,-86.76096,0
39.10433,-85.94842,0
39.10356,-85.94783,0
39.10278,-85.94725,0
39.10201,-85.94666,0
39.10123,-85.94607,0
39.10046,-85.94548,0
39.09968,-85.94489,0
39.09891,-85.9443,0
39.09813,-85.94371,0
39.09736,-85.94313,0
39.09658,-85.94254,0
39.09581,-85.94195,0
39.09503,-85.94136,0
39.09426,-85.94077,0
39.09348,-85.94018,0
39.09271,-85.93959,0
39.09194,-85.939,0
39.09116,-85.93841,0
39.09039,-85.93783,0
39.08961,-85.93724,0
39.08884,-85.93665,0
39.08806,-85.93606,0
39.08729,-85.93547,0
39.08651,-85.93489,0
39.08574,-85.9343,0
39.08496,-85.93371,0
39.08419,-85.93313,0
39.08341,-85.93254,0
39.08261,-85.932,0
39.08181,-85.93147,0
39.081,-85.93098,0
39.08018,-85.93051,0
39.07935,-85.93005,0
39.07852,-85.9296,0
39.0777,-85.92915,0
39.07687,-85.9287,0
39.07604,-85.92825,0
39.07521,-85.9278,0
39.07438,-85.92735,0
39.07355,-85.92689,0
39.07273,-85.92644,0
39.0719,-85.92599,0
39.07107,-85.92554,0
39.07024,-85.92509,0
39.06941,-85.92464,0
39.06858,-85.92419,0
39.06776,-85.92374,0
39.06693,-85.92329,0
39.0661,-85.92284,0
39.06527,-85.92239,0
39.06444,-85.92194,0
39.06361,-85.92149,0
39.06278,-85.92103,0
39.06196,-85.92058,0
39.06113,-85.92013,0
39.0603,-85.91968,0
39.05947,-85.91923,0
39.05864,-85.91878,0
39.05781,-85.91833,0
39.05698,-85.91788,0
39.05616,-85.91743,0
39.05533,-85.91698,0
39.0545,-85.91653,0
39.05367,-85.91608,0
39.05284,-85.91563,0
39.05201,-85.91518,0
39.05119,-85.91473,0
39.05036,-85.91427,0
39.04955,-85.91378,0
39.04874,-85.91327,0
39.04794,-85.91273,0
39.04715,-85.91217,0
39.04638,-85.91158,0
39.04562,-85.91096,0
39.04487,-85.91032,0
39.04414,-85.90965,0
39.04341,-85.90897,0
39.04271,-85.90825,0
39.04201,-85.90752,0
39.04133,-85.90676,0
39.04066,-85.90598,0
39.03999,-85.90521,0
39.03933,-85.90443,0
39.03866,-85.90366,0
39.03799,-85.90289,0
39.03733,-85.9021,0
39.03665,-85.90134,0
39.03599,-85.90055,0
39.03532,-85.89978,0
39.03465,-85.899,0
39.03399,-85.89822,0
38.3892,-86.93181,1
38.3901,-86.9318,1
38.391,-86.93179,1
41.07192,-85.16163,1
41.07189,-85.16045,1
41.07167,-85.15929,1
41.07184,-85.15814,1
41.07244,-85.15726,1
41.07315,-85.15653,1
41.07363,-85.15559,1
41.0738,-85.15442,1
41.07398,-85.15325,1
41.07416,-85.15208,1
41.07434,-85.15091,1
41.07451,-85.14974,1
41.12401,-85.06179,1
41.12491,-85.06183,1
41.12581,-85.06187,1
41.12671,-85.06192,1
41.12761,-85.06197,1
41.12851,-85.062,1
41.12941,-85.06202,1
41.1303,-85.06207,1
41.1312,-85.06211,1
41.1321,-85.06213,1
41.133,-85.06216,1
41.1339,-85.06221,1
41.13576,-85.06228,1
41.13666,-85.06234,1
41.13756,-85.06239,1
41.13846,-85.06244,1
41.13936,-85.06249,1
41.14025,-85.06254,1
41.14115,-85.06259,1
41.14205,-85.06264,1
41.14295,-85.06269,1
41.14385,-85.06275,1
41.14475,-85.06281,1
41.14564,-85.06286,1
41.14654,-85.06291,1
41.11393,-85.06107,0
41.11483,-85.06114,0
41.11573,-85.06121,0
41.11663,-85.06128,0
41.11752,-85.06135,0
41.11842,-85.06141,0
41.11932,-85.06147,0
41.02865,-85.14782,0
41.02942,-85.1472,0
40.99673,-85.22822,0
40.99672,-85.22703,0
40.99673,-85.22583,0
40.99675,-85.22464,0
40.99677,-85.22345,0
40.99679,-85.22226,0
40.99681,-85.22107,0
40.99683,-85.21988,0
40.99685,-85.21869,0
40.99687,-85.2175,0
40.99687,-85.2163,0
40.99696,-85.21512,0
40.99722,-85.21398,0
40.99764,-85.21293,0
40.9982,-85.212,0
40.99884,-85.21117,0
40.99949,-85.21034,0
41.00013,-85.2095,0
41.00076,-85.20865,0
41.00128,-85.20769,0
41.00171,-85.20665,0
41.00192,-85.20549,0
41.00196,-85.2043,0
41.00196,-85.20311,0
41.00196,-85.20192,0
41.00195,-85.20073,0
41.00195,-85.19954,0
41.00195,-85.19834,0
41.00195,-85.19715,0
41.00195,-85.19596,0
41.00195,-85.19477,0
41.00195,-85.19358,0
41.00195,-85.19239,0
41.00196,-85.19119,0
41.00196,-85.19,0
41.00196,-85.18881,0
41.00196,-85.18762,0
41.00197,-85.18643,0
41.00198,-85.18524,0
41.00199,-85.18404,0
41.00199,-85.18285,0
41.00201,-85.18166,0
41.00202,-85.18047,0
41.00204,-85.17928,0
41.00204,-85.17809,0
41.00205,-85.1769,0
37.97771,-87.58153,1
37.97775,-87.58267,1
37.97784,-87.5838,1
37.97793,-87.58494,1
37.97755,-87.58153,1
37.9777,-87.58094,1
37.97754,-87.58095,1
37.97752,-87.57981,1
37.9775,-87.57867,1
37.97747,-87.57753,1
37.9774,-87.57639,1
38.51458,-85.77216,0
38.51547,-85.77229,0
38.51637,-85.77242,0
38.51726,-85.77255,0
38.51815,-85.77267,0
38.51905,-85.77279,0
38.51994,-85.77291,0
38.52084,-85.77302,0
38.52173,-85.77314,0
38.52263,-85.77326,0
38.52352,-85.77337,0
38.52442,-85.77349,0
38.52531,-85.77361,0
38.5262,-85.77374,0
38.5271,-85.77386,0
38.52799,-85.774,0
38.52888,-85.77417,0
38.52977,-85.77437,0
38.53064,-85.77462,0
38.53152,-85.77488,0
38.53239,-85.77515,0
38.53326,-85.77543,0
38.53414,-85.77572,0
38.53501,-85.776,0
38.53588,-85.77626,0
38.53676,-85.77652,0
38.53763,-85.77679,0
38.53852,-85.77701,0
38.5394,-85.77724,0
38.54028,-85.77744,0
38.54117,-85.77764,0
38.54206,-85.77781,0
38.54295,-85.778,0
38.54384,-85.77812,0
38.54473,-85.77823,0
38.54563,-85.77834,0
38.54653,-85.77845,0
38.54742,-85.77856,0
38.54832,-85.77861,0
38.54922,-85.77865,0
38.55012,-85.77867,0
38.55101,-85.7787,0
38.55191,-85.7787,0
38.55281,-85.7787,0
38.55371,-85.7787,0
38.55461,-85.77869,0
38.55551,-85.77869,0
38.55641,-85.77869,0
38.55731,-85.77869,0
38.55821,-85.77869,0
38.55911,-85.77867,0
38.56001,-85.77868,0
38.56091,-85.77868,0
38.56181,-85.77868,0
38.5627,-85.77869,0
38.5636,-85.77869,0
38.5645,-85.77869,0
38.5654,-85.77869,0
38.5663,-85.77869,0
38.5672,-85.77869,0
38.5681,-85.77869,0
38.569,-85.77868,0
39.78105,-86.15394,1
39.78102,-86.1551,1
40.75838,-86.05861,1
38.56985,-85.77896,0
38.56895,-85.77899,0
38.56805,-85.77899,0
38.56715,-85.77899,0
38.56625,-85.77898,0
38.56535,-85.77898,0
38.56445,-85.77898,0
38.56355,-85.77899,0
38.56265,-85.77899,0
38.56175,-85.77899,0
38.56085,-85.77899,0
38.55995,-85.77899,0
38.55905,-85.77897,0
38.55816,-85.77897,0
38.55726,-85.77898,0
38.55636,-85.77899,0
38.55546,-85.779,0
38.55456,-85.779,0
38.55366,-85.779,0
38.55276,-85.77899,0
38.55186,-85.779,0
38.55096,-85.779,0
38.55006,-85.77897,0
38.54916,-85.77896,0
38.54826,-85.77892,0
38.54737,-85.77885,0
38.54647,-85.77874,0
38.54557,-85.77865,0
38.54468,-85.77855,0
38.54379,-85.7784,0
38.54289,-85.77827,0
38.542,-85.77812,0
38.54111,-85.77794,0
38.54023,-85.77775,0
38.53934,-85.77754,0
38.53846,-85.77733,0
38.53758,-85.77708,0
38.5367,-85.77684,0
38.53582,-85.77659,0
38.53495,-85.7763,0
38.53408,-85.77602,0
38.53321,-85.77574,0
38.53234,-85.77546,0
38.53146,-85.77518,0
38.53059,-85.77491,0
38.52971,-85.77466,0
38.52882,-85.77448,0
38.52794,-85.7743,0
38.52704,-85.77416,0
38.52615,-85.77404,0
38.52526,-85.77392,0
38.52436,-85.77381,0
38.52347,-85.77369,0
38.52257,-85.77357,0
38.52168,-85.77344,0
38.52078,-85.77332,0
38.51989,-85.7732,0
38.51899,-85.77308,0
38.5181,-85.77296,0
38.51721,-85.77284,0
38.51631,-85.77271,0
38.51542,-85.77259,0
37.93924,-87.50425,0
37.93933,-87.50539,0
37.93942,-87.50652,0
37.93951,-87.50766,0
37.93959,-87.50879,0
37.93968,-87.50993,0
37.93977,-87.51106,0
37.93984,-87.5122,0
37.93983,-87.51334,0
37.93974,-87.51447,0
37.93958,-87.51559,0
37.93934,-87.51669,0
37.93903,-87.51776,0
37.9387,-87.51882,0
40.74311,-85.17113,1
40.74397,-85.1708,1
40.74483,-85.17046,1
40.7457,-85.17012,1
40.74656,-85.16978,1
40.74742,-85.16944,1
40.74828,-85.1691,1
40.74914,-85.16876,1
40.75,-85.16841,1
40.75086,-85.16806,1
40.75172,-85.16771,1
40.75258,-85.16735,1
40.75344,-85.16699,1
40.75429,-85.16662,1
40.75515,-85.16626,1
40.75601,-85.16592,1
40.75689,-85.16571,1
41.72939,-84.96987,0
41.73012,-84.97057,0
41.73072,-84.9715,0
41.72998,-84.97082,0
41.73073,-84.97115,0
41.73147,-84.97184,0
41.7322,-84.97254,0
41.73293,-84.97324,0
41.73362,-84.97402,0
41.73422,-84.97492,0
41.73472,-84.97592,0
41.7351,-84.977,0
41.73537,-84.97815,0
41.73552,-84.97934,0
41.73557,-84.98054,0
41.07449,-85.15671,1
41.07413,-85.15779,1
41.07361,-85.15875,1
41.07305,-85.15969,1
41.07235,-85.16043,1
41.07197,-85.16149,1
41.07525,-85.14523,1
41.07542,-85.14406,1
41.07559,-85.14289,1
41.07577,-85.14171,1
41.07594,-85.14054,1
41.08886,-85.15345,1
41.08974,-85.15358,1
41.09064,-85.15361,1
41.09154,-85.15364,1
41.09244,-85.15367,1
41.09334,-85.1537,1
41.09424,-85.15371,1
41.09513,-85.15376,1
41.07596,-85.09992,1
41.0764,-85.10096,1
41.07687,-85.10197,1
41.07734,-85.10299,1
41.07783,-85.10399,1
41.07832,-85.105,1
41.07881,-85.10599,1
41.07917,-85.10709,1
41.07933,-85.10826,1
41.07931,-85.10945,1
41.03747,-85.1321,1
41.03658,-85.13216,1
41.03568,-85.13225,1
41.03478,-85.13232,1
41.03388,-85.13233,1
41.73553,-85.00094,0
41.73575,-84.99994,0
41.73552,-84.99994,1
41.73551,-84.99874,1
41.7355,-84.99753,1
41.73549,-84.99633,1
41.73548,-84.99512,1
41.73575,-85.00094,0
41.73576,-85.00215,0
41.73581,-85.00335,0
41.73594,-85.00454,0
41.73614,-85.00571,0
41.73642,-85.00686,0
41.73677,-85.00797,0
41.73719,-85.00903,0
41.73768,-85.01004,0
41.73824,-85.01099,0
41.73884,-85.01188,0
41.73946,-85.01276,0
41.74007,-85.01364,0
41.74069,-85.01452,0
41.7413,-85.0154,0
41.74192,-85.01628,0
41.74253,-85.01716,0
41.74315,-85.01804,0
41.74376,-85.01892,0
41.61216,-86.71945,1
41.61267,-86.71846,1
37.97704,-87.55127,1
37.97702,-87.55241,1
37.977,-87.55355,1
37.977,-87.55469,1
37.97702,-87.55584,1
37.97692,-87.54314,1
37.97687,-87.542,1
37.97686,-87.54086,1
37.97686,-87.53972,1
37.97686,-87.53858,1
37.97686,-87.53744,1
37.97686,-87.53629,1
37.97686,-87.53515,1
37.97685,-87.53401,1
37.97685,-87.53287,1
37.97685,-87.53173,1
37.97685,-87.53059,1
37.97698,-87.54404,1
37.97701,-87.54092,1
37.97702,-87.54206,1
37.97708,-87.5432,1
37.97715,-87.54434,1
37.97722,-87.54547,1
37.97728,-87.54661,1
37.97779,-87.60059,1
37.97778,-87.59945,1
37.97776,-87.59831,1
37.97774,-87.59717,1
37.97772,-87.59603,1
37.97775,-87.59489,1
38.03919,-87.67214,0
38.03838,-87.67256,0
38.0375,-87.67281,0
38.03663,-87.67307,0
38.03575,-87.67333,0
38.03487,-87.67359,0
38.034,-87.67385,0
38.03312,-87.67412,0
38.03225,-87.67438,0
38.03137,-87.67464,0
38.0305,-87.6749,0
38.02962,-87.67517,0
38.02876,-87.67548,0
38.02791,-87.67585,0
38.02707,-87.67628,0
38.02625,-87.67673,0
38.02542,-87.67718,0
38.02457,-87.67756,0
38.02371,-87.67789,0
38.02284,-87.67817,0
38.02195,-87.67832,0
38.02106,-87.67847,0
38.02016,-87.67848,0
38.01926,-87.67843,0
38.01837,-87.67833,0
38.01747,-87.6782,0
38.01658,-87.67807,0
38.01569,-87.67795,0
38.01479,-87.67789,0
38.01389,-87.67784,0
38.01299,-87.67782,0
38.01209,-87.6778,0
38.01119,-87.67776,0
38.01029,-87.67772,0
38.00939,-87.67767,0
38.0085,-87.67762,0
38.0076,-87.67757,0
38.0067,-87.67753,0
38.0058,-87.67749,0
38.0049,-87.67748,0
38.004,-87.67749,0
38.0031,-87.6775,0
38.0022,-87.67751,0
38.0013,-87.67753,0
38.0004,-87.67755,0
37.99951,-87.67757,0
37.99861,-87.67759,0
37.99771,-87.67761,0
37.99681,-87.67766,0
37.99591,-87.67771,0
37.99501,-87.67776,0
37.99412,-87.67786,0
37.99322,-87.67797,0
37.99233,-87.67808,0
37.99143,-87.67819,0
37.99054,-87.67831,0
37.98964,-87.67842,0
37.98875,-87.67854,0
37.98785,-87.67866,0
37.90045,-87.21404,0
37.90044,-87.21518,0
37.90043,-87.21632,0
37.90042,-87.21746,0
37.90041,-87.2186,0
37.90041,-87.21974,0
37.9004,-87.22088,0
37.9004,-87.22202,0
37.90041,-87.22316,0
37.90041,-87.2243,0
37.9004,-87.22544,0
37.90038,-87.22658,0
37.90037,-87.22772,0
37.90041,-87.22886,0
37.90051,-87.22999,0
37.90072,-87.2311,0
37.90105,-87.23216,0
37.90143,-87.23318,0
37.90193,-87.23413,0
37.90251,-87.235,0
37.90315,-87.2358,0
37.90377,-87.23663,0
37.9044,-87.23744,0
37.90502,-87.23826,0
37.90564,-87.23909,0
37.90628,-87.23989,0
37.90692,-87.2407,0
37.90754,-87.24153,0
37.90815,-87.24235,0
37.90877,-87.24318,0
37.90934,-87.24407,0
37.90985,-87.245,0
37.91031,-87.24598,0
37.91073,-87.24699,0
37.91114,-87.24801,0
37.91153,-87.24903,0
37.91193,-87.25006,0
37.91234,-87.25107,0
37.91274,-87.25209,0
37.91313,-87.25312,0
37.91351,-87.25415,0
37.91391,-87.25517,0
37.91431,-87.25619,0
37.91471,-87.25721,0
37.91512,-87.25823,0
37.91553,-87.25924,0
37.91593,-87.26026,0
37.91633,-87.26128,0
37.91672,-87.26231,0
37.91713,-87.26333,0
37.91753,-87.26435,0
37.91796,-87.26535,0
37.91838,-87.26635,0
37.91881,-87.26736,0
37.91923,-87.26836,0
37.91965,-87.26937,0
37.92007,-87.27038,0
37.98799,-87.67833,0
37.98888,-87.67821,0
37.98978,-87.6781,0
37.99067,-87.67799,0
37.99157,-87.67789,0
37.99246,-87.67777,0
37.99336,-87.67764,0
37.99425,-87.67754,0
37.99515,-87.67745,0
37.99605,-87.67738,0
37.99695,-87.67735,0
37.99784,-87.67732,0
37.99874,-87.6773,0
37.99964,-87.67727,0
38.00054,-87.67725,0
38.00144,-87.67722,0
38.00234,-87.6772,0
38.00324,-87.67719,0
38.00414,-87.67718,0
38.00504,-87.67719,0
38.00594,-87.67721,0
38.00684,-87.67724,0
38.00773,-87.67729,0
38.00863,-87.67733,0
38.00953,-87.67737,0
38.01043,-87.67742,0
38.01133,-87.67747,0
38.01223,-87.6775,0
38.01313,-87.67752,0
38.01403,-87.67756,0
38.01492,-87.67761,0
38.01582,-87.6777,0
38.01672,-87.67778,0
38.01761,-87.6779,0
38.01851,-87.67803,0
38.0194,-87.67815,0
38.0203,-87.67816,0
38.0212,-87.67813,0
38.02209,-87.67796,0
38.02297,-87.67777,0
38.02385,-87.67751,0
38.02471,-87.67719,0
38.02555,-87.6768,0
38.02638,-87.67634,0
38.0272,-87.67588,0
38.02804,-87.67547,0
38.0289,-87.67514,0
38.02977,-87.67485,0
38.03064,-87.67458,0
38.03152,-87.67431,0
38.03239,-87.67404,0
38.03326,-87.67376,0
38.03414,-87.67349,0
38.03501,-87.67322,0
38.03588,-87.67295,0
38.03676,-87.67268,0
38.03763,-87.67241,0
38.03851,-87.67214,0
41.07438,-85.09583,1
41.07477,-85.0969,1
41.07515,-85.09798,1
41.07558,-85.09903,1
41.07587,-85.1007,1
41.07565,-85.09956,1
41.07521,-85.09852,1
41.07481,-85.09745,1
41.07446,-85.09636,1
39.82915,-84.88769,1
39.82922,-84.88652,1
39.82753,-84.89661,1
41.6327,-86.74047,1
41.6331,-86.74155,1
41.63356,-86.74258,1
41.63419,-86.74343,1
41.63497,-86.74403,1
41.63577,-86.74458,1
41.63656,-86.74515,1
41.63735,-86.74573,1
41.63814,-86.74629,1
41.03313,-85.05787,0
41.03223,-85.05786,0
41.03134,-85.05785,0
41.03044,-85.05784,0
41.02954,-85.05782,0
41.02864,-85.05781,0
41.02774,-85.05779,0
41.02684,-85.05778,0
41.02594,-85.05776,0
41.02504,-85.05775,0
41.02414,-85.05774,0
41.02324,-85.05772,0
41.02234,-85.05771,0
41.02144,-85.05769,0
41.02054,-85.05768,0
41.01965,-85.05767,0
41.01875,-85.05765,0
41.75416,-85.41893,0
41.75413,-85.42014,0
41.7541,-85.42134,0
41.75407,-85.42255,0
41.75405,-85.42375,0
41.75402,-85.42496,0
41.754,-85.42616,0
41.7529,-85.40049,0
41.75296,-85.3999,0
41.75395,-85.41834,0
41.75398,-85.41714,0
41.754,-85.41593,0
41.75403,-85.41473,0
41.75406,-85.41353,0
41.75408,-85.41232,0
41.75411,-85.41112,0
41.75413,-85.40991,0
41.75411,-85.4087,0
41.75405,-85.4075,0
41.75396,-85.4063,0
41.75382,-85.40511,0
41.75364,-85.40393,0
41.75343,-85.40276,0
41.75318,-85.4016,0
41.75311,-85.40039,0
41.7534,-85.40154,0
41.75365,-85.40269,0
41.75386,-85.40387,0
41.75403,-85.40505,0
41.75417,-85.40624,0
41.75426,-85.40744,0
41.75433,-85.40864,0
41.75435,-85.40985,0
41.75433,-85.41105,0
41.75431,-85.41226,0
41.75428,-85.41346,0
41.75425,-85.41467,0
41.75423,-85.41587,0
41.7542,-85.41708,0
41.75417,-85.41828,0
41.75394,-85.41893,0
41.75417,-85.41835,0
41.75277,-85.4,0
41.75243,-85.39888,0
41.75206,-85.39778,0
41.75169,-85.39668,0
41.75133,-85.39558,0
41.75101,-85.39445,0
41.75072,-85.39331,0
41.75047,-85.39215,0
41.75026,-85.39098,0
41.75009,-85.3898,0
41.74995,-85.3886,0
41.74983,-85.38741,0
41.7497,-85.38622,0
41.74958,-85.38502,0
41.74945,-85.38383,0
41.74933,-85.38264,0
41.7492,-85.38144,0
41.74908,-85.38025,0
41.74895,-85.37905,0
41.74883,-85.37786,0
41.74871,-85.37667,0
41.74861,-85.37547,0
41.74852,-85.37427,0
41.74844,-85.37307,0
41.74837,-85.37187,0
41.74832,-85.37066,0
41.74828,-85.36946,0
41.74825,-85.36825,0
41.74824,-85.36705,0
41.74823,-85.36584,0
41.74825,-85.36464,0
41.74827,-85.36343,0
41.74831,-85.36223,0
41.74836,-85.36103,0
41.74841,-85.35982,0
41.74846,-85.35862,0
41.74851,-85.35741,0
41.74856,-85.35621,0
41.74861,-85.35501,0
41.74866,-85.3538,0
41.74871,-85.3526,0
41.74876,-85.3514,0
41.74881,-85.35019,0
41.74885,-85.34899,0
41.74888,-85.34778,0
41.74888,-85.34658,0
41.74885,-85.34537,0
41.74879,-85.34417,0
41.74872,-85.34297,0
41.74861,-85.34177,0
41.74848,-85.34058,0
41.74832,-85.33939,0
41.74815,-85.33821,0
41.74794,-85.33704,0
41.74771,-85.33587,0
41.74745,-85.33472,0
41.74717,-85.33358,0
41.74686,-85.33244,0
41.74654,-85.33131,0
41.74623,-85.33019,0
41.74591,-85.32906,0
41.74559,-85.32793,0
41.74528,-85.3268,0
41.74498,-85.32566,0
41.74468,-85.32453,0
41.7444,-85.32338,0
41.74412,-85.32224,0
41.74385,-85.32109,0
41.74358,-85.31994,0
41.74333,-85.31878,0
41.74308,-85.31762,0
41.74285,-85.31646,0
41.74262,-85.31529,0
41.7424,-85.31412,0
41.74218,-85.31295,0
41.74198,-85.31178,0
41.74178,-85.3106,0
41.74159,-85.30942,0
41.74141,-85.30824,0
41.74124,-85.30706,0
41.74108,-85.30587,0
41.74093,-85.30469,0
41.74078,-85.3035,0
41.74064,-85.30231,0
41.74051,-85.30111,0
41.74039,-85.29992,0
41.74028,-85.29872,0
41.74018,-85.29753,0
41.74008,-85.29633,0
41.74,-85.29513,0
41.73992,-85.29393,0
41.7357,-84.99428,1
41.7357,-84.99548,1
41.73571,-84.99669,1
41.73547,-84.99428,1
41.73569,-84.9936,1
41.73536,-84.98103,0
41.73533,-84.97983,0
41.73523,-84.97863,0
41.735,-84.97747,0
41.73465,-84.97636,0
41.73418,-84.97533,0
41.7336,-84.97441,0
41.73294,-84.9736,0
41.73221,-84.9729,0
41.73147,-84.9722,0
41.73073,-84.97152,0
39.82565,-84.91984,1
39.82246,-84.94564,1
39.82232,-84.9468,1
39.82218,-84.94795,1
39.82203,-84.94911,1
39.82189,-84.95026,1
39.82174,-84.95142,1
39.8216,-84.95258,1
39.82145,-84.95373,1
39.8213,-84.95488,1
39.82117,-84.95604,1
39.82105,-84.9572,1
39.82093,-84.95836,1
39.82083,-84.95953,1
39.82072,-84.96069,1
39.82062,-84.96185,1
39.8205,-84.96301,1
39.82039,-84.96418,1
39.82029,-84.96534,1
39.82018,-84.9665,1
39.82007,-84.96766,1
39.81996,-84.96883,1
39.81984,-84.96999,1
39.81973,-84.97115,1
39.81962,-84.97231,1
39.8195,-84.97347,1
39.81939,-84.97463,1
39.81928,-84.9758,1
39.81917,-84.97696,1
39.81905,-84.97812,1
39.81893,-84.97928,1
39.82742,-84.90295,1
39.8273,-84.90411,1
39.82719,-84.90527,1
39.82706,-84.90643,1
39.82693,-84.90759,1
39.82681,-84.90875,1
39.82669,-84.90991,1
39.82658,-84.91107,1
39.82646,-84.91223,1
39.82632,-84.91339,1
39.8262,-84.91455,1
39.82609,-84.91571,1
39.82597,-84.91687,1
39.82584,-84.91803,1
39.82572,-84.91919,1
41.75576,-85.17217,0
41.75575,-85.17096,0
41.75573,-85.16976,0
41.75572,-85.16855,0
41.75571,-85.16735,0
41.75569,-85.16614,0
41.75568,-85.16494,0
41.75567,-85.16373,0
41.75566,-85.16253,0
41.75564,-85.16132,0
41.75563,-85.16012,0
41.75562,-85.15891,0
41.75561,-85.15771,0
41.75559,-85.1565,0
41.75558,-85.15529,0
41.75557,-85.15409,0
41.75556,-85.15288,0
41.75554,-85.15168,0
41.75553,-85.15047,0
41.75552,-85.14927,0
41.75551,-85.14806,0
41.75549,-85.14686,0
41.75548,-85.14565,0
41.75547,-85.14445,0
41.75545,-85.14324,0
41.75544,-85.14203,0
41.75543,-85.14083,0
41.75541,-85.13962,0
41.7554,-85.13842,0
41.75539,-85.13721,0
41.75538,-85.13601,0
41.75536,-85.1348,0
41.75535,-85.1336,0
41.75534,-85.13239,0
41.75533,-85.13119,0
41.75531,-85.12998,0
41.7553,-85.12878,0
41.75529,-85.12757,0
41.75526,-85.12636,0
41.7552,-85.12516,0
41.75508,-85.12397,0
41.75491,-85.12278,0
41.75469,-85.12162,0
41.75442,-85.12047,0
41.75414,-85.11932,0
41.75385,-85.11818,0
41.75356,-85.11704,0
41.75328,-85.1159,0
41.75299,-85.11475,0
41.75295,-85.1137,0
41.75324,-85.11484,0
41.75353,-85.11598,0
41.75382,-85.11713,0
41.7541,-85.11827,0
41.75439,-85.11941,0
41.75467,-85.12056,0
41.75494,-85.12171,0
41.75515,-85.12288,0
41.75531,-85.12406,0
41.75543,-85.12526,0
41.75549,-85.12646,0
41.75551,-85.12767,0
41.75552,-85.12887,0
41.75553,-85.13008,0
41.75554,-85.13128,0
41.75556,-85.13249,0
41.75557,-85.13369,0
41.75558,-85.1349,0
41.7556,-85.1361,0
41.75561,-85.13731,0
41.75562,-85.13852,0
41.75564,-85.13972,0
41.75565,-85.14093,0
41.75566,-85.14213,0
41.75568,-85.14334,0
41.75569,-85.14454,0
41.7557,-85.14575,0
41.75572,-85.14695,0
41.75573,-85.14816,0
41.75574,-85.14936,0
41.75576,-85.15057,0
41.75577,-85.15178,0
41.75578,-85.15298,0
41.75579,-85.15419,0
41.75581,-85.15539,0
41.75582,-85.1566,0
41.75583,-85.1578,0
41.75585,-85.15901,0
41.75586,-85.16021,0
41.75587,-85.16142,0
41.75589,-85.16262,0
41.7559,-85.16383,0
41.75591,-85.16503,0
41.75592,-85.16624,0
41.75594,-85.16745,0
41.75595,-85.16865,0
41.75596,-85.16986,0
41.75597,-85.17106,0
41.75598,-85.17227,0
41.74454,-85.02004,0
41.74516,-85.02092,0
41.74575,-85.02182,0
41.74629,-85.02279,0
41.74674,-85.02384,0
41.74709,-85.02495,0
41.74734,-85.0261,0
41.74751,-85.02728,0
41.74759,-85.02848,0
41.74764,-85.02969,0
41.74769,-85.03089,0
41.74774,-85.03209,0
41.74779,-85.0333,0
41.74784,-85.0345,0
41.74788,-85.03571,0
41.74793,-85.03691,0
41.74797,-85.03811,0
41.748,-85.03932,0
41.74801,-85.04052,0
41.74801,-85.04173,0
41.748,-85.04293,0
41.74797,-85.04414,0
41.74793,-85.04534,0
41.74788,-85.04655,0
41.74782,-85.04775,0
41.74774,-85.04895,0
41.74765,-85.05015,0
41.74757,-85.05135,0
41.74748,-85.05255,0
41.74739,-85.05375,0
41.7473,-85.05495,0
41.74721,-85.05615,0
41.74712,-85.05735,0
41.74704,-85.05855,0
41.74699,-85.05975,0
41.74697,-85.06096,0
41.74697,-85.06216,0
41.747,-85.06337,0
41.74705,-85.06457,0
41.74712,-85.06577,0
41.7472,-85.06697,0
41.74727,-85.06817,0
41.74734,-85.06937,0
41.74742,-85.07058,0
41.74749,-85.07178,0
41.74756,-85.07298,0
41.74764,-85.07418,0
41.74771,-85.07538,0
41.74778,-85.07658,0
41.74764,-85.07784,0
41.75527,-85.23076,0
41.71097,-84.94083,0
41.7114,-84.94189,0
41.71184,-84.94295,0
41.71228,-84.94399,0
41.75576,-85.17274,0
41.74424,-85.0196,0
41.71043,-84.93951,0
41.71086,-84.94056,0
41.71291,-84.94551,0
41.71335,-84.94657,0
41.71378,-84.94762,0
41.71422,-84.94868,0
41.71465,-84.94973,0
41.71509,-84.95079,0
41.71552,-84.95184,0
41.71595,-84.9529,0
41.71639,-84.95395,0
41.71682,-84.95501,0
41.71726,-84.95606,0
41.71769,-84.95711,0
41.71815,-84.95815,0
41.71867,-84.95913,0
41.71925,-84.96005,0
41.7199,-84.96089,0
41.72059,-84.96166,0
41.72132,-84.96236,0
41.72206,-84.96305,0
41.72279,-84.96374,0
41.72353,-84.96443,0
41.72427,-84.96512,0
41.72501,-84.96581,0
41.72574,-84.9665,0
41.72648,-84.96719,0
41.72722,-84.96788,0
41.72796,-84.96857,0
41.7287,-84.96925,0
41.75272,-85.1137,0
41.74784,-85.07742,0
41.75598,-85.17233,0
41.73987,-85.2932,0
41.71218,-84.94438,0
41.71174,-84.94333,0
41.7113,-84.94228,0
41.71088,-84.94122,0
41.75285,-85.11329,0
41.74007,-85.29279,0
41.74454,-85.02047,0
41.71079,-84.941,0
41.71035,-84.93994,0
41.7127,-84.94563,0
41.71227,-84.94458,0
41.75497,-85.23112,0
41.71234,-84.94413,0
41.71278,-84.94519,0
41.70528,-84.92771,0
41.70484,-84.92666,0
41.70441,-84.9256,0
41.70397,-84.92455,0
41.70352,-84.92351,0
41.70304,-84.92249,0
41.70255,-84.92148,0
41.70203,-84.9205,0
41.70149,-84.91953,0
41.70093,-84.91859,0
41.70035,-84.91767,0
41.69977,-84.91675,0
41.69918,-84.91584,0
41.69859,-84.91493,0
41.698,-84.91403,0
41.69741,-84.91312,0
41.69682,-84.91221,0
41.69624,-84.91128,0
41.69569,-84.91034,0
41.69515,-84.90937,0
41.69463,-84.90838,0
41.69414,-84.90738,0
41.69366,-84.90636,0
41.69322,-84.90531,0
41.6928,-84.90425,0
41.69238,-84.90318,0
41.692,-84.90209,0
41.69161,-84.901,0
41.69122,-84.89991,0
41.69083,-84.89883,0
41.69045,-84.89774,0
41.69006,-84.89665,0
41.68967,-84.89557,0
41.68928,-84.89448,0
41.6889,-84.89339,0
41.68851,-84.89231,0
41.68812,-84.89122,0
41.68772,-84.89014,0
41.68729,-84.88909,0
41.68684,-84.88805,0
41.68636,-84.88702,0
41.68587,-84.88602,0
41.68535,-84.88503,0
41.68482,-84.88406,0
41.68426,-84.88312,0
41.68368,-84.8822,0
41.68308,-84.8813,0
41.68247,-84.88042,0
41.68184,-84.87956,0
41.68121,-84.8787,0
41.68058,-84.87784,0
41.67994,-84.87699,0
41.67932,-84.87613,0
41.67869,-84.87527,0
41.67805,-84.87441,0
41.67742,-84.87355,0
41.67679,-84.8727,0
41.67616,-84.87183,0
41.67555,-84.87096,0
41.67494,-84.87007,0
41.67434,-84.86917,0
41.67375,-84.86826,0
41.67317,-84.86734,0
41.6726,-84.86641,0
41.67204,-84.86547,0
41.75515,-85.23143,0
41.75498,-85.23261,0
41.75486,-85.23381,0
41.75479,-85.23501,0
41.75475,-85.23621,0
41.75476,-85.23742,0
41.75476,-85.23863,0
41.75477,-85.23983,0
41.75477,-85.24104,0
41.75478,-85.24224,0
41.75478,-85.24345,0
41.75478,-85.24465,0
41.75479,-85.24586,0
41.75479,-85.24706,0
41.7548,-85.24827,0
41.7548,-85.24948,0
41.75481,-85.25068,0
41.75481,-85.25189,0
41.75482,-85.25309,0
41.75482,-85.2543,0
41.75482,-85.2555,0
41.75483,-85.25671,0
41.75483,-85.25791,0
41.75484,-85.25912,0
41.75483,-85.26032,0
41.75476,-85.26153,0
41.75459,-85.26271,0
41.75434,-85.26387,0
41.754,-85.26498,0
41.75357,-85.26604,0
41.75306,-85.26703,0
41.75248,-85.26795,0
41.75182,-85.26877,0
41.75111,-85.26951,0
41.75036,-85.27017,0
41.7496,-85.27082,0
41.74883,-85.27144,0
41.74806,-85.27206,0
41.74729,-85.27269,0
41.74653,-85.27333,0
41.74576,-85.27396,0
41.745,-85.27459,0
41.74423,-85.27521,0
41.74346,-85.27584,0
41.7427,-85.27649,0
41.74198,-85.27721,0
41.74134,-85.27806,0
41.74081,-85.27903,0
41.74038,-85.28008,0
41.74008,-85.28122,0
41.7399,-85.2824,0
41.73983,-85.2836,0
41.73984,-85.2848,0
41.73985,-85.28601,0
41.73987,-85.28721,0
41.7399,-85.28842,0
41.73994,-85.28962,0
41.73998,-85.29082,0
41.74004,-85.29203,0
41.75599,-85.17288,0
41.756,-85.17409,0
41.75601,-85.1753,0
41.75603,-85.1765,0
41.75604,-85.17771,0
41.75605,-85.17891,0
41.75606,-85.18012,0
41.75608,-85.18132,0
41.75609,-85.18253,0
41.7561,-85.18373,0
41.75612,-85.18494,0
41.75614,-85.18614,0
41.75616,-85.18735,0
41.75619,-85.18855,0
41.75621,-85.18976,0
41.75624,-85.19096,0
41.75627,-85.19217,0
41.75629,-85.19337,0
41.75632,-85.19458,0
41.75635,-85.19578,0
41.75638,-85.19699,0
41.75641,-85.19819,0
41.73985,-85.29278,0
41.7398,-85.29158,0
41.73975,-85.29037,0
41.7397,-85.28917,0
41.73967,-85.28796,0
41.73964,-85.28676,0
41.73963,-85.28555,0
41.73962,-85.28435,0
41.73963,-85.28314,0
41.73972,-85.28195,0
41.73995,-85.28078,0
41.74028,-85.27966,0
41.74073,-85.27862,0
41.7413,-85.27769,0
41.74195,-85.27686,0
41.74268,-85.27615,0
41.74344,-85.27551,0
41.74421,-85.27488,0
41.74497,-85.27425,0
41.74574,-85.27362,0
41.74651,-85.27299,0
41.74727,-85.27236,0
41.74804,-85.27173,0
41.74881,-85.27112,0
41.74958,-85.27049,0
41.75034,-85.26985,0
41.75108,-85.26916,0
41.75179,-85.26842,0
41.75244,-85.26759,0
41.75301,-85.26665,0
41.75349,-85.26564,0
41.7539,-85.26456,0
41.75421,-85.26343,0
41.75444,-85.26227,0
41.75457,-85.26108,0
41.75462,-85.25987,0
41.75462,-85.25867,0
41.75461,-85.25746,0
41.75461,-85.25626,0
41.7546,-85.25505,0
41.7546,-85.25385,0
41.75459,-85.25264,0
41.75459,-85.25144,0
41.75458,-85.25023,0
41.75458,-85.24902,0
41.75458,-85.24782,0
41.75457,-85.24661,0
41.75457,-85.24541,0
41.75457,-85.2442,0
41.75456,-85.243,0
41.75456,-85.24179,0
41.75455,-85.24059,0
41.75455,-85.23938,0
41.75454,-85.23817,0
41.75454,-85.23697,0
41.75454,-85.23576,0
41.75458,-85.23456,0
41.75468,-85.23336,0
41.75482,-85.23217,0
41.74761,-85.07742,0
41.74754,-85.07622,0
41.74747,-85.07502,0
41.7474,-85.07382,0
41.74732,-85.07261,0
41.74725,-85.07141,0
41.74717,-85.07021,0
41.7471,-85.06901,0
41.74703,-85.06781,0
41.74695,-85.06661,0
41.74688,-85.06541,0
41.74681,-85.06421,0
41.74677,-85.063,0
41.74674,-85.0618,0
41.74675,-85.06059,0
41.74679,-85.05939,0
41.74684,-85.05818,0
41.74692,-85.05698,0
41.74702,-85.05578,0
41.7471,-85.05458,0
41.74719,-85.05339,0
41.74728,-85.05219,0
41.74737,-85.05099,0
41.74746,-85.04979,0
41.74754,-85.04859,0
41.74762,-85.04739,0
41.74768,-85.04618,0
41.74773,-85.04498,0
41.74776,-85.04377,0
41.74778,-85.04257,0
41.74779,-85.04136,0
41.7478,-85.04016,0
41.74777,-85.03895,0
41.74774,-85.03775,0
41.7477,-85.03655,0
41.74765,-85.03534,0
41.7476,-85.03414,0
41.74755,-85.03293,0
41.7475,-85.03173,0
41.74746,-85.03053,0
41.74741,-85.02932,0
41.74735,-85.02812,0
41.74725,-85.02692,0
41.74706,-85.02575,0
41.74676,-85.02461,0
41.74637,-85.02353,0
41.74589,-85.02251,0
41.74532,-85.02158,0
41.7447,-85.0207,0
41.74009,-85.29323,0
41.74017,-85.29443,0
41.74025,-85.29563,0
41.74034,-85.29683,0
41.74044,-85.29803,0
41.74054,-85.29923,0
41.74066,-85.30042,0
41.74078,-85.30162,0
41.74092,-85.30281,0
41.74106,-85.304,0
41.7412,-85.30519,0
41.74136,-85.30637,0
41.74153,-85.30756,0
41.74171,-85.30874,0
41.74189,-85.30992,0
41.74208,-85.3111,0
41.74228,-85.31227,0
41.74249,-85.31345,0
41.7427,-85.31462,0
41.74293,-85.31578,0
41.74316,-85.31695,0
41.74341,-85.31811,0
41.74365,-85.31927,0
41.74391,-85.32042,0
41.74418,-85.32157,0
41.74445,-85.32272,0
41.74474,-85.32386,0
41.74503,-85.325,0
41.74534,-85.32614,0
41.74564,-85.32727,0
41.74596,-85.3284,0
41.74627,-85.32953,0
41.74659,-85.33066,0
41.7469,-85.33178,0
41.74721,-85.33292,0
41.7475,-85.33406,0
41.74778,-85.33521,0
41.74802,-85.33636,0
41.74824,-85.33753,0
41.74844,-85.33871,0
41.74861,-85.33989,0
41.74875,-85.34108,0
41.74887,-85.34228,0
41.74897,-85.34348,0
41.74903,-85.34468,0
41.74907,-85.34588,0
41.74909,-85.34709,0
41.74908,-85.34829,0
41.74905,-85.3495,0
41.749,-85.3507,0
41.74895,-85.3519,0
41.7489,-85.35311,0
41.74885,-85.35431,0
41.7488,-85.35551,0
41.74875,-85.35672,0
41.7487,-85.35792,0
41.74865,-85.35913,0
41.7486,-85.36033,0
41.74855,-85.36153,0
41.74851,-85.36274,0
41.74847,-85.36394,0
41.74846,-85.36515,0
41.74845,-85.36635,0
41.74846,-85.36756,0
41.74848,-85.36876,0
41.74851,-85.36997,0
41.74856,-85.37117,0
41.74862,-85.37237,0
41.74869,-85.37358,0
41.74877,-85.37478,0
41.74887,-85.37597,0
41.74898,-85.37717,0
41.7491,-85.37836,0
41.74922,-85.37956,0
41.74935,-85.38075,0
41.74947,-85.38195,0
41.7496,-85.38314,0
41.74972,-85.38433,0
41.74985,-85.38553,0
41.74997,-85.38672,0
41.75009,-85.38791,0
41.75022,-85.38911,0
41.75037,-85.3903,0
41.75057,-85.39147,0
41.75079,-85.39264,0
41.75106,-85.39379,0
41.75136,-85.39493,0
41.75171,-85.39604,0
41.75207,-85.39714,0
41.75245,-85.39824,0
41.7528,-85.39934,0
41.75261,-85.11329,0
41.75232,-85.11215,0
41.75204,-85.11101,0
41.75177,-85.10986,0
41.75152,-85.1087,0
41.75129,-85.10753,0
41.75109,-85.10636,0
41.75092,-85.10517,0
41.75075,-85.10399,0
41.7506,-85.1028,0
41.75044,-85.10162,0
41.75027,-85.10043,0
41.75011,-85.09924,0
41.74995,-85.09806,0
41.74979,-85.09687,0
41.74963,-85.09569,0
41.74947,-85.0945,0
41.74931,-85.09331,0
41.74915,-85.09213,0
41.74899,-85.09094,0
41.74883,-85.08976,0
41.74867,-85.08857,0
41.74851,-85.08738,0
41.74835,-85.0862,0
41.74821,-85.085,0
41.74809,-85.08381,0
41.74798,-85.08262,0
41.74788,-85.08142,0
41.74779,-85.08022,0
41.74771,-85.07902,0
41.74786,-85.07784,0
41.74793,-85.07904,0
41.74801,-85.08025,0
41.7481,-85.08144,0
41.7482,-85.08264,0
41.74831,-85.08384,0
41.74844,-85.08503,0
41.74858,-85.08622,0
41.74873,-85.08741,0
41.74889,-85.0886,0
41.74905,-85.08978,0
41.74921,-85.09097,0
41.74937,-85.09215,0
41.74954,-85.09334,0
41.7497,-85.09453,0
41.74986,-85.09571,0
41.75002,-85.0969,0
41.75018,-85.09808,0
41.75034,-85.09927,0
41.7505,-85.10046,0
41.75066,-85.10164,0
41.75082,-85.10283,0
41.75098,-85.10401,0
41.75114,-85.1052,0
41.75132,-85.10638,0
41.75152,-85.10756,0
41.75175,-85.10872,0
41.752,-85.10988,0
41.75228,-85.11103,0
41.75256,-85.11217,0
41.74423,-85.02002,0
41.74361,-85.01914,0
41.743,-85.01826,0
41.74238,-85.01738,0
41.74177,-85.0165,0
41.74116,-85.01562,0
41.74054,-85.01474,0
41.73993,-85.01386,0
41.73931,-85.01298,0
41.7387,-85.0121,0
41.73809,-85.0112,0
41.73753,-85.01026,0
41.73704,-85.00926,0
41.73661,-85.0082,0
41.73625,-85.0071,0
41.73596,-85.00595,0
41.73575,-85.00478,0
41.73561,-85.00359,0
41.73554,-85.00239,0
41.73553,-85.00119,0
41.65925,-84.84466,0
41.66011,-84.84501,0
41.66094,-84.84548,0
41.66173,-84.84607,0
41.66246,-84.84677,0
41.66312,-84.84758,0
41.66371,-84.84848,0
41.66423,-84.84947,0
41.66472,-84.85047,0
41.66522,-84.85148,0
41.66571,-84.85249,0
41.64626,-84.84063,0
41.64568,-84.83971,0
41.64513,-84.83876,0
41.64458,-84.8378,0
41.64404,-84.83685,0
41.64349,-84.83589,0
41.64293,-84.83494,0
41.64237,-84.83401,0
41.64179,-84.83309,0
41.64121,-84.83217,0
41.64061,-84.83127,0
41.64,-84.83038,0
41.63939,-84.82951,0
41.63876,-84.82864,0
41.63813,-84.82778,0
41.63749,-84.82694,0
41.63684,-84.82611,0
41.63618,-84.82529,0
41.63552,-84.82448,0
41.63486,-84.82366,0
41.6342,-84.82284,0
41.63354,-84.82203,0
41.63287,-84.82121,0
41.63221,-84.8204,0
41.63155,-84.81958,0
41.6309,-84.81876,0
41.64656,-84.84104,0
41.64654,-84.84059,0
41.65924,-84.84496,0
41.65881,-84.84453,0
41.64687,-84.84101,0
41.64758,-84.84174,0
41.64837,-84.8423,0
41.64922,-84.84272,0
41.6501,-84.84297,0
41.65099,-84.84314,0
41.65188,-84.8433,0
41.65277,-84.84346,0
41.65366,-84.84362,0
41.65455,-84.84377,0
41.65544,-84.84393,0
41.65633,-84.84409,0
41.65723,-84.84425,0
41.65812,-84.84441,0
41.6588,-84.84483,0
41.65791,-84.84466,0
41.65702,-84.8445,0
41.65613,-84.84434,0
41.65524,-84.84419,0
41.65435,-84.84403,0
41.65345,-84.84387,0
41.65256,-84.84372,0
41.65167,-84.84356,0
41.65078,-84.8434,0
41.64989,-84.84322,0
41.64902,-84.84294,0
41.64818,-84.84251,0
41.6474,-84.84192,0
41.64669,-84.84118,0
37.98062,-87.60056,1
37.97972,-87.60059,1
37.97882,-87.60059,1
37.97792,-87.60059,1
41.60994,-86.72371,1
41.60148,-86.73057,1
41.60212,-86.7303,1
41.60302,-86.73028,1
41.60392,-86.73027,1
39.77765,-86.14522,1
39.77824,-86.14435,1
39.77883,-86.14346,1
39.77943,-86.14259,1
39.91673,-86.09576,1
39.91705,-86.09686,1
39.91737,-86.09796,1
39.91769,-86.09905,1
39.91801,-86.10014,1
39.91833,-86.10124,1
39.91865,-86.10234,1
39.91897,-86.10343,1
39.91929,-86.10453,1
39.91662,-86.09538,1
39.91649,-86.09588,1
39.91638,-86.0955,1
39.91609,-86.09439,1
39.91582,-86.09327,1
39.91554,-86.09216,1
41.49587,-86.96647,0
41.4954,-86.96749,0
41.49497,-86.96855,0
41.49461,-86.96965,0
41.49432,-86.97079,0
41.49405,-86.97193,0
41.49377,-86.97307,0
41.4935,-86.97422,0
41.49322,-86.97536,0
41.49294,-86.9765,0
41.49248,-86.97752,0
41.49184,-86.97837,0
41.4912,-86.97921,0
41.49056,-86.98005,0
41.48992,-86.9809,0
41.48928,-86.98174,0
41.48868,-86.98263,0
41.48816,-86.98361,0
41.48764,-86.98459,0
41.48712,-86.98557,0
41.48661,-86.98656,0
41.48614,-86.98758,0
41.48569,-86.98862,0
41.48526,-86.98968,0
41.48484,-86.99073,0
41.51742,-86.95327,0
41.14951,-85.06303,1
41.15041,-85.06309,1
41.15131,-85.06315,1
41.15221,-85.06321,1
41.1531,-85.06327,1
41.154,-85.06333,1
41.1549,-85.06339,1
41.1558,-85.06345,1
41.1567,-85.06351,1
41.15759,-85.06357,1
41.15849,-85.06362,1
41.15939,-85.06368,1
41.16029,-85.06374,1
41.16119,-85.0638,1
41.09535,-85.19531,0
41.09465,-85.19457,0
41.09395,-85.19382,0
41.09328,-85.19303,0
41.10318,-85.20682,0
40.75373,-86.06905,1
37.93581,-87.37867,0
37.93621,-87.37969,0
37.93669,-87.38066,0
37.93717,-87.38162,0
37.93757,-87.38264,0
37.93794,-87.38368,0
37.9383,-87.38473,0
37.93863,-87.38579,0
37.93881,-87.3869,0
37.93899,-87.38802,0
37.93926,-87.38911,0
37.93954,-87.39019,0
37.93983,-87.39127,0
39.83578,-86.12189,1
39.86242,-86.1223,1
39.86152,-86.12228,1
39.86062,-86.12227,1
39.85972,-86.12226,1
39.85882,-86.12224,1
39.85792,-86.12223,1
39.85702,-86.12222,1
39.85612,-86.12221,1
39.84021,-86.12184,1
39.84111,-86.12185,1
39.84201,-86.12187,1
39.84291,-86.12187,1
39.8438,-86.12188,1
39.8447,-86.12189,1
39.8456,-86.12191,1
39.8465,-86.12192,1
39.85498,-86.12203,1
39.85588,-86.12204,1
39.85678,-86.12205,1
39.85768,-86.12206,1
39.85858,-86.12207,1
39.85948,-86.12208,1
39.86038,-86.1221,1
39.86127,-86.12211,1
39.78099,-86.14223,1
39.78009,-86.14222,1
39.84025,-86.12046,1
39.84025,-86.11929,1
39.84031,-86.12135,1
39.84021,-86.12245,1
39.83963,-86.14553,1
39.84021,-86.12184,1
39.84024,-86.12067,1
39.84031,-86.12201,1
40.74534,-86.09095,1
40.74499,-86.09205,1
41.75308,-85.45708,0
41.75311,-85.45587,0
41.75314,-85.45467,0
41.75316,-85.45346,0
41.75319,-85.45226,0
41.75322,-85.45105,0
41.75324,-85.44985,0
41.75327,-85.44864,0
41.7533,-85.44744,0
41.75332,-85.44623,0
41.75335,-85.44503,0
41.75338,-85.44382,0
41.75341,-85.44262,0
41.75344,-85.44141,0
41.75346,-85.44021,0
41.75349,-85.439,0
41.75351,-85.4378,0
41.75354,-85.43659,0
41.75357,-85.43539,0
41.75359,-85.43418,0
41.75362,-85.43298,0
41.75365,-85.43177,0
41.75368,-85.43057,0
41.7537,-85.42936,0
41.75373,-85.42816,0
41.75399,-85.42644,0
41.75397,-85.42722,0
41.75394,-85.42842,0
41.75392,-85.42962,0
41.75389,-85.43083,0
41.75386,-85.43203,0
41.75383,-85.43324,0
41.75381,-85.43444,0
41.75378,-85.43565,0
41.75375,-85.43685,0
41.75373,-85.43806,0
41.7537,-85.43926,0
41.75367,-85.44047,0
41.75365,-85.44167,0
41.75362,-85.44288,0
41.75359,-85.44408,0
41.75356,-85.44529,0
41.75354,-85.44649,0
41.75351,-85.4477,0
41.75349,-85.4489,0
41.75346,-85.45011,0
41.75343,-85.45131,0
41.75341,-85.45252,0
41.75338,-85.45372,0
41.75335,-85.45493,0
41.75332,-85.45613,0
41.75377,-85.42643,0
41.7538,-85.42522,0
41.75382,-85.42402,0
41.75385,-85.42281,0
41.75388,-85.42161,0
41.7539,-85.4204,0
41.75393,-85.4192,0
41.75375,-85.4272,0
41.75643,-85.19923,0
41.75646,-85.20043,0
41.75649,-85.20164,0
41.75652,-85.20284,0
41.75655,-85.20405,0
41.75657,-85.20525,0
41.7566,-85.20646,0
41.75663,-85.20766,0
41.75666,-85.20887,0
41.75669,-85.21007,0
41.75672,-85.21128,0
41.75674,-85.21248,0
41.75677,-85.21369,0
41.7568,-85.21489,0
41.75683,-85.2161,0
41.75686,-85.2173,0
41.75689,-85.21851,0
41.75691,-85.21971,0
41.75691,-85.22092,0
41.75686,-85.22212,0
41.75676,-85.22332,0
41.75662,-85.22451,0
41.75643,-85.22569,0
41.75619,-85.22685,0
41.75591,-85.228,0
41.75563,-85.22914,0
41.75536,-85.23029,0
39.94195,-86.14578,1
39.94176,-86.1461,1
39.94087,-86.14599,1
41.75509,-85.23048,0
41.75535,-85.22932,0
41.75563,-85.22818,0
41.75592,-85.22703,0
41.75616,-85.22587,0
41.75637,-85.2247,0
41.75652,-85.22351,0
41.75663,-85.22231,0
41.75668,-85.22111,0
41.75669,-85.21991,0
41.75667,-85.2187,0
41.75664,-85.2175,0
41.75661,-85.21629,0
41.75658,-85.21509,0
41.75656,-85.21388,0
41.75653,-85.21268,0
41.7565,-85.21147,0
41.75647,-85.21027,0
41.75644,-85.20906,0
41.75641,-85.20786,0
41.75639,-85.20665,0
41.75636,-85.20545,0
41.75633,-85.20424,0
41.7563,-85.20304,0
41.75627,-85.20183,0
41.75624,-85.20063,0
41.75622,-85.19942,0
41.75619,-85.19822,0
41.75616,-85.19701,0
41.75613,-85.19581,0
41.7561,-85.1946,0
41.75607,-85.1934,0
41.75605,-85.19219,0
41.75602,-85.19099,0
41.75599,-85.18978,0
41.75596,-85.18858,0
41.75594,-85.18737,0
41.75592,-85.18617,0
41.75589,-85.18496,0
41.75588,-85.18376,0
41.75587,-85.18255,0
41.75585,-85.18135,0
41.75584,-85.18014,0
41.75583,-85.17893,0
41.75582,-85.17773,0
41.7558,-85.17652,0
41.75579,-85.17532,0
41.75578,-85.17411,0
41.75577,-85.17291,0
39.95835,-86.1552,1
39.95745,-86.15521,1
39.95656,-86.15519,1
39.93028,-86.14613,1
39.93027,-86.14569,1
39.93019,-86.14453,1
39.93006,-86.14337,1
39.92987,-86.14222,1
39.92964,-86.14108,1
39.92936,-86.13997,1
39.92904,-86.13887,1
39.92872,-86.13778,1
39.9284,-86.13668,1
39.92808,-86.13559,1
39.92776,-86.13449,1
39.92744,-86.1334,1
39.92712,-86.1323,1
39.92314,-86.1187,1
39.92283,-86.1176,1
39.92252,-86.1165,1
39.92221,-86.1154,1
39.92189,-86.1143,1
39.92157,-86.11321,1
39.92118,-86.11188,1
39.92086,-86.11078,1
39.92054,-86.10968,1
39.92163,-86.11263,1
39.92195,-86.11373,1
39.92227,-86.11482,1
39.92259,-86.11592,1
39.92291,-86.11701,1
39.92323,-86.11811,1
39.92355,-86.1192,1
39.93051,-86.1457,1
39.93053,-86.14614,1
39.9146,-86.08847,1
39.91492,-86.08957,1
39.91515,-86.09061,1
39.91482,-86.08951,1
39.91521,-86.09055,1
39.91553,-86.09165,1
39.91584,-86.09274,1
39.91617,-86.09384,1
39.91649,-86.09493,1
39.956,-86.17435,0
39.95603,-86.17317,0
39.95605,-86.172,0
39.95606,-86.17083,0
39.95607,-86.16965,0
39.95606,-86.16848,0
39.0251,-85.8875,1
39.02577,-85.88827,1
39.02644,-85.88905,1
39.02711,-85.88982,1
39.02777,-85.8906,1
39.02844,-85.89137,1
39.02911,-85.89215,1
39.02977,-85.89293,1
39.03044,-85.89371,1
39.9214,-86.11263,1
37.97711,-87.56138,1
37.97715,-87.56391,1
37.97705,-87.56694,1
37.97703,-87.5658,1
37.97701,-87.56466,1
37.97726,-87.57068,1
37.97696,-87.5614,1
37.97719,-87.57412,1
37.97715,-87.57298,1
37.97713,-87.57184,1
37.97711,-87.57093,1
37.97726,-87.57094,1
37.97728,-87.57208,1
37.9773,-87.57323,1
37.97734,-87.57416,1
37.97743,-87.5753,1
37.977,-87.56396,1
37.97698,-87.56282,1
37.97696,-87.56168,1
37.9772,-87.56694,1
37.97722,-87.56808,1
37.97723,-87.56922,1
37.97725,-87.57036,1
37.977,-87.56424,1
37.97711,-87.57067,1
37.97709,-87.56953,1
37.97716,-87.56417,1
37.97717,-87.56531,1
37.97719,-87.56646,1
37.9769,-87.55789,1
37.97688,-87.5514,1
37.9769,-87.55026,1
37.97697,-87.54912,1
37.97707,-87.54799,1
37.97714,-87.54685,1
37.97708,-87.54571,1
37.97701,-87.54458,1
37.97688,-87.55679,1
37.97662,-87.492,1
37.97662,-87.49086,1
37.97662,-87.48972,1
37.97662,-87.48858,1
37.97662,-87.48744,1
37.97661,-87.48629,1
37.97661,-87.48515,1
37.97661,-87.48401,1
37.9766,-87.48287,1
37.97659,-87.48173,1
37.97659,-87.48059,1
37.97658,-87.47945,1
37.97656,-87.47831,1
37.97655,-87.47717,1
37.97654,-87.47603,1
37.97653,-87.47489,1
37.97705,-87.55789,1
37.97707,-87.55904,1
37.97707,-87.55907,1
37.97709,-87.56021,1
37.97703,-87.55679,1
37.97703,-87.55657,1
37.97692,-87.55908,1
37.9769,-87.55794,1
38.3195,-87.57506,0
38.31889,-87.57422,0
38.31828,-87.57338,0
38.31763,-87.57258,0
38.31694,-87.57185,0
38.31622,-87.57116,0
38.31546,-87.57056,0
38.31468,-87.56998,0
38.31388,-87.56945,0
38.31307,-87.56896,0
38.31223,-87.56857,0
38.31137,-87.56824,0
38.31049,-87.56799,0
38.3096,-87.56779,0
38.30871,-87.56761,0
38.30782,-87.56753,0
38.30692,-87.5675,0
38.30602,-87.56753,0
38.30512,-87.56755,0
38.30422,-87.56757,0
38.30332,-87.56759,0
38.30242,-87.56762,0
38.30153,-87.56764,0
38.30063,-87.56765,0
38.29973,-87.56766,0
38.29883,-87.56767,0
38.29793,-87.56767,0
38.29703,-87.56767,0
38.29613,-87.56766,0
38.29523,-87.56766,0
38.29433,-87.56767,0
38.29343,-87.56767,0
38.29253,-87.56768,0
38.29163,-87.56771,0
38.29073,-87.56772,0
38.28983,-87.56773,0
38.28894,-87.56775,0
38.28804,-87.56776,0
38.28714,-87.56778,0
38.28624,-87.56778,0
38.28534,-87.56777,0
38.28444,-87.56778,0
38.28354,-87.5678,0
38.28264,-87.56782,0
38.28174,-87.56782,0
38.28084,-87.56782,0
38.27994,-87.56782,0
38.27904,-87.56782,0
38.27814,-87.56783,0
38.27724,-87.56784,0
38.27635,-87.56784,0
38.27545,-87.56786,0
38.27455,-87.56788,0
38.27365,-87.56788,0
38.27275,-87.56789,0
38.27185,-87.5679,0
38.27095,-87.5679,0
38.27005,-87.5679,0
38.26915,-87.56791,0
38.26825,-87.56791,0
38.26735,-87.56792,0
38.26645,-87.56793,0
38.26555,-87.56794,0
38.26465,-87.56796,0
38.26376,-87.56798,0
38.26286,-87.56799,0
38.26196,-87.56799,0
38.26106,-87.56799,0
38.26016,-87.568,0
38.25926,-87.56802,0
38.25836,-87.56803,0
38.25746,-87.56804,0
38.25656,-87.56804,0
38.25566,-87.56805,0
38.25476,-87.56806,0
41.13286,-85.13356,1
41.13288,-85.13475,1
41.03348,-85.04454,1
41.03351,-85.04335,1
41.03354,-85.04216,1
41.03357,-85.04097,1
41.0336,-85.03978,1
41.03362,-85.03859,1
41.03366,-85.03739,1
41.03368,-85.0362,1
41.0337,-85.03501,1
41.03372,-85.03382,1
41.03374,-85.03263,1
41.03376,-85.03143,1
41.03378,-85.03024,1
39.86242,-86.12136,1
39.86232,-86.12307,1
38.01197,-87.53921,0
38.01287,-87.53918,0
41.16174,-85.06404,1
41.16084,-85.06397,1
41.15994,-85.06391,1
41.15905,-85.06384,1
41.15815,-85.06377,1
41.15725,-85.06371,1
41.15635,-85.06364,1
41.15545,-85.06359,1
41.15455,-85.06353,1
41.15366,-85.06348,1
41.15276,-85.06344,1
41.15186,-85.06337,1
41.15096,-85.06331,1
41.15006,-85.06324,1
41.17808,-85.139,1
41.1781,-85.13781,1
41.17812,-85.13661,1
41.17814,-85.13542,1
41.17817,-85.13422,1
41.17819,-85.13303,1
41.17821,-85.13183,1
41.07332,-85.08981,1
41.07327,-85.08862,1
38.03908,-87.30971,0
38.03957,-87.30876,0
38.04007,-87.30781,0
38.04056,-87.30685,0
38.04106,-87.3059,0
38.04155,-87.30495,0
38.04205,-87.30399,0
38.04254,-87.30304,0
38.04303,-87.30208,0
38.04351,-87.30112,0
38.04399,-87.30015,0
38.04446,-87.29917,0
38.04491,-87.29819,0
38.04537,-87.2972,0
38.04582,-87.29622,0
38.04637,-87.29532,0
38.04717,-87.29482,0
38.03891,-87.31003,0
41.01829,-85.0731,0
41.01831,-85.07191,0
41.01832,-85.07072,0
41.01835,-85.06953,0
41.01838,-85.06834,0
41.01841,-85.06714,0
41.01844,-85.06595,0
41.01847,-85.06476,0
41.01851,-85.06357,0
41.01854,-85.06238,0
41.01857,-85.06119,0
41.0186,-85.06,0
41.01864,-85.05881,0
41.01867,-85.05761,0
41.0187,-85.05642,0
41.01872,-85.05523,0
41.01875,-85.05404,0
41.01878,-85.05285,0
41.01881,-85.05166,0
41.01883,-85.05047,0
41.01886,-85.04927,0
41.01889,-85.04808,0
41.01892,-85.04689,0
41.01894,-85.0457,0
41.01897,-85.04451,0
41.01899,-85.04332,0
41.01902,-85.04213,0
41.01904,-85.04093,0
41.01906,-85.03974,0
41.01909,-85.03855,0
41.01911,-85.03736,0
41.01913,-85.03617,0
41.01916,-85.03498,0
41.01918,-85.03379,0
41.0192,-85.03259,0
41.01922,-85.0314,0
41.01924,-85.03021,0
41.01927,-85.02902,0
37.97353,-87.5742,1
37.97276,-87.57361,1
39.82971,-84.87923,1
39.8298,-84.87806,1
39.82987,-84.8769,1
39.82994,-84.87573,1
39.83003,-84.87456,1
39.8301,-84.8734,1
39.83019,-84.87223,1
39.83027,-84.87106,1
39.83035,-84.8699,1
39.83043,-84.86873,1
39.83051,-84.86756,1
39.83059,-84.8664,1
39.83067,-84.86523,1
39.83073,-84.86406,1
39.83076,-84.86289,1
39.83078,-84.86172,1
39.8308,-84.86055,1
39.83082,-84.85938,1
39.83085,-84.85821,1
39.83088,-84.85704,1
39.8309,-84.85587,1
39.83093,-84.8547,1
39.82924,-84.88621,1
39.82932,-84.88504,1
39.82934,-84.88473,1
39.82942,-84.88356,1
39.8295,-84.8824,1
37.99743,-87.49246,1
37.99833,-87.49244,1
37.97305,-87.47425,1
37.97215,-87.47427,1
37.97125,-87.47429,1
37.97036,-87.47428,1
37.96946,-87.47429,1
37.97351,-87.47425,1
37.9744,-87.47408,1
37.97673,-87.47396,1
37.97672,-87.4751,1
37.97672,-87.47624,1
37.97672,-87.47738,1
37.97672,-87.47853,1
37.97672,-87.47967,1
41.03155,-85.14334,0
41.03151,-85.14452,0
41.03116,-85.14561,0
41.03053,-85.14646,0
41.02977,-85.14709,0
41.01826,-85.15352,0
41.0174,-85.15384,0
41.01658,-85.15434,0
41.01577,-85.15485,0
41.01496,-85.15537,0
41.01415,-85.15589,0
41.01334,-85.15641,0
41.01253,-85.15694,0
41.01173,-85.15747,0
41.01092,-85.158,0
41.01012,-85.15852,0
41.0093,-85.15903,0
41.0085,-85.15956,0
41.00774,-85.16021,0
41.00704,-85.16095,0
41.00641,-85.1618,0
41.00585,-85.16273,0
41.00538,-85.16374,0
41.005,-85.16483,0
41.00466,-85.16593,0
41.00431,-85.16703,0
41.00397,-85.16813,0
41.00363,-85.16923,0
41.00328,-85.17033,0
41.00294,-85.17144,0
41.00263,-85.17255,0
41.00236,-85.17369,0
41.00221,-85.17486,0
41.00217,-85.17605,0
41.02956,-85.14725,0
41.0288,-85.14788,0
39.78225,-86.1612,1
39.78224,-86.16237,1
39.78222,-86.16354,1
39.78221,-86.16471,1
39.78336,-86.15745,1
39.78426,-86.15743,1
39.78516,-86.15739,1
39.97841,-86.12201,1
39.97843,-86.12083,1
39.97844,-86.11966,1
39.86232,-86.12213,1
39.86236,-86.12096,1
39.86242,-86.1223,1
39.96025,-86.11401,1
39.95935,-86.11407,1
39.95846,-86.11411,1
39.95756,-86.11417,1
39.86228,-86.13635,1
39.86229,-86.13517,1
39.8623,-86.134,1
39.8623,-86.13283,1
39.86231,-86.13166,1
39.86232,-86.13049,1
39.86232,-86.12936,1
39.86233,-86.12819,1
39.86234,-86.12702,1
39.92407,-86.12092,1
39.92439,-86.12202,1
39.92471,-86.12311,1
39.92503,-86.12421,1
39.92535,-86.12531,1
39.92567,-86.1264,1
39.92599,-86.1275,1
39.92631,-86.12859,1
39.92663,-86.12969,1
39.91958,-86.10552,1
39.91989,-86.10662,1
39.92021,-86.10772,1
41.61335,-86.72689,1
41.61306,-86.72575,1
41.61262,-86.72471,1
41.61202,-86.72381,1
41.61129,-86.72306,1
39.97057,-86.12713,1
39.96968,-86.12708,1
41.53145,-86.93042,0
41.53089,-86.93136,0
41.53034,-86.93231,0
41.52983,-86.9333,0
41.52934,-86.93431,0
41.52889,-86.93535,0
41.52845,-86.9364,0
41.52801,-86.93744,0
41.52756,-86.93849,0
41.52712,-86.93953,0
41.52668,-86.94058,0
41.52624,-86.94163,0
41.5258,-86.94268,0
41.52536,-86.94372,0
41.52492,-86.94477,0
41.52448,-86.94582,0
41.52404,-86.94686,0
41.52359,-86.94791,0
41.52316,-86.94896,0
41.52265,-86.94995,0
41.52206,-86.95085,0
41.52137,-86.95162,0
41.52061,-86.95227,0
41.51979,-86.95275,0
41.51893,-86.95308,0
41.51803,-86.95323,0
39.94881,-86.14594,1
39.94791,-86.14594,1
39.94701,-86.14594,1
39.94611,-86.14593,1
39.94521,-86.14594,1
39.94431,-86.14594,1
39.94341,-86.14593,1
39.94251,-86.14593,1
39.77259,-86.15244,1
39.77804,-86.15951,1
39.77894,-86.15948,1
39.77984,-86.15945,1
39.78074,-86.15942,1
39.77406,-86.15601,1
39.77408,-86.15718,1
39.82727,-84.89039,1
39.82817,-84.89036,1
39.82726,-84.88908,1
37.97779,-87.59384,1
37.97781,-87.5927,1
37.97792,-87.59383,1
37.97789,-87.59497,1
37.97787,-87.59612,1
37.97789,-87.59726,1
37.9779,-87.5984,1
37.97792,-87.59954,1
37.97676,-87.50241,1
37.97678,-87.50355,1
41.07897,-85.12223,1
41.07894,-85.12342,1
41.07891,-85.12462,1
41.07888,-85.12581,1
41.07885,-85.127,1
41.07882,-85.12819,1
41.07875,-85.12938,1
39.94887,-86.15538,1
39.949,-86.15469,1
40.85834,-86.02656,0
41.57809,-87.48108,1
41.57752,-87.48079,1
41.57842,-87.48082,1
41.57875,-87.48083,1
41.57907,-87.48103,1
41.57817,-87.48108,1
41.57957,-87.48094,1
41.57935,-87.48099,1
39.86232,-86.12229,1
39.86236,-86.1234,1
39.86242,-86.12213,1
39.86237,-86.12081,1
39.87936,-86.12221,1
39.87846,-86.12221,1
39.87756,-86.12221,1
39.87666,-86.12222,1
39.87576,-86.12222,1
39.87487,-86.12223,1
39.87397,-86.12223,1
39.87307,-86.12224,1
39.87217,-86.12225,1
39.87127,-86.12226,1
39.87037,-86.12228,1
39.86963,-86.1223,1
39.86461,-86.12216,1
39.86316,-86.1223,1
39.86148,-86.12212,1
39.8673,-86.12234,1
39.86669,-86.12234,1
39.86579,-86.12233,1
39.86605,-86.12216,1
39.86486,-86.12216,1
39.86575,-86.12216,1
39.86933,-86.12231,1
39.86568,-86.12233,1
39.86669,-86.12216,1
39.86759,-86.12217,1
39.865,-86.12233,1
39.8641,-86.12232,1
39.8632,-86.1223,1
39.86242,-86.12213,1
39.86332,-86.12214,1
39.86422,-86.12215,1
39.77132,-86.15793,1
39.77044,-86.15978,1
39.77026,-86.15798,1
39.77116,-86.15794,1
39.77117,-86.15794,1
39.88203,-86.2434,1
39.77555,-86.15957,1
39.77645,-86.15955,1
39.77735,-86.15952,1
39.78187,-86.15942,1
39.77744,-86.15952,1
39.78226,-86.15576,1
39.78137,-86.15575,1
39.77909,-86.15582,1
39.78115,-86.15809,1
39.91247,-86.13558,1
39.91257,-86.13514,1
39.91234,-86.11731,0
39.91257,-86.12673,0
39.91234,-86.11712,0
39.91217,-86.11134,0
39.91221,-86.1116,0
39.91241,-86.11974,0
39.91249,-86.11847,0
39.9124,-86.11907,0
39.91247,-86.13005,0
39.91246,-86.12887,0
39.85456,-86.12202,1
39.84821,-86.12211,1
39.85566,-86.1222,1
39.85196,-86.12217,1
39.84683,-86.12192,1
39.85092,-86.12198,1
39.84928,-86.12197,1
39.85017,-86.12197,1
39.85162,-86.12216,1
39.85072,-86.12215,1
39.84982,-86.12214,1
39.84763,-86.12193,1
39.84852,-86.12195,1
39.85499,-86.12219,1
39.85409,-86.12218,1
39.85319,-86.12217,1
39.85229,-86.12217,1
39.8544,-86.15717,1
39.8553,-86.15718,1
39.85619,-86.1572,1
39.88246,-86.21928,0
39.88245,-86.22009,0
39.88245,-86.21974,0
39.88246,-86.21954,0
39.88386,-86.21379,0
39.88357,-86.21489,0
39.88311,-86.2159,0
39.88264,-86.2169,0
39.88248,-86.21804,0
39.84031,-86.12184,1
39.84025,-86.12046,1
39.90359,-86.04516,1
39.92724,-86.12655,1
39.92812,-86.12674,1
39.91296,-86.22314,0
39.91348,-86.22341,0
39.91433,-86.2238,0
39.91312,-86.22322,0
39.91537,-86.22453,0
39.91452,-86.22413,0
39.91368,-86.22373,0
39.91328,-86.22354,0
39.91249,-86.22313,0
39.91342,-86.22361,0
39.9116,-86.22252,0
39.91244,-86.22291,0
39.88668,-86.16443,1
39.88236,-86.23982,1
39.88238,-86.23066,0
39.88244,-86.22056,0
39.88237,-86.23724,1
39.88204,-86.24319,1
39.88238,-86.23213,0
39.88237,-86.23684,1
39.88237,-86.23745,1
39.88243,-86.2221,1
39.88242,-86.22327,1
39.88242,-86.224,0
39.88237,-86.23775,1
39.88243,-86.22163,1
39.88238,-86.23135,0
39.88236,-86.2397,1
39.88237,-86.23858,1
39.88237,-86.23849,1
39.88224,-86.24082,1
39.88237,-86.23784,1
39.88237,-86.23559,1
39.88237,-86.23677,1
39.88209,-86.24135,1
39.88205,-86.24252,1
39.88217,-86.24103,1
39.84031,-86.12201,1
39.83941,-86.122,1
39.83851,-86.12198,1
39.83761,-86.12197,1
39.83652,-86.12194,1
39.84763,-86.1221,1
39.84673,-86.12209,1
39.84583,-86.12207,1
39.84493,-86.12206,1
39.84403,-86.12205,1
39.84313,-86.12204,1
39.84223,-86.12204,1
39.84133,-86.12202,1
39.83682,-86.12195,1
39.83636,-86.12193,1
39.83915,-86.12183,1
39.84005,-86.12184,1
39.84117,-86.12202,1
39.90377,-86.04474,1
39.78077,-86.15756,1
41.61496,-86.73028,1
39.95642,-86.15497,0
39.95731,-86.15508,0
40.74476,-86.09484,1
37.97713,-87.56235,1
37.97715,-87.56349,1
39.77159,-86.17013,1
39.76992,-86.15799,1
41.07786,-85.12272,1
41.07765,-85.12156,1
41.07742,-85.12041,1
41.07719,-85.11926,1
41.07693,-85.11812,1
41.07663,-85.11699,1
41.0763,-85.11588,1
41.07596,-85.11478,1
41.07568,-85.11365,1
41.07552,-85.11248,1
41.63179,-86.73897,1
38.04091,-87.5412,0
38.04177,-87.54151,0
38.04264,-87.54181,0
38.17406,-87.55021,0
38.17496,-87.55021,0
38.17586,-87.5502,0
38.17676,-87.55018,0
38.17766,-87.55016,0
38.17855,-87.55014,0
38.17945,-87.55012,0
38.18035,-87.5501,0
38.18125,-87.55009,0
38.18215,-87.55009,0
38.18305,-87.55008,0
38.18395,-87.55005,0
38.18485,-87.55003,0
38.18575,-87.55001,0
38.18665,-87.55,0
38.18755,-87.54998,0
38.18845,-87.54995,0
38.18935,-87.54992,0
38.19024,-87.5499,0
38.19114,-87.5499,0
38.19204,-87.54989,0
38.19294,-87.54986,0
38.19384,-87.54984,0
38.19474,-87.54982,0
38.19564,-87.5498,0
38.19654,-87.5498,0
38.19744,-87.54979,0
38.19834,-87.54978,0
38.19924,-87.5498,0
38.20013,-87.54988,0
38.20103,-87.55002,0
38.20191,-87.55021,0
38.20279,-87.55047,0
38.20365,-87.55079,0
38.20451,-87.55115,0
38.20534,-87.55156,0
38.20617,-87.55202,0
38.20696,-87.55256,0
38.20773,-87.55314,0
38.20849,-87.55377,0
38.20921,-87.55445,0
38.20994,-87.55511,0
38.21066,-87.55581,0
38.21137,-87.5565,0
38.21209,-87.55718,0
38.21284,-87.55782,0
38.21358,-87.55847,0
38.21431,-87.55914,0
38.21503,-87.55982,0
38.21575,-87.56051,0
38.21647,-87.56119,0
38.2172,-87.56187,0
38.21792,-87.56255,0
38.21864,-87.56323,0
38.21937,-87.56391,0
38.22009,-87.56459,0
38.22082,-87.56526,0
38.22154,-87.56594,0
38.22227,-87.56661,0
38.22304,-87.5672,0
38.22386,-87.56767,0
38.22472,-87.568,0
38.11334,-87.5539,0
38.11244,-87.55391,0
38.11154,-87.55393,0
38.11064,-87.55395,0
38.10974,-87.55397,0
38.10884,-87.55399,0
38.10794,-87.55402,0
38.10704,-87.55407,0
38.10615,-87.55413,0
38.10525,-87.5542,0
38.10435,-87.5543,0
38.10346,-87.55441,0
38.10256,-87.55453,0
38.10167,-87.55467,0
38.10078,-87.55481,0
38.09989,-87.55495,0
38.09899,-87.55508,0
38.0981,-87.55523,0
38.09721,-87.55537,0
38.09632,-87.5555,0
38.09542,-87.55564,0
38.09453,-87.55578,0
38.09364,-87.55592,0
38.09274,-87.55606,0
38.09185,-87.5562,0
38.09096,-87.55634,0
38.09007,-87.55648,0
38.08917,-87.5566,0
38.08828,-87.55668,0
38.08738,-87.55672,0
38.08648,-87.5567,0
38.08558,-87.55664,0
38.08469,-87.55652,0
38.08379,-87.55637,0
38.08291,-87.55615,0
38.08203,-87.5559,0
38.08116,-87.55563,0
38.08029,-87.55534,0
37.95556,-87.54246,1
37.95554,-87.54132,1
37.95554,-87.54018,1
37.95555,-87.53904,1
37.95553,-87.5379,1
37.95552,-87.53676,1
37.95551,-87.53562,1
37.9555,-87.53448,1
37.9555,-87.53334,1
37.95549,-87.5322,1
37.95548,-87.53106,1
37.95536,-87.52994,1
37.95528,-87.52881,1
37.95527,-87.52767,1
37.95526,-87.52653,1
37.95525,-87.52539,1
37.95524,-87.52425,1
37.95522,-87.52311,1
37.9552,-87.52197,1
37.95518,-87.52083,1
37.95516,-87.51969,1
37.95514,-87.51855,1
37.95514,-87.51741,1
37.95512,-87.51627,1
37.95511,-87.51513,1
37.95509,-87.51399,1
37.95507,-87.51284,1
37.95505,-87.5117,1
37.95506,-87.51056,1
37.95506,-87.50942,1
37.95506,-87.50828,1
37.95505,-87.50714,1
37.95505,-87.506,1
37.95504,-87.50486,1
37.95504,-87.50372,1
37.95503,-87.50258,1
37.95503,-87.50144,1
37.95502,-87.5003,1
37.95501,-87.49916,1
37.95501,-87.49802,1
40.27509,-86.12855,1
41.07609,-85.1396,1
41.0761,-85.13954,1
39.92702,-85.9936,0
39.92702,-85.99243,0
39.92703,-85.99125,0
39.92704,-85.99008,0
39.92704,-85.98891,0
39.92705,-85.98774,0
39.92706,-85.98656,0
39.92706,-85.98539,0
39.92707,-85.98422,0
39.92708,-85.98305,0
39.92708,-85.98187,0
39.92709,-85.9807,0
39.92709,-85.97953,0
39.9271,-85.97835,0
39.92711,-85.97718,0
39.84263,-86.15702,1
39.84353,-86.15703,1
39.84443,-86.15704,1
39.84533,-86.15705,1
39.84623,-86.15707,1
39.84713,-86.15708,1
39.84803,-86.15709,1
39.84893,-86.1571,1
39.84983,-86.15711,1
39.85072,-86.15712,1
39.85162,-86.15714,1
39.85252,-86.15714,1
39.85342,-86.15715,1
39.83659,-86.15695,1
39.83749,-86.15696,1
39.83839,-86.15697,1
39.83929,-86.15698,1
39.84019,-86.15699,1
39.84109,-86.157,1
39.84199,-86.15701,1
39.78574,-86.15737,1
39.78664,-86.15734,1
39.78754,-86.1573,1
41.12048,-85.06161,1
41.12044,-85.06281,1
41.12132,-85.06168,1
41.12042,-85.06161,1
41.12037,-85.0616,0
41.12401,-85.06179,1
41.12312,-85.06178,1
41.12222,-85.06173,1
41.1214,-85.06152,1
41.12113,-85.0615,1
41.12048,-85.06147,1
41.12211,-85.06158,1
41.12301,-85.06162,1
41.1239,-85.06174,1
41.11963,-85.06149,0
41.12049,-85.05947,1
41.1205,-85.06066,1
41.12043,-85.06299,1
41.12038,-85.06146,1
41.12042,-85.06027,1
41.12032,-85.06295,1
41.12037,-85.06176,1
41.11977,-85.08074,1
41.11978,-85.07955,1
41.11979,-85.07836,1
41.11982,-85.07716,1
41.11986,-85.07597,1
41.11991,-85.07478,1
41.11996,-85.07359,1
41.12001,-85.07239,1
41.12005,-85.0712,1
41.12009,-85.07001,1
41.12014,-85.06882,1
41.12019,-85.06763,1
39.77154,-86.1684,1
39.77152,-86.16723,1
41.09955,-85.06011,0
41.10045,-85.06012,0
37.97666,-87.42708,0
37.97666,-87.42593,0
37.97665,-87.42479,0
37.97664,-87.42365,0
37.97664,-87.42251,0
37.97664,-87.42137,0
37.97665,-87.42023,0
37.97665,-87.41909,0
37.97666,-87.41795,0
37.97666,-87.41681,0
37.97667,-87.41567,0
37.97667,-87.41453,0
37.97667,-87.41338,0
37.97666,-87.41224,0
37.97665,-87.4111,0
37.97664,-87.40996,0
39.03352,-85.89727,0
39.0337,-85.89749,0
39.03437,-85.89826,0
39.03504,-85.89904,0
39.0357,-85.89982,0
39.03637,-85.90059,0
39.03704,-85.90137,0
39.03771,-85.90214,0
39.03838,-85.90292,0
39.03904,-85.90369,0
39.03971,-85.90447,0
39.04038,-85.90524,0
39.04105,-85.90602,0
39.04172,-85.90679,0
39.04241,-85.90754,0
39.04312,-85.90825,0
39.04383,-85.90895,0
39.04457,-85.90961,0
39.04532,-85.91024,0
39.04609,-85.91084,0
39.04687,-85.91142,0
39.04767,-85.91196,0
39.04848,-85.91246,0
39.04929,-85.91295,0
39.05011,-85.91343,0
39.05093,-85.9139,0
39.05175,-85.91438,0
39.05257,-85.91486,0
39.05339,-85.91533,0
39.05421,-85.91581,0
39.05503,-85.91629,0
39.05585,-85.91676,0
39.05667,-85.91724,0
39.05749,-85.91772,0
39.05831,-85.91819,0
39.05913,-85.91866,0
39.05995,-85.91913,0
39.06078,-85.9196,0
39.0616,-85.92006,0
39.06243,-85.92051,0
39.06326,-85.92096,0
39.06409,-85.92141,0
39.06491,-85.92187,0
39.06574,-85.92232,0
39.06657,-85.92277,0
39.0674,-85.92322,0
39.06823,-85.92367,0
39.06906,-85.92412,0
39.06989,-85.92457,0
39.07071,-85.92502,0
39.07154,-85.92547,0
39.07237,-85.92592,0
39.0732,-85.92637,0
39.07403,-85.92682,0
39.07485,-85.92728,0
39.07568,-85.92773,0
39.07651,-85.92818,0
39.07734,-85.92863,0
39.07817,-85.92908,0
39.079,-85.92953,0
39.07982,-85.92999,0
39.08065,-85.93044,0
39.08147,-85.93093,0
39.08228,-85.93143,0
39.08307,-85.93197,0
39.08386,-85.93253,0
39.08464,-85.93312,0
39.08541,-85.9337,0
39.08619,-85.93429,0
39.08696,-85.93488,0
39.08774,-85.93547,0
39.08851,-85.93605,0
39.08929,-85.93664,0
39.09006,-85.93723,0
39.09084,-85.93782,0
39.09161,-85.93841,0
39.09239,-85.93899,0
39.09316,-85.93958,0
39.09394,-85.94017,0
39.09471,-85.94076,0
39.09548,-85.94135,0
39.09626,-85.94194,0
39.09703,-85.94253,0
39.09781,-85.94311,0
39.09858,-85.9437,0
39.09936,-85.94429,0
39.10013,-85.94488,0
39.10091,-85.94547,0
39.10168,-85.94606,0
39.10246,-85.94664,0
39.10323,-85.94723,0
39.10401,-85.94782,0
39.03336,-85.89749,0
39.03269,-85.89672,0
39.03202,-85.89595,0
39.03135,-85.89519,0
39.03355,-85.89771,0
41.09138,-85.05963,0
41.0905,-85.05965,0
41.0896,-85.05959,0
41.0887,-85.05954,0
41.08856,-85.05946,0
41.08945,-85.05945,0
41.09035,-85.05951,0
41.09125,-85.05956,0
41.08796,-85.05941,0
41.10066,-85.06025,0
41.09977,-85.0602,0
41.09138,-85.05963,0
41.09228,-85.05968,0
41.09318,-85.05973,0
41.09408,-85.05977,0
41.09498,-85.0598,0
41.09588,-85.05987,0
41.10149,-85.06024,0
41.10239,-85.06031,0
41.10329,-85.06037,0
41.09706,-85.10823,1
41.0971,-85.10704,1
41.09715,-85.10584,1
41.09718,-85.10465,1
41.09722,-85.10346,1
39.77123,-86.15431,1
39.76914,-86.15439,1
39.76983,-86.15436,1
39.76986,-86.15553,1
39.76987,-86.15617,1
39.7699,-86.15734,1
39.77529,-86.1487,1
39.77468,-86.14956,1
39.86232,-86.12213,1
39.86236,-86.11746,1
39.86236,-86.11864,1
39.86237,-86.11981,1
39.84025,-86.1187,1
39.76996,-86.1598,1
39.77157,-86.16951,1
41.73572,-84.99717,0
41.73573,-84.99837,0
41.73575,-84.99958,0
41.73547,-84.9936,1
41.73546,-84.99239,1
41.73545,-84.99119,1
41.73543,-84.98998,1
41.73562,-84.98609,1
41.73563,-84.98729,1
41.73564,-84.9885,1
41.73565,-84.9897,1
41.73566,-84.99091,1
41.73567,-84.99211,1
41.73569,-84.99332,1
39.77431,-86.16734,1
37.93851,-87.51878,0
37.93885,-87.51772,0
37.93916,-87.51665,0
37.9394,-87.51556,0
37.93956,-87.51443,0
37.93964,-87.5133,0
37.93965,-87.51216,0
37.93958,-87.51102,0
37.9395,-87.50989,0
37.93941,-87.50875,0
37.93932,-87.50762,0
37.93923,-87.50648,0
37.93914,-87.50535,0
39.9203,-86.10884,1
39.91998,-86.10774,1
39.91966,-86.10664,1
39.91934,-86.10555,1
39.91902,-86.10445,1
39.91867,-86.10337,1
39.91834,-86.10228,1
39.91802,-86.10118,1
39.9205,-86.10874,1
39.92082,-86.10984,1
39.92114,-86.11093,1
39.92367,-86.11959,1
39.924,-86.12068,1
41.11764,-85.23509,0
41.11712,-85.23411,0
41.1166,-85.23314,0
41.11609,-85.23216,0
41.11558,-85.23117,0
41.11506,-85.2302,0
41.11455,-85.22922,0
41.11403,-85.22824,0
41.11353,-85.22725,0
41.11302,-85.22626,0
41.11254,-85.22526,0
41.11203,-85.22427,0
41.11152,-85.22329,0
41.11101,-85.2223,0
41.1105,-85.22132,0
41.11,-85.22033,0
41.10949,-85.21935,0
41.10898,-85.21837,0
41.10847,-85.21738,0
41.10796,-85.2164,0
41.10745,-85.21542,0
41.10692,-85.21445,0
41.1064,-85.21348,0
41.10591,-85.21248,0
41.10542,-85.21148,0
41.10493,-85.21047,0
41.10445,-85.20946,0
41.10397,-85.20846,0
41.10349,-85.20745,0
41.1348,-85.06231,1
41.13576,-85.06228,1
41.13487,-85.06231,1
41.1343,-85.06223,1
41.13502,-85.06219,1
39.91772,-86.10015,1
39.91742,-86.09904,1
39.9171,-86.09795,1
39.91678,-86.09686,1
39.9153,-86.0912,1
39.77432,-86.16662,1
39.97001,-86.12697,1
39.1656,-86.53362,1
39.1665,-86.53361,1
39.82727,-84.89161,1
37.97672,-87.40478,0
37.97674,-87.40592,0
37.97675,-87.40707,0
37.97676,-87.40821,0
37.97678,-87.40935,0
37.97679,-87.41049,0
37.97681,-87.41163,0
37.97682,-87.41277,0
37.97683,-87.41391,0
37.97684,-87.41505,0
37.97684,-87.41619,0
37.97684,-87.41733,0
37.97684,-87.41847,0
37.97684,-87.41961,0
37.97684,-87.42076,0
37.97684,-87.4219,0
37.97685,-87.42304,0
37.97685,-87.42418,0
37.97685,-87.42532,0
37.97685,-87.42646,0
37.97685,-87.4276,0
37.97686,-87.42874,0
37.97687,-87.42988,0
37.97688,-87.43102,0
37.97689,-87.43216,0
37.97689,-87.43331,0
37.97689,-87.43445,0
38.00455,-87.53843,0
38.00543,-87.53869,0
38.00631,-87.53893,0
38.0072,-87.5391,0
38.00809,-87.53922,0
38.00899,-87.53927,0
38.00989,-87.53926,0
38.01079,-87.53924,0
38.01169,-87.53922,0
38.01197,-87.53939,0
38.01107,-87.53942,0
38.01017,-87.53944,0
38.00927,-87.53947,0
38.00838,-87.53946,0
38.00748,-87.53941,0
38.00658,-87.53928,0
38.0057,-87.53907,0
38.00482,-87.53881,0
41.00217,-85.17657,0
41.00216,-85.17776,0
41.00214,-85.17896,0
41.00213,-85.18015,0
41.00212,-85.18134,0
41.00212,-85.18253,0
41.00212,-85.18372,0
41.00212,-85.18491,0
41.00212,-85.18611,0
41.0021,-85.1873,0
41.00208,-85.18849,0
41.00207,-85.18968,0
41.00207,-85.19087,0
41.00206,-85.19206,0
41.00206,-85.19325,0
41.00207,-85.19445,0
41.00207,-85.19564,0
41.00206,-85.19683,0
41.00206,-85.19802,0
41.00206,-85.19921,0
41.00205,-85.2004,0
41.00204,-85.2016,0
41.00205,-85.20279,0
41.00205,-85.20398,0
41.00203,-85.20517,0
41.00188,-85.20634,0
41.00156,-85.20745,0
41.00107,-85.20844,0
41.00045,-85.20931,0
40.99981,-85.21014,0
40.99916,-85.21097,0
40.99852,-85.2118,0
40.9979,-85.21266,0
40.99743,-85.21368,0
40.99713,-85.2148,0
40.99699,-85.21597,0
40.99697,-85.21716,0
40.99697,-85.21835,0
40.99696,-85.21954,0
40.99694,-85.22074,0
40.99691,-85.22193,0
40.9969,-85.22312,0
40.99688,-85.22431,0
40.99687,-85.2255,0
40.99686,-85.22669,0
40.99684,-85.22788,0
41.00217,-85.17626,0
41.00205,-85.1766,0
41.00205,-85.17627,0
41.00208,-85.17508,0
41.00222,-85.17391,0
41.00245,-85.17276,0
41.00277,-85.17164,0
41.00312,-85.17055,0
41.00345,-85.16944,0
41.00378,-85.16833,0
41.00413,-85.16723,0
41.00448,-85.16614,0
41.00483,-85.16504,0
41.00519,-85.16395,0
41.00565,-85.16292,0
41.00618,-85.16196,0
41.00679,-85.16109,0
41.00747,-85.16032,0
41.00821,-85.15964,0
41.00901,-85.15908,0
41.00981,-85.15855,0
41.01062,-85.15802,0
41.01142,-85.15749,0
41.01223,-85.15697,0
41.01304,-85.15645,0
41.01385,-85.15593,0
41.01466,-85.15541,0
41.01547,-85.15488,0
41.01627,-85.15436,0
41.01709,-85.15387,0
41.01794,-85.15349,0
39.77455,-86.17436,1
39.77458,-86.17552,1
39.78114,-86.15941,1
39.78197,-86.15395,1
39.78109,-86.15575,1
39.78116,-86.15691,1
39.78109,-86.15575,1
39.78019,-86.15577,1
39.77929,-86.15581,1
39.78122,-86.15575,1
39.78108,-86.15213,1
39.78108,-86.1533,1
39.78858,-86.16141,1
39.78591,-86.16126,1
39.78501,-86.16123,1
39.78347,-86.16121,1
39.78257,-86.1612,1
39.78039,-86.16121,1
39.7795,-86.16127,1
39.77922,-86.16128,1
39.77,-86.16162,1
39.77101,-86.16158,1
39.77011,-86.16161,1
39.77419,-86.16146,1
39.77133,-86.15884,1
39.77132,-86.15811,1
39.77132,-86.15769,1
39.76875,-86.16166,1
39.78326,-86.15576,1
39.83964,-86.14446,1
39.83966,-86.14329,1
39.83967,-86.14212,1
39.83969,-86.14094,1
39.83971,-86.13978,1
39.84014,-86.13876,1
39.84018,-86.13759,1
39.85123,-86.12199,1
39.8622,-86.14807,1
39.86222,-86.14592,1
39.86222,-86.14475,1
39.86223,-86.14358,1
39.86259,-86.14608,1
39.28935,-84.87092,1
39.28874,-84.87007,1
39.28799,-84.86944,1
39.28715,-84.86901,1
39.28631,-84.86862,1
39.28546,-84.86823,1
39.28462,-84.86782,1
39.28377,-84.86743,1
39.28292,-84.86704,1
39.28213,-84.86648,1
39.28145,-84.86574,1
39.28085,-84.86487,1
41.61686,-86.73301,1
41.61551,-86.73116,1
41.61615,-86.73201,1
37.97672,-87.48028,1
37.97673,-87.48142,1
37.97674,-87.48256,1
37.97675,-87.4837,1
37.97676,-87.48484,1
37.97677,-87.48598,1
37.97677,-87.48713,1
37.97677,-87.48827,1
37.97677,-87.48941,1
37.97677,-87.49055,1
37.97678,-87.49169,1
39.91246,-86.1279,0
39.91245,-86.12673,0
40.75624,-86.07099,1
40.75544,-86.07037,1
40.75924,-86.07284,1
40.76005,-86.07335,1
40.76086,-86.07386,1
40.76168,-86.07437,1
40.75678,-86.07139,1
40.7589,-86.07264,1
40.76228,-86.07474,1
39.88246,-86.21906,0
40.75713,-86.07166,1
39.88247,-86.21865,0
39.86874,-86.12232,1
39.86874,-86.12216,1
39.86964,-86.12213,1
39.87054,-86.12211,1
39.87144,-86.12209,1
39.87234,-86.12208,1
39.87324,-86.12207,1
39.87414,-86.12207,1
39.87504,-86.12206,1
40.76383,-86.07571,1
40.76344,-86.07546,1
40.76203,-86.07458,1
40.76312,-86.07526,1
40.75573,-86.07059,1
40.75312,-86.06862,1
40.75417,-86.06941,1
40.75838,-86.07237,1
40.75203,-86.06777,1
40.75147,-86.06734,1
40.75286,-86.06842,1
40.75501,-86.07005,1
40.75459,-86.06974,1
40.75304,-86.07061,1
40.75259,-86.07164,1
40.75397,-86.0685,1
40.75347,-86.06961,1
40.75237,-86.07213,1
40.75816,-86.05907,1
40.74477,-86.09425,1
40.76455,-86.07616,1
41.61668,-86.73278,1
41.61668,-86.73278,1
41.617,-86.73319,1
41.61765,-86.73402,1
41.6183,-86.73484,1
41.61894,-86.73568,1
41.61958,-86.73654,1
41.62024,-86.73734,1
41.62102,-86.73794,1
41.6326,-86.74019,1
41.62233,-86.73812,1
41.62323,-86.73814,1
41.62413,-86.73817,1
41.62503,-86.73819,1
41.62592,-86.7381,1
41.62681,-86.7379,1
41.6277,-86.73774,1
41.62859,-86.73788,1
41.62947,-86.73812,1
41.63035,-86.73836,1
41.63123,-86.73862,1
41.34304,-86.32389,1
41.34284,-86.32505,1
41.34264,-86.32622,1
41.3425,-86.3274,1
41.34252,-86.3286,1
41.34263,-86.32978,1
41.3429,-86.33093,1
41.34322,-86.33205,1
41.34354,-86.33317,1
41.34385,-86.33429,1
41.34417,-86.33541,1
41.34449,-86.33653,1
41.61528,-86.73078,1
41.61545,-86.73106,1
38.25414,-87.56781,0
38.25504,-87.5678,0
38.25594,-87.56779,0
38.25684,-87.56779,0
38.25774,-87.56778,0
38.25864,-87.56777,0
38.25954,-87.56776,0
38.26044,-87.56775,0
38.26133,-87.56773,0
38.26223,-87.56773,0
38.26313,-87.56772,0
38.26403,-87.56771,0
38.26493,-87.5677,0
38.26583,-87.56768,0
38.26673,-87.56766,0
38.26763,-87.56764,0
38.26853,-87.56762,0
38.26943,-87.56762,0
38.27033,-87.56762,0
38.27123,-87.56762,0
38.27213,-87.56761,0
38.27302,-87.56761,0
38.27392,-87.5676,0
38.27482,-87.5676,0
38.27572,-87.56759,0
38.27662,-87.56759,0
38.27752,-87.56758,0
38.27842,-87.56755,0
38.27932,-87.56754,0
38.28022,-87.56754,0
38.28112,-87.56754,0
38.28202,-87.56754,0
38.28292,-87.56754,0
38.28382,-87.56753,0
38.28472,-87.56752,0
38.28561,-87.56752,0
38.28651,-87.56751,0
38.28741,-87.56751,0
38.28831,-87.5675,0
38.28921,-87.56748,0
38.29011,-87.56745,0
38.29101,-87.56744,0
38.29191,-87.56743,0
38.29281,-87.56741,0
38.29371,-87.56741,0
38.29461,-87.56741,0
38.29551,-87.56741,0
38.29641,-87.56741,0
38.2973,-87.56741,0
38.2982,-87.5674,0
38.2991,-87.56739,0
38.3,-87.56737,0
38.3009,-87.56736,0
38.3018,-87.56735,0
38.3027,-87.56734,0
38.3036,-87.56732,0
38.3045,-87.5673,0
38.3054,-87.56729,0
38.3063,-87.56728,0
38.3072,-87.56727,0
38.3081,-87.5673,0
38.30899,-87.5674,0
38.30988,-87.56758,0
38.31076,-87.56778,0
38.31163,-87.56808,0
38.31249,-87.56841,0
38.31333,-87.56882,0
38.31415,-87.56931,0
38.31494,-87.56984,0
38.31571,-87.57043,0
38.31647,-87.57106,0
38.31717,-87.57177,0
38.31786,-87.5725,0
38.3185,-87.57331,0
38.31913,-87.57413,0
38.22485,-87.56804,0
38.22486,-87.5683,0
38.22399,-87.568,0
38.22316,-87.56756,0
38.22237,-87.567,0
38.22163,-87.56636,0
38.22091,-87.56568,0
38.22019,-87.56499,0
38.21946,-87.56431,0
38.21874,-87.56364,0
38.21801,-87.56296,0
38.21729,-87.56228,0
38.21656,-87.5616,0
38.21584,-87.56092,0
38.21512,-87.56023,0
38.2144,-87.55955,0
38.21368,-87.55887,0
38.21294,-87.55822,0
38.2122,-87.55757,0
38.21148,-87.55689,0
38.21076,-87.5562,0
38.21004,-87.55551,0
38.20931,-87.55484,0
38.20857,-87.55418,0
38.20784,-87.55353,0
38.20708,-87.55291,0
38.20628,-87.55239,0
38.20547,-87.5519,0
38.20463,-87.55149,0
38.20378,-87.5511,0
38.20292,-87.55078,0
38.20204,-87.55053,0
38.20116,-87.5503,0
38.20027,-87.55015,0
38.19937,-87.55006,0
38.19847,-87.55006,0
38.19758,-87.55005,0
38.19668,-87.55004,0
38.19578,-87.55004,0
38.19488,-87.55007,0
38.19398,-87.55009,0
38.19308,-87.55012,0
38.19218,-87.55014,0
38.19128,-87.55016,0
38.19038,-87.55017,0
38.18948,-87.55018,0
38.18858,-87.55019,0
38.18768,-87.55022,0
38.18678,-87.55024,0
38.18589,-87.55026,0
38.18499,-87.55029,0
38.18409,-87.5503,0
38.18319,-87.55032,0
38.18229,-87.55033,0
38.18139,-87.55034,0
38.18049,-87.55035,0
38.17959,-87.55038,0
38.17869,-87.55041,0
38.17779,-87.55043,0
38.17689,-87.55044,0
38.17599,-87.55045,0
38.1751,-87.55047,0
38.1742,-87.55049,0
38.1733,-87.55049,0
38.1724,-87.55051,0
38.1715,-87.55051,0
38.1706,-87.55053,0
38.1697,-87.55055,0
38.1688,-87.55057,0
38.1679,-87.5506,0
38.167,-87.55061,0
38.2253,-87.56838,0
39.16858,-86.53486,1
39.16768,-86.53487,1
39.16678,-86.53488,1
39.78235,-86.15395,1
40.27538,-86.13164,1
39.86234,-86.12666,1
39.86235,-86.12549,1
39.86235,-86.12432,1
41.1221,-85.06172,1
40.75743,-86.07187,1
40.75826,-86.0723,1
39.97847,-86.1179,1
39.97847,-86.11673,1
39.97846,-86.11555,1
39.83057,-84.88827,1
39.82961,-84.89156,1
39.82959,-84.89033,1
39.83049,-84.89034,1
39.8246,-84.89041,1
39.8255,-84.8904,1
41.67158,-84.86467,0
41.67104,-84.86371,0
41.67051,-84.86274,0
41.66999,-84.86175,0
41.66948,-84.86076,0
41.66898,-84.85976,0
41.66849,-84.85875,0
41.668,-84.85774,0
41.66751,-84.85673,0
41.66703,-84.85572,0
41.66654,-84.85471,0
41.66605,-84.85369,0
39.83061,-84.89276,1
39.8306,-84.89393,1
39.83062,-84.8951,1
39.82588,-84.8904,1
39.82677,-84.89039,1
41.61039,-86.72286,1
37.97373,-87.56918,1
37.9738,-87.57137,1
37.97331,-87.57233,1
37.96945,-87.48508,1
37.96929,-87.48396,1
37.96953,-87.49268,1
37.96951,-87.49154,1
37.9695,-87.4904,1
37.96949,-87.48925,1
37.96948,-87.48811,1
37.96947,-87.48697,1
37.96947,-87.48669,1
37.96946,-87.48555,1
37.97652,-87.47397,1
37.97654,-87.47283,1
37.97656,-87.47169,1
37.97658,-87.47055,1
37.9766,-87.46941,1
37.97661,-87.46827,1
37.97662,-87.46713,1
37.97663,-87.46599,1
37.97664,-87.46485,1
37.97665,-87.4637,1
37.97652,-87.47397,1
37.97666,-87.4626,1
37.97667,-87.46145,1
37.97668,-87.46031,1
37.97668,-87.45917,1
37.97669,-87.45803,1
37.97669,-87.45689,1
37.9767,-87.45575,1
37.9767,-87.45461,1
37.9767,-87.45347,1
37.97213,-87.57463,1
37.97165,-87.57559,1
37.97116,-87.57655,1
37.97213,-87.57463,1
37.9729,-87.57524,1
37.97365,-87.57586,1
37.97431,-87.57662,1
37.97485,-87.57752,1
37.97532,-87.57849,1
37.97578,-87.57947,1
37.94781,-87.49295,1
37.94871,-87.49294,1
37.94961,-87.49294,1
37.95051,-87.49293,1
37.95141,-87.49292,1
37.95231,-87.4929,1
37.95321,-87.49288,1
37.95411,-87.49286,1
37.95501,-87.49285,1
37.95591,-87.49283,1
37.9568,-87.49281,1
37.9577,-87.4928,1
37.97325,-87.57246,1
37.97276,-87.57342,1
37.97227,-87.57437,1
38.01367,-87.53915,0
38.01457,-87.53913,0
38.01547,-87.53911,0
38.01637,-87.53909,0
38.01727,-87.53906,0
38.01817,-87.53903,0
37.97186,-87.57287,1
37.97234,-87.57191,1
37.99255,-87.49255,1
37.99345,-87.49254,1
37.99435,-87.49252,1
37.99525,-87.4925,1
37.99615,-87.49248,1
37.99705,-87.49246,1
37.97669,-87.44123,1
37.9767,-87.44009,1
37.9767,-87.43895,1
37.97297,-87.5707,1
37.97345,-87.56974,1
37.97361,-87.56942,1
37.97351,-87.56962,1
40.76405,-86.07585,1
40.85854,-86.02654,1
40.85944,-86.02654,1
40.86034,-86.02656,1
40.86124,-86.02657,1
39.83963,-86.1452,1
40.75349,-86.06889,1
40.75264,-86.06825,1
40.7509,-86.0669,1
40.7518,-86.0676,1
40.75341,-86.06882,1
40.75387,-86.06873,1
41.07481,-85.14785,1
41.075,-85.14669,1
41.07519,-85.14552,1
41.07462,-85.14907,1
41.0748,-85.1479,1
41.10073,-85.06013,0
41.12038,-85.06146,1
41.12048,-85.06147,1
41.07917,-85.11467,1
41.07914,-85.11586,1
41.0791,-85.11705,1
41.07907,-85.11824,1
41.07905,-85.11944,1
41.07901,-85.12063,1
41.07898,-85.12182,1
41.08028,-85.13989,1
41.08047,-85.13872,1
41.07597,-85.14035,1
41.08053,-85.13835,1
41.07965,-85.13811,1
41.08231,-85.15318,1
41.08321,-85.15321,1
41.08411,-85.15324,1
41.08501,-85.15328,1
41.08591,-85.15329,1
41.08681,-85.1533,1
41.08771,-85.15333,1
41.08861,-85.15337,1
41.08886,-85.15345,1
41.08888,-85.15227,1
37.97686,-87.45745,1
37.97685,-87.45859,1
37.97685,-87.45973,1
37.97685,-87.45995,1
37.97684,-87.46109,1
37.97683,-87.46223,1
37.97683,-87.46259,1
37.97687,-87.45317,1
37.97685,-87.45431,1
37.97685,-87.45545,1
37.97685,-87.45659,1
37.97669,-87.44666,1
37.97669,-87.44552,1
37.97669,-87.44438,1
37.97669,-87.44324,1
37.97671,-87.45029,1
37.97671,-87.44915,1
37.97671,-87.448,1
37.9767,-87.44686,1
37.97687,-87.45132,1
37.97687,-87.45246,1
37.97686,-87.45028,1
37.97669,-87.45064,1
37.97668,-87.45234,1
37.97669,-87.4512,1
37.97669,-87.44311,1
37.97669,-87.44197,1
37.97688,-87.44394,1
37.97688,-87.44508,1
37.97688,-87.44622,1
37.93906,-87.50427,0
37.93897,-87.50313,0
37.93891,-87.50199,0
37.93888,-87.50085,0
37.93887,-87.49971,0
37.93889,-87.49857,0
37.93893,-87.49743,0
37.939,-87.4963,0
37.9391,-87.49516,0
37.93922,-87.49403,0
37.93951,-87.49318,0
37.93937,-87.4943,0
37.93926,-87.49544,0
37.93917,-87.49657,0
37.9391,-87.49771,0
37.93907,-87.49885,0
37.93905,-87.49999,0
37.93907,-87.50113,0
37.93911,-87.50227,0
37.93918,-87.5034,0
38.06108,-87.5482,0
38.06194,-87.54851,0
38.06281,-87.54882,0
38.06368,-87.54913,0
38.06454,-87.54944,0
38.06541,-87.54975,0
38.06627,-87.55005,0
38.06714,-87.55036,0
38.06801,-87.55067,0
38.06887,-87.55098,0
38.06974,-87.55129,0
38.0706,-87.55159,0
38.07147,-87.5519,0
38.07234,-87.55221,0
38.0732,-87.55251,0
38.07407,-87.55282,0
38.07493,-87.55313,0
38.0758,-87.55344,0
38.07667,-87.55375,0
38.07753,-87.55405,0
38.0784,-87.55436,0
38.07926,-87.55467,0
38.04313,-87.54218,0
38.04226,-87.54188,0
38.0414,-87.54157,0
38.04053,-87.54126,0
38.03966,-87.54095,0
38.0388,-87.54064,0
38.03793,-87.54033,0
38.03707,-87.54002,0
38.0362,-87.53971,0
38.03533,-87.53941,0
38.03446,-87.53916,0
38.03357,-87.53898,0
38.03267,-87.53887,0
38.03178,-87.53885,0
38.03088,-87.53886,0
38.02998,-87.53889,0
38.02908,-87.53891,0
38.02818,-87.53893,0
38.02728,-87.53896,0
38.02638,-87.53899,0
38.02548,-87.53901,0
38.02458,-87.53904,0
38.02368,-87.53907,0
38.02278,-87.53909,0
39.16659,-86.53361,1
39.16749,-86.53361,1
39.16659,-86.53361,1
39.1666,-86.53477,1
39.1666,-86.53489,1
39.1666,-86.53605,1
39.16661,-86.53721,1
39.16662,-86.53836,1
39.16756,-86.53361,1
41.12021,-85.06608,1
41.1203,-85.06637,1
41.12038,-85.06404,1
41.12024,-85.06506,1
41.12028,-85.06387,1
41.12022,-85.06696,1
41.12034,-85.06507,1
41.1203,-85.06626,1
41.09555,-85.19551,0
41.09642,-85.19639,0
41.0957,-85.19567,0
41.10217,-85.20476,0
41.10168,-85.20375,0
41.10111,-85.20284,0
41.10046,-85.20201,0
41.09981,-85.20118,0
41.09917,-85.20035,0
38.02217,-87.53893,0
38.02307,-87.5389,0
38.02396,-87.53888,0
38.02486,-87.53886,0
38.02576,-87.53883,0
38.02666,-87.53881,0
38.02756,-87.53878,0
38.02846,-87.53876,0
38.02936,-87.53873,0
38.03026,-87.53871,0
38.03116,-87.53868,0
38.03206,-87.53867,0
38.03296,-87.53872,0
38.03385,-87.53885,0
38.03473,-87.53905,0
38.03561,-87.53932,0
38.03647,-87.53963,0
38.03734,-87.53994,0
38.03821,-87.54024,0
38.03907,-87.54054,0
38.03994,-87.54085,0
38.0408,-87.54116,0
38.16744,-87.55036,0
38.16834,-87.55034,0
38.16924,-87.55033,0
38.17014,-87.55032,0
38.17104,-87.55031,0
38.17194,-87.55028,0
38.17284,-87.55025,0
38.17373,-87.55021,0
37.97692,-87.55921,1
39.82165,-84.89019,1
39.8225,-84.89045,1
41.70813,-85.0104,0
41.70812,-85.01161,0
41.70811,-85.01281,0
41.7081,-85.01402,0
41.70808,-85.01522,0
41.70809,-85.01643,0
41.70812,-85.01763,0
41.70815,-85.01883,0
41.70819,-85.02004,0
38.01904,-87.53901,0
38.01994,-87.53898,0
38.02084,-87.53896,0
38.02089,-87.53896,0
38.02179,-87.53894,0
38.02217,-87.5391,0
38.02127,-87.53913,0
38.02037,-87.53916,0
38.01947,-87.53918,0
38.01905,-87.53919,0
38.01815,-87.53922,0
38.01725,-87.53924,0
38.01635,-87.53927,0
38.01545,-87.53929,0
38.01455,-87.53931,0
38.01366,-87.53934,0
38.01276,-87.53937,0
39.78115,-86.15755,1
39.78205,-86.15752,1
39.7823,-86.15751,1
41.12089,-85.04914,1
41.1209,-85.04794,1
41.12094,-85.04708,1
41.12096,-85.04827,1
41.70764,-85.02256,0
41.70783,-85.02242,0
41.60111,-86.73102,1
39.83094,-84.85408,1
39.83098,-84.85291,1
39.831,-84.85174,1
39.7741,-86.15781,1
39.775,-86.15778,1
39.77962,-86.14233,1
41.7082,-85.02043,0
41.70815,-85.02163,0
41.11823,-85.24521,0
41.10285,-85.20616,0
41.10236,-85.20516,0
41.11828,-85.23745,0
41.11821,-85.23626,0
41.11773,-85.23526,0
41.11823,-85.24483,0
41.11824,-85.24364,0
41.11825,-85.24244,0
41.11826,-85.24125,0
41.11826,-85.24006,0
41.11827,-85.23886,0
41.11828,-85.23767,0
41.09311,-85.19275,0
40.85811,-86.0266,0
39.8567,-86.15721,1
39.84023,-86.12345,1
39.84022,-86.12611,1
39.84022,-86.12494,1
39.84022,-86.12654,1
39.84022,-86.12697,1
39.84022,-86.12778,1
39.84018,-86.13723,1
39.84018,-86.13606,1
39.84019,-86.13489,1
39.84019,-86.13372,1
39.8402,-86.13255,1
39.8402,-86.13137,1
39.84021,-86.1302,1
39.84021,-86.12903,1
39.84022,-86.12786,1
39.84023,-86.12424,1
41.46875,-87.02848,1
41.46898,-87.02737,1
41.46926,-87.02724,1
41.09843,-85.19926,0
41.09786,-85.19834,0
41.09729,-85.19741,0
41.09663,-85.19661,0
41.0986,-85.19953,0
41.09881,-85.19987,0
39.92343,-86.11969,1
41.16367,-85.06414,1
41.16278,-85.0641,1
41.16188,-85.06405,1
41.16181,-85.06384,1
41.16271,-85.06392,1
41.16361,-85.06398,1
38.23785,-87.56831,0
38.23695,-87.56832,0
38.23605,-87.56833,0
38.23515,-87.56835,0
38.23425,-87.56837,0
38.23335,-87.56838,0
38.23245,-87.56839,0
38.23155,-87.56839,0
38.23065,-87.56841,0
38.22975,-87.56843,0
38.22885,-87.56845,0
38.22795,-87.56846,0
38.22706,-87.56846,0
38.22616,-87.56846,0
38.22531,-87.56813,0
38.22621,-87.56822,0
38.22711,-87.56821,0
38.22801,-87.5682,0
38.22891,-87.5682,0
38.2298,-87.56818,0
38.2307,-87.56816,0
38.2316,-87.56814,0
38.2325,-87.56813,0
38.2334,-87.56811,0
38.2343,-87.5681,0
38.2352,-87.5681,0
38.2361,-87.56809,0
38.237,-87.56808,0
38.25414,-87.56805,0
38.25324,-87.56803,0
38.25234,-87.56806,0
38.25144,-87.56808,0
38.25054,-87.5681,0
38.24964,-87.56812,0
38.24874,-87.56815,0
38.24785,-87.56817,0
38.24695,-87.56817,0
38.24605,-87.56818,0
38.24515,-87.5682,0
38.24425,-87.56822,0
38.24335,-87.56825,0
38.24245,-87.56826,0
38.24155,-87.56826,0
38.24065,-87.56827,0
38.23975,-87.56827,0
38.23885,-87.56829,0
38.23795,-87.56831,0
38.23784,-87.56806,0
38.23874,-87.56803,0
38.23964,-87.56802,0
38.24054,-87.56802,0
38.24143,-87.56802,0
38.24233,-87.56802,0
38.24323,-87.568,0
38.24413,-87.56798,0
38.24503,-87.56794,0
38.24593,-87.56794,0
38.24683,-87.56794,0
38.24773,-87.56792,0
38.24863,-87.56789,0
38.24953,-87.56787,0
38.25043,-87.56784,0
38.25133,-87.56782,0
38.25222,-87.56781,0
38.25312,-87.56781,0
38.25402,-87.56781,0
38.16656,-87.55062,0
38.16567,-87.55064,0
38.16477,-87.55066,0
38.16387,-87.55068,0
38.16297,-87.5507,0
38.16207,-87.55071,0
38.16117,-87.55073,0
38.16027,-87.55074,0
38.15937,-87.55076,0
38.15847,-87.55077,0
38.15757,-87.55079,0
38.15667,-87.5508,0
38.15577,-87.55082,0
38.15488,-87.55084,0
38.15398,-87.55086,0
38.15308,-87.55087,0
38.15218,-87.55089,0
38.15128,-87.55091,0
38.15038,-87.55092,0
38.14948,-87.55094,0
38.14858,-87.55096,0
38.14768,-87.55097,0
38.14678,-87.55099,0
38.14588,-87.55101,0
38.14498,-87.55102,0
38.14408,-87.55104,0
38.14319,-87.55106,0
38.14229,-87.55107,0
38.14139,-87.55109,0
38.14049,-87.55111,0
38.13959,-87.55112,0
38.13869,-87.55114,0
38.13779,-87.55116,0
38.13689,-87.55117,0
38.13599,-87.55119,0
38.13509,-87.55121,0
38.13419,-87.55122,0
38.13329,-87.55124,0
38.13239,-87.55127,0
38.1315,-87.55135,0
38.1306,-87.55148,0
38.12972,-87.55166,0
38.12884,-87.55189,0
38.12796,-87.55217,0
38.1271,-87.55249,0
38.12624,-87.55281,0
38.12537,-87.55309,0
38.12449,-87.55332,0
38.1236,-87.55351,0
38.16655,-87.55037,0
41.61169,-86.72345,1
41.61025,-86.72203,1
41.07749,-85.13751,1
41.07731,-85.13868,1
41.07605,-85.14676,1
41.07587,-85.14793,1
41.07626,-85.14543,1
41.07607,-85.1466,1
41.07674,-85.14215,1
41.07658,-85.14333,1
41.07699,-85.14063,1
41.0768,-85.14179,1
41.07725,-85.13905,1
41.07707,-85.14022,1
41.07585,-85.14806,1
41.07566,-85.14923,1
41.07564,-85.14935,1
41.07546,-85.15052,1
41.07527,-85.15169,1
41.0751,-85.15286,1
41.07492,-85.15403,1
41.07473,-85.15519,1
41.07455,-85.15636,1
39.86965,-84.8885,1
39.86875,-84.88852,1
39.86785,-84.88853,1
39.86695,-84.88854,1
39.86605,-84.88856,1
39.86515,-84.88857,1
39.86425,-84.88858,1
41.60086,-86.73258,1
41.60095,-86.7314,1
41.60472,-86.73025,1
41.60562,-86.73024,1
41.59118,-86.75303,0
41.5168,-86.95328,0
41.5159,-86.95331,0
41.515,-86.95334,0
41.5141,-86.95337,0
41.5132,-86.9534,0
41.5123,-86.95343,0
41.5114,-86.95346,0
41.5105,-86.95349,0
41.50961,-86.95347,0
41.50872,-86.95369,0
41.50785,-86.95396,0
41.50699,-86.95432,0
41.50616,-86.95478,0
41.50535,-86.95532,0
41.50459,-86.95595,0
41.50387,-86.95667,0
41.50318,-86.95744,0
41.50249,-86.95821,0
41.50181,-86.95899,0
41.50112,-86.95976,0
41.50042,-86.96053,0
41.49974,-86.9613,0
41.49905,-86.96207,0
41.49836,-86.96285,0
41.49768,-86.96363,0
41.49705,-86.96449,0
41.49646,-86.9654,0
41.49593,-86.96636,0
40.75175,-86.06756,1
40.74477,-86.09455,1
40.75327,-86.07008,1
40.27545,-86.13196,1
40.27569,-86.13195,1
40.27561,-86.13149,1
40.75416,-86.06808,1
37.97699,-87.5251,1
37.97699,-87.52624,1
37.97699,-87.52738,1
37.97699,-87.52852,1
37.93586,-87.37426,0
37.93551,-87.37529,0
37.93547,-87.37643,0
37.93556,-87.37756,0
37.93581,-87.37865,0
37.97729,-87.547,1
37.97721,-87.54813,1
37.97711,-87.54927,1
37.97705,-87.5504,1
39.91936,-86.10477,1
38.12293,-87.55361,0
38.12203,-87.55369,0
38.12113,-87.55373,0
38.12024,-87.55375,0
38.11934,-87.55377,0
38.11844,-87.55379,0
38.11754,-87.55381,0
38.11664,-87.55383,0
38.11574,-87.55385,0
38.11484,-87.55386,0
38.11394,-87.55388,0
41.53737,-86.92022,0
41.53688,-86.92122,0
41.53633,-86.92218,0
41.53578,-86.92313,0
41.53522,-86.92406,0
41.53466,-86.92501,0
41.5341,-86.92595,0
41.53354,-86.92689,0
41.53298,-86.92783,0
41.53242,-86.92877,0
41.53187,-86.92971,0
41.53948,-86.91163,0
41.53917,-86.91275,0
41.53899,-86.91393,0
41.53883,-86.91511,0
41.53863,-86.91628,0
41.53836,-86.91743,0
41.53802,-86.91854,0
41.53763,-86.91962,0
41.54647,-86.89709,1
41.54737,-86.89707,1
41.54827,-86.89705,1
41.69239,-86.80484,0
41.69155,-86.80442,0
41.69082,-86.80371,0
41.69021,-86.80283,0
41.68961,-86.80194,0
41.689,-86.80105,0
41.6884,-86.80016,0
41.68779,-86.79926,0
41.68718,-86.79838,0
41.68656,-86.79751,0
41.68594,-86.79664,0
41.68531,-86.79578,0
41.68469,-86.79491,0
41.68409,-86.79401,0
41.6835,-86.79311,0
41.6829,-86.7922,0
41.68231,-86.7913,0
41.68171,-86.7904,0
41.68106,-86.78958,0
41.68035,-86.78883,0
41.61819,-86.70622,1
41.61864,-86.70517,1
41.08885,-85.154,1
41.09562,-85.15378,1
41.08887,-85.15289,1
41.60029,-86.73823,1
41.60715,-86.72911,1
41.60755,-86.72834,1
41.60822,-86.72704,1
41.61063,-86.72239,1
41.61409,-86.71573,1
41.61457,-86.71481,1
41.61917,-86.70396,1
41.61902,-86.7043,1
41.61938,-86.70347,1
41.6195,-86.70315,1
41.61988,-86.70206,1
41.62066,-86.70059,1
41.62021,-86.70163,1
41.61979,-86.70263,1
41.61994,-86.70227,1
41.62032,-86.70101,1
41.62077,-86.69997,1
41.62017,-86.70136,1
41.621,-86.6998,1
41.62077,-86.70033,1
41.62088,-86.69971,1
41.62132,-86.69906,1
41.54025,-86.91093,1
39.63384,-86.15837,0
39.63294,-86.15839,0
39.63204,-86.15839,0
39.63114,-86.15838,0
39.63024,-86.15837,0
39.62934,-86.1584,0
39.62844,-86.15842,0
39.62754,-86.15844,0
39.62665,-86.15846,0
39.62575,-86.15847,0
41.60807,-86.72734,1
41.60795,-86.72757,1
41.6085,-86.7265,1
41.60869,-86.72615,1
41.60895,-86.72564,1
41.60906,-86.72543,1
41.60916,-86.72523,1
41.60939,-86.72479,1
41.6095,-86.72458,1
41.60964,-86.7243,1
41.60983,-86.72393,1
41.61012,-86.72337,1
41.61027,-86.72308,1
41.61099,-86.72169,1
41.61089,-86.72188,1
41.61151,-86.72069,1
41.61116,-86.72136,1
41.6114,-86.72091,1
41.61167,-86.72038,1
41.61199,-86.71977,1
41.61187,-86.71999,1
41.60592,-86.71804,1
41.60666,-86.71872,1
41.60851,-86.72045,1
41.60925,-86.72112,1
41.60991,-86.7217,1
41.60956,-86.72139,1
41.61482,-86.71432,1
41.63217,-86.73939,1
41.59987,-86.73893,1
41.60005,-86.73865,1
41.59968,-86.7392,1
41.60722,-86.72897,1
41.6074,-86.72862,1
41.60779,-86.72789,1
41.61312,-86.71759,1
41.61346,-86.71693,1
41.61331,-86.71723,1
41.61361,-86.71666,1
41.61377,-86.71634,1
41.61392,-86.71606,1
41.61438,-86.71518,1
41.61424,-86.71545,1
41.59595,-86.67741,0
41.59631,-86.67851,0
41.59669,-86.6796,0
41.59705,-86.6807,0
41.59742,-86.6818,0
41.59778,-86.6829,0
41.59815,-86.684,0
41.60112,-86.69623,1
41.60105,-86.69743,1
41.60098,-86.69863,1
41.60091,-86.69983,1
41.60083,-86.70103,1
41.60076,-86.70222,1
41.60075,-86.70343,1
41.60098,-86.70459,1
41.60129,-86.70572,1
41.59979,-86.68893,0
41.60015,-86.69003,0
41.60051,-86.69113,0
41.60086,-86.69224,0
41.60111,-86.69339,0
41.6012,-86.69459,0
41.60114,-86.69579,0
41.59935,-86.68764,0
41.59957,-86.68828,0
41.05009,-85.1325,1
41.05099,-85.13254,1
41.05189,-85.13258,1
41.05278,-85.13262,1
41.05368,-85.13266,1
41.05458,-85.13273,1
41.05548,-85.13277,1
41.05638,-85.13283,1
41.05728,-85.13288,1
41.05817,-85.13292,1
41.05907,-85.13297,1
41.05997,-85.13301,1
41.06087,-85.13305,1
41.06177,-85.13309,1
41.06267,-85.13313,1
41.06357,-85.13318,1
41.06447,-85.13322,1
41.06536,-85.13325,1
41.06626,-85.13329,1
41.06716,-85.13332,1
41.06806,-85.13336,1
41.06896,-85.13339,1
41.60767,-86.71667,1
41.60841,-86.71735,1
41.60915,-86.71804,1
41.60989,-86.71872,1
41.61063,-86.71941,1
41.61136,-86.72009,1
41.60215,-86.70819,1
41.60267,-86.70917,1
41.6032,-86.71014,1
41.59827,-86.68438,0
41.59864,-86.68548,0
41.599,-86.68658,0
37.97708,-87.56852,1
37.97706,-87.56738,1
37.97709,-87.56946,1
41.48482,-86.99076,1
41.4844,-86.99183,1
41.48395,-86.99287,1
41.4835,-86.9939,1
41.48305,-86.99494,1
41.48243,-86.99579,1
41.48166,-86.99642,1
41.48081,-86.9968,1
41.47995,-86.99714,1
41.47908,-86.99747,1
41.47822,-86.9978,1
37.97443,-87.4742,1
37.97354,-87.47425,1
37.97443,-87.47408,1
37.97533,-87.47402,1
37.97623,-87.47398,1
41.63843,-86.74646,1
41.65521,-86.76371,0
41.65599,-86.76431,0
41.65677,-86.76492,0
41.65444,-86.76309,0
41.65521,-86.76371,0
39.94227,-86.14591,1
39.9401,-86.14593,1
39.94099,-86.14588,1
41.63217,-86.73939,1
41.63182,-86.739,1
39.82924,-84.89753,1
39.82829,-84.89757,1
39.82725,-84.8882,1
39.82868,-84.88768,1
37.98909,-87.38346,0
37.9899,-87.38295,0
37.9907,-87.38244,0
37.9915,-87.38192,0
37.9923,-87.38139,0
37.9931,-87.38087,0
37.9939,-87.38035,0
37.9947,-87.37984,0
37.99551,-87.37933,0
37.99631,-87.37881,0
37.9971,-87.37828,0
37.9979,-87.37775,0
37.99867,-87.37717,0
37.99943,-87.37655,0
38.00019,-87.37594,0
38.00093,-87.3753,0
38.00168,-87.37466,0
38.00242,-87.37402,0
38.00317,-87.37338,0
38.00391,-87.37274,0
38.00466,-87.3721,0
38.0054,-87.37145,0
38.00614,-87.3708,0
38.00687,-87.37014,0
38.00761,-87.36949,0
38.00836,-87.36887,0
38.00911,-87.36824,0
38.00987,-87.36762,0
38.01062,-87.367,0
38.01137,-87.36637,0
38.01213,-87.36575,0
38.01288,-87.36513,0
38.01363,-87.3645,0
38.01438,-87.36387,0
38.01514,-87.36325,0
38.01589,-87.36262,0
38.01664,-87.362,0
38.01739,-87.36137,0
38.01815,-87.36075,0
38.0189,-87.36012,0
38.01965,-87.3595,0
38.02041,-87.35889,0
38.02117,-87.35827,0
38.02191,-87.35763,0
38.02266,-87.357,0
38.02342,-87.35638,0
38.02417,-87.35576,0
38.02493,-87.35514,0
38.02568,-87.35451,0
38.02643,-87.35388,0
41.09601,-85.15378,1
41.61612,-86.73216,1
41.61555,-86.73125,1
41.6162,-86.73206,1
41.61499,-86.73032,1
41.61379,-86.72849,1
41.61345,-86.72738,1
41.61461,-86.72981,1
41.61468,-86.72973,1
41.61461,-86.72962,1
39.84936,-86.12214,1
39.91233,-86.1167,0
39.84023,-86.12302,1
39.8402,-86.12279,1
39.77131,-86.15688,1
41.06929,-85.13339,1
39.82729,-84.89282,1
41.61387,-86.72843,1
41.61443,-86.72936,1
41.61454,-86.72971,1
41.61395,-86.7288,1
37.97782,-87.58583,1
41.59129,-86.75096,0
41.59182,-86.75,0
41.59243,-86.74912,0
41.59303,-86.74822,0
41.59365,-86.74736,0
41.59115,-86.75168,0
41.62132,-86.73807,1
41.62182,-86.73811,1
41.60143,-86.70623,1
41.60174,-86.70736,1
39.82278,-84.89044,1
39.82368,-84.89043,1
39.82458,-84.89041,1
39.78185,-86.1612,1
39.7686,-86.16167,1
39.7784,-86.1613,1
41.64247,-86.76002,0
41.64242,-86.75882,0
41.64209,-86.7577,0
41.64173,-86.7566,0
41.64136,-86.75551,0
41.64097,-86.75442,0
41.64061,-86.75332,0
41.64027,-86.7522,0
41.63999,-86.75106,0
41.63972,-86.74991,0
41.63945,-86.74876,0
41.63918,-86.74762,0
41.64211,-86.77618,0
41.64211,-86.77498,0
41.64214,-86.77378,0
41.64217,-86.77257,0
41.6422,-86.77137,0
41.64221,-86.77106,0
41.64224,-86.76986,0
41.64227,-86.76866,0
41.6423,-86.76745,0
41.64232,-86.78032,0
41.6422,-86.77831,0
41.64213,-86.77711,0
41.07553,-85.11195,1
41.07557,-85.11076,1
41.0756,-85.10957,1
41.07564,-85.10838,1
41.07568,-85.10718,1
41.07571,-85.10599,1
41.07575,-85.1048,1
41.07578,-85.10361,1
41.07582,-85.10241,1
41.07585,-85.10122,1
41.07874,-85.12944,1
41.07856,-85.13061,1
41.07837,-85.13178,1
41.07826,-85.13254,1
41.07808,-85.13371,1
41.0779,-85.13488,1
41.07772,-85.13604,1
41.07753,-85.13721,1
41.03308,-85.13227,1
41.03279,-85.13226,1
41.03189,-85.13221,1
39.83058,-84.88912,1
39.83059,-84.89029,1
39.8306,-84.89146,1
39.81226,-84.89,1
39.81316,-84.89,1
39.81406,-84.89,1
38.06078,-87.5481,0
38.04317,-87.54199,0
38.04404,-87.54228,0
38.04491,-87.54256,0
38.04579,-87.54284,0
38.04666,-87.54312,0
38.04753,-87.54342,0
38.04839,-87.54371,0
38.04926,-87.54402,0
38.05013,-87.54431,0
38.05099,-87.54463,0
38.05186,-87.54494,0
38.05272,-87.54525,0
38.05359,-87.54555,0
38.05446,-87.54586,0
38.05532,-87.54617,0
38.05619,-87.54648,0
38.05706,-87.54678,0
38.05792,-87.54709,0
38.05879,-87.5474,0
38.05965,-87.5477,0
38.06052,-87.54801,0
38.06062,-87.54839,0
38.05976,-87.54809,0
38.05889,-87.54778,0
38.05802,-87.54747,0
38.05716,-87.54716,0
38.05629,-87.54685,0
38.05543,-87.54654,0
38.05456,-87.54623,0
38.0537,-87.54592,0
38.05283,-87.54561,0
38.05197,-87.5453,0
38.0511,-87.54499,0
38.05023,-87.54468,0
38.04936,-87.54438,0
38.0485,-87.54408,0
38.04763,-87.54378,0
38.04676,-87.54347,0
38.0459,-87.54317,0
38.04503,-87.54286,0
38.04417,-87.54255,0
38.0433,-87.54224,0
38.061,-87.54852,0
41.04764,-85.05827,0
41.04674,-85.05823,0
41.04584,-85.0582,0
41.04494,-85.05817,0
41.04405,-85.05814,0
41.04315,-85.05811,0
41.04225,-85.05808,0
41.04135,-85.05804,0
41.04045,-85.05801,0
41.03955,-85.05801,0
41.03865,-85.058,0
41.03775,-85.05798,0
41.03685,-85.05796,0
41.03595,-85.05794,0
41.03505,-85.05792,0
41.03416,-85.0579,0
41.03326,-85.05787,0
39.82748,-84.896,1
39.82761,-84.89759,1
39.82756,-84.89696,1
39.8274,-84.89542,1
39.82732,-84.89462,1
39.8273,-84.89424,1
39.8273,-84.89333,1
39.82727,-84.89039,1
39.82726,-84.88959,1
39.82729,-84.89207,1
39.82727,-84.89085,1
39.82725,-84.88848,1
40.74478,-86.093,1
40.74477,-86.09327,1
40.74477,-86.09307,1
40.74479,-86.09281,1
39.77431,-86.16702,1
39.77431,-86.16764,1
39.84021,-86.12201,1
39.77939,-86.16128,1
39.77882,-86.1613,1
39.78104,-86.1612,1
39.78225,-86.1612,1
39.7714,-86.16156,1
39.76949,-86.16164,1
39.78901,-86.16144,1
39.77378,-86.16148,1
39.7716,-86.17188,1
39.77168,-86.17331,1
40.27499,-86.12906,1
40.27518,-86.12895,1
40.2752,-86.12892,1
39.83054,-84.8847,1
39.83055,-84.88588,1
39.83056,-84.88705,1
39.83057,-84.88822,1
39.8306,-84.89155,1
39.83061,-84.89272,1
39.82562,-84.92008,1
39.82548,-84.92124,1
39.82533,-84.92239,1
39.82518,-84.92355,1
39.82503,-84.9247,1
39.82489,-84.92586,1
39.82475,-84.92702,1
39.82475,-84.92703,1
39.8246,-84.92818,1
39.82447,-84.92934,1
39.82433,-84.9305,1
39.82418,-84.93165,1
39.82404,-84.93281,1
39.82389,-84.93396,1
39.82375,-84.93512,1
39.82371,-84.93545,1
39.82356,-84.9366,1
39.82342,-84.93776,1
39.82327,-84.93891,1
39.82313,-84.94007,1
39.82298,-84.94122,1
39.82284,-84.94238,1
39.8227,-84.94353,1
39.82257,-84.94469,1
39.81889,-84.97959,1
39.81877,-84.98075,1
39.81865,-84.98191,1
39.81852,-84.98307,1
39.92462,-86.62784,1
39.9254,-86.62725,1
39.77799,-86.15766,1
39.77889,-86.15764,1
39.77979,-86.1576,1
39.78069,-86.15757,1
37.9767,-87.4349,0
37.9767,-87.43376,0
37.9767,-87.43262,0
37.97669,-87.43148,0
37.97669,-87.43034,0
37.97668,-87.4292,0
37.97667,-87.42806,0
37.97689,-87.43494,1
37.97689,-87.43608,1
37.97688,-87.43722,1
37.97688,-87.43837,1
37.97687,-87.43951,1
37.97687,-87.44065,1
37.97688,-87.44625,1
37.97687,-87.44739,1
37.97687,-87.44853,1
37.97686,-87.44967,1
41.73536,-84.98115,0
41.73543,-84.98974,0
41.73542,-84.98853,0
41.73541,-84.98733,0
41.7354,-84.98612,0
41.73539,-84.98491,0
41.73538,-84.98371,0
41.73537,-84.9825,0
41.73536,-84.9813,0
41.73558,-84.98115,0
41.73559,-84.98235,0
41.7356,-84.98356,0
41.73561,-84.98476,0
41.73562,-84.98597,0
41.73558,-84.98104,0
37.97686,-87.44123,1
37.97687,-87.44237,1
37.97688,-87.44351,1
37.9767,-87.43844,1
37.9767,-87.4373,1
37.9767,-87.43616,1
37.9767,-87.43502,1
37.97497,-87.57474,0
37.97415,-87.57473,0
39.77004,-86.15799,1
39.84031,-86.121,1
39.78288,-86.15748,1
37.97691,-87.51373,1
37.97692,-87.51487,1
37.97692,-87.51601,1
37.97692,-87.51716,1
37.97693,-87.5183,1
37.97694,-87.51944,1
39.77156,-86.16896,1
39.77155,-86.16864,1
39.77152,-86.16705,1
39.77546,-86.15578,1
39.77544,-86.15461,1
39.77547,-86.15596,1
39.77168,-86.1735,1
39.86214,-86.15927,1
38.07947,-87.55474,0
38.08033,-87.55505,0
38.0812,-87.55536,0
38.08207,-87.55565,0
38.08295,-87.55591,0
38.08383,-87.55612,0
38.08472,-87.55628,0
38.08561,-87.55639,0
38.08651,-87.55645,0
38.08741,-87.55647,0
38.08831,-87.55643,0
38.08921,-87.55634,0
38.0901,-87.55622,0
38.09099,-87.55608,0
38.09189,-87.55594,0
38.09278,-87.5558,0
38.09367,-87.55566,0
38.09456,-87.55552,0
38.09546,-87.55538,0
38.09635,-87.55524,0
38.09724,-87.5551,0
38.09813,-87.55496,0
38.09903,-87.55483,0
38.09992,-87.55469,0
38.10081,-87.55455,0
38.10171,-87.55441,0
38.1026,-87.55428,0
38.10349,-87.55415,0
38.10439,-87.55404,0
38.10528,-87.55395,0
38.10618,-87.55387,0
38.10708,-87.55381,0
38.10798,-87.55377,0
38.10888,-87.55374,0
38.10978,-87.55372,0
38.11068,-87.5537,0
38.11157,-87.55368,0
38.11247,-87.55366,0
38.11337,-87.55364,0
38.11427,-87.55362,0
38.11517,-87.5536,0
38.11607,-87.55358,0
38.11697,-87.55356,0
38.11787,-87.55354,0
38.11877,-87.55353,0
38.11967,-87.55351,0
38.12057,-87.55349,0
38.12147,-87.55347,0
38.12236,-87.55342,0
38.12326,-87.5533,0
38.12415,-87.55314,0
38.12503,-87.55293,0
38.12591,-87.55267,0
38.12677,-87.55236,0
38.12763,-87.55203,0
38.1285,-87.55172,0
38.12938,-87.55146,0
38.13026,-87.55125,0
38.13115,-87.5511,0
38.13205,-87.551,0
38.13295,-87.55096,0
38.13385,-87.55095,0
38.13474,-87.55095,0
38.13564,-87.55094,0
38.13654,-87.55093,0
38.13744,-87.55091,0
38.13834,-87.5509,0
38.13924,-87.55088,0
38.14014,-87.55086,0
38.14104,-87.55085,0
38.14194,-87.55083,0
38.14284,-87.55081,0
38.14374,-87.5508,0
38.14464,-87.55078,0
38.14554,-87.55076,0
38.14643,-87.55075,0
38.14733,-87.55073,0
38.14823,-87.55071,0
38.14913,-87.5507,0
38.15003,-87.55068,0
38.15093,-87.55066,0
38.15183,-87.55065,0
38.15273,-87.55063,0
38.15363,-87.55061,0
38.15453,-87.55059,0
38.15543,-87.55058,0
38.15633,-87.55056,0
38.15723,-87.55054,0
38.15812,-87.55053,0
38.15902,-87.55051,0
38.15992,-87.5505,0
38.16082,-87.55048,0
38.16172,-87.55046,0
38.16262,-87.55044,0
38.16352,-87.55043,0
38.16442,-87.55041,0
38.16532,-87.55039,0
38.16622,-87.55038,0
38.07942,-87.55506,0
38.07855,-87.55475,0
38.07769,-87.55444,0
38.07682,-87.55413,0
38.07596,-87.55383,0
38.07509,-87.55352,0
38.07422,-87.55322,0
38.07336,-87.55291,0
38.07249,-87.5526,0
38.07162,-87.5523,0
38.07076,-87.55199,0
38.06989,-87.55168,0
38.06903,-87.55137,0
38.06816,-87.55107,0
38.06729,-87.55076,0
38.06643,-87.55046,0
38.06556,-87.55015,0
38.06469,-87.54984,0
38.06383,-87.54953,0
38.06296,-87.54922,0
38.0621,-87.54891,0
38.06123,-87.5486,0
39.9576,-86.15508,0
39.95887,-86.1552,0
39.77161,-86.17083,1
41.10403,-85.06042,0
41.10486,-85.06047,0
41.10576,-85.06053,0
41.10622,-85.06057,0
41.10711,-85.06056,0
41.1073,-85.06064,0
41.10778,-85.06067,0
41.10867,-85.06067,0
41.10957,-85.06073,0
41.11047,-85.06079,0
39.97847,-86.11803,1
37.9625,-87.52038,1
37.9616,-87.52039,1
37.9607,-87.5204,1
37.95981,-87.52041,1
37.95891,-87.52042,1
37.95801,-87.52043,1
37.95711,-87.52045,1
37.95621,-87.52046,1
37.95531,-87.52046,1
41.07333,-85.08997,1
41.70548,-84.92758,0
41.70591,-84.92864,0
41.70635,-84.92969,0
41.70678,-84.93074,0
41.70722,-84.9318,0
41.70766,-84.93285,0
41.70809,-84.9339,0
41.70853,-84.93496,0
41.70896,-84.93601,0
41.7094,-84.93707,0
41.70984,-84.93812,0
41.71028,-84.93916,0
41.71027,-84.93976,0
41.70983,-84.9387,0
41.70939,-84.93765,0
41.70896,-84.9366,0
41.70852,-84.93555,0
41.70808,-84.93449,0
41.70765,-84.93344,0
41.70721,-84.93239,0
41.70678,-84.93133,0
41.70634,-84.93028,0
41.70591,-84.92922,0
41.70547,-84.92817,0
41.13492,-85.06219,1
37.97679,-87.50447,1
37.97664,-87.50552,1
37.97661,-87.50438,1
37.97659,-87.50324,1
41.10149,-85.06024,0
41.01823,-85.15337,0
41.0191,-85.15309,0
41.01997,-85.15281,0
41.02085,-85.15253,0
41.02172,-85.15226,0
41.0226,-85.15199,0
41.02347,-85.15169,0
41.02431,-85.15127,0
41.02511,-85.15071,0
41.02588,-85.1501,0
41.02665,-85.14948,0
41.02718,-85.14919,0
41.02641,-85.14981,0
41.02564,-85.15044,0
41.02487,-85.15104,0
41.02405,-85.15154,0
41.0232,-85.15191,0
41.02233,-85.15221,0
41.02145,-85.15248,0
41.02058,-85.15276,0
41.01971,-85.15304,0
41.01883,-85.15333,0
41.01867,-85.05765,0
41.01777,-85.05764,0
41.01687,-85.05762,0
41.01597,-85.05761,0
41.01507,-85.05759,0
41.01417,-85.05758,0
41.01327,-85.05756,0
41.01237,-85.05755,0
41.01147,-85.05754,0
41.01057,-85.05753,0
41.00968,-85.05752,0
41.00878,-85.05751,0
41.00788,-85.0575,0
41.00698,-85.05749,0
41.00608,-85.05747,0
41.00519,-85.05727,0
41.46922,-87.0269,1
41.46892,-87.02696,1
41.46894,-87.02692,1
41.46919,-87.02688,1
41.46896,-87.02733,1
41.04617,-85.13232,1
41.04707,-85.13236,1
41.04796,-85.13241,1
41.04886,-85.13244,1
41.04976,-85.13248,1
39.77158,-86.1711,1
39.77165,-86.17232,1
37.97351,-87.47425,1
38.02704,-87.3532,0
38.02723,-87.35208,0
38.02742,-87.35096,0
38.02761,-87.34985,0
38.0278,-87.34873,0
38.02798,-87.34762,0
38.02817,-87.3465,0
38.02836,-87.34538,0
38.02855,-87.34427,0
38.02859,-87.34313,0
38.02853,-87.34199,0
38.02847,-87.34085,0
38.02839,-87.33972,0
38.02837,-87.33858,0
38.02838,-87.33743,0
38.02844,-87.33629,0
38.02851,-87.33516,0
38.02859,-87.33402,0
38.02866,-87.33288,0
38.02874,-87.33174,0
38.02881,-87.33061,0
38.02925,-87.32963,0
38.02984,-87.32877,0
38.03044,-87.32792,0
38.03104,-87.32708,0
38.03164,-87.32623,0
38.03223,-87.32537,0
38.03282,-87.3245,0
38.0334,-87.32363,0
38.034,-87.32278,0
38.03462,-87.32196,0
38.03525,-87.32113,0
38.03587,-87.32031,0
38.03649,-87.31948,0
38.0371,-87.31864,0
38.03755,-87.31768,0
38.03758,-87.31654,0
38.03759,-87.31539,0
38.0376,-87.31425,0
38.03762,-87.31311,0
38.03789,-87.31203,0
38.03836,-87.31106,0
38.03886,-87.31011,0
37.97688,-87.55657,1
37.97686,-87.55543,1
37.97685,-87.55429,1
37.97685,-87.55314,1
37.97687,-87.552,1
37.97701,-87.54453,1
39.95834,-86.15507,0
39.95924,-86.15507,0
39.8306,-84.89034,1
39.83149,-84.89032,1
38.51418,-85.77242,0
38.51328,-85.77231,0
38.51239,-85.77219,0
38.5115,-85.77206,0
38.5106,-85.77194,0
38.50971,-85.77183,0
38.50881,-85.77172,0
38.50792,-85.77161,0
38.50702,-85.77149,0
38.50613,-85.77137,0
38.50523,-85.77125,0
38.50434,-85.77114,0
38.50344,-85.77103,0
38.50254,-85.77099,0
38.51456,-85.77247,0
38.502,-85.77066,0
38.5029,-85.7707,0
38.5038,-85.77076,0
38.5047,-85.77087,0
38.50559,-85.77099,0
38.50648,-85.77112,0
38.50738,-85.77123,0
38.50827,-85.77134,0
38.50917,-85.77146,0
38.51006,-85.77157,0
38.51096,-85.77169,0
38.51185,-85.77181,0
38.51275,-85.77192,0
38.51364,-85.77203,0
38.51421,-85.77211,0
41.54005,-86.91056,1
41.53988,-86.91073,1
41.53988,-86.91091,1
41.54005,-86.9111,1
41.54006,-86.9111,1
41.54027,-86.91084,1
41.5401,-86.91056,1
40.27485,-86.12865,1
37.97675,-87.512,1
37.97674,-87.51086,1
37.97672,-87.50971,1
37.97671,-87.50857,1
37.97669,-87.50743,1
37.97666,-87.50629,1
37.97681,-87.50505,1
37.97682,-87.5062,1
37.97684,-87.50734,1
37.97686,-87.50848,1
37.97687,-87.50962,1
37.97689,-87.51076,1
37.9769,-87.5119,1
41.14671,-85.06292,1
41.1476,-85.0629,1
41.14849,-85.06296,1
41.14939,-85.06302,1
41.14951,-85.06319,1
41.14861,-85.06314,1
41.14771,-85.06307,1
41.14681,-85.063,1
41.1111,-85.0609,0
41.112,-85.06096,0
41.09653,-85.05992,0
41.09743,-85.05998,0
41.09832,-85.06004,0
41.09922,-85.06009,0
41.07931,-85.10959,1
41.07927,-85.11078,1
41.07924,-85.11197,1
41.07921,-85.11317,1
41.07918,-85.11436,1
41.11321,-85.06109,0
41.11393,-85.06107,0
41.11255,-85.061,0
41.11321,-85.06097,0
41.097,-85.1116,1
41.09702,-85.11041,1
41.09705,-85.10921,1
41.02873,-85.14794,0
41.02796,-85.14856,0
41.02719,-85.14918,0
41.02711,-85.14912,0
41.02787,-85.14848,0
41.02863,-85.14784,0
41.03888,-85.13204,1
41.03799,-85.13211,1
37.97676,-87.51393,1
37.97676,-87.51279,1
37.9769,-87.51198,1
37.97691,-87.51312,1
41.05072,-85.05833,0
41.04982,-85.05832,0
41.04892,-85.05829,0
41.04802,-85.05827,0
