county,time,precip_mm,snowfall_cm,wind_gusts_kmh,visibility_m,weather_code,freezing,temp_c
Gibson,2026-08-05T19:00,0.0,0.0,10.0,20000,0,0,15.0
Gibson,2026-08-05T20:00,0.0,0.0,10.0,20000,0,0,15.0
Gibson,2026-08-05T21:00,0.0,0.0,10.0,20000,0,0,15.0
Gibson,2026-08-05T22:00,0.0,0.0,10.0,20000,0,0,15.0
Gibson,2026-08-05T23:00,0.0,0.0,10.0,20000,0,0,15.0
Gibson,2026-08-06T00:00,0.0,0.0,10.0,20000,0,0,15.0
Gibson,2026-08-06T01:00,0.0,0.0,10.0,20000,0,0,15.0
Gibson,2026-08-06T02:00,0.0,0.0,10.0,20000,0,0,15.0
Gibson,2026-08-06T03:00,0.0,0.0,10.0,20000,0,0,15.0
Gibson,2026-08-06T04:00,0.0,0.0,10.0,20000,0,0,15.0
Gibson,2026-08-06T05:00,0.0,0.0,10.0,20000,0,0,15.0
Gibson,2026-08-06T06:00,0.0,0.0,10.0,20000,0,0,15.0
Gibson,2026-08-06T07:00,0.0,0.0,10.0,20000,0,0,15.0
Gibson,2026-08-06T08:00,0.0,0.0,10.0,20000,0,0,15.0
Gibson,2026-08-06T09:00,0.0,0.0,10.0,20000,0,0,15.0
Gibson,2026-08-06T10:00,0.0,0.0,10.0,20000,0,0,15.0
Gibson,2026-08-06T11:00,0.0,0.0,10.0,20000,0,0,15.0
Gibson,2026-08-06T12:00,0.0,0.0,10.0,20000,0,0,15.0
Gibson,2026-08-06T13:00,0.0,0.0,10.0,20000,0,0,15.0
Gibson,2026-08-06T14:00,0.0,0.0,10.0,20000,0,0,15.0
Gibson,2026-08-06T15:00,0.0,0.0,10.0,20000,0,0,15.0
Gibson,2026-08-06T16:00,0.0,0.0,10.0,20000,0,0,15.0
Gibson,2026-08-06T17:00,0.0,0.0,10.0,20000,0,0,15.0
Gibson,2026-08-06T18:00,0.0,0.0,10.0,20000,0,0,15.0
Gibson,2026-08-06T19:00,0.0,0.0,10.0,20000,0,0,15.0
Gibson,2026-08-06T20:00,0.0,0.0,10.0,20000,0,0,15.0
Gibson,2026-08-06T21:00,0.0,0.0,10.0,20000,0,0,15.0
Gibson,2026-08-06T22:00,0.0,0.0,10.0,20000,0,0,15.0
Gibson,2026-08-06T23:00,0.0,0.0,10.0,20000,0,0,15.0
Gibson,2026-08-07T00:00,0.0,0.0,10.0,20000,0,0,15.0
Gibson,2026-08-07T01:00,0.0,0.0,10.0,20000,0,0,15.0
Gibson,2026-08-07T02:00,0.0,0.0,10.0,20000,0,0,15.0
Gibson,2026-08-07T03:00,0.0,0.0,10.0,20000,0,0,15.0
Gibson,2026-08-07T04:00,0.0,0.0,10.0,20000,0,0,15.0
Gibson,2026-08-07T05:00,0.0,0.0,10.0,20000,0,0,15.0
Gibson,2026-08-07T06:00,0.0,0.0,10.0,20000,0,0,15.0
Gibson,2026-08-07T07:00,0.0,0.0,10.0,20000,0,0,15.0
Gibson,2026-08-07T08:00,0.0,0.0,10.0,20000,0,0,15.0
Gibson,2026-08-07T09:00,0.0,0.0,10.0,20000,0,0,15.0
Gibson,2026-08-07T10:00,0.0,0.0,10.0,20000,0,0,15.0
Gibson,2026-08-07T11:00,0.0,0.0,10.0,20000,0,0,15.0
Gibson,2026-08-07T12:00,0.0,0.0,10.0,20000,0,0,15.0
Gibson,2026-08-07T13:00,0.0,0.0,10.0,20000,0,0,15.0
Gibson,2026-08-07T14:00,0.0,0.0,10.0,20000,0,0,15.0
Gibson,2026-08-07T15:00,0.0,0.0,10.0,20000,0,0,15.0
Gibson,2026-08-07T16:00,0.0,0.0,10.0,20000,0,0,15.0
Gibson,2026-08-07T17:00,0.0,0.0,10.0,20000,0,0,15.0
Gibson,2026-08-07T18:00,0.0,0.0,10.0,20000,0,0,15.0
Hancock,2026-08-05T19:00,0.0,0.0,10.0,20000,0,0,15.0
Hancock,2026-08-05T20:00,0.0,0.0,10.0,20000,0,0,15.0
Hancock,2026-08-05T21:00,0.0,0.0,10.0,20000,0,0,15.0
Hancock,2026-08-05T22:00,0.0,0.0,10.0,20000,0,0,15.0
Hancock,2026-08-05T23:00,0.0,0.0,10.0,20000,0,0,15.0
Hancock,2026-08-06T00:00,0.0,0.0,10.0,20000,0,0,15.0
Hancock,2026-08-06T01:00,0.0,0.0,10.0,20000,0,0,15.0
Hancock,2026-08-06T02:00,0.0,0.0,10.0,20000,0,0,15.0
Hancock,2026-08-06T03:00,0.0,0.0,10.0,20000,0,0,15.0
Hancock,2026-08-06T04:00,0.0,0.0,10.0,20000,0,0,15.0
Hancock,2026-08-06T05:00,0.0,0.0,10.0,20000,0,0,15.0
Hancock,2026-08-06T06:00,0.0,0.0,10.0,20000,0,0,15.0
Hancock,2026-08-06T07:00,0.0,0.0,10.0,20000,0,0,15.0
Hancock,2026-08-06T08:00,0.0,0.0,10.0,20000,0,0,15.0
Hancock,2026-08-06T09:00,0.0,0.0,10.0,20000,0,0,15.0
Hancock,2026-08-06T10:00,0.0,0.0,10.0,20000,0,0,15.0
Hancock,2026-08-06T11:00,0.0,0.0,10.0,20000,0,0,15.0
Hancock,2026-08-06T12:00,0.0,0.0,10.0,20000,0,0,15.0
Hancock,2026-08-06T13:00,0.0,0.0,10.0,20000,0,0,15.0
Hancock,2026-08-06T14:00,0.0,0.0,10.0,20000,0,0,15.0
Hancock,2026-08-06T15:00,0.0,0.0,10.0,20000,0,0,15.0
Hancock,2026-08-06T16:00,0.0,0.0,10.0,20000,0,0,15.0
Hancock,2026-08-06T17:00,0.0,0.0,10.0,20000,0,0,15.0
Hancock,2026-08-06T18:00,0.0,0.0,10.0,20000,0,0,15.0
Hancock,2026-08-06T19:00,0.0,0.0,10.0,20000,0,0,15.0
Hancock,2026-08-06T20:00,0.0,0.0,10.0,20000,0,0,15.0
Hancock,2026-08-06T21:00,0.0,0.0,10.0,20000,0,0,15.0
Hancock,2026-08-06T22:00,0.0,0.0,10.0,20000,0,0,15.0
Hancock,2026-08-06T23:00,0.0,0.0,10.0,20000,0,0,15.0
Hancock,2026-08-07T00:00,0.0,0.0,10.0,20000,0,0,15.0
Hancock,2026-08-07T01:00,0.0,0.0,10.0,20000,0,0,15.0
Hancock,2026-08-07T02:00,0.0,0.0,10.0,20000,0,0,15.0
Hancock,2026-08-07T03:00,0.0,0.0,10.0,20000,0,0,15.0
Hancock,2026-08-07T04:00,0.0,0.0,10.0,20000,0,0,15.0
Hancock,2026-08-07T05:00,0.0,0.0,10.0,20000,0,0,15.0
Hancock,2026-08-07T06:00,0.0,0.0,10.0,20000,0,0,15.0
Hancock,2026-08-07T07:00,0.0,0.0,10.0,20000,0,0,15.0
Hancock,2026-08-07T08:00,0.0,0.0,10.0,20000,0,0,15.0
Hancock,2026-08-07T09:00,0.0,0.0,10.0,20000,0,0,15.0
Hancock,2026-08-07T10:00,0.0,0.0,10.0,20000,0,0,15.0
Hancock,2026-08-07T11:00,0.0,0.0,10.0,20000,0,0,15.0
Hancock,2026-08-07T12:00,0.0,0.0,10.0,20000,0,0,15.0
Hancock,2026-08-07T13:00,0.0,0.0,10.0,20000,0,0,15.0
Hancock,2026-08-07T14:00,0.0,0.0,10.0,20000,0,0,15.0
Hancock,2026-08-07T15:00,0.0,0.0,10.0,20000,0,0,15.0
Hancock,2026-08-07T16:00,0.0,0.0,10.0,20000,0,0,15.0
Hancock,2026-08-07T17:00,0.0,0.0,10.0,20000,0,0,15.0
Hancock,2026-08-07T18:00,0.0,0.0,10.0,20000,0,0,15.0
Huntington,2026-08-05T19:00,0.0,0.0,10.0,20000,0,0,15.0
Huntington,2026-08-05T20:00,0.0,0.0,10.0,20000,0,0,15.0
Huntington,2026-08-05T21:00,0.0,0.0,10.0,20000,0,0,15.0
Huntington,2026-08-05T22:00,0.0,0.0,10.0,20000,0,0,15.0
Huntington,2026-08-05T23:00,0.0,0.0,10.0,20000,0,0,15.0
Huntington,2026-08-06T00:00,0.0,0.0,10.0,20000,0,0,15.0
Huntington,2026-08-06T01:00,0.0,0.0,10.0,20000,0,0,15.0
Huntington,2026-08-06T02:00,0.0,0.0,10.0,20000,0,0,15.0
Huntington,2026-08-06T03:00,0.0,0.0,10.0,20000,0,0,15.0
Huntington,2026-08-06T04:00,0.0,0.0,10.0,20000,0,0,15.0
Huntington,2026-08-06T05:00,0.0,0.0,10.0,20000,0,0,15.0
Huntington,2026-08-06T06:00,0.0,0.0,10.0,20000,0,0,15.0
Huntington,2026-08-06T07:00,0.0,0.0,10.0,20000,0,0,15.0
Huntington,2026-08-06T08:00,0.0,0.0,10.0,20000,0,0,15.0
Huntington,2026-08-06T09:00,0.0,0.0,10.0,20000,0,0,15.0
Huntington,2026-08-06T10:00,0.0,0.0,10.0,20000,0,0,15.0
Huntington,2026-08-06T11:00,0.0,0.0,10.0,20000,0,0,15.0
Huntington,2026-08-06T12:00,0.0,0.0,10.0,20000,0,0,15.0
Huntington,2026-08-06T13:00,0.0,0.0,10.0,20000,0,0,15.0
Huntington,2026-08-06T14:00,0.0,0.0,10.0,20000,0,0,15.0
Huntington,2026-08-06T15:00,0.0,0.0,10.0,20000,0,0,15.0
Huntington,2026-08-06T16:00,0.0,0.0,10.0,20000,0,0,15.0
Huntington,2026-08-06T17:00,0.0,0.0,10.0,20000,0,0,15.0
Huntington,2026-08-06T18:00,0.0,0.0,10.0,20000,0,0,15.0
Huntington,2026-08-06T19:00,0.0,0.0,10.0,20000,0,0,15.0
Huntington,2026-08-06T20:00,0.0,0.0,10.0,20000,0,0,15.0
Huntington,2026-08-06T21:00,0.0,0.0,10.0,20000,0,0,15.0
Huntington,2026-08-06T22:00,0.0,0.0,10.0,20000,0,0,15.0
Huntington,2026-08-06T23:00,0.0,0.0,10.0,20000,0,0,15.0
Huntington,2026-08-07T00:00,0.0,0.0,10.0,20000,0,0,15.0
Huntington,2026-08-07T01:00,0.0,0.0,10.0,20000,0,0,15.0
Huntington,2026-08-07T02:00,0.0,0.0,10.0,20000,0,0,15.0
Huntington,2026-08-07T03:00,0.0,0.0,10.0,20000,0,0,15.0
Huntington,2026-08-07T04:00,0.0,0.0,10.0,20000,0,0,15.0
Huntington,2026-08-07T05:00,0.0,0.0,10.0,20000,0,0,15.0
Huntington,2026-08-07T06:00,0.0,0.0,10.0,20000,0,0,15.0
Huntington,2026-08-07T07:00,0.0,0.0,10.0,20000,0,0,15.0
Huntington,2026-08-07T08:00,0.0,0.0,10.0,20000,0,0,15.0
Huntington,2026-08-07T09:00,0.0,0.0,10.0,20000,0,0,15.0
Huntington,2026-08-07T10:00,0.0,0.0,10.0,20000,0,0,15.0
Huntington,2026-08-07T11:00,0.0,0.0,10.0,20000,0,0,15.0
Huntington,2026-08-07T12:00,0.0,0.0,10.0,20000,0,0,15.0
Huntington,2026-08-07T13:00,0.0,0.0,10.0,20000,0,0,15.0
Huntington,2026-08-07T14:00,0.0,0.0,10.0,20000,0,0,15.0
Huntington,2026-08-07T15:00,0.0,0.0,10.0,20000,0,0,15.0
Huntington,2026-08-07T16:00,0.0,0.0,10.0,20000,0,0,15.0
Huntington,2026-08-07T17:00,0.0,0.0,10.0,20000,0,0,15.0
Huntington,2026-08-07T18:00,0.0,0.0,10.0,20000,0,0,15.0
Jennings,2026-08-05T19:00,0.0,0.0,10.0,20000,0,0,15.0
Jennings,2026-08-05T20:00,0.0,0.0,10.0,20000,0,0,15.0
Jennings,2026-08-05T21:00,0.0,0.0,10.0,20000,0,0,15.0
Jennings,2026-08-05T22:00,0.0,0.0,10.0,20000,0,0,15.0
Jennings,2026-08-05T23:00,0.0,0.0,10.0,20000,0,0,15.0
Jennings,2026-08-06T00:00,0.0,0.0,10.0,20000,0,0,15.0
Jennings,2026-08-06T01:00,0.0,0.0,10.0,20000,0,0,15.0
Jennings,2026-08-06T02:00,0.0,0.0,10.0,20000,0,0,15.0
Jennings,2026-08-06T03:00,0.0,0.0,10.0,20000,0,0,15.0
Jennings,2026-08-06T04:00,0.0,0.0,10.0,20000,0,0,15.0
Jennings,2026-08-06T05:00,0.0,0.0,10.0,20000,0,0,15.0
Jennings,2026-08-06T06:00,0.0,0.0,10.0,20000,0,0,15.0
Jennings,2026-08-06T07:00,0.0,0.0,10.0,20000,0,0,15.0
Jennings,2026-08-06T08:00,0.0,0.0,10.0,20000,0,0,15.0
Jennings,2026-08-06T09:00,0.0,0.0,10.0,20000,0,0,15.0
Jennings,2026-08-06T10:00,0.0,0.0,10.0,20000,0,0,15.0
Jennings,2026-08-06T11:00,0.0,0.0,10.0,20000,0,0,15.0
Jennings,2026-08-06T12:00,0.0,0.0,10.0,20000,0,0,15.0
Jennings,2026-08-06T13:00,0.0,0.0,10.0,20000,0,0,15.0
Jennings,2026-08-06T14:00,0.0,0.0,10.0,20000,0,0,15.0
Jennings,2026-08-06T15:00,0.0,0.0,10.0,20000,0,0,15.0
Jennings,2026-08-06T16:00,0.0,0.0,10.0,20000,0,0,15.0
Jennings,2026-08-06T17:00,0.0,0.0,10.0,20000,0,0,15.0
Jennings,2026-08-06T18:00,0.0,0.0,10.0,20000,0,0,15.0
Jennings,2026-08-06T19:00,0.0,0.0,10.0,20000,0,0,15.0
Jennings,2026-08-06T20:00,0.0,0.0,10.0,20000,0,0,15.0
Jennings,2026-08-06T21:00,0.0,0.0,10.0,20000,0,0,15.0
Jennings,2026-08-06T22:00,0.0,0.0,10.0,20000,0,0,15.0
Jennings,2026-08-06T23:00,0.0,0.0,10.0,20000,0,0,15.0
Jennings,2026-08-07T00:00,0.0,0.0,10.0,20000,0,0,15.0
Jennings,2026-08-07T01:00,0.0,0.0,10.0,20000,0,0,15.0
Jennings,2026-08-07T02:00,0.0,0.0,10.0,20000,0,0,15.0
Jennings,2026-08-07T03:00,0.0,0.0,10.0,20000,0,0,15.0
Jennings,2026-08-07T04:00,0.0,0.0,10.0,20000,0,0,15.0
Jennings,2026-08-07T05:00,0.0,0.0,10.0,20000,0,0,15.0
Jennings,2026-08-07T06:00,0.0,0.0,10.0,20000,0,0,15.0
Jennings,2026-08-07T07:00,0.0,0.0,10.0,20000,0,0,15.0
Jennings,2026-08-07T08:00,0.0,0.0,10.0,20000,0,0,15.0
Jennings,2026-08-07T09:00,0.0,0.0,10.0,20000,0,0,15.0
Jennings,2026-08-07T10:00,0.0,0.0,10.0,20000,0,0,15.0
Jennings,2026-08-07T11:00,0.0,0.0,10.0,20000,0,0,15.0
Jennings,2026-08-07T12:00,0.0,0.0,10.0,20000,0,0,15.0
Jennings,2026-08-07T13:00,0.0,0.0,10.0,20000,0,0,15.0
Jennings,2026-08-07T14:00,0.0,0.0,10.0,20000,0,0,15.0
Jennings,2026-08-07T15:00,0.0,0.0,10.0,20000,0,0,15.0
Jennings,2026-08-07T16:00,0.0,0.0,10.0,20000,0,0,15.0
Jennings,2026-08-07T17:00,0.0,0.0,10.0,20000,0,0,15.0
Jennings,2026-08-07T18:00,0.0,0.0,10.0,20000,0,0,15.0
Kosciusko,2026-08-05T19:00,0.0,0.0,10.0,20000,0,0,15.0
Kosciusko,2026-08-05T20:00,0.0,0.0,10.0,20000,0,0,15.0
Kosciusko,2026-08-05T21:00,0.0,0.0,10.0,20000,0,0,15.0
Kosciusko,2026-08-05T22:00,0.0,0.0,10.0,20000,0,0,15.0
Kosciusko,2026-08-05T23:00,0.0,0.0,10.0,20000,0,0,15.0
Kosciusko,2026-08-06T00:00,0.0,0.0,10.0,20000,0,0,15.0
Kosciusko,2026-08-06T01:00,0.0,0.0,10.0,20000,0,0,15.0
Kosciusko,2026-08-06T02:00,0.0,0.0,10.0,20000,0,0,15.0
Kosciusko,2026-08-06T03:00,0.0,0.0,10.0,20000,0,0,15.0
Kosciusko,2026-08-06T04:00,0.0,0.0,10.0,20000,0,0,15.0
Kosciusko,2026-08-06T05:00,0.0,0.0,10.0,20000,0,0,15.0
Kosciusko,2026-08-06T06:00,0.0,0.0,10.0,20000,0,0,15.0
Kosciusko,2026-08-06T07:00,0.0,0.0,10.0,20000,0,0,15.0
Kosciusko,2026-08-06T08:00,0.0,0.0,10.0,20000,0,0,15.0
Kosciusko,2026-08-06T09:00,0.0,0.0,10.0,20000,0,0,15.0
Kosciusko,2026-08-06T10:00,0.0,0.0,10.0,20000,0,0,15.0
Kosciusko,2026-08-06T11:00,0.0,0.0,10.0,20000,0,0,15.0
Kosciusko,2026-08-06T12:00,0.0,0.0,10.0,20000,0,0,15.0
Kosciusko,2026-08-06T13:00,0.0,0.0,10.0,20000,0,0,15.0
Kosciusko,2026-08-06T14:00,0.0,0.0,10.0,20000,0,0,15.0
Kosciusko,2026-08-06T15:00,0.0,0.0,10.0,20000,0,0,15.0
Kosciusko,2026-08-06T16:00,0.0,0.0,10.0,20000,0,0,15.0
Kosciusko,2026-08-06T17:00,0.0,0.0,10.0,20000,0,0,15.0
Kosciusko,2026-08-06T18:00,0.0,0.0,10.0,20000,0,0,15.0
Kosciusko,2026-08-06T19:00,0.0,0.0,10.0,20000,0,0,15.0
Kosciusko,2026-08-06T20:00,0.0,0.0,10.0,20000,0,0,15.0
Kosciusko,2026-08-06T21:00,0.0,0.0,10.0,20000,0,0,15.0
Kosciusko,2026-08-06T22:00,0.0,0.0,10.0,20000,0,0,15.0
Kosciusko,2026-08-06T23:00,0.0,0.0,10.0,20000,0,0,15.0
Kosciusko,2026-08-07T00:00,0.0,0.0,10.0,20000,0,0,15.0
Kosciusko,2026-08-07T01:00,0.0,0.0,10.0,20000,0,0,15.0
Kosciusko,2026-08-07T02:00,0.0,0.0,10.0,20000,0,0,15.0
Kosciusko,2026-08-07T03:00,0.0,0.0,10.0,20000,0,0,15.0
Kosciusko,2026-08-07T04:00,0.0,0.0,10.0,20000,0,0,15.0
Kosciusko,2026-08-07T05:00,0.0,0.0,10.0,20000,0,0,15.0
Kosciusko,2026-08-07T06:00,0.0,0.0,10.0,20000,0,0,15.0
Kosciusko,2026-08-07T07:00,0.0,0.0,10.0,20000,0,0,15.0
Kosciusko,2026-08-07T08:00,0.0,0.0,10.0,20000,0,0,15.0
Kosciusko,2026-08-07T09:00,0.0,0.0,10.0,20000,0,0,15.0
Kosciusko,2026-08-07T10:00,0.0,0.0,10.0,20000,0,0,15.0
Kosciusko,2026-08-07T11:00,0.0,0.0,10.0,20000,0,0,15.0
Kosciusko,2026-08-07T12:00,0.0,0.0,10.0,20000,0,0,15.0
Kosciusko,2026-08-07T13:00,0.0,0.0,10.0,20000,0,0,15.0
Kosciusko,2026-08-07T14:00,0.0,0.0,10.0,20000,0,0,15.0
Kosciusko,2026-08-07T15:00,0.0,0.0,10.0,20000,0,0,15.0
Kosciusko,2026-08-07T16:00,0.0,0.0,10.0,20000,0,0,15.0
Kosciusko,2026-08-07T17:00,0.0,0.0,10.0,20000,0,0,15.0
Kosciusko,2026-08-07T18:00,0.0,0.0,10.0,20000,0,0,15.0
Madison,2026-08-05T19:00,0.0,0.0,10.0,20000,0,0,15.0
Madison,2026-08-05T20:00,0.0,0.0,10.0,20000,0,0,15.0
Madison,2026-08-05T21:00,0.0,0.0,10.0,20000,0,0,15.0
Madison,2026-08-05T22:00,0.0,0.0,10.0,20000,0,0,15.0
Madison,2026-08-05T23:00,0.0,0.0,10.0,20000,0,0,15.0
Madison,2026-08-06T00:00,0.0,0.0,10.0,20000,0,0,15.0
Madison,2026-08-06T01:00,0.0,0.0,10.0,20000,0,0,15.0
Madison,2026-08-06T02:00,0.0,0.0,10.0,20000,0,0,15.0
Madison,2026-08-06T03:00,0.0,0.0,10.0,20000,0,0,15.0
Madison,2026-08-06T04:00,0.0,0.0,10.0,20000,0,0,15.0
Madison,2026-08-06T05:00,0.0,0.0,10.0,20000,0,0,15.0
Madison,2026-08-06T06:00,0.0,0.0,10.0,20000,0,0,15.0
Madison,2026-08-06T07:00,0.0,0.0,10.0,20000,0,0,15.0
Madison,2026-08-06T08:00,0.0,0.0,10.0,20000,0,0,15.0
Madison,2026-08-06T09:00,0.0,0.0,10.0,20000,0,0,15.0
Madison,2026-08-06T10:00,0.0,0.0,10.0,20000,0,0,15.0
Madison,2026-08-06T11:00,0.0,0.0,10.0,20000,0,0,15.0
Madison,2026-08-06T12:00,0.0,0.0,10.0,20000,0,0,15.0
Madison,2026-08-06T13:00,0.0,0.0,10.0,20000,0,0,15.0
Madison,2026-08-06T14:00,0.0,0.0,10.0,20000,0,0,15.0
Madison,2026-08-06T15:00,0.0,0.0,10.0,20000,0,0,15.0
Madison,2026-08-06T16:00,0.0,0.0,10.0,20000,0,0,15.0
Madison,2026-08-06T17:00,0.0,0.0,10.0,20000,0,0,15.0
Madison,2026-08-06T18:00,0.0,0.0,10.0,20000,0,0,15.0
Madison,2026-08-06T19:00,0.0,0.0,10.0,20000,0,0,15.0
Madison,2026-08-06T20:00,0.0,0.0,10.0,20000,0,0,15.0
Madison,2026-08-06T21:00,0.0,0.0,10.0,20000,0,0,15.0
Madison,2026-08-06T22:00,0.0,0.0,10.0,20000,0,0,15.0
Madison,2026-08-06T23:00,0.0,0.0,10.0,20000,0,0,15.0
Madison,2026-08-07T00:00,0.0,0.0,10.0,20000,0,0,15.0
Madison,2026-08-07T01:00,0.0,0.0,10.0,20000,0,0,15.0
Madison,2026-08-07T02:00,0.0,0.0,10.0,20000,0,0,15.0
Madison,2026-08-07T03:00,0.0,0.0,10.0,20000,0,0,15.0
Madison,2026-08-07T04:00,0.0,0.0,10.0,20000,0,0,15.0
Madison,2026-08-07T05:00,0.0,0.0,10.0,20000,0,0,15.0
Madison,2026-08-07T06:00,0.0,0.0,10.0,20000,0,0,15.0
Madison,2026-08-07T07:00,0.0,0.0,10.0,20000,0,0,15.0
Madison,2026-08-07T08:00,0.0,0.0,10.0,20000,0,0,15.0
Madison,2026-08-07T09:00,0.0,0.0,10.0,20000,0,0,15.0
Madison,2026-08-07T10:00,0.0,0.0,10.0,20000,0,0,15.0
Madison,2026-08-07T11:00,0.0,0.0,10.0,20000,0,0,15.0
Madison,2026-08-07T12:00,0.0,0.0,10.0,20000,0,0,15.0
Madison,2026-08-07T13:00,0.0,0.0,10.0,20000,0,0,15.0
Madison,2026-08-07T14:00,0.0,0.0,10.0,20000,0,0,15.0
Madison,2026-08-07T15:00,0.0,0.0,10.0,20000,0,0,15.0
Madison,2026-08-07T16:00,0.0,0.0,10.0,20000,0,0,15.0
Madison,2026-08-07T17:00,0.0,0.0,10.0,20000,0,0,15.0
Madison,2026-08-07T18:00,0.0,0.0,10.0,20000,0,0,15.0
Monroe,2026-08-05T19:00,0.0,0.0,10.0,20000,0,0,15.0
Monroe,2026-08-05T20:00,0.0,0.0,10.0,20000,0,0,15.0
Monroe,2026-08-05T21:00,0.0,0.0,10.0,20000,0,0,15.0
Monroe,2026-08-05T22:00,0.0,0.0,10.0,20000,0,0,15.0
Monroe,2026-08-05T23:00,0.0,0.0,10.0,20000,0,0,15.0
Monroe,2026-08-06T00:00,0.0,0.0,10.0,20000,0,0,15.0
Monroe,2026-08-06T01:00,0.0,0.0,10.0,20000,0,0,15.0
Monroe,2026-08-06T02:00,0.0,0.0,10.0,20000,0,0,15.0
Monroe,2026-08-06T03:00,0.0,0.0,10.0,20000,0,0,15.0
Monroe,2026-08-06T04:00,0.0,0.0,10.0,20000,0,0,15.0
Monroe,2026-08-06T05:00,0.0,0.0,10.0,20000,0,0,15.0
Monroe,2026-08-06T06:00,0.0,0.0,10.0,20000,0,0,15.0
Monroe,2026-08-06T07:00,0.0,0.0,10.0,20000,0,0,15.0
Monroe,2026-08-06T08:00,0.0,0.0,10.0,20000,0,0,15.0
Monroe,2026-08-06T09:00,0.0,0.0,10.0,20000,0,0,15.0
Monroe,2026-08-06T10:00,0.0,0.0,10.0,20000,0,0,15.0
Monroe,2026-08-06T11:00,0.0,0.0,10.0,20000,0,0,15.0
Monroe,2026-08-06T12:00,0.0,0.0,10.0,20000,0,0,15.0
Monroe,2026-08-06T13:00,0.0,0.0,10.0,20000,0,0,15.0
Monroe,2026-08-06T14:00,0.0,0.0,10.0,20000,0,0,15.0
Monroe,2026-08-06T15:00,0.0,0.0,10.0,20000,0,0,15.0
Monroe,2026-08-06T16:00,0.0,0.0,10.0,20000,0,0,15.0
Monroe,2026-08-06T17:00,0.0,0.0,10.0,20000,0,0,15.0
Monroe,2026-08-06T18:00,0.0,0.0,10.0,20000,0,0,15.0
Monroe,2026-08-06T19:00,0.0,0.0,10.0,20000,0,0,15.0
Monroe,2026-08-06T20:00,0.0,0.0,10.0,20000,0,0,15.0
Monroe,2026-08-06T21:00,0.0,0.0,10.0,20000,0,0,15.0
Monroe,2026-08-06T22:00,0.0,0.0,10.0,20000,0,0,15.0
Monroe,2026-08-06T23:00,0.0,0.0,10.0,20000,0,0,15.0
Monroe,2026-08-07T00:00,0.0,0.0,10.0,20000,0,0,15.0
Monroe,2026-08-07T01:00,0.0,0.0,10.0,20000,0,0,15.0
Monroe,2026-08-07T02:00,0.0,0.0,10.0,20000,0,0,15.0
Monroe,2026-08-07T03:00,0.0,0.0,10.0,20000,0,0,15.0
Monroe,2026-08-07T04:00,0.0,0.0,10.0,20000,0,0,15.0
Monroe,2026-08-07T05:00,0.0,0.0,10.0,20000,0,0,15.0
Monroe,2026-08-07T06:00,0.0,0.0,10.0,20000,0,0,15.0
Monroe,2026-08-07T07:00,0.0,0.0,10.0,20000,0,0,15.0
Monroe,2026-08-07T08:00,0.0,0.0,10.0,20000,0,0,15.0
Monroe,2026-08-07T09:00,0.0,0.0,10.0,20000,0,0,15.0
Monroe,2026-08-07T10:00,0.0,0.0,10.0,20000,0,0,15.0
Monroe,2026-08-07T11:00,0.0,0.0,10.0,20000,0,0,15.0
Monroe,2026-08-07T12:00,0.0,0.0,10.0,20000,0,0,15.0
Monroe,2026-08-07T13:00,0.0,0.0,10.0,20000,0,0,15.0
Monroe,2026-08-07T14:00,0.0,0.0,10.0,20000,0,0,15.0
Monroe,2026-08-07T15:00,0.0,0.0,10.0,20000,0,0,15.0
Monroe,2026-08-07T16:00,0.0,0.0,10.0,20000,0,0,15.0
Monroe,2026-08-07T17:00,0.0,0.0,10.0,20000,0,0,15.0
Monroe,2026-08-07T18:00,0.0,0.0,10.0,20000,0,0,15.0
Ohio,2026-08-05T19:00,0.0,0.0,10.0,20000,0,0,15.0
Ohio,2026-08-05T20:00,0.0,0.0,10.0,20000,0,0,15.0
Ohio,2026-08-05T21:00,0.0,0.0,10.0,20000,0,0,15.0
Ohio,2026-08-05T22:00,0.0,0.0,10.0,20000,0,0,15.0
Ohio,2026-08-05T23:00,0.0,0.0,10.0,20000,0,0,15.0
Ohio,2026-08-06T00:00,0.0,0.0,10.0,20000,0,0,15.0
Ohio,2026-08-06T01:00,0.0,0.0,10.0,20000,0,0,15.0
Ohio,2026-08-06T02:00,0.0,0.0,10.0,20000,0,0,15.0
Ohio,2026-08-06T03:00,0.0,0.0,10.0,20000,0,0,15.0
Ohio,2026-08-06T04:00,0.0,0.0,10.0,20000,0,0,15.0
Ohio,2026-08-06T05:00,0.0,0.0,10.0,20000,0,0,15.0
Ohio,2026-08-06T06:00,0.0,0.0,10.0,20000,0,0,15.0
Ohio,2026-08-06T07:00,0.0,0.0,10.0,20000,0,0,15.0
Ohio,2026-08-06T08:00,0.0,0.0,10.0,20000,0,0,15.0
Ohio,2026-08-06T09:00,0.0,0.0,10.0,20000,0,0,15.0
Ohio,2026-08-06T10:00,0.0,0.0,10.0,20000,0,0,15.0
Ohio,2026-08-06T11:00,0.0,0.0,10.0,20000,0,0,15.0
Ohio,2026-08-06T12:00,0.0,0.0,10.0,20000,0,0,15.0
Ohio,2026-08-06T13:00,0.0,0.0,10.0,20000,0,0,15.0
Ohio,2026-08-06T14:00,0.0,0.0,10.0,20000,0,0,15.0
Ohio,2026-08-06T15:00,0.0,0.0,10.0,20000,0,0,15.0
Ohio,2026-08-06T16:00,0.0,0.0,10.0,20000,0,0,15.0
Ohio,2026-08-06T17:00,0.0,0.0,10.0,20000,0,0,15.0
Ohio,2026-08-06T18:00,0.0,0.0,10.0,20000,0,0,15.0
Ohio,2026-08-06T19:00,0.0,0.0,10.0,20000,0,0,15.0
Ohio,2026-08-06T20:00,0.0,0.0,10.0,20000,0,0,15.0
Ohio,2026-08-06T21:00,0.0,0.0,10.0,20000,0,0,15.0
Ohio,2026-08-06T22:00,0.0,0.0,10.0,20000,0,0,15.0
Ohio,2026-08-06T23:00,0.0,0.0,10.0,20000,0,0,15.0
Ohio,2026-08-07T00:00,0.0,0.0,10.0,20000,0,0,15.0
Ohio,2026-08-07T01:00,0.0,0.0,10.0,20000,0,0,15.0
Ohio,2026-08-07T02:00,0.0,0.0,10.0,20000,0,0,15.0
Ohio,2026-08-07T03:00,0.0,0.0,10.0,20000,0,0,15.0
Ohio,2026-08-07T04:00,0.0,0.0,10.0,20000,0,0,15.0
Ohio,2026-08-07T05:00,0.0,0.0,10.0,20000,0,0,15.0
Ohio,2026-08-07T06:00,0.0,0.0,10.0,20000,0,0,15.0
Ohio,2026-08-07T07:00,0.0,0.0,10.0,20000,0,0,15.0
Ohio,2026-08-07T08:00,0.0,0.0,10.0,20000,0,0,15.0
Ohio,2026-08-07T09:00,0.0,0.0,10.0,20000,0,0,15.0
Ohio,2026-08-07T10:00,0.0,0.0,10.0,20000,0,0,15.0
Ohio,2026-08-07T11:00,0.0,0.0,10.0,20000,0,0,15.0
Ohio,2026-08-07T12:00,0.0,0.0,10.0,20000,0,0,15.0
Ohio,2026-08-07T13:00,0.0,0.0,10.0,20000,0,0,15.0
Ohio,2026-08-07T14:00,0.0,0.0,10.0,20000,0,0,15.0
Ohio,2026-08-07T15:00,0.0,0.0,10.0,20000,0,0,15.0
Ohio,2026-08-07T16:00,0.0,0.0,10.0,20000,0,0,15.0
Ohio,2026-08-07T17:00,0.0,0.0,10.0,20000,0,0,15.0
Ohio,2026-08-07T18:00,0.0,0.0,10.0,20000,0,0,15.0
Pike,2026-08-05T19:00,0.0,0.0,10.0,20000,0,0,15.0
Pike,2026-08-05T20:00,0.0,0.0,10.0,20000,0,0,15.0
Pike,2026-08-05T21:00,0.0,0.0,10.0,20000,0,0,15.0
Pike,2026-08-05T22:00,0.0,0.0,10.0,20000,0,0,15.0
Pike,2026-08-05T23:00,0.0,0.0,10.0,20000,0,0,15.0
Pike,2026-08-06T00:00,0.0,0.0,10.0,20000,0,0,15.0
Pike,2026-08-06T01:00,0.0,0.0,10.0,20000,0,0,15.0
Pike,2026-08-06T02:00,0.0,0.0,10.0,20000,0,0,15.0
Pike,2026-08-06T03:00,0.0,0.0,10.0,20000,0,0,15.0
Pike,2026-08-06T04:00,0.0,0.0,10.0,20000,0,0,15.0
Pike,2026-08-06T05:00,0.0,0.0,10.0,20000,0,0,15.0
Pike,2026-08-06T06:00,0.0,0.0,10.0,20000,0,0,15.0
Pike,2026-08-06T07:00,0.0,0.0,10.0,20000,0,0,15.0
Pike,2026-08-06T08:00,0.0,0.0,10.0,20000,0,0,15.0
Pike,2026-08-06T09:00,0.0,0.0,10.0,20000,0,0,15.0
Pike,2026-08-06T10:00,0.0,0.0,10.0,20000,0,0,15.0
Pike,2026-08-06T11:00,0.0,0.0,10.0,20000,0,0,15.0
Pike,2026-08-06T12:00,0.0,0.0,10.0,20000,0,0,15.0
Pike,2026-08-06T13:00,0.0,0.0,10.0,20000,0,0,15.0
Pike,2026-08-06T14:00,0.0,0.0,10.0,20000,0,0,15.0
Pike,2026-08-06T15:00,0.0,0.0,10.0,20000,0,0,15.0
Pike,2026-08-06T16:00,0.0,0.0,10.0,20000,0,0,15.0
Pike,2026-08-06T17:00,0.0,0.0,10.0,20000,0,0,15.0
Pike,2026-08-06T18:00,0.0,0.0,10.0,20000,0,0,15.0
Pike,2026-08-06T19:00,0.0,0.0,10.0,20000,0,0,15.0
Pike,2026-08-06T20:00,0.0,0.0,10.0,20000,0,0,15.0
Pike,2026-08-06T21:00,0.0,0.0,10.0,20000,0,0,15.0
Pike,2026-08-06T22:00,0.0,0.0,10.0,20000,0,0,15.0
Pike,2026-08-06T23:00,0.0,0.0,10.0,20000,0,0,15.0
Pike,2026-08-07T00:00,0.0,0.0,10.0,20000,0,0,15.0
Pike,2026-08-07T01:00,0.0,0.0,10.0,20000,0,0,15.0
Pike,2026-08-07T02:00,0.0,0.0,10.0,20000,0,0,15.0
Pike,2026-08-07T03:00,0.0,0.0,10.0,20000,0,0,15.0
Pike,2026-08-07T04:00,0.0,0.0,10.0,20000,0,0,15.0
Pike,2026-08-07T05:00,0.0,0.0,10.0,20000,0,0,15.0
Pike,2026-08-07T06:00,0.0,0.0,10.0,20000,0,0,15.0
Pike,2026-08-07T07:00,0.0,0.0,10.0,20000,0,0,15.0
Pike,2026-08-07T08:00,0.0,0.0,10.0,20000,0,0,15.0
Pike,2026-08-07T09:00,0.0,0.0,10.0,20000,0,0,15.0
Pike,2026-08-07T10:00,0.0,0.0,10.0,20000,0,0,15.0
Pike,2026-08-07T11:00,0.0,0.0,10.0,20000,0,0,15.0
Pike,2026-08-07T12:00,0.0,0.0,10.0,20000,0,0,15.0
Pike,2026-08-07T13:00,0.0,0.0,10.0,20000,0,0,15.0
Pike,2026-08-07T14:00,0.0,0.0,10.0,20000,0,0,15.0
Pike,2026-08-07T15:00,0.0,0.0,10.0,20000,0,0,15.0
Pike,2026-08-07T16:00,0.0,0.0,10.0,20000,0,0,15.0
Pike,2026-08-07T17:00,0.0,0.0,10.0,20000,0,0,15.0
Pike,2026-08-07T18:00,0.0,0.0,10.0,20000,0,0,15.0
Pulaski,2026-08-05T19:00,0.0,0.0,10.0,20000,0,0,15.0
Pulaski,2026-08-05T20:00,0.0,0.0,10.0,20000,0,0,15.0
Pulaski,2026-08-05T21:00,0.0,0.0,10.0,20000,0,0,15.0
Pulaski,2026-08-05T22:00,0.0,0.0,10.0,20000,0,0,15.0
Pulaski,2026-08-05T23:00,0.0,0.0,10.0,20000,0,0,15.0
Pulaski,2026-08-06T00:00,0.0,0.0,10.0,20000,0,0,15.0
Pulaski,2026-08-06T01:00,0.0,0.0,10.0,20000,0,0,15.0
Pulaski,2026-08-06T02:00,0.0,0.0,10.0,20000,0,0,15.0
Pulaski,2026-08-06T03:00,0.0,0.0,10.0,20000,0,0,15.0
Pulaski,2026-08-06T04:00,0.0,0.0,10.0,20000,0,0,15.0
Pulaski,2026-08-06T05:00,0.0,0.0,10.0,20000,0,0,15.0
Pulaski,2026-08-06T06:00,0.0,0.0,10.0,20000,0,0,15.0
Pulaski,2026-08-06T07:00,0.0,0.0,10.0,20000,0,0,15.0
Pulaski,2026-08-06T08:00,0.0,0.0,10.0,20000,0,0,15.0
Pulaski,2026-08-06T09:00,0.0,0.0,10.0,20000,0,0,15.0
Pulaski,2026-08-06T10:00,0.0,0.0,10.0,20000,0,0,15.0
Pulaski,2026-08-06T11:00,0.0,0.0,10.0,20000,0,0,15.0
Pulaski,2026-08-06T12:00,0.0,0.0,10.0,20000,0,0,15.0
Pulaski,2026-08-06T13:00,0.0,0.0,10.0,20000,0,0,15.0
Pulaski,2026-08-06T14:00,0.0,0.0,10.0,20000,0,0,15.0
Pulaski,2026-08-06T15:00,0.0,0.0,10.0,20000,0,0,15.0
Pulaski,2026-08-06T16:00,0.0,0.0,10.0,20000,0,0,15.0
Pulaski,2026-08-06T17:00,0.0,0.0,10.0,20000,0,0,15.0
Pulaski,2026-08-06T18:00,0.0,0.0,10.0,20000,0,0,15.0
Pulaski,2026-08-06T19:00,0.0,0.0,10.0,20000,0,0,15.0
Pulaski,2026-08-06T20:00,0.0,0.0,10.0,20000,0,0,15.0
Pulaski,2026-08-06T21:00,0.0,0.0,10.0,20000,0,0,15.0
Pulaski,2026-08-06T22:00,0.0,0.0,10.0,20000,0,0,15.0
Pulaski,2026-08-06T23:00,0.0,0.0,10.0,20000,0,0,15.0
Pulaski,2026-08-07T00:00,0.0,0.0,10.0,20000,0,0,15.0
Pulaski,2026-08-07T01:00,0.0,0.0,10.0,20000,0,0,15.0
Pulaski,2026-08-07T02:00,0.0,0.0,10.0,20000,0,0,15.0
Pulaski,2026-08-07T03:00,0.0,0.0,10.0,20000,0,0,15.0
Pulaski,2026-08-07T04:00,0.0,0.0,10.0,20000,0,0,15.0
Pulaski,2026-08-07T05:00,0.0,0.0,10.0,20000,0,0,15.0
Pulaski,2026-08-07T06:00,0.0,0.0,10.0,20000,0,0,15.0
Pulaski,2026-08-07T07:00,0.0,0.0,10.0,20000,0,0,15.0
Pulaski,2026-08-07T08:00,0.0,0.0,10.0,20000,0,0,15.0
Pulaski,2026-08-07T09:00,0.0,0.0,10.0,20000,0,0,15.0
Pulaski,2026-08-07T10:00,0.0,0.0,10.0,20000,0,0,15.0
Pulaski,2026-08-07T11:00,0.0,0.0,10.0,20000,0,0,15.0
Pulaski,2026-08-07T12:00,0.0,0.0,10.0,20000,0,0,15.0
Pulaski,2026-08-07T13:00,0.0,0.0,10.0,20000,0,0,15.0
Pulaski,2026-08-07T14:00,0.0,0.0,10.0,20000,0,0,15.0
Pulaski,2026-08-07T15:00,0.0,0.0,10.0,20000,0,0,15.0
Pulaski,2026-08-07T16:00,0.0,0.0,10.0,20000,0,0,15.0
Pulaski,2026-08-07T17:00,0.0,0.0,10.0,20000,0,0,15.0
Pulaski,2026-08-07T18:00,0.0,0.0,10.0,20000,0,0,15.0
Rush,2026-08-05T19:00,0.0,0.0,10.0,20000,0,0,15.0
Rush,2026-08-05T20:00,0.0,0.0,10.0,20000,0,0,15.0
Rush,2026-08-05T21:00,0.0,0.0,10.0,20000,0,0,15.0
Rush,2026-08-05T22:00,0.0,0.0,10.0,20000,0,0,15.0
Rush,2026-08-05T23:00,0.0,0.0,10.0,20000,0,0,15.0
Rush,2026-08-06T00:00,0.0,0.0,10.0,20000,0,0,15.0
Rush,2026-08-06T01:00,0.0,0.0,10.0,20000,0,0,15.0
Rush,2026-08-06T02:00,0.0,0.0,10.0,20000,0,0,15.0
Rush,2026-08-06T03:00,0.0,0.0,10.0,20000,0,0,15.0
Rush,2026-08-06T04:00,0.0,0.0,10.0,20000,0,0,15.0
Rush,2026-08-06T05:00,0.0,0.0,10.0,20000,0,0,15.0
Rush,2026-08-06T06:00,0.0,0.0,10.0,20000,0,0,15.0
Rush,2026-08-06T07:00,0.0,0.0,10.0,20000,0,0,15.0
Rush,2026-08-06T08:00,0.0,0.0,10.0,20000,0,0,15.0
Rush,2026-08-06T09:00,0.0,0.0,10.0,20000,0,0,15.0
Rush,2026-08-06T10:00,0.0,0.0,10.0,20000,0,0,15.0
Rush,2026-08-06T11:00,0.0,0.0,10.0,20000,0,0,15.0
Rush,2026-08-06T12:00,0.0,0.0,10.0,20000,0,0,15.0
Rush,2026-08-06T13:00,0.0,0.0,10.0,20000,0,0,15.0
Rush,2026-08-06T14:00,0.0,0.0,10.0,20000,0,0,15.0
Rush,2026-08-06T15:00,0.0,0.0,10.0,20000,0,0,15.0
Rush,2026-08-06T16:00,0.0,0.0,10.0,20000,0,0,15.0
Rush,2026-08-06T17:00,0.0,0.0,10.0,20000,0,0,15.0
Rush,2026-08-06T18:00,0.0,0.0,10.0,20000,0,0,15.0
Rush,2026-08-06T19:00,0.0,0.0,10.0,20000,0,0,15.0
Rush,2026-08-06T20:00,0.0,0.0,10.0,20000,0,0,15.0
Rush,2026-08-06T21:00,0.0,0.0,10.0,20000,0,0,15.0
Rush,2026-08-06T22:00,0.0,0.0,10.0,20000,0,0,15.0
Rush,2026-08-06T23:00,0.0,0.0,10.0,20000,0,0,15.0
Rush,2026-08-07T00:00,0.0,0.0,10.0,20000,0,0,15.0
Rush,2026-08-07T01:00,0.0,0.0,10.0,20000,0,0,15.0
Rush,2026-08-07T02:00,0.0,0.0,10.0,20000,0,0,15.0
Rush,2026-08-07T03:00,0.0,0.0,10.0,20000,0,0,15.0
Rush,2026-08-07T04:00,0.0,0.0,10.0,20000,0,0,15.0
Rush,2026-08-07T05:00,0.0,0.0,10.0,20000,0,0,15.0
Rush,2026-08-07T06:00,0.0,0.0,10.0,20000,0,0,15.0
Rush,2026-08-07T07:00,0.0,0.0,10.0,20000,0,0,15.0
Rush,2026-08-07T08:00,0.0,0.0,10.0,20000,0,0,15.0
Rush,2026-08-07T09:00,0.0,0.0,10.0,20000,0,0,15.0
Rush,2026-08-07T10:00,0.0,0.0,10.0,20000,0,0,15.0
Rush,2026-08-07T11:00,0.0,0.0,10.0,20000,0,0,15.0
Rush,2026-08-07T12:00,0.0,0.0,10.0,20000,0,0,15.0
Rush,2026-08-07T13:00,0.0,0.0,10.0,20000,0,0,15.0
Rush,2026-08-07T14:00,0.0,0.0,10.0,20000,0,0,15.0
Rush,2026-08-07T15:00,0.0,0.0,10.0,20000,0,0,15.0
Rush,2026-08-07T16:00,0.0,0.0,10.0,20000,0,0,15.0
Rush,2026-08-07T17:00,0.0,0.0,10.0,20000,0,0,15.0
Rush,2026-08-07T18:00,0.0,0.0,10.0,20000,0,0,15.0
Sullivan,2026-08-05T19:00,0.0,0.0,10.0,20000,0,0,15.0
Sullivan,2026-08-05T20:00,0.0,0.0,10.0,20000,0,0,15.0
Sullivan,2026-08-05T21:00,0.0,0.0,10.0,20000,0,0,15.0
Sullivan,2026-08-05T22:00,0.0,0.0,10.0,20000,0,0,15.0
Sullivan,2026-08-05T23:00,0.0,0.0,10.0,20000,0,0,15.0
Sullivan,2026-08-06T00:00,0.0,0.0,10.0,20000,0,0,15.0
Sullivan,2026-08-06T01:00,0.0,0.0,10.0,20000,0,0,15.0
Sullivan,2026-08-06T02:00,0.0,0.0,10.0,20000,0,0,15.0
Sullivan,2026-08-06T03:00,0.0,0.0,10.0,20000,0,0,15.0
Sullivan,2026-08-06T04:00,0.0,0.0,10.0,20000,0,0,15.0
Sullivan,2026-08-06T05:00,0.0,0.0,10.0,20000,0,0,15.0
Sullivan,2026-08-06T06:00,0.0,0.0,10.0,20000,0,0,15.0
Sullivan,2026-08-06T07:00,0.0,0.0,10.0,20000,0,0,15.0
Sullivan,2026-08-06T08:00,0.0,0.0,10.0,20000,0,0,15.0
Sullivan,2026-08-06T09:00,0.0,0.0,10.0,20000,0,0,15.0
Sullivan,2026-08-06T10:00,0.0,0.0,10.0,20000,0,0,15.0
Sullivan,2026-08-06T11:00,0.0,0.0,10.0,20000,0,0,15.0
Sullivan,2026-08-06T12:00,0.0,0.0,10.0,20000,0,0,15.0
Sullivan,2026-08-06T13:00,0.0,0.0,10.0,20000,0,0,15.0
Sullivan,2026-08-06T14:00,0.0,0.0,10.0,20000,0,0,15.0
Sullivan,2026-08-06T15:00,0.0,0.0,10.0,20000,0,0,15.0
Sullivan,2026-08-06T16:00,0.0,0.0,10.0,20000,0,0,15.0
Sullivan,2026-08-06T17:00,0.0,0.0,10.0,20000,0,0,15.0
Sullivan,2026-08-06T18:00,0.0,0.0,10.0,20000,0,0,15.0
Sullivan,2026-08-06T19:00,0.0,0.0,10.0,20000,0,0,15.0
Sullivan,2026-08-06T20:00,0.0,0.0,10.0,20000,0,0,15.0
Sullivan,2026-08-06T21:00,0.0,0.0,10.0,20000,0,0,15.0
Sullivan,2026-08-06T22:00,0.0,0.0,10.0,20000,0,0,15.0
Sullivan,2026-08-06T23:00,0.0,0.0,10.0,20000,0,0,15.0
Sullivan,2026-08-07T00:00,0.0,0.0,10.0,20000,0,0,15.0
Sullivan,2026-08-07T01:00,0.0,0.0,10.0,20000,0,0,15.0
Sullivan,2026-08-07T02:00,0.0,0.0,10.0,20000,0,0,15.0
Sullivan,2026-08-07T03:00,0.0,0.0,10.0,20000,0,0,15.0
Sullivan,2026-08-07T04:00,0.0,0.0,10.0,20000,0,0,15.0
Sullivan,2026-08-07T05:00,0.0,0.0,10.0,20000,0,0,15.0
Sullivan,2026-08-07T06:00,0.0,0.0,10.0,20000,0,0,15.0
Sullivan,2026-08-07T07:00,0.0,0.0,10.0,20000,0,0,15.0
Sullivan,2026-08-07T08:00,0.0,0.0,10.0,20000,0,0,15.0
Sullivan,2026-08-07T09:00,0.0,0.0,10.0,20000,0,0,15.0
Sullivan,2026-08-07T10:00,0.0,0.0,10.0,20000,0,0,15.0
Sullivan,2026-08-07T11:00,0.0,0.0,10.0,20000,0,0,15.0
Sullivan,2026-08-07T12:00,0.0,0.0,10.0,20000,0,0,15.0
Sullivan,2026-08-07T13:00,0.0,0.0,10.0,20000,0,0,15.0
Sullivan,2026-08-07T14:00,0.0,0.0,10.0,20000,0,0,15.0
Sullivan,2026-08-07T15:00,0.0,0.0,10.0,20000,0,0,15.0
Sullivan,2026-08-07T16:00,0.0,0.0,10.0,20000,0,0,15.0
Sullivan,2026-08-07T17:00,0.0,0.0,10.0,20000,0,0,15.0
Sullivan,2026-08-07T18:00,0.0,0.0,10.0,20000,0,0,15.0
Warrick,2026-08-05T19:00,0.0,0.0,10.0,20000,0,0,15.0
Warrick,2026-08-05T20:00,0.0,0.0,10.0,20000,0,0,15.0
Warrick,2026-08-05T21:00,0.0,0.0,10.0,20000,0,0,15.0
Warrick,2026-08-05T22:00,0.0,0.0,10.0,20000,0,0,15.0
Warrick,2026-08-05T23:00,0.0,0.0,10.0,20000,0,0,15.0
Warrick,2026-08-06T00:00,0.0,0.0,10.0,20000,0,0,15.0
Warrick,2026-08-06T01:00,0.0,0.0,10.0,20000,0,0,15.0
Warrick,2026-08-06T02:00,0.0,0.0,10.0,20000,0,0,15.0
Warrick,2026-08-06T03:00,0.0,0.0,10.0,20000,0,0,15.0
Warrick,2026-08-06T04:00,0.0,0.0,10.0,20000,0,0,15.0
Warrick,2026-08-06T05:00,0.0,0.0,10.0,20000,0,0,15.0
Warrick,2026-08-06T06:00,0.0,0.0,10.0,20000,0,0,15.0
Warrick,2026-08-06T07:00,0.0,0.0,10.0,20000,0,0,15.0
Warrick,2026-08-06T08:00,0.0,0.0,10.0,20000,0,0,15.0
Warrick,2026-08-06T09:00,0.0,0.0,10.0,20000,0,0,15.0
Warrick,2026-08-06T10:00,0.0,0.0,10.0,20000,0,0,15.0
Warrick,2026-08-06T11:00,0.0,0.0,10.0,20000,0,0,15.0
Warrick,2026-08-06T12:00,0.0,0.0,10.0,20000,0,0,15.0
Warrick,2026-08-06T13:00,0.0,0.0,10.0,20000,0,0,15.0
Warrick,2026-08-06T14:00,0.0,0.0,10.0,20000,0,0,15.0
Warrick,2026-08-06T15:00,0.0,0.0,10.0,20000,0,0,15.0
Warrick,2026-08-06T16:00,0.0,0.0,10.0,20000,0,0,15.0
Warrick,2026-08-06T17:00,0.0,0.0,10.0,20000,0,0,15.0
Warrick,2026-08-06T18:00,0.0,0.0,10.0,20000,0,0,15.0
Warrick,2026-08-06T19:00,0.0,0.0,10.0,20000,0,0,15.0
Warrick,2026-08-06T20:00,0.0,0.0,10.0,20000,0,0,15.0
Warrick,2026-08-06T21:00,0.0,0.0,10.0,20000,0,0,15.0
Warrick,2026-08-06T22:00,0.0,0.0,10.0,20000,0,0,15.0
Warrick,2026-08-06T23:00,0.0,0.0,10.0,20000,0,0,15.0
Warrick,2026-08-07T00:00,0.0,0.0,10.0,20000,0,0,15.0
Warrick,2026-08-07T01:00,0.0,0.0,10.0,20000,0,0,15.0
Warrick,2026-08-07T02:00,0.0,0.0,10.0,20000,0,0,15.0
Warrick,2026-08-07T03:00,0.0,0.0,10.0,20000,0,0,15.0
Warrick,2026-08-07T04:00,0.0,0.0,10.0,20000,0,0,15.0
Warrick,2026-08-07T05:00,0.0,0.0,10.0,20000,0,0,15.0
Warrick,2026-08-07T06:00,0.0,0.0,10.0,20000,0,0,15.0
Warrick,2026-08-07T07:00,0.0,0.0,10.0,20000,0,0,15.0
Warrick,2026-08-07T08:00,0.0,0.0,10.0,20000,0,0,15.0
Warrick,2026-08-07T09:00,0.0,0.0,10.0,20000,0,0,15.0
Warrick,2026-08-07T10:00,0.0,0.0,10.0,20000,0,0,15.0
Warrick,2026-08-07T11:00,0.0,0.0,10.0,20000,0,0,15.0
Warrick,2026-08-07T12:00,0.0,0.0,10.0,20000,0,0,15.0
Warrick,2026-08-07T13:00,0.0,0.0,10.0,20000,0,0,15.0
Warrick,2026-08-07T14:00,0.0,0.0,10.0,20000,0,0,15.0
Warrick,2026-08-07T15:00,0.0,0.0,10.0,20000,0,0,15.0
Warrick,2026-08-07T16:00,0.0,0.0,10.0,20000,0,0,15.0
Warrick,2026-08-07T17:00,0.0,0.0,10.0,20000,0,0,15.0
Warrick,2026-08-07T18:00,0.0,0.0,10.0,20000,0,0,15.0
Wells,2026-08-05T19:00,0.0,0.0,10.0,20000,0,0,15.0
Wells,2026-08-05T20:00,0.0,0.0,10.0,20000,0,0,15.0
Wells,2026-08-05T21:00,0.0,0.0,10.0,20000,0,0,15.0
Wells,2026-08-05T22:00,0.0,0.0,10.0,20000,0,0,15.0
Wells,2026-08-05T23:00,0.0,0.0,10.0,20000,0,0,15.0
Wells,2026-08-06T00:00,0.0,0.0,10.0,20000,0,0,15.0
Wells,2026-08-06T01:00,0.0,0.0,10.0,20000,0,0,15.0
Wells,2026-08-06T02:00,0.0,0.0,10.0,20000,0,0,15.0
Wells,2026-08-06T03:00,0.0,0.0,10.0,20000,0,0,15.0
Wells,2026-08-06T04:00,0.0,0.0,10.0,20000,0,0,15.0
Wells,2026-08-06T05:00,0.0,0.0,10.0,20000,0,0,15.0
Wells,2026-08-06T06:00,0.0,0.0,10.0,20000,0,0,15.0
Wells,2026-08-06T07:00,0.0,0.0,10.0,20000,0,0,15.0
Wells,2026-08-06T08:00,0.0,0.0,10.0,20000,0,0,15.0
Wells,2026-08-06T09:00,0.0,0.0,10.0,20000,0,0,15.0
Wells,2026-08-06T10:00,0.0,0.0,10.0,20000,0,0,15.0
Wells,2026-08-06T11:00,0.0,0.0,10.0,20000,0,0,15.0
Wells,2026-08-06T12:00,0.0,0.0,10.0,20000,0,0,15.0
Wells,2026-08-06T13:00,0.0,0.0,10.0,20000,0,0,15.0
Wells,2026-08-06T14:00,0.0,0.0,10.0,20000,0,0,15.0
Wells,2026-08-06T15:00,0.0,0.0,10.0,20000,0,0,15.0
Wells,2026-08-06T16:00,0.0,0.0,10.0,20000,0,0,15.0
Wells,2026-08-06T17:00,0.0,0.0,10.0,20000,0,0,15.0
Wells,2026-08-06T18:00,0.0,0.0,10.0,20000,0,0,15.0
Wells,2026-08-06T19:00,0.0,0.0,10.0,20000,0,0,15.0
Wells,2026-08-06T20:00,0.0,0.0,10.0,20000,0,0,15.0
Wells,2026-08-06T21:00,0.0,0.0,10.0,20000,0,0,15.0
Wells,2026-08-06T22:00,0.0,0.0,10.0,20000,0,0,15.0
Wells,2026-08-06T23:00,0.0,0.0,10.0,20000,0,0,15.0
Wells,2026-08-07T00:00,0.0,0.0,10.0,20000,0,0,15.0
Wells,2026-08-07T01:00,0.0,0.0,10.0,20000,0,0,15.0
Wells,2026-08-07T02:00,0.0,0.0,10.0,20000,0,0,15.0
Wells,2026-08-07T03:00,0.0,0.0,10.0,20000,0,0,15.0
Wells,2026-08-07T04:00,0.0,0.0,10.0,20000,0,0,15.0
Wells,2026-08-07T05:00,0.0,0.0,10.0,20000,0,0,15.0
Wells,2026-08-07T06:00,0.0,0.0,10.0,20000,0,0,15.0
Wells,2026-08-07T07:00,0.0,0.0,10.0,20000,0,0,15.0
Wells,2026-08-07T08:00,0.0,0.0,10.0,20000,0,0,15.0
Wells,2026-08-07T09:00,0.0,0.0,10.0,20000,0,0,15.0
Wells,2026-08-07T10:00,0.0,0.0,10.0,20000,0,0,15.0
Wells,2026-08-07T11:00,0.0,0.0,10.0,20000,0,0,15.0
Wells,2026-08-07T12:00,0.0,0.0,10.0,20000,0,0,15.0
Wells,2026-08-07T13:00,0.0,0.0,10.0,20000,0,0,15.0
Wells,2026-08-07T14:00,0.0,0.0,10.0,20000,0,0,15.0
Wells,2026-08-07T15:00,0.0,0.0,10.0,20000,0,0,15.0
Wells,2026-08-07T16:00,0.0,0.0,10.0,20000,0,0,15.0
Wells,2026-08-07T17:00,0.0,0.0,10.0,20000,0,0,15.0
Wells,2026-08-07T18:00,0.0,0.0,10.0,20000,0,0,15.0
Whitley,2026-08-05T19:00,0.0,0.0,10.0,20000,0,0,15.0
Whitley,2026-08-05T20:00,0.0,0.0,10.0,20000,0,0,15.0
Whitley,2026-08-05T21:00,0.0,0.0,10.0,20000,0,0,15.0
Whitley,2026-08-05T22:00,0.0,0.0,10.0,20000,0,0,15.0
Whitley,2026-08-05T23:00,0.0,0.0,10.0,20000,0,0,15.0
Whitley,2026-08-06T00:00,0.0,0.0,10.0,20000,0,0,15.0
Whitley,2026-08-06T01:00,0.0,0.0,10.0,20000,0,0,15.0
Whitley,2026-08-06T02:00,0.0,0.0,10.0,20000,0,0,15.0
Whitley,2026-08-06T03:00,0.0,0.0,10.0,20000,0,0,15.0
Whitley,2026-08-06T04:00,0.0,0.0,10.0,20000,0,0,15.0
Whitley,2026-08-06T05:00,0.0,0.0,10.0,20000,0,0,15.0
Whitley,2026-08-06T06:00,0.0,0.0,10.0,20000,0,0,15.0
Whitley,2026-08-06T07:00,0.0,0.0,10.0,20000,0,0,15.0
Whitley,2026-08-06T08:00,0.0,0.0,10.0,20000,0,0,15.0
Whitley,2026-08-06T09:00,0.0,0.0,10.0,20000,0,0,15.0
Whitley,2026-08-06T10:00,0.0,0.0,10.0,20000,0,0,15.0
Whitley,2026-08-06T11:00,0.0,0.0,10.0,20000,0,0,15.0
Whitley,2026-08-06T12:00,0.0,0.0,10.0,20000,0,0,15.0
Whitley,2026-08-06T13:00,0.0,0.0,10.0,20000,0,0,15.0
Whitley,2026-08-06T14:00,0.0,0.0,10.0,20000,0,0,15.0
Whitley,2026-08-06T15:00,0.0,0.0,10.0,20000,0,0,15.0
Whitley,2026-08-06T16:00,0.0,0.0,10.0,20000,0,0,15.0
Whitley,2026-08-06T17:00,0.0,0.0,10.0,20000,0,0,15.0
Whitley,2026-08-06T18:00,0.0,0.0,10.0,20000,0,0,15.0
Whitley,2026-08-06T19:00,0.0,0.0,10.0,20000,0,0,15.0
Whitley,2026-08-06T20:00,0.0,0.0,10.0,20000,0,0,15.0
Whitley,2026-08-06T21:00,0.0,0.0,10.0,20000,0,0,15.0
Whitley,2026-08-06T22:00,0.0,0.0,10.0,20000,0,0,15.0
Whitley,2026-08-06T23:00,0.0,0.0,10.0,20000,0,0,15.0
Whitley,2026-08-07T00:00,0.0,0.0,10.0,20000,0,0,15.0
Whitley,2026-08-07T01:00,0.0,0.0,10.0,20000,0,0,15.0
Whitley,2026-08-07T02:00,0.0,0.0,10.0,20000,0,0,15.0
Whitley,2026-08-07T03:00,0.0,0.0,10.0,20000,0,0,15.0
Whitley,2026-08-07T04:00,0.0,0.0,10.0,20000,0,0,15.0
Whitley,2026-08-07T05:00,0.0,0.0,10.0,20000,0,0,15.0
Whitley,2026-08-07T06:00,0.0,0.0,10.0,20000,0,0,15.0
Whitley,2026-08-07T07:00,0.0,0.0,10.0,20000,0,0,15.0
Whitley,2026-08-07T08:00,0.0,0.0,10.0,20000,0,0,15.0
Whitley,2026-08-07T09:00,0.0,0.0,10.0,20000,0,0,15.0
Whitley,2026-08-07T10:00,0.0,0.0,10.0,20000,0,0,15.0
Whitley,2026-08-07T11:00,0.0,0.0,10.0,20000,0,0,15.0
Whitley,2026-08-07T12:00,0.0,0.0,10.0,20000,0,0,15.0
Whitley,2026-08-07T13:00,0.0,0.0,10.0,20000,0,0,15.0
Whitley,2026-08-07T14:00,0.0,0.0,10.0,20000,0,0,15.0
Whitley,2026-08-07T15:00,0.0,0.0,10.0,20000,0,0,15.0
Whitley,2026-08-07T16:00,0.0,0.0,10.0,20000,0,0,15.0
Whitley,2026-08-07T17:00,0.0,0.0,10.0,20000,0,0,15.0
Whitley,2026-08-07T18:00,0.0,0.0,10.0,20000,0,0,15.0
Blackford,2026-08-05T19:00,0.0,0.0,10.0,20000,0,0,15.0
Blackford,2026-08-05T20:00,0.0,0.0,10.0,20000,0,0,15.0
Blackford,2026-08-05T21:00,0.0,0.0,10.0,20000,0,0,15.0
Blackford,2026-08-05T22:00,0.0,0.0,10.0,20000,0,0,15.0
Blackford,2026-08-05T23:00,0.0,0.0,10.0,20000,0,0,15.0
Blackford,2026-08-06T00:00,0.0,0.0,10.0,20000,0,0,15.0
Blackford,2026-08-06T01:00,0.0,0.0,10.0,20000,0,0,15.0
Blackford,2026-08-06T02:00,0.0,0.0,10.0,20000,0,0,15.0
Blackford,2026-08-06T03:00,0.0,0.0,10.0,20000,0,0,15.0
Blackford,2026-08-06T04:00,0.0,0.0,10.0,20000,0,0,15.0
Blackford,2026-08-06T05:00,0.0,0.0,10.0,20000,0,0,15.0
Blackford,2026-08-06T06:00,0.0,0.0,10.0,20000,0,0,15.0
Blackford,2026-08-06T07:00,0.0,0.0,10.0,20000,0,0,15.0
Blackford,2026-08-06T08:00,0.0,0.0,10.0,20000,0,0,15.0
Blackford,2026-08-06T09:00,0.0,0.0,10.0,20000,0,0,15.0
Blackford,2026-08-06T10:00,0.0,0.0,10.0,20000,0,0,15.0
Blackford,2026-08-06T11:00,0.0,0.0,10.0,20000,0,0,15.0
Blackford,2026-08-06T12:00,0.0,0.0,10.0,20000,0,0,15.0
Blackford,2026-08-06T13:00,0.0,0.0,10.0,20000,0,0,15.0
Blackford,2026-08-06T14:00,0.0,0.0,10.0,20000,0,0,15.0
Blackford,2026-08-06T15:00,0.0,0.0,10.0,20000,0,0,15.0
Blackford,2026-08-06T16:00,0.0,0.0,10.0,20000,0,0,15.0
Blackford,2026-08-06T17:00,0.0,0.0,10.0,20000,0,0,15.0
Blackford,2026-08-06T18:00,0.0,0.0,10.0,20000,0,0,15.0
Blackford,2026-08-06T19:00,0.0,0.0,10.0,20000,0,0,15.0
Blackford,2026-08-06T20:00,0.0,0.0,10.0,20000,0,0,15.0
Blackford,2026-08-06T21:00,0.0,0.0,10.0,20000,0,0,15.0
Blackford,2026-08-06T22:00,0.0,0.0,10.0,20000,0,0,15.0
Blackford,2026-08-06T23:00,0.0,0.0,10.0,20000,0,0,15.0
Blackford,2026-08-07T00:00,0.0,0.0,10.0,20000,0,0,15.0
Blackford,2026-08-07T01:00,0.0,0.0,10.0,20000,0,0,15.0
Blackford,2026-08-07T02:00,0.0,0.0,10.0,20000,0,0,15.0
Blackford,2026-08-07T03:00,0.0,0.0,10.0,20000,0,0,15.0
Blackford,2026-08-07T04:00,0.0,0.0,10.0,20000,0,0,15.0
Blackford,2026-08-07T05:00,0.0,0.0,10.0,20000,0,0,15.0
Blackford,2026-08-07T06:00,0.0,0.0,10.0,20000,0,0,15.0
Blackford,2026-08-07T07:00,0.0,0.0,10.0,20000,0,0,15.0
Blackford,2026-08-07T08:00,0.0,0.0,10.0,20000,0,0,15.0
Blackford,2026-08-07T09:00,0.0,0.0,10.0,20000,0,0,15.0
Blackford,2026-08-07T10:00,0.0,0.0,10.0,20000,0,0,15.0
Blackford,2026-08-07T11:00,0.0,0.0,10.0,20000,0,0,15.0
Blackford,2026-08-07T12:00,0.0,0.0,10.0,20000,0,0,15.0
Blackford,2026-08-07T13:00,0.0,0.0,10.0,20000,0,0,15.0
Blackford,2026-08-07T14:00,0.0,0.0,10.0,20000,0,0,15.0
Blackford,2026-08-07T15:00,0.0,0.0,10.0,20000,0,0,15.0
Blackford,2026-08-07T16:00,0.0,0.0,10.0,20000,0,0,15.0
Blackford,2026-08-07T17:00,0.0,0.0,10.0,20000,0,0,15.0
Blackford,2026-08-07T18:00,0.0,0.0,10.0,20000,0,0,15.0
Boone,2026-08-05T19:00,0.0,0.0,10.0,20000,0,0,15.0
Boone,2026-08-05T20:00,0.0,0.0,10.0,20000,0,0,15.0
Boone,2026-08-05T21:00,0.0,0.0,10.0,20000,0,0,15.0
Boone,2026-08-05T22:00,0.0,0.0,10.0,20000,0,0,15.0
Boone,2026-08-05T23:00,0.0,0.0,10.0,20000,0,0,15.0
Boone,2026-08-06T00:00,0.0,0.0,10.0,20000,0,0,15.0
Boone,2026-08-06T01:00,0.0,0.0,10.0,20000,0,0,15.0
Boone,2026-08-06T02:00,0.0,0.0,10.0,20000,0,0,15.0
Boone,2026-08-06T03:00,0.0,0.0,10.0,20000,0,0,15.0
Boone,2026-08-06T04:00,0.0,0.0,10.0,20000,0,0,15.0
Boone,2026-08-06T05:00,0.0,0.0,10.0,20000,0,0,15.0
Boone,2026-08-06T06:00,0.0,0.0,10.0,20000,0,0,15.0
Boone,2026-08-06T07:00,0.0,0.0,10.0,20000,0,0,15.0
Boone,2026-08-06T08:00,0.0,0.0,10.0,20000,0,0,15.0
Boone,2026-08-06T09:00,0.0,0.0,10.0,20000,0,0,15.0
Boone,2026-08-06T10:00,0.0,0.0,10.0,20000,0,0,15.0
Boone,2026-08-06T11:00,0.0,0.0,10.0,20000,0,0,15.0
Boone,2026-08-06T12:00,0.0,0.0,10.0,20000,0,0,15.0
Boone,2026-08-06T13:00,0.0,0.0,10.0,20000,0,0,15.0
Boone,2026-08-06T14:00,0.0,0.0,10.0,20000,0,0,15.0
Boone,2026-08-06T15:00,0.0,0.0,10.0,20000,0,0,15.0
Boone,2026-08-06T16:00,0.0,0.0,10.0,20000,0,0,15.0
Boone,2026-08-06T17:00,0.0,0.0,10.0,20000,0,0,15.0
Boone,2026-08-06T18:00,0.0,0.0,10.0,20000,0,0,15.0
Boone,2026-08-06T19:00,0.0,0.0,10.0,20000,0,0,15.0
Boone,2026-08-06T20:00,0.0,0.0,10.0,20000,0,0,15.0
Boone,2026-08-06T21:00,0.0,0.0,10.0,20000,0,0,15.0
Boone,2026-08-06T22:00,0.0,0.0,10.0,20000,0,0,15.0
Boone,2026-08-06T23:00,0.0,0.0,10.0,20000,0,0,15.0
Boone,2026-08-07T00:00,0.0,0.0,10.0,20000,0,0,15.0
Boone,2026-08-07T01:00,0.0,0.0,10.0,20000,0,0,15.0
Boone,2026-08-07T02:00,0.0,0.0,10.0,20000,0,0,15.0
Boone,2026-08-07T03:00,0.0,0.0,10.0,20000,0,0,15.0
Boone,2026-08-07T04:00,0.0,0.0,10.0,20000,0,0,15.0
Boone,2026-08-07T05:00,0.0,0.0,10.0,20000,0,0,15.0
Boone,2026-08-07T06:00,0.0,0.0,10.0,20000,0,0,15.0
Boone,2026-08-07T07:00,0.0,0.0,10.0,20000,0,0,15.0
Boone,2026-08-07T08:00,0.0,0.0,10.0,20000,0,0,15.0
Boone,2026-08-07T09:00,0.0,0.0,10.0,20000,0,0,15.0
Boone,2026-08-07T10:00,0.0,0.0,10.0,20000,0,0,15.0
Boone,2026-08-07T11:00,0.0,0.0,10.0,20000,0,0,15.0
Boone,2026-08-07T12:00,0.0,0.0,10.0,20000,0,0,15.0
Boone,2026-08-07T13:00,0.0,0.0,10.0,20000,0,0,15.0
Boone,2026-08-07T14:00,0.0,0.0,10.0,20000,0,0,15.0
Boone,2026-08-07T15:00,0.0,0.0,10.0,20000,0,0,15.0
Boone,2026-08-07T16:00,0.0,0.0,10.0,20000,0,0,15.0
Boone,2026-08-07T17:00,0.0,0.0,10.0,20000,0,0,15.0
Boone,2026-08-07T18:00,0.0,0.0,10.0,20000,0,0,15.0
Clay,2026-08-05T19:00,0.0,0.0,10.0,20000,0,0,15.0
Clay,2026-08-05T20:00,0.0,0.0,10.0,20000,0,0,15.0
Clay,2026-08-05T21:00,0.0,0.0,10.0,20000,0,0,15.0
Clay,2026-08-05T22:00,0.0,0.0,10.0,20000,0,0,15.0
Clay,2026-08-05T23:00,0.0,0.0,10.0,20000,0,0,15.0
Clay,2026-08-06T00:00,0.0,0.0,10.0,20000,0,0,15.0
Clay,2026-08-06T01:00,0.0,0.0,10.0,20000,0,0,15.0
Clay,2026-08-06T02:00,0.0,0.0,10.0,20000,0,0,15.0
Clay,2026-08-06T03:00,0.0,0.0,10.0,20000,0,0,15.0
Clay,2026-08-06T04:00,0.0,0.0,10.0,20000,0,0,15.0
Clay,2026-08-06T05:00,0.0,0.0,10.0,20000,0,0,15.0
Clay,2026-08-06T06:00,0.0,0.0,10.0,20000,0,0,15.0
Clay,2026-08-06T07:00,0.0,0.0,10.0,20000,0,0,15.0
Clay,2026-08-06T08:00,0.0,0.0,10.0,20000,0,0,15.0
Clay,2026-08-06T09:00,0.0,0.0,10.0,20000,0,0,15.0
Clay,2026-08-06T10:00,0.0,0.0,10.0,20000,0,0,15.0
Clay,2026-08-06T11:00,0.0,0.0,10.0,20000,0,0,15.0
Clay,2026-08-06T12:00,0.0,0.0,10.0,20000,0,0,15.0
Clay,2026-08-06T13:00,0.0,0.0,10.0,20000,0,0,15.0
Clay,2026-08-06T14:00,0.0,0.0,10.0,20000,0,0,15.0
Clay,2026-08-06T15:00,0.0,0.0,10.0,20000,0,0,15.0
Clay,2026-08-06T16:00,0.0,0.0,10.0,20000,0,0,15.0
Clay,2026-08-06T17:00,0.0,0.0,10.0,20000,0,0,15.0
Clay,2026-08-06T18:00,0.0,0.0,10.0,20000,0,0,15.0
Clay,2026-08-06T19:00,0.0,0.0,10.0,20000,0,0,15.0
Clay,2026-08-06T20:00,0.0,0.0,10.0,20000,0,0,15.0
Clay,2026-08-06T21:00,0.0,0.0,10.0,20000,0,0,15.0
Clay,2026-08-06T22:00,0.0,0.0,10.0,20000,0,0,15.0
Clay,2026-08-06T23:00,0.0,0.0,10.0,20000,0,0,15.0
Clay,2026-08-07T00:00,0.0,0.0,10.0,20000,0,0,15.0
Clay,2026-08-07T01:00,0.0,0.0,10.0,20000,0,0,15.0
Clay,2026-08-07T02:00,0.0,0.0,10.0,20000,0,0,15.0
Clay,2026-08-07T03:00,0.0,0.0,10.0,20000,0,0,15.0
Clay,2026-08-07T04:00,0.0,0.0,10.0,20000,0,0,15.0
Clay,2026-08-07T05:00,0.0,0.0,10.0,20000,0,0,15.0
Clay,2026-08-07T06:00,0.0,0.0,10.0,20000,0,0,15.0
Clay,2026-08-07T07:00,0.0,0.0,10.0,20000,0,0,15.0
Clay,2026-08-07T08:00,0.0,0.0,10.0,20000,0,0,15.0
Clay,2026-08-07T09:00,0.0,0.0,10.0,20000,0,0,15.0
Clay,2026-08-07T10:00,0.0,0.0,10.0,20000,0,0,15.0
Clay,2026-08-07T11:00,0.0,0.0,10.0,20000,0,0,15.0
Clay,2026-08-07T12:00,0.0,0.0,10.0,20000,0,0,15.0
Clay,2026-08-07T13:00,0.0,0.0,10.0,20000,0,0,15.0
Clay,2026-08-07T14:00,0.0,0.0,10.0,20000,0,0,15.0
Clay,2026-08-07T15:00,0.0,0.0,10.0,20000,0,0,15.0
Clay,2026-08-07T16:00,0.0,0.0,10.0,20000,0,0,15.0
Clay,2026-08-07T17:00,0.0,0.0,10.0,20000,0,0,15.0
Clay,2026-08-07T18:00,0.0,0.0,10.0,20000,0,0,15.0
Dekalb,2026-08-05T19:00,0.0,0.0,10.0,20000,0,0,15.0
Dekalb,2026-08-05T20:00,0.0,0.0,10.0,20000,0,0,15.0
Dekalb,2026-08-05T21:00,0.0,0.0,10.0,20000,0,0,15.0
Dekalb,2026-08-05T22:00,0.0,0.0,10.0,20000,0,0,15.0
Dekalb,2026-08-05T23:00,0.0,0.0,10.0,20000,0,0,15.0
Dekalb,2026-08-06T00:00,0.0,0.0,10.0,20000,0,0,15.0
Dekalb,2026-08-06T01:00,0.0,0.0,10.0,20000,0,0,15.0
Dekalb,2026-08-06T02:00,0.0,0.0,10.0,20000,0,0,15.0
Dekalb,2026-08-06T03:00,0.0,0.0,10.0,20000,0,0,15.0
Dekalb,2026-08-06T04:00,0.0,0.0,10.0,20000,0,0,15.0
Dekalb,2026-08-06T05:00,0.0,0.0,10.0,20000,0,0,15.0
Dekalb,2026-08-06T06:00,0.0,0.0,10.0,20000,0,0,15.0
Dekalb,2026-08-06T07:00,0.0,0.0,10.0,20000,0,0,15.0
Dekalb,2026-08-06T08:00,0.0,0.0,10.0,20000,0,0,15.0
Dekalb,2026-08-06T09:00,0.0,0.0,10.0,20000,0,0,15.0
Dekalb,2026-08-06T10:00,0.0,0.0,10.0,20000,0,0,15.0
Dekalb,2026-08-06T11:00,0.0,0.0,10.0,20000,0,0,15.0
Dekalb,2026-08-06T12:00,0.0,0.0,10.0,20000,0,0,15.0
Dekalb,2026-08-06T13:00,0.0,0.0,10.0,20000,0,0,15.0
Dekalb,2026-08-06T14:00,0.0,0.0,10.0,20000,0,0,15.0
Dekalb,2026-08-06T15:00,0.0,0.0,10.0,20000,0,0,15.0
Dekalb,2026-08-06T16:00,0.0,0.0,10.0,20000,0,0,15.0
Dekalb,2026-08-06T17:00,0.0,0.0,10.0,20000,0,0,15.0
Dekalb,2026-08-06T18:00,0.0,0.0,10.0,20000,0,0,15.0
Dekalb,2026-08-06T19:00,0.0,0.0,10.0,20000,0,0,15.0
Dekalb,2026-08-06T20:00,0.0,0.0,10.0,20000,0,0,15.0
Dekalb,2026-08-06T21:00,0.0,0.0,10.0,20000,0,0,15.0
Dekalb,2026-08-06T22:00,0.0,0.0,10.0,20000,0,0,15.0
Dekalb,2026-08-06T23:00,0.0,0.0,10.0,20000,0,0,15.0
Dekalb,2026-08-07T00:00,0.0,0.0,10.0,20000,0,0,15.0
Dekalb,2026-08-07T01:00,0.0,0.0,10.0,20000,0,0,15.0
Dekalb,2026-08-07T02:00,0.0,0.0,10.0,20000,0,0,15.0
Dekalb,2026-08-07T03:00,0.0,0.0,10.0,20000,0,0,15.0
Dekalb,2026-08-07T04:00,0.0,0.0,10.0,20000,0,0,15.0
Dekalb,2026-08-07T05:00,0.0,0.0,10.0,20000,0,0,15.0
Dekalb,2026-08-07T06:00,0.0,0.0,10.0,20000,0,0,15.0
Dekalb,2026-08-07T07:00,0.0,0.0,10.0,20000,0,0,15.0
Dekalb,2026-08-07T08:00,0.0,0.0,10.0,20000,0,0,15.0
Dekalb,2026-08-07T09:00,0.0,0.0,10.0,20000,0,0,15.0
Dekalb,2026-08-07T10:00,0.0,0.0,10.0,20000,0,0,15.0
Dekalb,2026-08-07T11:00,0.0,0.0,10.0,20000,0,0,15.0
Dekalb,2026-08-07T12:00,0.0,0.0,10.0,20000,0,0,15.0
Dekalb,2026-08-07T13:00,0.0,0.0,10.0,20000,0,0,15.0
Dekalb,2026-08-07T14:00,0.0,0.0,10.0,20000,0,0,15.0
Dekalb,2026-08-07T15:00,0.0,0.0,10.0,20000,0,0,15.0
Dekalb,2026-08-07T16:00,0.0,0.0,10.0,20000,0,0,15.0
Dekalb,2026-08-07T17:00,0.0,0.0,10.0,20000,0,0,15.0
Dekalb,2026-08-07T18:00,0.0,0.0,10.0,20000,0,0,15.0
Orange,2026-08-05T19:00,0.0,0.0,10.0,20000,0,0,15.0
Orange,2026-08-05T20:00,0.0,0.0,10.0,20000,0,0,15.0
Orange,2026-08-05T21:00,0.0,0.0,10.0,20000,0,0,15.0
Orange,2026-08-05T22:00,0.0,0.0,10.0,20000,0,0,15.0
Orange,2026-08-05T23:00,0.0,0.0,10.0,20000,0,0,15.0
Orange,2026-08-06T00:00,0.0,0.0,10.0,20000,0,0,15.0
Orange,2026-08-06T01:00,0.0,0.0,10.0,20000,0,0,15.0
Orange,2026-08-06T02:00,0.0,0.0,10.0,20000,0,0,15.0
Orange,2026-08-06T03:00,0.0,0.0,10.0,20000,0,0,15.0
Orange,2026-08-06T04:00,0.0,0.0,10.0,20000,0,0,15.0
Orange,2026-08-06T05:00,0.0,0.0,10.0,20000,0,0,15.0
Orange,2026-08-06T06:00,0.0,0.0,10.0,20000,0,0,15.0
Orange,2026-08-06T07:00,0.0,0.0,10.0,20000,0,0,15.0
Orange,2026-08-06T08:00,0.0,0.0,10.0,20000,0,0,15.0
Orange,2026-08-06T09:00,0.0,0.0,10.0,20000,0,0,15.0
Orange,2026-08-06T10:00,0.0,0.0,10.0,20000,0,0,15.0
Orange,2026-08-06T11:00,0.0,0.0,10.0,20000,0,0,15.0
Orange,2026-08-06T12:00,0.0,0.0,10.0,20000,0,0,15.0
Orange,2026-08-06T13:00,0.0,0.0,10.0,20000,0,0,15.0
Orange,2026-08-06T14:00,0.0,0.0,10.0,20000,0,0,15.0
Orange,2026-08-06T15:00,0.0,0.0,10.0,20000,0,0,15.0
Orange,2026-08-06T16:00,0.0,0.0,10.0,20000,0,0,15.0
Orange,2026-08-06T17:00,0.0,0.0,10.0,20000,0,0,15.0
Orange,2026-08-06T18:00,0.0,0.0,10.0,20000,0,0,15.0
Orange,2026-08-06T19:00,0.0,0.0,10.0,20000,0,0,15.0
Orange,2026-08-06T20:00,0.0,0.0,10.0,20000,0,0,15.0
Orange,2026-08-06T21:00,0.0,0.0,10.0,20000,0,0,15.0
Orange,2026-08-06T22:00,0.0,0.0,10.0,20000,0,0,15.0
Orange,2026-08-06T23:00,0.0,0.0,10.0,20000,0,0,15.0
Orange,2026-08-07T00:00,0.0,0.0,10.0,20000,0,0,15.0
Orange,2026-08-07T01:00,0.0,0.0,10.0,20000,0,0,15.0
Orange,2026-08-07T02:00,0.0,0.0,10.0,20000,0,0,15.0
Orange,2026-08-07T03:00,0.0,0.0,10.0,20000,0,0,15.0
Orange,2026-08-07T04:00,0.0,0.0,10.0,20000,0,0,15.0
Orange,2026-08-07T05:00,0.0,0.0,10.0,20000,0,0,15.0
Orange,2026-08-07T06:00,0.0,0.0,10.0,20000,0,0,15.0
Orange,2026-08-07T07:00,0.0,0.0,10.0,20000,0,0,15.0
Orange,2026-08-07T08:00,0.0,0.0,10.0,20000,0,0,15.0
Orange,2026-08-07T09:00,0.0,0.0,10.0,20000,0,0,15.0
Orange,2026-08-07T10:00,0.0,0.0,10.0,20000,0,0,15.0
Orange,2026-08-07T11:00,0.0,0.0,10.0,20000,0,0,15.0
Orange,2026-08-07T12:00,0.0,0.0,10.0,20000,0,0,15.0
Orange,2026-08-07T13:00,0.0,0.0,10.0,20000,0,0,15.0
Orange,2026-08-07T14:00,0.0,0.0,10.0,20000,0,0,15.0
Orange,2026-08-07T15:00,0.0,0.0,10.0,20000,0,0,15.0
Orange,2026-08-07T16:00,0.0,0.0,10.0,20000,0,0,15.0
Orange,2026-08-07T17:00,0.0,0.0,10.0,20000,0,0,15.0
Orange,2026-08-07T18:00,0.0,0.0,10.0,20000,0,0,15.0
Parke,2026-08-05T19:00,0.0,0.0,10.0,20000,0,0,15.0
Parke,2026-08-05T20:00,0.0,0.0,10.0,20000,0,0,15.0
Parke,2026-08-05T21:00,0.0,0.0,10.0,20000,0,0,15.0
Parke,2026-08-05T22:00,0.0,0.0,10.0,20000,0,0,15.0
Parke,2026-08-05T23:00,0.0,0.0,10.0,20000,0,0,15.0
Parke,2026-08-06T00:00,0.0,0.0,10.0,20000,0,0,15.0
Parke,2026-08-06T01:00,0.0,0.0,10.0,20000,0,0,15.0
Parke,2026-08-06T02:00,0.0,0.0,10.0,20000,0,0,15.0
Parke,2026-08-06T03:00,0.0,0.0,10.0,20000,0,0,15.0
Parke,2026-08-06T04:00,0.0,0.0,10.0,20000,0,0,15.0
Parke,2026-08-06T05:00,0.0,0.0,10.0,20000,0,0,15.0
Parke,2026-08-06T06:00,0.0,0.0,10.0,20000,0,0,15.0
Parke,2026-08-06T07:00,0.0,0.0,10.0,20000,0,0,15.0
Parke,2026-08-06T08:00,0.0,0.0,10.0,20000,0,0,15.0
Parke,2026-08-06T09:00,0.0,0.0,10.0,20000,0,0,15.0
Parke,2026-08-06T10:00,0.0,0.0,10.0,20000,0,0,15.0
Parke,2026-08-06T11:00,0.0,0.0,10.0,20000,0,0,15.0
Parke,2026-08-06T12:00,0.0,0.0,10.0,20000,0,0,15.0
Parke,2026-08-06T13:00,0.0,0.0,10.0,20000,0,0,15.0
Parke,2026-08-06T14:00,0.0,0.0,10.0,20000,0,0,15.0
Parke,2026-08-06T15:00,0.0,0.0,10.0,20000,0,0,15.0
Parke,2026-08-06T16:00,0.0,0.0,10.0,20000,0,0,15.0
Parke,2026-08-06T17:00,0.0,0.0,10.0,20000,0,0,15.0
Parke,2026-08-06T18:00,0.0,0.0,10.0,20000,0,0,15.0
Parke,2026-08-06T19:00,0.0,0.0,10.0,20000,0,0,15.0
Parke,2026-08-06T20:00,0.0,0.0,10.0,20000,0,0,15.0
Parke,2026-08-06T21:00,0.0,0.0,10.0,20000,0,0,15.0
Parke,2026-08-06T22:00,0.0,0.0,10.0,20000,0,0,15.0
Parke,2026-08-06T23:00,0.0,0.0,10.0,20000,0,0,15.0
Parke,2026-08-07T00:00,0.0,0.0,10.0,20000,0,0,15.0
Parke,2026-08-07T01:00,0.0,0.0,10.0,20000,0,0,15.0
Parke,2026-08-07T02:00,0.0,0.0,10.0,20000,0,0,15.0
Parke,2026-08-07T03:00,0.0,0.0,10.0,20000,0,0,15.0
Parke,2026-08-07T04:00,0.0,0.0,10.0,20000,0,0,15.0
Parke,2026-08-07T05:00,0.0,0.0,10.0,20000,0,0,15.0
Parke,2026-08-07T06:00,0.0,0.0,10.0,20000,0,0,15.0
Parke,2026-08-07T07:00,0.0,0.0,10.0,20000,0,0,15.0
Parke,2026-08-07T08:00,0.0,0.0,10.0,20000,0,0,15.0
Parke,2026-08-07T09:00,0.0,0.0,10.0,20000,0,0,15.0
Parke,2026-08-07T10:00,0.0,0.0,10.0,20000,0,0,15.0
Parke,2026-08-07T11:00,0.0,0.0,10.0,20000,0,0,15.0
Parke,2026-08-07T12:00,0.0,0.0,10.0,20000,0,0,15.0
Parke,2026-08-07T13:00,0.0,0.0,10.0,20000,0,0,15.0
Parke,2026-08-07T14:00,0.0,0.0,10.0,20000,0,0,15.0
Parke,2026-08-07T15:00,0.0,0.0,10.0,20000,0,0,15.0
Parke,2026-08-07T16:00,0.0,0.0,10.0,20000,0,0,15.0
Parke,2026-08-07T17:00,0.0,0.0,10.0,20000,0,0,15.0
Parke,2026-08-07T18:00,0.0,0.0,10.0,20000,0,0,15.0
Porter,2026-08-05T19:00,0.0,0.0,10.0,20000,0,0,15.0
Porter,2026-08-05T20:00,0.0,0.0,10.0,20000,0,0,15.0
Porter,2026-08-05T21:00,0.0,0.0,10.0,20000,0,0,15.0
Porter,2026-08-05T22:00,0.0,0.0,10.0,20000,0,0,15.0
Porter,2026-08-05T23:00,0.0,0.0,10.0,20000,0,0,15.0
Porter,2026-08-06T00:00,0.0,0.0,10.0,20000,0,0,15.0
Porter,2026-08-06T01:00,0.0,0.0,10.0,20000,0,0,15.0
Porter,2026-08-06T02:00,0.0,0.0,10.0,20000,0,0,15.0
Porter,2026-08-06T03:00,0.0,0.0,10.0,20000,0,0,15.0
Porter,2026-08-06T04:00,0.0,0.0,10.0,20000,0,0,15.0
Porter,2026-08-06T05:00,0.0,0.0,10.0,20000,0,0,15.0
Porter,2026-08-06T06:00,0.0,0.0,10.0,20000,0,0,15.0
Porter,2026-08-06T07:00,0.0,0.0,10.0,20000,0,0,15.0
Porter,2026-08-06T08:00,0.0,0.0,10.0,20000,0,0,15.0
Porter,2026-08-06T09:00,0.0,0.0,10.0,20000,0,0,15.0
Porter,2026-08-06T10:00,0.0,0.0,10.0,20000,0,0,15.0
Porter,2026-08-06T11:00,0.0,0.0,10.0,20000,0,0,15.0
Porter,2026-08-06T12:00,0.0,0.0,10.0,20000,0,0,15.0
Porter,2026-08-06T13:00,0.0,0.0,10.0,20000,0,0,15.0
Porter,2026-08-06T14:00,0.0,0.0,10.0,20000,0,0,15.0
Porter,2026-08-06T15:00,0.0,0.0,10.0,20000,0,0,15.0
Porter,2026-08-06T16:00,0.0,0.0,10.0,20000,0,0,15.0
Porter,2026-08-06T17:00,0.0,0.0,10.0,20000,0,0,15.0
Porter,2026-08-06T18:00,0.0,0.0,10.0,20000,0,0,15.0
Porter,2026-08-06T19:00,0.0,0.0,10.0,20000,0,0,15.0
Porter,2026-08-06T20:00,0.0,0.0,10.0,20000,0,0,15.0
Porter,2026-08-06T21:00,0.0,0.0,10.0,20000,0,0,15.0
Porter,2026-08-06T22:00,0.0,0.0,10.0,20000,0,0,15.0
Porter,2026-08-06T23:00,0.0,0.0,10.0,20000,0,0,15.0
Porter,2026-08-07T00:00,0.0,0.0,10.0,20000,0,0,15.0
Porter,2026-08-07T01:00,0.0,0.0,10.0,20000,0,0,15.0
Porter,2026-08-07T02:00,0.0,0.0,10.0,20000,0,0,15.0
Porter,2026-08-07T03:00,0.0,0.0,10.0,20000,0,0,15.0
Porter,2026-08-07T04:00,0.0,0.0,10.0,20000,0,0,15.0
Porter,2026-08-07T05:00,0.0,0.0,10.0,20000,0,0,15.0
Porter,2026-08-07T06:00,0.0,0.0,10.0,20000,0,0,15.0
Porter,2026-08-07T07:00,0.0,0.0,10.0,20000,0,0,15.0
Porter,2026-08-07T08:00,0.0,0.0,10.0,20000,0,0,15.0
Porter,2026-08-07T09:00,0.0,0.0,10.0,20000,0,0,15.0
Porter,2026-08-07T10:00,0.0,0.0,10.0,20000,0,0,15.0
Porter,2026-08-07T11:00,0.0,0.0,10.0,20000,0,0,15.0
Porter,2026-08-07T12:00,0.0,0.0,10.0,20000,0,0,15.0
Porter,2026-08-07T13:00,0.0,0.0,10.0,20000,0,0,15.0
Porter,2026-08-07T14:00,0.0,0.0,10.0,20000,0,0,15.0
Porter,2026-08-07T15:00,0.0,0.0,10.0,20000,0,0,15.0
Porter,2026-08-07T16:00,0.0,0.0,10.0,20000,0,0,15.0
Porter,2026-08-07T17:00,0.0,0.0,10.0,20000,0,0,15.0
Porter,2026-08-07T18:00,0.0,0.0,10.0,20000,0,0,15.0
Randolph,2026-08-05T19:00,0.0,0.0,10.0,20000,0,0,15.0
Randolph,2026-08-05T20:00,0.0,0.0,10.0,20000,0,0,15.0
Randolph,2026-08-05T21:00,0.0,0.0,10.0,20000,0,0,15.0
Randolph,2026-08-05T22:00,0.0,0.0,10.0,20000,0,0,15.0
Randolph,2026-08-05T23:00,0.0,0.0,10.0,20000,0,0,15.0
Randolph,2026-08-06T00:00,0.0,0.0,10.0,20000,0,0,15.0
Randolph,2026-08-06T01:00,0.0,0.0,10.0,20000,0,0,15.0
Randolph,2026-08-06T02:00,0.0,0.0,10.0,20000,0,0,15.0
Randolph,2026-08-06T03:00,0.0,0.0,10.0,20000,0,0,15.0
Randolph,2026-08-06T04:00,0.0,0.0,10.0,20000,0,0,15.0
Randolph,2026-08-06T05:00,0.0,0.0,10.0,20000,0,0,15.0
Randolph,2026-08-06T06:00,0.0,0.0,10.0,20000,0,0,15.0
Randolph,2026-08-06T07:00,0.0,0.0,10.0,20000,0,0,15.0
Randolph,2026-08-06T08:00,0.0,0.0,10.0,20000,0,0,15.0
Randolph,2026-08-06T09:00,0.0,0.0,10.0,20000,0,0,15.0
Randolph,2026-08-06T10:00,0.0,0.0,10.0,20000,0,0,15.0
Randolph,2026-08-06T11:00,0.0,0.0,10.0,20000,0,0,15.0
Randolph,2026-08-06T12:00,0.0,0.0,10.0,20000,0,0,15.0
Randolph,2026-08-06T13:00,0.0,0.0,10.0,20000,0,0,15.0
Randolph,2026-08-06T14:00,0.0,0.0,10.0,20000,0,0,15.0
Randolph,2026-08-06T15:00,0.0,0.0,10.0,20000,0,0,15.0
Randolph,2026-08-06T16:00,0.0,0.0,10.0,20000,0,0,15.0
Randolph,2026-08-06T17:00,0.0,0.0,10.0,20000,0,0,15.0
Randolph,2026-08-06T18:00,0.0,0.0,10.0,20000,0,0,15.0
Randolph,2026-08-06T19:00,0.0,0.0,10.0,20000,0,0,15.0
Randolph,2026-08-06T20:00,0.0,0.0,10.0,20000,0,0,15.0
Randolph,2026-08-06T21:00,0.0,0.0,10.0,20000,0,0,15.0
Randolph,2026-08-06T22:00,0.0,0.0,10.0,20000,0,0,15.0
Randolph,2026-08-06T23:00,0.0,0.0,10.0,20000,0,0,15.0
Randolph,2026-08-07T00:00,0.0,0.0,10.0,20000,0,0,15.0
Randolph,2026-08-07T01:00,0.0,0.0,10.0,20000,0,0,15.0
Randolph,2026-08-07T02:00,0.0,0.0,10.0,20000,0,0,15.0
Randolph,2026-08-07T03:00,0.0,0.0,10.0,20000,0,0,15.0
Randolph,2026-08-07T04:00,0.0,0.0,10.0,20000,0,0,15.0
Randolph,2026-08-07T05:00,0.0,0.0,10.0,20000,0,0,15.0
Randolph,2026-08-07T06:00,0.0,0.0,10.0,20000,0,0,15.0
Randolph,2026-08-07T07:00,0.0,0.0,10.0,20000,0,0,15.0
Randolph,2026-08-07T08:00,0.0,0.0,10.0,20000,0,0,15.0
Randolph,2026-08-07T09:00,0.0,0.0,10.0,20000,0,0,15.0
Randolph,2026-08-07T10:00,0.0,0.0,10.0,20000,0,0,15.0
Randolph,2026-08-07T11:00,0.0,0.0,10.0,20000,0,0,15.0
Randolph,2026-08-07T12:00,0.0,0.0,10.0,20000,0,0,15.0
Randolph,2026-08-07T13:00,0.0,0.0,10.0,20000,0,0,15.0
Randolph,2026-08-07T14:00,0.0,0.0,10.0,20000,0,0,15.0
Randolph,2026-08-07T15:00,0.0,0.0,10.0,20000,0,0,15.0
Randolph,2026-08-07T16:00,0.0,0.0,10.0,20000,0,0,15.0
Randolph,2026-08-07T17:00,0.0,0.0,10.0,20000,0,0,15.0
Randolph,2026-08-07T18:00,0.0,0.0,10.0,20000,0,0,15.0
Ripley,2026-08-05T19:00,0.0,0.0,10.0,20000,0,0,15.0
Ripley,2026-08-05T20:00,0.0,0.0,10.0,20000,0,0,15.0
Ripley,2026-08-05T21:00,0.0,0.0,10.0,20000,0,0,15.0
Ripley,2026-08-05T22:00,0.0,0.0,10.0,20000,0,0,15.0
Ripley,2026-08-05T23:00,0.0,0.0,10.0,20000,0,0,15.0
Ripley,2026-08-06T00:00,0.0,0.0,10.0,20000,0,0,15.0
Ripley,2026-08-06T01:00,0.0,0.0,10.0,20000,0,0,15.0
Ripley,2026-08-06T02:00,0.0,0.0,10.0,20000,0,0,15.0
Ripley,2026-08-06T03:00,0.0,0.0,10.0,20000,0,0,15.0
Ripley,2026-08-06T04:00,0.0,0.0,10.0,20000,0,0,15.0
Ripley,2026-08-06T05:00,0.0,0.0,10.0,20000,0,0,15.0
Ripley,2026-08-06T06:00,0.0,0.0,10.0,20000,0,0,15.0
Ripley,2026-08-06T07:00,0.0,0.0,10.0,20000,0,0,15.0
Ripley,2026-08-06T08:00,0.0,0.0,10.0,20000,0,0,15.0
Ripley,2026-08-06T09:00,0.0,0.0,10.0,20000,0,0,15.0
Ripley,2026-08-06T10:00,0.0,0.0,10.0,20000,0,0,15.0
Ripley,2026-08-06T11:00,0.0,0.0,10.0,20000,0,0,15.0
Ripley,2026-08-06T12:00,0.0,0.0,10.0,20000,0,0,15.0
Ripley,2026-08-06T13:00,0.0,0.0,10.0,20000,0,0,15.0
Ripley,2026-08-06T14:00,0.0,0.0,10.0,20000,0,0,15.0
Ripley,2026-08-06T15:00,0.0,0.0,10.0,20000,0,0,15.0
Ripley,2026-08-06T16:00,0.0,0.0,10.0,20000,0,0,15.0
Ripley,2026-08-06T17:00,0.0,0.0,10.0,20000,0,0,15.0
Ripley,2026-08-06T18:00,0.0,0.0,10.0,20000,0,0,15.0
Ripley,2026-08-06T19:00,0.0,0.0,10.0,20000,0,0,15.0
Ripley,2026-08-06T20:00,0.0,0.0,10.0,20000,0,0,15.0
Ripley,2026-08-06T21:00,0.0,0.0,10.0,20000,0,0,15.0
Ripley,2026-08-06T22:00,0.0,0.0,10.0,20000,0,0,15.0
Ripley,2026-08-06T23:00,0.0,0.0,10.0,20000,0,0,15.0
Ripley,2026-08-07T00:00,0.0,0.0,10.0,20000,0,0,15.0
Ripley,2026-08-07T01:00,0.0,0.0,10.0,20000,0,0,15.0
Ripley,2026-08-07T02:00,0.0,0.0,10.0,20000,0,0,15.0
Ripley,2026-08-07T03:00,0.0,0.0,10.0,20000,0,0,15.0
Ripley,2026-08-07T04:00,0.0,0.0,10.0,20000,0,0,15.0
Ripley,2026-08-07T05:00,0.0,0.0,10.0,20000,0,0,15.0
Ripley,2026-08-07T06:00,0.0,0.0,10.0,20000,0,0,15.0
Ripley,2026-08-07T07:00,0.0,0.0,10.0,20000,0,0,15.0
Ripley,2026-08-07T08:00,0.0,0.0,10.0,20000,0,0,15.0
Ripley,2026-08-07T09:00,0.0,0.0,10.0,20000,0,0,15.0
Ripley,2026-08-07T10:00,0.0,0.0,10.0,20000,0,0,15.0
Ripley,2026-08-07T11:00,0.0,0.0,10.0,20000,0,0,15.0
Ripley,2026-08-07T12:00,0.0,0.0,10.0,20000,0,0,15.0
Ripley,2026-08-07T13:00,0.0,0.0,10.0,20000,0,0,15.0
Ripley,2026-08-07T14:00,0.0,0.0,10.0,20000,0,0,15.0
Ripley,2026-08-07T15:00,0.0,0.0,10.0,20000,0,0,15.0
Ripley,2026-08-07T16:00,0.0,0.0,10.0,20000,0,0,15.0
Ripley,2026-08-07T17:00,0.0,0.0,10.0,20000,0,0,15.0
Ripley,2026-08-07T18:00,0.0,0.0,10.0,20000,0,0,15.0
St. Joseph,2026-08-05T19:00,0.0,0.0,10.0,20000,0,0,15.0
St. Joseph,2026-08-05T20:00,0.0,0.0,10.0,20000,0,0,15.0
St. Joseph,2026-08-05T21:00,0.0,0.0,10.0,20000,0,0,15.0
St. Joseph,2026-08-05T22:00,0.0,0.0,10.0,20000,0,0,15.0
St. Joseph,2026-08-05T23:00,0.0,0.0,10.0,20000,0,0,15.0
St. Joseph,2026-08-06T00:00,0.0,0.0,10.0,20000,0,0,15.0
St. Joseph,2026-08-06T01:00,0.0,0.0,10.0,20000,0,0,15.0
St. Joseph,2026-08-06T02:00,0.0,0.0,10.0,20000,0,0,15.0
St. Joseph,2026-08-06T03:00,0.0,0.0,10.0,20000,0,0,15.0
St. Joseph,2026-08-06T04:00,0.0,0.0,10.0,20000,0,0,15.0
St. Joseph,2026-08-06T05:00,0.0,0.0,10.0,20000,0,0,15.0
St. Joseph,2026-08-06T06:00,0.0,0.0,10.0,20000,0,0,15.0
St. Joseph,2026-08-06T07:00,0.0,0.0,10.0,20000,0,0,15.0
St. Joseph,2026-08-06T08:00,0.0,0.0,10.0,20000,0,0,15.0
St. Joseph,2026-08-06T09:00,0.0,0.0,10.0,20000,0,0,15.0
St. Joseph,2026-08-06T10:00,0.0,0.0,10.0,20000,0,0,15.0
St. Joseph,2026-08-06T11:00,0.0,0.0,10.0,20000,0,0,15.0
St. Joseph,2026-08-06T12:00,0.0,0.0,10.0,20000,0,0,15.0
St. Joseph,2026-08-06T13:00,0.0,0.0,10.0,20000,0,0,15.0
St. Joseph,2026-08-06T14:00,0.0,0.0,10.0,20000,0,0,15.0
St. Joseph,2026-08-06T15:00,0.0,0.0,10.0,20000,0,0,15.0
St. Joseph,2026-08-06T16:00,0.0,0.0,10.0,20000,0,0,15.0
St. Joseph,2026-08-06T17:00,0.0,0.0,10.0,20000,0,0,15.0
St. Joseph,2026-08-06T18:00,0.0,0.0,10.0,20000,0,0,15.0
St. Joseph,2026-08-06T19:00,0.0,0.0,10.0,20000,0,0,15.0
St. Joseph,2026-08-06T20:00,0.0,0.0,10.0,20000,0,0,15.0
St. Joseph,2026-08-06T21:00,0.0,0.0,10.0,20000,0,0,15.0
St. Joseph,2026-08-06T22:00,0.0,0.0,10.0,20000,0,0,15.0
St. Joseph,2026-08-06T23:00,0.0,0.0,10.0,20000,0,0,15.0
St. Joseph,2026-08-07T00:00,0.0,0.0,10.0,20000,0,0,15.0
St. Joseph,2026-08-07T01:00,0.0,0.0,10.0,20000,0,0,15.0
St. Joseph,2026-08-07T02:00,0.0,0.0,10.0,20000,0,0,15.0
St. Joseph,2026-08-07T03:00,0.0,0.0,10.0,20000,0,0,15.0
St. Joseph,2026-08-07T04:00,0.0,0.0,10.0,20000,0,0,15.0
St. Joseph,2026-08-07T05:00,0.0,0.0,10.0,20000,0,0,15.0
St. Joseph,2026-08-07T06:00,0.0,0.0,10.0,20000,0,0,15.0
St. Joseph,2026-08-07T07:00,0.0,0.0,10.0,20000,0,0,15.0
St. Joseph,2026-08-07T08:00,0.0,0.0,10.0,20000,0,0,15.0
St. Joseph,2026-08-07T09:00,0.0,0.0,10.0,20000,0,0,15.0
St. Joseph,2026-08-07T10:00,0.0,0.0,10.0,20000,0,0,15.0
St. Joseph,2026-08-07T11:00,0.0,0.0,10.0,20000,0,0,15.0
St. Joseph,2026-08-07T12:00,0.0,0.0,10.0,20000,0,0,15.0
St. Joseph,2026-08-07T13:00,0.0,0.0,10.0,20000,0,0,15.0
St. Joseph,2026-08-07T14:00,0.0,0.0,10.0,20000,0,0,15.0
St. Joseph,2026-08-07T15:00,0.0,0.0,10.0,20000,0,0,15.0
St. Joseph,2026-08-07T16:00,0.0,0.0,10.0,20000,0,0,15.0
St. Joseph,2026-08-07T17:00,0.0,0.0,10.0,20000,0,0,15.0
St. Joseph,2026-08-07T18:00,0.0,0.0,10.0,20000,0,0,15.0
Starke,2026-08-05T19:00,0.0,0.0,10.0,20000,0,0,15.0
Starke,2026-08-05T20:00,0.0,0.0,10.0,20000,0,0,15.0
Starke,2026-08-05T21:00,0.0,0.0,10.0,20000,0,0,15.0
Starke,2026-08-05T22:00,0.0,0.0,10.0,20000,0,0,15.0
Starke,2026-08-05T23:00,0.0,0.0,10.0,20000,0,0,15.0
Starke,2026-08-06T00:00,0.0,0.0,10.0,20000,0,0,15.0
Starke,2026-08-06T01:00,0.0,0.0,10.0,20000,0,0,15.0
Starke,2026-08-06T02:00,0.0,0.0,10.0,20000,0,0,15.0
Starke,2026-08-06T03:00,0.0,0.0,10.0,20000,0,0,15.0
Starke,2026-08-06T04:00,0.0,0.0,10.0,20000,0,0,15.0
Starke,2026-08-06T05:00,0.0,0.0,10.0,20000,0,0,15.0
Starke,2026-08-06T06:00,0.0,0.0,10.0,20000,0,0,15.0
Starke,2026-08-06T07:00,0.0,0.0,10.0,20000,0,0,15.0
Starke,2026-08-06T08:00,0.0,0.0,10.0,20000,0,0,15.0
Starke,2026-08-06T09:00,0.0,0.0,10.0,20000,0,0,15.0
Starke,2026-08-06T10:00,0.0,0.0,10.0,20000,0,0,15.0
Starke,2026-08-06T11:00,0.0,0.0,10.0,20000,0,0,15.0
Starke,2026-08-06T12:00,0.0,0.0,10.0,20000,0,0,15.0
Starke,2026-08-06T13:00,0.0,0.0,10.0,20000,0,0,15.0
Starke,2026-08-06T14:00,0.0,0.0,10.0,20000,0,0,15.0
Starke,2026-08-06T15:00,0.0,0.0,10.0,20000,0,0,15.0
Starke,2026-08-06T16:00,0.0,0.0,10.0,20000,0,0,15.0
Starke,2026-08-06T17:00,0.0,0.0,10.0,20000,0,0,15.0
Starke,2026-08-06T18:00,0.0,0.0,10.0,20000,0,0,15.0
Starke,2026-08-06T19:00,0.0,0.0,10.0,20000,0,0,15.0
Starke,2026-08-06T20:00,0.0,0.0,10.0,20000,0,0,15.0
Starke,2026-08-06T21:00,0.0,0.0,10.0,20000,0,0,15.0
Starke,2026-08-06T22:00,0.0,0.0,10.0,20000,0,0,15.0
Starke,2026-08-06T23:00,0.0,0.0,10.0,20000,0,0,15.0
Starke,2026-08-07T00:00,0.0,0.0,10.0,20000,0,0,15.0
Starke,2026-08-07T01:00,0.0,0.0,10.0,20000,0,0,15.0
Starke,2026-08-07T02:00,0.0,0.0,10.0,20000,0,0,15.0
Starke,2026-08-07T03:00,0.0,0.0,10.0,20000,0,0,15.0
Starke,2026-08-07T04:00,0.0,0.0,10.0,20000,0,0,15.0
Starke,2026-08-07T05:00,0.0,0.0,10.0,20000,0,0,15.0
Starke,2026-08-07T06:00,0.0,0.0,10.0,20000,0,0,15.0
Starke,2026-08-07T07:00,0.0,0.0,10.0,20000,0,0,15.0
Starke,2026-08-07T08:00,0.0,0.0,10.0,20000,0,0,15.0
Starke,2026-08-07T09:00,0.0,0.0,10.0,20000,0,0,15.0
Starke,2026-08-07T10:00,0.0,0.0,10.0,20000,0,0,15.0
Starke,2026-08-07T11:00,0.0,0.0,10.0,20000,0,0,15.0
Starke,2026-08-07T12:00,0.0,0.0,10.0,20000,0,0,15.0
Starke,2026-08-07T13:00,0.0,0.0,10.0,20000,0,0,15.0
Starke,2026-08-07T14:00,0.0,0.0,10.0,20000,0,0,15.0
Starke,2026-08-07T15:00,0.0,0.0,10.0,20000,0,0,15.0
Starke,2026-08-07T16:00,0.0,0.0,10.0,20000,0,0,15.0
Starke,2026-08-07T17:00,0.0,0.0,10.0,20000,0,0,15.0
Starke,2026-08-07T18:00,0.0,0.0,10.0,20000,0,0,15.0
Steuben,2026-08-05T19:00,0.0,0.0,10.0,20000,0,0,15.0
Steuben,2026-08-05T20:00,0.0,0.0,10.0,20000,0,0,15.0
Steuben,2026-08-05T21:00,0.0,0.0,10.0,20000,0,0,15.0
Steuben,2026-08-05T22:00,0.0,0.0,10.0,20000,0,0,15.0
Steuben,2026-08-05T23:00,0.0,0.0,10.0,20000,0,0,15.0
Steuben,2026-08-06T00:00,0.0,0.0,10.0,20000,0,0,15.0
Steuben,2026-08-06T01:00,0.0,0.0,10.0,20000,0,0,15.0
Steuben,2026-08-06T02:00,0.0,0.0,10.0,20000,0,0,15.0
Steuben,2026-08-06T03:00,0.0,0.0,10.0,20000,0,0,15.0
Steuben,2026-08-06T04:00,0.0,0.0,10.0,20000,0,0,15.0
Steuben,2026-08-06T05:00,0.0,0.0,10.0,20000,0,0,15.0
Steuben,2026-08-06T06:00,0.0,0.0,10.0,20000,0,0,15.0
Steuben,2026-08-06T07:00,0.0,0.0,10.0,20000,0,0,15.0
Steuben,2026-08-06T08:00,0.0,0.0,10.0,20000,0,0,15.0
Steuben,2026-08-06T09:00,0.0,0.0,10.0,20000,0,0,15.0
Steuben,2026-08-06T10:00,0.0,0.0,10.0,20000,0,0,15.0
Steuben,2026-08-06T11:00,0.0,0.0,10.0,20000,0,0,15.0
Steuben,2026-08-06T12:00,0.0,0.0,10.0,20000,0,0,15.0
Steuben,2026-08-06T13:00,0.0,0.0,10.0,20000,0,0,15.0
Steuben,2026-08-06T14:00,0.0,0.0,10.0,20000,0,0,15.0
Steuben,2026-08-06T15:00,0.0,0.0,10.0,20000,0,0,15.0
Steuben,2026-08-06T16:00,0.0,0.0,10.0,20000,0,0,15.0
Steuben,2026-08-06T17:00,0.0,0.0,10.0,20000,0,0,15.0
Steuben,2026-08-06T18:00,0.0,0.0,10.0,20000,0,0,15.0
Steuben,2026-08-06T19:00,0.0,0.0,10.0,20000,0,0,15.0
Steuben,2026-08-06T20:00,0.0,0.0,10.0,20000,0,0,15.0
Steuben,2026-08-06T21:00,0.0,0.0,10.0,20000,0,0,15.0
Steuben,2026-08-06T22:00,0.0,0.0,10.0,20000,0,0,15.0
Steuben,2026-08-06T23:00,0.0,0.0,10.0,20000,0,0,15.0
Steuben,2026-08-07T00:00,0.0,0.0,10.0,20000,0,0,15.0
Steuben,2026-08-07T01:00,0.0,0.0,10.0,20000,0,0,15.0
Steuben,2026-08-07T02:00,0.0,0.0,10.0,20000,0,0,15.0
Steuben,2026-08-07T03:00,0.0,0.0,10.0,20000,0,0,15.0
Steuben,2026-08-07T04:00,0.0,0.0,10.0,20000,0,0,15.0
Steuben,2026-08-07T05:00,0.0,0.0,10.0,20000,0,0,15.0
Steuben,2026-08-07T06:00,0.0,0.0,10.0,20000,0,0,15.0
Steuben,2026-08-07T07:00,0.0,0.0,10.0,20000,0,0,15.0
Steuben,2026-08-07T08:00,0.0,0.0,10.0,20000,0,0,15.0
Steuben,2026-08-07T09:00,0.0,0.0,10.0,20000,0,0,15.0
Steuben,2026-08-07T10:00,0.0,0.0,10.0,20000,0,0,15.0
Steuben,2026-08-07T11:00,0.0,0.0,10.0,20000,0,0,15.0
Steuben,2026-08-07T12:00,0.0,0.0,10.0,20000,0,0,15.0
Steuben,2026-08-07T13:00,0.0,0.0,10.0,20000,0,0,15.0
Steuben,2026-08-07T14:00,0.0,0.0,10.0,20000,0,0,15.0
Steuben,2026-08-07T15:00,0.0,0.0,10.0,20000,0,0,15.0
Steuben,2026-08-07T16:00,0.0,0.0,10.0,20000,0,0,15.0
Steuben,2026-08-07T17:00,0.0,0.0,10.0,20000,0,0,15.0
Steuben,2026-08-07T18:00,0.0,0.0,10.0,20000,0,0,15.0
Tipton,2026-08-05T19:00,0.0,0.0,10.0,20000,0,0,15.0
Tipton,2026-08-05T20:00,0.0,0.0,10.0,20000,0,0,15.0
Tipton,2026-08-05T21:00,0.0,0.0,10.0,20000,0,0,15.0
Tipton,2026-08-05T22:00,0.0,0.0,10.0,20000,0,0,15.0
Tipton,2026-08-05T23:00,0.0,0.0,10.0,20000,0,0,15.0
Tipton,2026-08-06T00:00,0.0,0.0,10.0,20000,0,0,15.0
Tipton,2026-08-06T01:00,0.0,0.0,10.0,20000,0,0,15.0
Tipton,2026-08-06T02:00,0.0,0.0,10.0,20000,0,0,15.0
Tipton,2026-08-06T03:00,0.0,0.0,10.0,20000,0,0,15.0
Tipton,2026-08-06T04:00,0.0,0.0,10.0,20000,0,0,15.0
Tipton,2026-08-06T05:00,0.0,0.0,10.0,20000,0,0,15.0
Tipton,2026-08-06T06:00,0.0,0.0,10.0,20000,0,0,15.0
Tipton,2026-08-06T07:00,0.0,0.0,10.0,20000,0,0,15.0
Tipton,2026-08-06T08:00,0.0,0.0,10.0,20000,0,0,15.0
Tipton,2026-08-06T09:00,0.0,0.0,10.0,20000,0,0,15.0
Tipton,2026-08-06T10:00,0.0,0.0,10.0,20000,0,0,15.0
Tipton,2026-08-06T11:00,0.0,0.0,10.0,20000,0,0,15.0
Tipton,2026-08-06T12:00,0.0,0.0,10.0,20000,0,0,15.0
Tipton,2026-08-06T13:00,0.0,0.0,10.0,20000,0,0,15.0
Tipton,2026-08-06T14:00,0.0,0.0,10.0,20000,0,0,15.0
Tipton,2026-08-06T15:00,0.0,0.0,10.0,20000,0,0,15.0
Tipton,2026-08-06T16:00,0.0,0.0,10.0,20000,0,0,15.0
Tipton,2026-08-06T17:00,0.0,0.0,10.0,20000,0,0,15.0
Tipton,2026-08-06T18:00,0.0,0.0,10.0,20000,0,0,15.0
Tipton,2026-08-06T19:00,0.0,0.0,10.0,20000,0,0,15.0
Tipton,2026-08-06T20:00,0.0,0.0,10.0,20000,0,0,15.0
Tipton,2026-08-06T21:00,0.0,0.0,10.0,20000,0,0,15.0
Tipton,2026-08-06T22:00,0.0,0.0,10.0,20000,0,0,15.0
Tipton,2026-08-06T23:00,0.0,0.0,10.0,20000,0,0,15.0
Tipton,2026-08-07T00:00,0.0,0.0,10.0,20000,0,0,15.0
Tipton,2026-08-07T01:00,0.0,0.0,10.0,20000,0,0,15.0
Tipton,2026-08-07T02:00,0.0,0.0,10.0,20000,0,0,15.0
Tipton,2026-08-07T03:00,0.0,0.0,10.0,20000,0,0,15.0
Tipton,2026-08-07T04:00,0.0,0.0,10.0,20000,0,0,15.0
Tipton,2026-08-07T05:00,0.0,0.0,10.0,20000,0,0,15.0
Tipton,2026-08-07T06:00,0.0,0.0,10.0,20000,0,0,15.0
Tipton,2026-08-07T07:00,0.0,0.0,10.0,20000,0,0,15.0
Tipton,2026-08-07T08:00,0.0,0.0,10.0,20000,0,0,15.0
Tipton,2026-08-07T09:00,0.0,0.0,10.0,20000,0,0,15.0
Tipton,2026-08-07T10:00,0.0,0.0,10.0,20000,0,0,15.0
Tipton,2026-08-07T11:00,0.0,0.0,10.0,20000,0,0,15.0
Tipton,2026-08-07T12:00,0.0,0.0,10.0,20000,0,0,15.0
Tipton,2026-08-07T13:00,0.0,0.0,10.0,20000,0,0,15.0
Tipton,2026-08-07T14:00,0.0,0.0,10.0,20000,0,0,15.0
Tipton,2026-08-07T15:00,0.0,0.0,10.0,20000,0,0,15.0
Tipton,2026-08-07T16:00,0.0,0.0,10.0,20000,0,0,15.0
Tipton,2026-08-07T17:00,0.0,0.0,10.0,20000,0,0,15.0
Tipton,2026-08-07T18:00,0.0,0.0,10.0,20000,0,0,15.0
Union,2026-08-05T19:00,0.0,0.0,10.0,20000,0,0,15.0
Union,2026-08-05T20:00,0.0,0.0,10.0,20000,0,0,15.0
Union,2026-08-05T21:00,0.0,0.0,10.0,20000,0,0,15.0
Union,2026-08-05T22:00,0.0,0.0,10.0,20000,0,0,15.0
Union,2026-08-05T23:00,0.0,0.0,10.0,20000,0,0,15.0
Union,2026-08-06T00:00,0.0,0.0,10.0,20000,0,0,15.0
Union,2026-08-06T01:00,0.0,0.0,10.0,20000,0,0,15.0
Union,2026-08-06T02:00,0.0,0.0,10.0,20000,0,0,15.0
Union,2026-08-06T03:00,0.0,0.0,10.0,20000,0,0,15.0
Union,2026-08-06T04:00,0.0,0.0,10.0,20000,0,0,15.0
Union,2026-08-06T05:00,0.0,0.0,10.0,20000,0,0,15.0
Union,2026-08-06T06:00,0.0,0.0,10.0,20000,0,0,15.0
Union,2026-08-06T07:00,0.0,0.0,10.0,20000,0,0,15.0
Union,2026-08-06T08:00,0.0,0.0,10.0,20000,0,0,15.0
Union,2026-08-06T09:00,0.0,0.0,10.0,20000,0,0,15.0
Union,2026-08-06T10:00,0.0,0.0,10.0,20000,0,0,15.0
Union,2026-08-06T11:00,0.0,0.0,10.0,20000,0,0,15.0
Union,2026-08-06T12:00,0.0,0.0,10.0,20000,0,0,15.0
Union,2026-08-06T13:00,0.0,0.0,10.0,20000,0,0,15.0
Union,2026-08-06T14:00,0.0,0.0,10.0,20000,0,0,15.0
Union,2026-08-06T15:00,0.0,0.0,10.0,20000,0,0,15.0
Union,2026-08-06T16:00,0.0,0.0,10.0,20000,0,0,15.0
Union,2026-08-06T17:00,0.0,0.0,10.0,20000,0,0,15.0
Union,2026-08-06T18:00,0.0,0.0,10.0,20000,0,0,15.0
Union,2026-08-06T19:00,0.0,0.0,10.0,20000,0,0,15.0
Union,2026-08-06T20:00,0.0,0.0,10.0,20000,0,0,15.0
Union,2026-08-06T21:00,0.0,0.0,10.0,20000,0,0,15.0
Union,2026-08-06T22:00,0.0,0.0,10.0,20000,0,0,15.0
Union,2026-08-06T23:00,0.0,0.0,10.0,20000,0,0,15.0
Union,2026-08-07T00:00,0.0,0.0,10.0,20000,0,0,15.0
Union,2026-08-07T01:00,0.0,0.0,10.0,20000,0,0,15.0
Union,2026-08-07T02:00,0.0,0.0,10.0,20000,0,0,15.0
Union,2026-08-07T03:00,0.0,0.0,10.0,20000,0,0,15.0
Union,2026-08-07T04:00,0.0,0.0,10.0,20000,0,0,15.0
Union,2026-08-07T05:00,0.0,0.0,10.0,20000,0,0,15.0
Union,2026-08-07T06:00,0.0,0.0,10.0,20000,0,0,15.0
Union,2026-08-07T07:00,0.0,0.0,10.0,20000,0,0,15.0
Union,2026-08-07T08:00,0.0,0.0,10.0,20000,0,0,15.0
Union,2026-08-07T09:00,0.0,0.0,10.0,20000,0,0,15.0
Union,2026-08-07T10:00,0.0,0.0,10.0,20000,0,0,15.0
Union,2026-08-07T11:00,0.0,0.0,10.0,20000,0,0,15.0
Union,2026-08-07T12:00,0.0,0.0,10.0,20000,0,0,15.0
Union,2026-08-07T13:00,0.0,0.0,10.0,20000,0,0,15.0
Union,2026-08-07T14:00,0.0,0.0,10.0,20000,0,0,15.0
Union,2026-08-07T15:00,0.0,0.0,10.0,20000,0,0,15.0
Union,2026-08-07T16:00,0.0,0.0,10.0,20000,0,0,15.0
Union,2026-08-07T17:00,0.0,0.0,10.0,20000,0,0,15.0
Union,2026-08-07T18:00,0.0,0.0,10.0,20000,0,0,15.0
Vigo,2026-08-05T19:00,0.0,0.0,10.0,20000,0,0,15.0
Vigo,2026-08-05T20:00,0.0,0.0,10.0,20000,0,0,15.0
Vigo,2026-08-05T21:00,0.0,0.0,10.0,20000,0,0,15.0
Vigo,2026-08-05T22:00,0.0,0.0,10.0,20000,0,0,15.0
Vigo,2026-08-05T23:00,0.0,0.0,10.0,20000,0,0,15.0
Vigo,2026-08-06T00:00,0.0,0.0,10.0,20000,0,0,15.0
Vigo,2026-08-06T01:00,0.0,0.0,10.0,20000,0,0,15.0
Vigo,2026-08-06T02:00,0.0,0.0,10.0,20000,0,0,15.0
Vigo,2026-08-06T03:00,0.0,0.0,10.0,20000,0,0,15.0
Vigo,2026-08-06T04:00,0.0,0.0,10.0,20000,0,0,15.0
Vigo,2026-08-06T05:00,0.0,0.0,10.0,20000,0,0,15.0
Vigo,2026-08-06T06:00,0.0,0.0,10.0,20000,0,0,15.0
Vigo,2026-08-06T07:00,0.0,0.0,10.0,20000,0,0,15.0
Vigo,2026-08-06T08:00,0.0,0.0,10.0,20000,0,0,15.0
Vigo,2026-08-06T09:00,0.0,0.0,10.0,20000,0,0,15.0
Vigo,2026-08-06T10:00,0.0,0.0,10.0,20000,0,0,15.0
Vigo,2026-08-06T11:00,0.0,0.0,10.0,20000,0,0,15.0
Vigo,2026-08-06T12:00,0.0,0.0,10.0,20000,0,0,15.0
Vigo,2026-08-06T13:00,0.0,0.0,10.0,20000,0,0,15.0
Vigo,2026-08-06T14:00,0.0,0.0,10.0,20000,0,0,15.0
Vigo,2026-08-06T15:00,0.0,0.0,10.0,20000,0,0,15.0
Vigo,2026-08-06T16:00,0.0,0.0,10.0,20000,0,0,15.0
Vigo,2026-08-06T17:00,0.0,0.0,10.0,20000,0,0,15.0
Vigo,2026-08-06T18:00,0.0,0.0,10.0,20000,0,0,15.0
Vigo,2026-08-06T19:00,0.0,0.0,10.0,20000,0,0,15.0
Vigo,2026-08-06T20:00,0.0,0.0,10.0,20000,0,0,15.0
Vigo,2026-08-06T21:00,0.0,0.0,10.0,20000,0,0,15.0
Vigo,2026-08-06T22:00,0.0,0.0,10.0,20000,0,0,15.0
Vigo,2026-08-06T23:00,0.0,0.0,10.0,20000,0,0,15.0
Vigo,2026-08-07T00:00,0.0,0.0,10.0,20000,0,0,15.0
Vigo,2026-08-07T01:00,0.0,0.0,10.0,20000,0,0,15.0
Vigo,2026-08-07T02:00,0.0,0.0,10.0,20000,0,0,15.0
Vigo,2026-08-07T03:00,0.0,0.0,10.0,20000,0,0,15.0
Vigo,2026-08-07T04:00,0.0,0.0,10.0,20000,0,0,15.0
Vigo,2026-08-07T05:00,0.0,0.0,10.0,20000,0,0,15.0
Vigo,2026-08-07T06:00,0.0,0.0,10.0,20000,0,0,15.0
Vigo,2026-08-07T07:00,0.0,0.0,10.0,20000,0,0,15.0
Vigo,2026-08-07T08:00,0.0,0.0,10.0,20000,0,0,15.0
Vigo,2026-08-07T09:00,0.0,0.0,10.0,20000,0,0,15.0
Vigo,2026-08-07T10:00,0.0,0.0,10.0,20000,0,0,15.0
Vigo,2026-08-07T11:00,0.0,0.0,10.0,20000,0,0,15.0
Vigo,2026-08-07T12:00,0.0,0.0,10.0,20000,0,0,15.0
Vigo,2026-08-07T13:00,0.0,0.0,10.0,20000,0,0,15.0
Vigo,2026-08-07T14:00,0.0,0.0,10.0,20000,0,0,15.0
Vigo,2026-08-07T15:00,0.0,0.0,10.0,20000,0,0,15.0
Vigo,2026-08-07T16:00,0.0,0.0,10.0,20000,0,0,15.0
Vigo,2026-08-07T17:00,0.0,0.0,10.0,20000,0,0,15.0
Vigo,2026-08-07T18:00,0.0,0.0,10.0,20000,0,0,15.0
Wabash,2026-08-05T19:00,0.0,0.0,10.0,20000,0,0,15.0
Wabash,2026-08-05T20:00,0.0,0.0,10.0,20000,0,0,15.0
Wabash,2026-08-05T21:00,0.0,0.0,10.0,20000,0,0,15.0
Wabash,2026-08-05T22:00,0.0,0.0,10.0,20000,0,0,15.0
Wabash,2026-08-05T23:00,0.0,0.0,10.0,20000,0,0,15.0
Wabash,2026-08-06T00:00,0.0,0.0,10.0,20000,0,0,15.0
Wabash,2026-08-06T01:00,0.0,0.0,10.0,20000,0,0,15.0
Wabash,2026-08-06T02:00,0.0,0.0,10.0,20000,0,0,15.0
Wabash,2026-08-06T03:00,0.0,0.0,10.0,20000,0,0,15.0
Wabash,2026-08-06T04:00,0.0,0.0,10.0,20000,0,0,15.0
Wabash,2026-08-06T05:00,0.0,0.0,10.0,20000,0,0,15.0
Wabash,2026-08-06T06:00,0.0,0.0,10.0,20000,0,0,15.0
Wabash,2026-08-06T07:00,0.0,0.0,10.0,20000,0,0,15.0
Wabash,2026-08-06T08:00,0.0,0.0,10.0,20000,0,0,15.0
Wabash,2026-08-06T09:00,0.0,0.0,10.0,20000,0,0,15.0
Wabash,2026-08-06T10:00,0.0,0.0,10.0,20000,0,0,15.0
Wabash,2026-08-06T11:00,0.0,0.0,10.0,20000,0,0,15.0
Wabash,2026-08-06T12:00,0.0,0.0,10.0,20000,0,0,15.0
Wabash,2026-08-06T13:00,0.0,0.0,10.0,20000,0,0,15.0
Wabash,2026-08-06T14:00,0.0,0.0,10.0,20000,0,0,15.0
Wabash,2026-08-06T15:00,0.0,0.0,10.0,20000,0,0,15.0
Wabash,2026-08-06T16:00,0.0,0.0,10.0,20000,0,0,15.0
Wabash,2026-08-06T17:00,0.0,0.0,10.0,20000,0,0,15.0
Wabash,2026-08-06T18:00,0.0,0.0,10.0,20000,0,0,15.0
Wabash,2026-08-06T19:00,0.0,0.0,10.0,20000,0,0,15.0
Wabash,2026-08-06T20:00,0.0,0.0,10.0,20000,0,0,15.0
Wabash,2026-08-06T21:00,0.0,0.0,10.0,20000,0,0,15.0
Wabash,2026-08-06T22:00,0.0,0.0,10.0,20000,0,0,15.0
Wabash,2026-08-06T23:00,0.0,0.0,10.0,20000,0,0,15.0
Wabash,2026-08-07T00:00,0.0,0.0,10.0,20000,0,0,15.0
Wabash,2026-08-07T01:00,0.0,0.0,10.0,20000,0,0,15.0
Wabash,2026-08-07T02:00,0.0,0.0,10.0,20000,0,0,15.0
Wabash,2026-08-07T03:00,0.0,0.0,10.0,20000,0,0,15.0
Wabash,2026-08-07T04:00,0.0,0.0,10.0,20000,0,0,15.0
Wabash,2026-08-07T05:00,0.0,0.0,10.0,20000,0,0,15.0
Wabash,2026-08-07T06:00,0.0,0.0,10.0,20000,0,0,15.0
Wabash,2026-08-07T07:00,0.0,0.0,10.0,20000,0,0,15.0
Wabash,2026-08-07T08:00,0.0,0.0,10.0,20000,0,0,15.0
Wabash,2026-08-07T09:00,0.0,0.0,10.0,20000,0,0,15.0
Wabash,2026-08-07T10:00,0.0,0.0,10.0,20000,0,0,15.0
Wabash,2026-08-07T11:00,0.0,0.0,10.0,20000,0,0,15.0
Wabash,2026-08-07T12:00,0.0,0.0,10.0,20000,0,0,15.0
Wabash,2026-08-07T13:00,0.0,0.0,10.0,20000,0,0,15.0
Wabash,2026-08-07T14:00,0.0,0.0,10.0,20000,0,0,15.0
Wabash,2026-08-07T15:00,0.0,0.0,10.0,20000,0,0,15.0
Wabash,2026-08-07T16:00,0.0,0.0,10.0,20000,0,0,15.0
Wabash,2026-08-07T17:00,0.0,0.0,10.0,20000,0,0,15.0
Wabash,2026-08-07T18:00,0.0,0.0,10.0,20000,0,0,15.0
Washington,2026-08-05T19:00,0.0,0.0,10.0,20000,0,0,15.0
Washington,2026-08-05T20:00,0.0,0.0,10.0,20000,0,0,15.0
Washington,2026-08-05T21:00,0.0,0.0,10.0,20000,0,0,15.0
Washington,2026-08-05T22:00,0.0,0.0,10.0,20000,0,0,15.0
Washington,2026-08-05T23:00,0.0,0.0,10.0,20000,0,0,15.0
Washington,2026-08-06T00:00,0.0,0.0,10.0,20000,0,0,15.0
Washington,2026-08-06T01:00,0.0,0.0,10.0,20000,0,0,15.0
Washington,2026-08-06T02:00,0.0,0.0,10.0,20000,0,0,15.0
Washington,2026-08-06T03:00,0.0,0.0,10.0,20000,0,0,15.0
Washington,2026-08-06T04:00,0.0,0.0,10.0,20000,0,0,15.0
Washington,2026-08-06T05:00,0.0,0.0,10.0,20000,0,0,15.0
Washington,2026-08-06T06:00,0.0,0.0,10.0,20000,0,0,15.0
Washington,2026-08-06T07:00,0.0,0.0,10.0,20000,0,0,15.0
Washington,2026-08-06T08:00,0.0,0.0,10.0,20000,0,0,15.0
Washington,2026-08-06T09:00,0.0,0.0,10.0,20000,0,0,15.0
Washington,2026-08-06T10:00,0.0,0.0,10.0,20000,0,0,15.0
Washington,2026-08-06T11:00,0.0,0.0,10.0,20000,0,0,15.0
Washington,2026-08-06T12:00,0.0,0.0,10.0,20000,0,0,15.0
Washington,2026-08-06T13:00,0.0,0.0,10.0,20000,0,0,15.0
Washington,2026-08-06T14:00,0.0,0.0,10.0,20000,0,0,15.0
Washington,2026-08-06T15:00,0.0,0.0,10.0,20000,0,0,15.0
Washington,2026-08-06T16:00,0.0,0.0,10.0,20000,0,0,15.0
Washington,2026-08-06T17:00,0.0,0.0,10.0,20000,0,0,15.0
Washington,2026-08-06T18:00,0.0,0.0,10.0,20000,0,0,15.0
Washington,2026-08-06T19:00,0.0,0.0,10.0,20000,0,0,15.0
Washington,2026-08-06T20:00,0.0,0.0,10.0,20000,0,0,15.0
Washington,2026-08-06T21:00,0.0,0.0,10.0,20000,0,0,15.0
Washington,2026-08-06T22:00,0.0,0.0,10.0,20000,0,0,15.0
Washington,2026-08-06T23:00,0.0,0.0,10.0,20000,0,0,15.0
Washington,2026-08-07T00:00,0.0,0.0,10.0,20000,0,0,15.0
Washington,2026-08-07T01:00,0.0,0.0,10.0,20000,0,0,15.0
Washington,2026-08-07T02:00,0.0,0.0,10.0,20000,0,0,15.0
Washington,2026-08-07T03:00,0.0,0.0,10.0,20000,0,0,15.0
Washington,2026-08-07T04:00,0.0,0.0,10.0,20000,0,0,15.0
Washington,2026-08-07T05:00,0.0,0.0,10.0,20000,0,0,15.0
Washington,2026-08-07T06:00,0.0,0.0,10.0,20000,0,0,15.0
Washington,2026-08-07T07:00,0.0,0.0,10.0,20000,0,0,15.0
Washington,2026-08-07T08:00,0.0,0.0,10.0,20000,0,0,15.0
Washington,2026-08-07T09:00,0.0,0.0,10.0,20000,0,0,15.0
Washington,2026-08-07T10:00,0.0,0.0,10.0,20000,0,0,15.0
Washington,2026-08-07T11:00,0.0,0.0,10.0,20000,0,0,15.0
Washington,2026-08-07T12:00,0.0,0.0,10.0,20000,0,0,15.0
Washington,2026-08-07T13:00,0.0,0.0,10.0,20000,0,0,15.0
Washington,2026-08-07T14:00,0.0,0.0,10.0,20000,0,0,15.0
Washington,2026-08-07T15:00,0.0,0.0,10.0,20000,0,0,15.0
Washington,2026-08-07T16:00,0.0,0.0,10.0,20000,0,0,15.0
Washington,2026-08-07T17:00,0.0,0.0,10.0,20000,0,0,15.0
Washington,2026-08-07T18:00,0.0,0.0,10.0,20000,0,0,15.0
White,2026-08-05T19:00,0.0,0.0,10.0,20000,0,0,15.0
White,2026-08-05T20:00,0.0,0.0,10.0,20000,0,0,15.0
White,2026-08-05T21:00,0.0,0.0,10.0,20000,0,0,15.0
White,2026-08-05T22:00,0.0,0.0,10.0,20000,0,0,15.0
White,2026-08-05T23:00,0.0,0.0,10.0,20000,0,0,15.0
White,2026-08-06T00:00,0.0,0.0,10.0,20000,0,0,15.0
White,2026-08-06T01:00,0.0,0.0,10.0,20000,0,0,15.0
White,2026-08-06T02:00,0.0,0.0,10.0,20000,0,0,15.0
White,2026-08-06T03:00,0.0,0.0,10.0,20000,0,0,15.0
White,2026-08-06T04:00,0.0,0.0,10.0,20000,0,0,15.0
White,2026-08-06T05:00,0.0,0.0,10.0,20000,0,0,15.0
White,2026-08-06T06:00,0.0,0.0,10.0,20000,0,0,15.0
White,2026-08-06T07:00,0.0,0.0,10.0,20000,0,0,15.0
White,2026-08-06T08:00,0.0,0.0,10.0,20000,0,0,15.0
White,2026-08-06T09:00,0.0,0.0,10.0,20000,0,0,15.0
White,2026-08-06T10:00,0.0,0.0,10.0,20000,0,0,15.0
White,2026-08-06T11:00,0.0,0.0,10.0,20000,0,0,15.0
White,2026-08-06T12:00,0.0,0.0,10.0,20000,0,0,15.0
White,2026-08-06T13:00,0.0,0.0,10.0,20000,0,0,15.0
White,2026-08-06T14:00,0.0,0.0,10.0,20000,0,0,15.0
White,2026-08-06T15:00,0.0,0.0,10.0,20000,0,0,15.0
White,2026-08-06T16:00,0.0,0.0,10.0,20000,0,0,15.0
White,2026-08-06T17:00,0.0,0.0,10.0,20000,0,0,15.0
White,2026-08-06T18:00,0.0,0.0,10.0,20000,0,0,15.0
White,2026-08-06T19:00,0.0,0.0,10.0,20000,0,0,15.0
White,2026-08-06T20:00,0.0,0.0,10.0,20000,0,0,15.0
White,2026-08-06T21:00,0.0,0.0,10.0,20000,0,0,15.0
White,2026-08-06T22:00,0.0,0.0,10.0,20000,0,0,15.0
White,2026-08-06T23:00,0.0,0.0,10.0,20000,0,0,15.0
White,2026-08-07T00:00,0.0,0.0,10.0,20000,0,0,15.0
White,2026-08-07T01:00,0.0,0.0,10.0,20000,0,0,15.0
White,2026-08-07T02:00,0.0,0.0,10.0,20000,0,0,15.0
White,2026-08-07T03:00,0.0,0.0,10.0,20000,0,0,15.0
White,2026-08-07T04:00,0.0,0.0,10.0,20000,0,0,15.0
White,2026-08-07T05:00,0.0,0.0,10.0,20000,0,0,15.0
White,2026-08-07T06:00,0.0,0.0,10.0,20000,0,0,15.0
White,2026-08-07T07:00,0.0,0.0,10.0,20000,0,0,15.0
White,2026-08-07T08:00,0.0,0.0,10.0,20000,0,0,15.0
White,2026-08-07T09:00,0.0,0.0,10.0,20000,0,0,15.0
White,2026-08-07T10:00,0.0,0.0,10.0,20000,0,0,15.0
White,2026-08-07T11:00,0.0,0.0,10.0,20000,0,0,15.0
White,2026-08-07T12:00,0.0,0.0,10.0,20000,0,0,15.0
White,2026-08-07T13:00,0.0,0.0,10.0,20000,0,0,15.0
White,2026-08-07T14:00,0.0,0.0,10.0,20000,0,0,15.0
White,2026-08-07T15:00,0.0,0.0,10.0,20000,0,0,15.0
White,2026-08-07T16:00,0.0,0.0,10.0,20000,0,0,15.0
White,2026-08-07T17:00,0.0,0.0,10.0,20000,0,0,15.0
White,2026-08-07T18:00,0.0,0.0,10.0,20000,0,0,15.0
Greene,2026-08-05T19:00,0.0,0.0,10.0,20000,0,0,15.0
Greene,2026-08-05T20:00,0.0,0.0,10.0,20000,0,0,15.0
Greene,2026-08-05T21:00,0.0,0.0,10.0,20000,0,0,15.0
Greene,2026-08-05T22:00,0.0,0.0,10.0,20000,0,0,15.0
Greene,2026-08-05T23:00,0.0,0.0,10.0,20000,0,0,15.0
Greene,2026-08-06T00:00,0.0,0.0,10.0,20000,0,0,15.0
Greene,2026-08-06T01:00,0.0,0.0,10.0,20000,0,0,15.0
Greene,2026-08-06T02:00,0.0,0.0,10.0,20000,0,0,15.0
Greene,2026-08-06T03:00,0.0,0.0,10.0,20000,0,0,15.0
Greene,2026-08-06T04:00,0.0,0.0,10.0,20000,0,0,15.0
Greene,2026-08-06T05:00,0.0,0.0,10.0,20000,0,0,15.0
Greene,2026-08-06T06:00,0.0,0.0,10.0,20000,0,0,15.0
Greene,2026-08-06T07:00,0.0,0.0,10.0,20000,0,0,15.0
Greene,2026-08-06T08:00,0.0,0.0,10.0,20000,0,0,15.0
Greene,2026-08-06T09:00,0.0,0.0,10.0,20000,0,0,15.0
Greene,2026-08-06T10:00,0.0,0.0,10.0,20000,0,0,15.0
Greene,2026-08-06T11:00,0.0,0.0,10.0,20000,0,0,15.0
Greene,2026-08-06T12:00,0.0,0.0,10.0,20000,0,0,15.0
Greene,2026-08-06T13:00,0.0,0.0,10.0,20000,0,0,15.0
Greene,2026-08-06T14:00,0.0,0.0,10.0,20000,0,0,15.0
Greene,2026-08-06T15:00,0.0,0.0,10.0,20000,0,0,15.0
Greene,2026-08-06T16:00,0.0,0.0,10.0,20000,0,0,15.0
Greene,2026-08-06T17:00,0.0,0.0,10.0,20000,0,0,15.0
Greene,2026-08-06T18:00,0.0,0.0,10.0,20000,0,0,15.0
Greene,2026-08-06T19:00,0.0,0.0,10.0,20000,0,0,15.0
Greene,2026-08-06T20:00,0.0,0.0,10.0,20000,0,0,15.0
Greene,2026-08-06T21:00,0.0,0.0,10.0,20000,0,0,15.0
Greene,2026-08-06T22:00,0.0,0.0,10.0,20000,0,0,15.0
Greene,2026-08-06T23:00,0.0,0.0,10.0,20000,0,0,15.0
Greene,2026-08-07T00:00,0.0,0.0,10.0,20000,0,0,15.0
Greene,2026-08-07T01:00,0.0,0.0,10.0,20000,0,0,15.0
Greene,2026-08-07T02:00,0.0,0.0,10.0,20000,0,0,15.0
Greene,2026-08-07T03:00,0.0,0.0,10.0,20000,0,0,15.0
Greene,2026-08-07T04:00,0.0,0.0,10.0,20000,0,0,15.0
Greene,2026-08-07T05:00,0.0,0.0,10.0,20000,0,0,15.0
Greene,2026-08-07T06:00,0.0,0.0,10.0,20000,0,0,15.0
Greene,2026-08-07T07:00,0.0,0.0,10.0,20000,0,0,15.0
Greene,2026-08-07T08:00,0.0,0.0,10.0,20000,0,0,15.0
Greene,2026-08-07T09:00,0.0,0.0,10.0,20000,0,0,15.0
Greene,2026-08-07T10:00,0.0,0.0,10.0,20000,0,0,15.0
Greene,2026-08-07T11:00,0.0,0.0,10.0,20000,0,0,15.0
Greene,2026-08-07T12:00,0.0,0.0,10.0,20000,0,0,15.0
Greene,2026-08-07T13:00,0.0,0.0,10.0,20000,0,0,15.0
Greene,2026-08-07T14:00,0.0,0.0,10.0,20000,0,0,15.0
Greene,2026-08-07T15:00,0.0,0.0,10.0,20000,0,0,15.0
Greene,2026-08-07T16:00,0.0,0.0,10.0,20000,0,0,15.0
Greene,2026-08-07T17:00,0.0,0.0,10.0,20000,0,0,15.0
Greene,2026-08-07T18:00,0.0,0.0,10.0,20000,0,0,15.0
Hamilton,2026-08-05T19:00,0.0,0.0,10.0,20000,0,0,15.0
Hamilton,2026-08-05T20:00,0.0,0.0,10.0,20000,0,0,15.0
Hamilton,2026-08-05T21:00,0.0,0.0,10.0,20000,0,0,15.0
Hamilton,2026-08-05T22:00,0.0,0.0,10.0,20000,0,0,15.0
Hamilton,2026-08-05T23:00,0.0,0.0,10.0,20000,0,0,15.0
Hamilton,2026-08-06T00:00,0.0,0.0,10.0,20000,0,0,15.0
Hamilton,2026-08-06T01:00,0.0,0.0,10.0,20000,0,0,15.0
Hamilton,2026-08-06T02:00,0.0,0.0,10.0,20000,0,0,15.0
Hamilton,2026-08-06T03:00,0.0,0.0,10.0,20000,0,0,15.0
Hamilton,2026-08-06T04:00,0.0,0.0,10.0,20000,0,0,15.0
Hamilton,2026-08-06T05:00,0.0,0.0,10.0,20000,0,0,15.0
Hamilton,2026-08-06T06:00,0.0,0.0,10.0,20000,0,0,15.0
Hamilton,2026-08-06T07:00,0.0,0.0,10.0,20000,0,0,15.0
Hamilton,2026-08-06T08:00,0.0,0.0,10.0,20000,0,0,15.0
Hamilton,2026-08-06T09:00,0.0,0.0,10.0,20000,0,0,15.0
Hamilton,2026-08-06T10:00,0.0,0.0,10.0,20000,0,0,15.0
Hamilton,2026-08-06T11:00,0.0,0.0,10.0,20000,0,0,15.0
Hamilton,2026-08-06T12:00,0.0,0.0,10.0,20000,0,0,15.0
Hamilton,2026-08-06T13:00,0.0,0.0,10.0,20000,0,0,15.0
Hamilton,2026-08-06T14:00,0.0,0.0,10.0,20000,0,0,15.0
Hamilton,2026-08-06T15:00,0.0,0.0,10.0,20000,0,0,15.0
Hamilton,2026-08-06T16:00,0.0,0.0,10.0,20000,0,0,15.0
Hamilton,2026-08-06T17:00,0.0,0.0,10.0,20000,0,0,15.0
Hamilton,2026-08-06T18:00,0.0,0.0,10.0,20000,0,0,15.0
Hamilton,2026-08-06T19:00,0.0,0.0,10.0,20000,0,0,15.0
Hamilton,2026-08-06T20:00,0.0,0.0,10.0,20000,0,0,15.0
Hamilton,2026-08-06T21:00,0.0,0.0,10.0,20000,0,0,15.0
Hamilton,2026-08-06T22:00,0.0,0.0,10.0,20000,0,0,15.0
Hamilton,2026-08-06T23:00,0.0,0.0,10.0,20000,0,0,15.0
Hamilton,2026-08-07T00:00,0.0,0.0,10.0,20000,0,0,15.0
Hamilton,2026-08-07T01:00,0.0,0.0,10.0,20000,0,0,15.0
Hamilton,2026-08-07T02:00,0.0,0.0,10.0,20000,0,0,15.0
Hamilton,2026-08-07T03:00,0.0,0.0,10.0,20000,0,0,15.0
Hamilton,2026-08-07T04:00,0.0,0.0,10.0,20000,0,0,15.0
Hamilton,2026-08-07T05:00,0.0,0.0,10.0,20000,0,0,15.0
Hamilton,2026-08-07T06:00,0.0,0.0,10.0,20000,0,0,15.0
Hamilton,2026-08-07T07:00,0.0,0.0,10.0,20000,0,0,15.0
Hamilton,2026-08-07T08:00,0.0,0.0,10.0,20000,0,0,15.0
Hamilton,2026-08-07T09:00,0.0,0.0,10.0,20000,0,0,15.0
Hamilton,2026-08-07T10:00,0.0,0.0,10.0,20000,0,0,15.0
Hamilton,2026-08-07T11:00,0.0,0.0,10.0,20000,0,0,15.0
Hamilton,2026-08-07T12:00,0.0,0.0,10.0,20000,0,0,15.0
Hamilton,2026-08-07T13:00,0.0,0.0,10.0,20000,0,0,15.0
Hamilton,2026-08-07T14:00,0.0,0.0,10.0,20000,0,0,15.0
Hamilton,2026-08-07T15:00,0.0,0.0,10.0,20000,0,0,15.0
Hamilton,2026-08-07T16:00,0.0,0.0,10.0,20000,0,0,15.0
Hamilton,2026-08-07T17:00,0.0,0.0,10.0,20000,0,0,15.0
Hamilton,2026-08-07T18:00,0.0,0.0,10.0,20000,0,0,15.0
Henry,2026-08-05T19:00,0.0,0.0,10.0,20000,0,0,15.0
Henry,2026-08-05T20:00,0.0,0.0,10.0,20000,0,0,15.0
Henry,2026-08-05T21:00,0.0,0.0,10.0,20000,0,0,15.0
Henry,2026-08-05T22:00,0.0,0.0,10.0,20000,0,0,15.0
Henry,2026-08-05T23:00,0.0,0.0,10.0,20000,0,0,15.0
Henry,2026-08-06T00:00,0.0,0.0,10.0,20000,0,0,15.0
Henry,2026-08-06T01:00,0.0,0.0,10.0,20000,0,0,15.0
Henry,2026-08-06T02:00,0.0,0.0,10.0,20000,0,0,15.0
Henry,2026-08-06T03:00,0.0,0.0,10.0,20000,0,0,15.0
Henry,2026-08-06T04:00,0.0,0.0,10.0,20000,0,0,15.0
Henry,2026-08-06T05:00,0.0,0.0,10.0,20000,0,0,15.0
Henry,2026-08-06T06:00,0.0,0.0,10.0,20000,0,0,15.0
Henry,2026-08-06T07:00,0.0,0.0,10.0,20000,0,0,15.0
Henry,2026-08-06T08:00,0.0,0.0,10.0,20000,0,0,15.0
Henry,2026-08-06T09:00,0.0,0.0,10.0,20000,0,0,15.0
Henry,2026-08-06T10:00,0.0,0.0,10.0,20000,0,0,15.0
Henry,2026-08-06T11:00,0.0,0.0,10.0,20000,0,0,15.0
Henry,2026-08-06T12:00,0.0,0.0,10.0,20000,0,0,15.0
Henry,2026-08-06T13:00,0.0,0.0,10.0,20000,0,0,15.0
Henry,2026-08-06T14:00,0.0,0.0,10.0,20000,0,0,15.0
Henry,2026-08-06T15:00,0.0,0.0,10.0,20000,0,0,15.0
Henry,2026-08-06T16:00,0.0,0.0,10.0,20000,0,0,15.0
Henry,2026-08-06T17:00,0.0,0.0,10.0,20000,0,0,15.0
Henry,2026-08-06T18:00,0.0,0.0,10.0,20000,0,0,15.0
Henry,2026-08-06T19:00,0.0,0.0,10.0,20000,0,0,15.0
Henry,2026-08-06T20:00,0.0,0.0,10.0,20000,0,0,15.0
Henry,2026-08-06T21:00,0.0,0.0,10.0,20000,0,0,15.0
Henry,2026-08-06T22:00,0.0,0.0,10.0,20000,0,0,15.0
Henry,2026-08-06T23:00,0.0,0.0,10.0,20000,0,0,15.0
Henry,2026-08-07T00:00,0.0,0.0,10.0,20000,0,0,15.0
Henry,2026-08-07T01:00,0.0,0.0,10.0,20000,0,0,15.0
Henry,2026-08-07T02:00,0.0,0.0,10.0,20000,0,0,15.0
Henry,2026-08-07T03:00,0.0,0.0,10.0,20000,0,0,15.0
Henry,2026-08-07T04:00,0.0,0.0,10.0,20000,0,0,15.0
Henry,2026-08-07T05:00,0.0,0.0,10.0,20000,0,0,15.0
Henry,2026-08-07T06:00,0.0,0.0,10.0,20000,0,0,15.0
Henry,2026-08-07T07:00,0.0,0.0,10.0,20000,0,0,15.0
Henry,2026-08-07T08:00,0.0,0.0,10.0,20000,0,0,15.0
Henry,2026-08-07T09:00,0.0,0.0,10.0,20000,0,0,15.0
Henry,2026-08-07T10:00,0.0,0.0,10.0,20000,0,0,15.0
Henry,2026-08-07T11:00,0.0,0.0,10.0,20000,0,0,15.0
Henry,2026-08-07T12:00,0.0,0.0,10.0,20000,0,0,15.0
Henry,2026-08-07T13:00,0.0,0.0,10.0,20000,0,0,15.0
Henry,2026-08-07T14:00,0.0,0.0,10.0,20000,0,0,15.0
Henry,2026-08-07T15:00,0.0,0.0,10.0,20000,0,0,15.0
Henry,2026-08-07T16:00,0.0,0.0,10.0,20000,0,0,15.0
Henry,2026-08-07T17:00,0.0,0.0,10.0,20000,0,0,15.0
Henry,2026-08-07T18:00,0.0,0.0,10.0,20000,0,0,15.0
Howard,2026-08-05T19:00,0.0,0.0,10.0,20000,0,0,15.0
Howard,2026-08-05T20:00,0.0,0.0,10.0,20000,0,0,15.0
Howard,2026-08-05T21:00,0.0,0.0,10.0,20000,0,0,15.0
Howard,2026-08-05T22:00,0.0,0.0,10.0,20000,0,0,15.0
Howard,2026-08-05T23:00,0.0,0.0,10.0,20000,0,0,15.0
Howard,2026-08-06T00:00,0.0,0.0,10.0,20000,0,0,15.0
Howard,2026-08-06T01:00,0.0,0.0,10.0,20000,0,0,15.0
Howard,2026-08-06T02:00,0.0,0.0,10.0,20000,0,0,15.0
Howard,2026-08-06T03:00,0.0,0.0,10.0,20000,0,0,15.0
Howard,2026-08-06T04:00,0.0,0.0,10.0,20000,0,0,15.0
Howard,2026-08-06T05:00,0.0,0.0,10.0,20000,0,0,15.0
Howard,2026-08-06T06:00,0.0,0.0,10.0,20000,0,0,15.0
Howard,2026-08-06T07:00,0.0,0.0,10.0,20000,0,0,15.0
Howard,2026-08-06T08:00,0.0,0.0,10.0,20000,0,0,15.0
Howard,2026-08-06T09:00,0.0,0.0,10.0,20000,0,0,15.0
Howard,2026-08-06T10:00,0.0,0.0,10.0,20000,0,0,15.0
Howard,2026-08-06T11:00,0.0,0.0,10.0,20000,0,0,15.0
Howard,2026-08-06T12:00,0.0,0.0,10.0,20000,0,0,15.0
Howard,2026-08-06T13:00,0.0,0.0,10.0,20000,0,0,15.0
Howard,2026-08-06T14:00,0.0,0.0,10.0,20000,0,0,15.0
Howard,2026-08-06T15:00,0.0,0.0,10.0,20000,0,0,15.0
Howard,2026-08-06T16:00,0.0,0.0,10.0,20000,0,0,15.0
Howard,2026-08-06T17:00,0.0,0.0,10.0,20000,0,0,15.0
Howard,2026-08-06T18:00,0.0,0.0,10.0,20000,0,0,15.0
Howard,2026-08-06T19:00,0.0,0.0,10.0,20000,0,0,15.0
Howard,2026-08-06T20:00,0.0,0.0,10.0,20000,0,0,15.0
Howard,2026-08-06T21:00,0.0,0.0,10.0,20000,0,0,15.0
Howard,2026-08-06T22:00,0.0,0.0,10.0,20000,0,0,15.0
Howard,2026-08-06T23:00,0.0,0.0,10.0,20000,0,0,15.0
Howard,2026-08-07T00:00,0.0,0.0,10.0,20000,0,0,15.0
Howard,2026-08-07T01:00,0.0,0.0,10.0,20000,0,0,15.0
Howard,2026-08-07T02:00,0.0,0.0,10.0,20000,0,0,15.0
Howard,2026-08-07T03:00,0.0,0.0,10.0,20000,0,0,15.0
Howard,2026-08-07T04:00,0.0,0.0,10.0,20000,0,0,15.0
Howard,2026-08-07T05:00,0.0,0.0,10.0,20000,0,0,15.0
Howard,2026-08-07T06:00,0.0,0.0,10.0,20000,0,0,15.0
Howard,2026-08-07T07:00,0.0,0.0,10.0,20000,0,0,15.0
Howard,2026-08-07T08:00,0.0,0.0,10.0,20000,0,0,15.0
Howard,2026-08-07T09:00,0.0,0.0,10.0,20000,0,0,15.0
Howard,2026-08-07T10:00,0.0,0.0,10.0,20000,0,0,15.0
Howard,2026-08-07T11:00,0.0,0.0,10.0,20000,0,0,15.0
Howard,2026-08-07T12:00,0.0,0.0,10.0,20000,0,0,15.0
Howard,2026-08-07T13:00,0.0,0.0,10.0,20000,0,0,15.0
Howard,2026-08-07T14:00,0.0,0.0,10.0,20000,0,0,15.0
Howard,2026-08-07T15:00,0.0,0.0,10.0,20000,0,0,15.0
Howard,2026-08-07T16:00,0.0,0.0,10.0,20000,0,0,15.0
Howard,2026-08-07T17:00,0.0,0.0,10.0,20000,0,0,15.0
Howard,2026-08-07T18:00,0.0,0.0,10.0,20000,0,0,15.0
Jackson,2026-08-05T19:00,0.0,0.0,10.0,20000,0,0,15.0
Jackson,2026-08-05T20:00,0.0,0.0,10.0,20000,0,0,15.0
Jackson,2026-08-05T21:00,0.0,0.0,10.0,20000,0,0,15.0
Jackson,2026-08-05T22:00,0.0,0.0,10.0,20000,0,0,15.0
Jackson,2026-08-05T23:00,0.0,0.0,10.0,20000,0,0,15.0
Jackson,2026-08-06T00:00,0.0,0.0,10.0,20000,0,0,15.0
Jackson,2026-08-06T01:00,0.0,0.0,10.0,20000,0,0,15.0
Jackson,2026-08-06T02:00,0.0,0.0,10.0,20000,0,0,15.0
Jackson,2026-08-06T03:00,0.0,0.0,10.0,20000,0,0,15.0
Jackson,2026-08-06T04:00,0.0,0.0,10.0,20000,0,0,15.0
Jackson,2026-08-06T05:00,0.0,0.0,10.0,20000,0,0,15.0
Jackson,2026-08-06T06:00,0.0,0.0,10.0,20000,0,0,15.0
Jackson,2026-08-06T07:00,0.0,0.0,10.0,20000,0,0,15.0
Jackson,2026-08-06T08:00,0.0,0.0,10.0,20000,0,0,15.0
Jackson,2026-08-06T09:00,0.0,0.0,10.0,20000,0,0,15.0
Jackson,2026-08-06T10:00,0.0,0.0,10.0,20000,0,0,15.0
Jackson,2026-08-06T11:00,0.0,0.0,10.0,20000,0,0,15.0
Jackson,2026-08-06T12:00,0.0,0.0,10.0,20000,0,0,15.0
Jackson,2026-08-06T13:00,0.0,0.0,10.0,20000,0,0,15.0
Jackson,2026-08-06T14:00,0.0,0.0,10.0,20000,0,0,15.0
Jackson,2026-08-06T15:00,0.0,0.0,10.0,20000,0,0,15.0
Jackson,2026-08-06T16:00,0.0,0.0,10.0,20000,0,0,15.0
Jackson,2026-08-06T17:00,0.0,0.0,10.0,20000,0,0,15.0
Jackson,2026-08-06T18:00,0.0,0.0,10.0,20000,0,0,15.0
Jackson,2026-08-06T19:00,0.0,0.0,10.0,20000,0,0,15.0
Jackson,2026-08-06T20:00,0.0,0.0,10.0,20000,0,0,15.0
Jackson,2026-08-06T21:00,0.0,0.0,10.0,20000,0,0,15.0
Jackson,2026-08-06T22:00,0.0,0.0,10.0,20000,0,0,15.0
Jackson,2026-08-06T23:00,0.0,0.0,10.0,20000,0,0,15.0
Jackson,2026-08-07T00:00,0.0,0.0,10.0,20000,0,0,15.0
Jackson,2026-08-07T01:00,0.0,0.0,10.0,20000,0,0,15.0
Jackson,2026-08-07T02:00,0.0,0.0,10.0,20000,0,0,15.0
Jackson,2026-08-07T03:00,0.0,0.0,10.0,20000,0,0,15.0
Jackson,2026-08-07T04:00,0.0,0.0,10.0,20000,0,0,15.0
Jackson,2026-08-07T05:00,0.0,0.0,10.0,20000,0,0,15.0
Jackson,2026-08-07T06:00,0.0,0.0,10.0,20000,0,0,15.0
Jackson,2026-08-07T07:00,0.0,0.0,10.0,20000,0,0,15.0
Jackson,2026-08-07T08:00,0.0,0.0,10.0,20000,0,0,15.0
Jackson,2026-08-07T09:00,0.0,0.0,10.0,20000,0,0,15.0
Jackson,2026-08-07T10:00,0.0,0.0,10.0,20000,0,0,15.0
Jackson,2026-08-07T11:00,0.0,0.0,10.0,20000,0,0,15.0
Jackson,2026-08-07T12:00,0.0,0.0,10.0,20000,0,0,15.0
Jackson,2026-08-07T13:00,0.0,0.0,10.0,20000,0,0,15.0
Jackson,2026-08-07T14:00,0.0,0.0,10.0,20000,0,0,15.0
Jackson,2026-08-07T15:00,0.0,0.0,10.0,20000,0,0,15.0
Jackson,2026-08-07T16:00,0.0,0.0,10.0,20000,0,0,15.0
Jackson,2026-08-07T17:00,0.0,0.0,10.0,20000,0,0,15.0
Jackson,2026-08-07T18:00,0.0,0.0,10.0,20000,0,0,15.0
Jefferson,2026-08-05T19:00,0.0,0.0,10.0,20000,0,0,15.0
Jefferson,2026-08-05T20:00,0.0,0.0,10.0,20000,0,0,15.0
Jefferson,2026-08-05T21:00,0.0,0.0,10.0,20000,0,0,15.0
Jefferson,2026-08-05T22:00,0.0,0.0,10.0,20000,0,0,15.0
Jefferson,2026-08-05T23:00,0.0,0.0,10.0,20000,0,0,15.0
Jefferson,2026-08-06T00:00,0.0,0.0,10.0,20000,0,0,15.0
Jefferson,2026-08-06T01:00,0.0,0.0,10.0,20000,0,0,15.0
Jefferson,2026-08-06T02:00,0.0,0.0,10.0,20000,0,0,15.0
Jefferson,2026-08-06T03:00,0.0,0.0,10.0,20000,0,0,15.0
Jefferson,2026-08-06T04:00,0.0,0.0,10.0,20000,0,0,15.0
Jefferson,2026-08-06T05:00,0.0,0.0,10.0,20000,0,0,15.0
Jefferson,2026-08-06T06:00,0.0,0.0,10.0,20000,0,0,15.0
Jefferson,2026-08-06T07:00,0.0,0.0,10.0,20000,0,0,15.0
Jefferson,2026-08-06T08:00,0.0,0.0,10.0,20000,0,0,15.0
Jefferson,2026-08-06T09:00,0.0,0.0,10.0,20000,0,0,15.0
Jefferson,2026-08-06T10:00,0.0,0.0,10.0,20000,0,0,15.0
Jefferson,2026-08-06T11:00,0.0,0.0,10.0,20000,0,0,15.0
Jefferson,2026-08-06T12:00,0.0,0.0,10.0,20000,0,0,15.0
Jefferson,2026-08-06T13:00,0.0,0.0,10.0,20000,0,0,15.0
Jefferson,2026-08-06T14:00,0.0,0.0,10.0,20000,0,0,15.0
Jefferson,2026-08-06T15:00,0.0,0.0,10.0,20000,0,0,15.0
Jefferson,2026-08-06T16:00,0.0,0.0,10.0,20000,0,0,15.0
Jefferson,2026-08-06T17:00,0.0,0.0,10.0,20000,0,0,15.0
Jefferson,2026-08-06T18:00,0.0,0.0,10.0,20000,0,0,15.0
Jefferson,2026-08-06T19:00,0.0,0.0,10.0,20000,0,0,15.0
Jefferson,2026-08-06T20:00,0.0,0.0,10.0,20000,0,0,15.0
Jefferson,2026-08-06T21:00,0.0,0.0,10.0,20000,0,0,15.0
Jefferson,2026-08-06T22:00,0.0,0.0,10.0,20000,0,0,15.0
Jefferson,2026-08-06T23:00,0.0,0.0,10.0,20000,0,0,15.0
Jefferson,2026-08-07T00:00,0.0,0.0,10.0,20000,0,0,15.0
Jefferson,2026-08-07T01:00,0.0,0.0,10.0,20000,0,0,15.0
Jefferson,2026-08-07T02:00,0.0,0.0,10.0,20000,0,0,15.0
Jefferson,2026-08-07T03:00,0.0,0.0,10.0,20000,0,0,15.0
Jefferson,2026-08-07T04:00,0.0,0.0,10.0,20000,0,0,15.0
Jefferson,2026-08-07T05:00,0.0,0.0,10.0,20000,0,0,15.0
Jefferson,2026-08-07T06:00,0.0,0.0,10.0,20000,0,0,15.0
Jefferson,2026-08-07T07:00,0.0,0.0,10.0,20000,0,0,15.0
Jefferson,2026-08-07T08:00,0.0,0.0,10.0,20000,0,0,15.0
Jefferson,2026-08-07T09:00,0.0,0.0,10.0,20000,0,0,15.0
Jefferson,2026-08-07T10:00,0.0,0.0,10.0,20000,0,0,15.0
Jefferson,2026-08-07T11:00,0.0,0.0,10.0,20000,0,0,15.0
Jefferson,2026-08-07T12:00,0.0,0.0,10.0,20000,0,0,15.0
Jefferson,2026-08-07T13:00,0.0,0.0,10.0,20000,0,0,15.0
Jefferson,2026-08-07T14:00,0.0,0.0,10.0,20000,0,0,15.0
Jefferson,2026-08-07T15:00,0.0,0.0,10.0,20000,0,0,15.0
Jefferson,2026-08-07T16:00,0.0,0.0,10.0,20000,0,0,15.0
Jefferson,2026-08-07T17:00,0.0,0.0,10.0,20000,0,0,15.0
Jefferson,2026-08-07T18:00,0.0,0.0,10.0,20000,0,0,15.0
Lagrange,2026-08-05T19:00,0.0,0.0,10.0,20000,0,0,15.0
Lagrange,2026-08-05T20:00,0.0,0.0,10.0,20000,0,0,15.0
Lagrange,2026-08-05T21:00,0.0,0.0,10.0,20000,0,0,15.0
Lagrange,2026-08-05T22:00,0.0,0.0,10.0,20000,0,0,15.0
Lagrange,2026-08-05T23:00,0.0,0.0,10.0,20000,0,0,15.0
Lagrange,2026-08-06T00:00,0.0,0.0,10.0,20000,0,0,15.0
Lagrange,2026-08-06T01:00,0.0,0.0,10.0,20000,0,0,15.0
Lagrange,2026-08-06T02:00,0.0,0.0,10.0,20000,0,0,15.0
Lagrange,2026-08-06T03:00,0.0,0.0,10.0,20000,0,0,15.0
Lagrange,2026-08-06T04:00,0.0,0.0,10.0,20000,0,0,15.0
Lagrange,2026-08-06T05:00,0.0,0.0,10.0,20000,0,0,15.0
Lagrange,2026-08-06T06:00,0.0,0.0,10.0,20000,0,0,15.0
Lagrange,2026-08-06T07:00,0.0,0.0,10.0,20000,0,0,15.0
Lagrange,2026-08-06T08:00,0.0,0.0,10.0,20000,0,0,15.0
Lagrange,2026-08-06T09:00,0.0,0.0,10.0,20000,0,0,15.0
Lagrange,2026-08-06T10:00,0.0,0.0,10.0,20000,0,0,15.0
Lagrange,2026-08-06T11:00,0.0,0.0,10.0,20000,0,0,15.0
Lagrange,2026-08-06T12:00,0.0,0.0,10.0,20000,0,0,15.0
Lagrange,2026-08-06T13:00,0.0,0.0,10.0,20000,0,0,15.0
Lagrange,2026-08-06T14:00,0.0,0.0,10.0,20000,0,0,15.0
Lagrange,2026-08-06T15:00,0.0,0.0,10.0,20000,0,0,15.0
Lagrange,2026-08-06T16:00,0.0,0.0,10.0,20000,0,0,15.0
Lagrange,2026-08-06T17:00,0.0,0.0,10.0,20000,0,0,15.0
Lagrange,2026-08-06T18:00,0.0,0.0,10.0,20000,0,0,15.0
Lagrange,2026-08-06T19:00,0.0,0.0,10.0,20000,0,0,15.0
Lagrange,2026-08-06T20:00,0.0,0.0,10.0,20000,0,0,15.0
Lagrange,2026-08-06T21:00,0.0,0.0,10.0,20000,0,0,15.0
Lagrange,2026-08-06T22:00,0.0,0.0,10.0,20000,0,0,15.0
Lagrange,2026-08-06T23:00,0.0,0.0,10.0,20000,0,0,15.0
Lagrange,2026-08-07T00:00,0.0,0.0,10.0,20000,0,0,15.0
Lagrange,2026-08-07T01:00,0.0,0.0,10.0,20000,0,0,15.0
Lagrange,2026-08-07T02:00,0.0,0.0,10.0,20000,0,0,15.0
Lagrange,2026-08-07T03:00,0.0,0.0,10.0,20000,0,0,15.0
Lagrange,2026-08-07T04:00,0.0,0.0,10.0,20000,0,0,15.0
Lagrange,2026-08-07T05:00,0.0,0.0,10.0,20000,0,0,15.0
Lagrange,2026-08-07T06:00,0.0,0.0,10.0,20000,0,0,15.0
Lagrange,2026-08-07T07:00,0.0,0.0,10.0,20000,0,0,15.0
Lagrange,2026-08-07T08:00,0.0,0.0,10.0,20000,0,0,15.0
Lagrange,2026-08-07T09:00,0.0,0.0,10.0,20000,0,0,15.0
Lagrange,2026-08-07T10:00,0.0,0.0,10.0,20000,0,0,15.0
Lagrange,2026-08-07T11:00,0.0,0.0,10.0,20000,0,0,15.0
Lagrange,2026-08-07T12:00,0.0,0.0,10.0,20000,0,0,15.0
Lagrange,2026-08-07T13:00,0.0,0.0,10.0,20000,0,0,15.0
Lagrange,2026-08-07T14:00,0.0,0.0,10.0,20000,0,0,15.0
Lagrange,2026-08-07T15:00,0.0,0.0,10.0,20000,0,0,15.0
Lagrange,2026-08-07T16:00,0.0,0.0,10.0,20000,0,0,15.0
Lagrange,2026-08-07T17:00,0.0,0.0,10.0,20000,0,0,15.0
Lagrange,2026-08-07T18:00,0.0,0.0,10.0,20000,0,0,15.0
Laporte,2026-08-05T19:00,0.0,0.0,10.0,20000,0,0,15.0
Laporte,2026-08-05T20:00,0.0,0.0,10.0,20000,0,0,15.0
Laporte,2026-08-05T21:00,0.0,0.0,10.0,20000,0,0,15.0
Laporte,2026-08-05T22:00,0.0,0.0,10.0,20000,0,0,15.0
Laporte,2026-08-05T23:00,0.0,0.0,10.0,20000,0,0,15.0
Laporte,2026-08-06T00:00,0.0,0.0,10.0,20000,0,0,15.0
Laporte,2026-08-06T01:00,0.0,0.0,10.0,20000,0,0,15.0
Laporte,2026-08-06T02:00,0.0,0.0,10.0,20000,0,0,15.0
Laporte,2026-08-06T03:00,0.0,0.0,10.0,20000,0,0,15.0
Laporte,2026-08-06T04:00,0.0,0.0,10.0,20000,0,0,15.0
Laporte,2026-08-06T05:00,0.0,0.0,10.0,20000,0,0,15.0
Laporte,2026-08-06T06:00,0.0,0.0,10.0,20000,0,0,15.0
Laporte,2026-08-06T07:00,0.0,0.0,10.0,20000,0,0,15.0
Laporte,2026-08-06T08:00,0.0,0.0,10.0,20000,0,0,15.0
Laporte,2026-08-06T09:00,0.0,0.0,10.0,20000,0,0,15.0
Laporte,2026-08-06T10:00,0.0,0.0,10.0,20000,0,0,15.0
Laporte,2026-08-06T11:00,0.0,0.0,10.0,20000,0,0,15.0
Laporte,2026-08-06T12:00,0.0,0.0,10.0,20000,0,0,15.0
Laporte,2026-08-06T13:00,0.0,0.0,10.0,20000,0,0,15.0
Laporte,2026-08-06T14:00,0.0,0.0,10.0,20000,0,0,15.0
Laporte,2026-08-06T15:00,0.0,0.0,10.0,20000,0,0,15.0
Laporte,2026-08-06T16:00,0.0,0.0,10.0,20000,0,0,15.0
Laporte,2026-08-06T17:00,0.0,0.0,10.0,20000,0,0,15.0
Laporte,2026-08-06T18:00,0.0,0.0,10.0,20000,0,0,15.0
Laporte,2026-08-06T19:00,0.0,0.0,10.0,20000,0,0,15.0
Laporte,2026-08-06T20:00,0.0,0.0,10.0,20000,0,0,15.0
Laporte,2026-08-06T21:00,0.0,0.0,10.0,20000,0,0,15.0
Laporte,2026-08-06T22:00,0.0,0.0,10.0,20000,0,0,15.0
Laporte,2026-08-06T23:00,0.0,0.0,10.0,20000,0,0,15.0
Laporte,2026-08-07T00:00,0.0,0.0,10.0,20000,0,0,15.0
Laporte,2026-08-07T01:00,0.0,0.0,10.0,20000,0,0,15.0
Laporte,2026-08-07T02:00,0.0,0.0,10.0,20000,0,0,15.0
Laporte,2026-08-07T03:00,0.0,0.0,10.0,20000,0,0,15.0
Laporte,2026-08-07T04:00,0.0,0.0,10.0,20000,0,0,15.0
Laporte,2026-08-07T05:00,0.0,0.0,10.0,20000,0,0,15.0
Laporte,2026-08-07T06:00,0.0,0.0,10.0,20000,0,0,15.0
Laporte,2026-08-07T07:00,0.0,0.0,10.0,20000,0,0,15.0
Laporte,2026-08-07T08:00,0.0,0.0,10.0,20000,0,0,15.0
Laporte,2026-08-07T09:00,0.0,0.0,10.0,20000,0,0,15.0
Laporte,2026-08-07T10:00,0.0,0.0,10.0,20000,0,0,15.0
Laporte,2026-08-07T11:00,0.0,0.0,10.0,20000,0,0,15.0
Laporte,2026-08-07T12:00,0.0,0.0,10.0,20000,0,0,15.0
Laporte,2026-08-07T13:00,0.0,0.0,10.0,20000,0,0,15.0
Laporte,2026-08-07T14:00,0.0,0.0,10.0,20000,0,0,15.0
Laporte,2026-08-07T15:00,0.0,0.0,10.0,20000,0,0,15.0
Laporte,2026-08-07T16:00,0.0,0.0,10.0,20000,0,0,15.0
Laporte,2026-08-07T17:00,0.0,0.0,10.0,20000,0,0,15.0
Laporte,2026-08-07T18:00,0.0,0.0,10.0,20000,0,0,15.0
Marion,2026-08-05T19:00,0.0,0.0,10.0,20000,0,0,15.0
Marion,2026-08-05T20:00,0.0,0.0,10.0,20000,0,0,15.0
Marion,2026-08-05T21:00,0.0,0.0,10.0,20000,0,0,15.0
Marion,2026-08-05T22:00,0.0,0.0,10.0,20000,0,0,15.0
Marion,2026-08-05T23:00,0.0,0.0,10.0,20000,0,0,15.0
Marion,2026-08-06T00:00,0.0,0.0,10.0,20000,0,0,15.0
Marion,2026-08-06T01:00,0.0,0.0,10.0,20000,0,0,15.0
Marion,2026-08-06T02:00,0.0,0.0,10.0,20000,0,0,15.0
Marion,2026-08-06T03:00,0.0,0.0,10.0,20000,0,0,15.0
Marion,2026-08-06T04:00,0.0,0.0,10.0,20000,0,0,15.0
Marion,2026-08-06T05:00,0.0,0.0,10.0,20000,0,0,15.0
Marion,2026-08-06T06:00,0.0,0.0,10.0,20000,0,0,15.0
Marion,2026-08-06T07:00,0.0,0.0,10.0,20000,0,0,15.0
Marion,2026-08-06T08:00,0.0,0.0,10.0,20000,0,0,15.0
Marion,2026-08-06T09:00,0.0,0.0,10.0,20000,0,0,15.0
Marion,2026-08-06T10:00,0.0,0.0,10.0,20000,0,0,15.0
Marion,2026-08-06T11:00,0.0,0.0,10.0,20000,0,0,15.0
Marion,2026-08-06T12:00,0.0,0.0,10.0,20000,0,0,15.0
Marion,2026-08-06T13:00,0.0,0.0,10.0,20000,0,0,15.0
Marion,2026-08-06T14:00,0.0,0.0,10.0,20000,0,0,15.0
Marion,2026-08-06T15:00,0.0,0.0,10.0,20000,0,0,15.0
Marion,2026-08-06T16:00,0.0,0.0,10.0,20000,0,0,15.0
Marion,2026-08-06T17:00,0.0,0.0,10.0,20000,0,0,15.0
Marion,2026-08-06T18:00,0.0,0.0,10.0,20000,0,0,15.0
Marion,2026-08-06T19:00,0.0,0.0,10.0,20000,0,0,15.0
Marion,2026-08-06T20:00,0.0,0.0,10.0,20000,0,0,15.0
Marion,2026-08-06T21:00,0.0,0.0,10.0,20000,0,0,15.0
Marion,2026-08-06T22:00,0.0,0.0,10.0,20000,0,0,15.0
Marion,2026-08-06T23:00,0.0,0.0,10.0,20000,0,0,15.0
Marion,2026-08-07T00:00,0.0,0.0,10.0,20000,0,0,15.0
Marion,2026-08-07T01:00,0.0,0.0,10.0,20000,0,0,15.0
Marion,2026-08-07T02:00,0.0,0.0,10.0,20000,0,0,15.0
Marion,2026-08-07T03:00,0.0,0.0,10.0,20000,0,0,15.0
Marion,2026-08-07T04:00,0.0,0.0,10.0,20000,0,0,15.0
Marion,2026-08-07T05:00,0.0,0.0,10.0,20000,0,0,15.0
Marion,2026-08-07T06:00,0.0,0.0,10.0,20000,0,0,15.0
Marion,2026-08-07T07:00,0.0,0.0,10.0,20000,0,0,15.0
Marion,2026-08-07T08:00,0.0,0.0,10.0,20000,0,0,15.0
Marion,2026-08-07T09:00,0.0,0.0,10.0,20000,0,0,15.0
Marion,2026-08-07T10:00,0.0,0.0,10.0,20000,0,0,15.0
Marion,2026-08-07T11:00,0.0,0.0,10.0,20000,0,0,15.0
Marion,2026-08-07T12:00,0.0,0.0,10.0,20000,0,0,15.0
Marion,2026-08-07T13:00,0.0,0.0,10.0,20000,0,0,15.0
Marion,2026-08-07T14:00,0.0,0.0,10.0,20000,0,0,15.0
Marion,2026-08-07T15:00,0.0,0.0,10.0,20000,0,0,15.0
Marion,2026-08-07T16:00,0.0,0.0,10.0,20000,0,0,15.0
Marion,2026-08-07T17:00,0.0,0.0,10.0,20000,0,0,15.0
Marion,2026-08-07T18:00,0.0,0.0,10.0,20000,0,0,15.0
Martin,2026-08-05T19:00,0.0,0.0,10.0,20000,0,0,15.0
Martin,2026-08-05T20:00,0.0,0.0,10.0,20000,0,0,15.0
Martin,2026-08-05T21:00,0.0,0.0,10.0,20000,0,0,15.0
Martin,2026-08-05T22:00,0.0,0.0,10.0,20000,0,0,15.0
Martin,2026-08-05T23:00,0.0,0.0,10.0,20000,0,0,15.0
Martin,2026-08-06T00:00,0.0,0.0,10.0,20000,0,0,15.0
Martin,2026-08-06T01:00,0.0,0.0,10.0,20000,0,0,15.0
Martin,2026-08-06T02:00,0.0,0.0,10.0,20000,0,0,15.0
Martin,2026-08-06T03:00,0.0,0.0,10.0,20000,0,0,15.0
Martin,2026-08-06T04:00,0.0,0.0,10.0,20000,0,0,15.0
Martin,2026-08-06T05:00,0.0,0.0,10.0,20000,0,0,15.0
Martin,2026-08-06T06:00,0.0,0.0,10.0,20000,0,0,15.0
Martin,2026-08-06T07:00,0.0,0.0,10.0,20000,0,0,15.0
Martin,2026-08-06T08:00,0.0,0.0,10.0,20000,0,0,15.0
Martin,2026-08-06T09:00,0.0,0.0,10.0,20000,0,0,15.0
Martin,2026-08-06T10:00,0.0,0.0,10.0,20000,0,0,15.0
Martin,2026-08-06T11:00,0.0,0.0,10.0,20000,0,0,15.0
Martin,2026-08-06T12:00,0.0,0.0,10.0,20000,0,0,15.0
Martin,2026-08-06T13:00,0.0,0.0,10.0,20000,0,0,15.0
Martin,2026-08-06T14:00,0.0,0.0,10.0,20000,0,0,15.0
Martin,2026-08-06T15:00,0.0,0.0,10.0,20000,0,0,15.0
Martin,2026-08-06T16:00,0.0,0.0,10.0,20000,0,0,15.0
Martin,2026-08-06T17:00,0.0,0.0,10.0,20000,0,0,15.0
Martin,2026-08-06T18:00,0.0,0.0,10.0,20000,0,0,15.0
Martin,2026-08-06T19:00,0.0,0.0,10.0,20000,0,0,15.0
Martin,2026-08-06T20:00,0.0,0.0,10.0,20000,0,0,15.0
Martin,2026-08-06T21:00,0.0,0.0,10.0,20000,0,0,15.0
Martin,2026-08-06T22:00,0.0,0.0,10.0,20000,0,0,15.0
Martin,2026-08-06T23:00,0.0,0.0,10.0,20000,0,0,15.0
Martin,2026-08-07T00:00,0.0,0.0,10.0,20000,0,0,15.0
Martin,2026-08-07T01:00,0.0,0.0,10.0,20000,0,0,15.0
Martin,2026-08-07T02:00,0.0,0.0,10.0,20000,0,0,15.0
Martin,2026-08-07T03:00,0.0,0.0,10.0,20000,0,0,15.0
Martin,2026-08-07T04:00,0.0,0.0,10.0,20000,0,0,15.0
Martin,2026-08-07T05:00,0.0,0.0,10.0,20000,0,0,15.0
Martin,2026-08-07T06:00,0.0,0.0,10.0,20000,0,0,15.0
Martin,2026-08-07T07:00,0.0,0.0,10.0,20000,0,0,15.0
Martin,2026-08-07T08:00,0.0,0.0,10.0,20000,0,0,15.0
Martin,2026-08-07T09:00,0.0,0.0,10.0,20000,0,0,15.0
Martin,2026-08-07T10:00,0.0,0.0,10.0,20000,0,0,15.0
Martin,2026-08-07T11:00,0.0,0.0,10.0,20000,0,0,15.0
Martin,2026-08-07T12:00,0.0,0.0,10.0,20000,0,0,15.0
Martin,2026-08-07T13:00,0.0,0.0,10.0,20000,0,0,15.0
Martin,2026-08-07T14:00,0.0,0.0,10.0,20000,0,0,15.0
Martin,2026-08-07T15:00,0.0,0.0,10.0,20000,0,0,15.0
Martin,2026-08-07T16:00,0.0,0.0,10.0,20000,0,0,15.0
Martin,2026-08-07T17:00,0.0,0.0,10.0,20000,0,0,15.0
Martin,2026-08-07T18:00,0.0,0.0,10.0,20000,0,0,15.0
Miami,2026-08-05T19:00,0.0,0.0,10.0,20000,0,0,15.0
Miami,2026-08-05T20:00,0.0,0.0,10.0,20000,0,0,15.0
Miami,2026-08-05T21:00,0.0,0.0,10.0,20000,0,0,15.0
Miami,2026-08-05T22:00,0.0,0.0,10.0,20000,0,0,15.0
Miami,2026-08-05T23:00,0.0,0.0,10.0,20000,0,0,15.0
Miami,2026-08-06T00:00,0.0,0.0,10.0,20000,0,0,15.0
Miami,2026-08-06T01:00,0.0,0.0,10.0,20000,0,0,15.0
Miami,2026-08-06T02:00,0.0,0.0,10.0,20000,0,0,15.0
Miami,2026-08-06T03:00,0.0,0.0,10.0,20000,0,0,15.0
Miami,2026-08-06T04:00,0.0,0.0,10.0,20000,0,0,15.0
Miami,2026-08-06T05:00,0.0,0.0,10.0,20000,0,0,15.0
Miami,2026-08-06T06:00,0.0,0.0,10.0,20000,0,0,15.0
Miami,2026-08-06T07:00,0.0,0.0,10.0,20000,0,0,15.0
Miami,2026-08-06T08:00,0.0,0.0,10.0,20000,0,0,15.0
Miami,2026-08-06T09:00,0.0,0.0,10.0,20000,0,0,15.0
Miami,2026-08-06T10:00,0.0,0.0,10.0,20000,0,0,15.0
Miami,2026-08-06T11:00,0.0,0.0,10.0,20000,0,0,15.0
Miami,2026-08-06T12:00,0.0,0.0,10.0,20000,0,0,15.0
Miami,2026-08-06T13:00,0.0,0.0,10.0,20000,0,0,15.0
Miami,2026-08-06T14:00,0.0,0.0,10.0,20000,0,0,15.0
Miami,2026-08-06T15:00,0.0,0.0,10.0,20000,0,0,15.0
Miami,2026-08-06T16:00,0.0,0.0,10.0,20000,0,0,15.0
Miami,2026-08-06T17:00,0.0,0.0,10.0,20000,0,0,15.0
Miami,2026-08-06T18:00,0.0,0.0,10.0,20000,0,0,15.0
Miami,2026-08-06T19:00,0.0,0.0,10.0,20000,0,0,15.0
Miami,2026-08-06T20:00,0.0,0.0,10.0,20000,0,0,15.0
Miami,2026-08-06T21:00,0.0,0.0,10.0,20000,0,0,15.0
Miami,2026-08-06T22:00,0.0,0.0,10.0,20000,0,0,15.0
Miami,2026-08-06T23:00,0.0,0.0,10.0,20000,0,0,15.0
Miami,2026-08-07T00:00,0.0,0.0,10.0,20000,0,0,15.0
Miami,2026-08-07T01:00,0.0,0.0,10.0,20000,0,0,15.0
Miami,2026-08-07T02:00,0.0,0.0,10.0,20000,0,0,15.0
Miami,2026-08-07T03:00,0.0,0.0,10.0,20000,0,0,15.0
Miami,2026-08-07T04:00,0.0,0.0,10.0,20000,0,0,15.0
Miami,2026-08-07T05:00,0.0,0.0,10.0,20000,0,0,15.0
Miami,2026-08-07T06:00,0.0,0.0,10.0,20000,0,0,15.0
Miami,2026-08-07T07:00,0.0,0.0,10.0,20000,0,0,15.0
Miami,2026-08-07T08:00,0.0,0.0,10.0,20000,0,0,15.0
Miami,2026-08-07T09:00,0.0,0.0,10.0,20000,0,0,15.0
Miami,2026-08-07T10:00,0.0,0.0,10.0,20000,0,0,15.0
Miami,2026-08-07T11:00,0.0,0.0,10.0,20000,0,0,15.0
Miami,2026-08-07T12:00,0.0,0.0,10.0,20000,0,0,15.0
Miami,2026-08-07T13:00,0.0,0.0,10.0,20000,0,0,15.0
Miami,2026-08-07T14:00,0.0,0.0,10.0,20000,0,0,15.0
Miami,2026-08-07T15:00,0.0,0.0,10.0,20000,0,0,15.0
Miami,2026-08-07T16:00,0.0,0.0,10.0,20000,0,0,15.0
Miami,2026-08-07T17:00,0.0,0.0,10.0,20000,0,0,15.0
Miami,2026-08-07T18:00,0.0,0.0,10.0,20000,0,0,15.0
Morgan,2026-08-05T19:00,0.0,0.0,10.0,20000,0,0,15.0
Morgan,2026-08-05T20:00,0.0,0.0,10.0,20000,0,0,15.0
Morgan,2026-08-05T21:00,0.0,0.0,10.0,20000,0,0,15.0
Morgan,2026-08-05T22:00,0.0,0.0,10.0,20000,0,0,15.0
Morgan,2026-08-05T23:00,0.0,0.0,10.0,20000,0,0,15.0
Morgan,2026-08-06T00:00,0.0,0.0,10.0,20000,0,0,15.0
Morgan,2026-08-06T01:00,0.0,0.0,10.0,20000,0,0,15.0
Morgan,2026-08-06T02:00,0.0,0.0,10.0,20000,0,0,15.0
Morgan,2026-08-06T03:00,0.0,0.0,10.0,20000,0,0,15.0
Morgan,2026-08-06T04:00,0.0,0.0,10.0,20000,0,0,15.0
Morgan,2026-08-06T05:00,0.0,0.0,10.0,20000,0,0,15.0
Morgan,2026-08-06T06:00,0.0,0.0,10.0,20000,0,0,15.0
Morgan,2026-08-06T07:00,0.0,0.0,10.0,20000,0,0,15.0
Morgan,2026-08-06T08:00,0.0,0.0,10.0,20000,0,0,15.0
Morgan,2026-08-06T09:00,0.0,0.0,10.0,20000,0,0,15.0
Morgan,2026-08-06T10:00,0.0,0.0,10.0,20000,0,0,15.0
Morgan,2026-08-06T11:00,0.0,0.0,10.0,20000,0,0,15.0
Morgan,2026-08-06T12:00,0.0,0.0,10.0,20000,0,0,15.0
Morgan,2026-08-06T13:00,0.0,0.0,10.0,20000,0,0,15.0
Morgan,2026-08-06T14:00,0.0,0.0,10.0,20000,0,0,15.0
Morgan,2026-08-06T15:00,0.0,0.0,10.0,20000,0,0,15.0
Morgan,2026-08-06T16:00,0.0,0.0,10.0,20000,0,0,15.0
Morgan,2026-08-06T17:00,0.0,0.0,10.0,20000,0,0,15.0
Morgan,2026-08-06T18:00,0.0,0.0,10.0,20000,0,0,15.0
Morgan,2026-08-06T19:00,0.0,0.0,10.0,20000,0,0,15.0
Morgan,2026-08-06T20:00,0.0,0.0,10.0,20000,0,0,15.0
Morgan,2026-08-06T21:00,0.0,0.0,10.0,20000,0,0,15.0
Morgan,2026-08-06T22:00,0.0,0.0,10.0,20000,0,0,15.0
Morgan,2026-08-06T23:00,0.0,0.0,10.0,20000,0,0,15.0
Morgan,2026-08-07T00:00,0.0,0.0,10.0,20000,0,0,15.0
Morgan,2026-08-07T01:00,0.0,0.0,10.0,20000,0,0,15.0
Morgan,2026-08-07T02:00,0.0,0.0,10.0,20000,0,0,15.0
Morgan,2026-08-07T03:00,0.0,0.0,10.0,20000,0,0,15.0
Morgan,2026-08-07T04:00,0.0,0.0,10.0,20000,0,0,15.0
Morgan,2026-08-07T05:00,0.0,0.0,10.0,20000,0,0,15.0
Morgan,2026-08-07T06:00,0.0,0.0,10.0,20000,0,0,15.0
Morgan,2026-08-07T07:00,0.0,0.0,10.0,20000,0,0,15.0
Morgan,2026-08-07T08:00,0.0,0.0,10.0,20000,0,0,15.0
Morgan,2026-08-07T09:00,0.0,0.0,10.0,20000,0,0,15.0
Morgan,2026-08-07T10:00,0.0,0.0,10.0,20000,0,0,15.0
Morgan,2026-08-07T11:00,0.0,0.0,10.0,20000,0,0,15.0
Morgan,2026-08-07T12:00,0.0,0.0,10.0,20000,0,0,15.0
Morgan,2026-08-07T13:00,0.0,0.0,10.0,20000,0,0,15.0
Morgan,2026-08-07T14:00,0.0,0.0,10.0,20000,0,0,15.0
Morgan,2026-08-07T15:00,0.0,0.0,10.0,20000,0,0,15.0
Morgan,2026-08-07T16:00,0.0,0.0,10.0,20000,0,0,15.0
Morgan,2026-08-07T17:00,0.0,0.0,10.0,20000,0,0,15.0
Morgan,2026-08-07T18:00,0.0,0.0,10.0,20000,0,0,15.0
Benton,2026-08-05T19:00,0.0,0.0,10.0,20000,0,0,15.0
Benton,2026-08-05T20:00,0.0,0.0,10.0,20000,0,0,15.0
Benton,2026-08-05T21:00,0.0,0.0,10.0,20000,0,0,15.0
Benton,2026-08-05T22:00,0.0,0.0,10.0,20000,0,0,15.0
Benton,2026-08-05T23:00,0.0,0.0,10.0,20000,0,0,15.0
Benton,2026-08-06T00:00,0.0,0.0,10.0,20000,0,0,15.0
Benton,2026-08-06T01:00,0.0,0.0,10.0,20000,0,0,15.0
Benton,2026-08-06T02:00,0.0,0.0,10.0,20000,0,0,15.0
Benton,2026-08-06T03:00,0.0,0.0,10.0,20000,0,0,15.0
Benton,2026-08-06T04:00,0.0,0.0,10.0,20000,0,0,15.0
Benton,2026-08-06T05:00,0.0,0.0,10.0,20000,0,0,15.0
Benton,2026-08-06T06:00,0.0,0.0,10.0,20000,0,0,15.0
Benton,2026-08-06T07:00,0.0,0.0,10.0,20000,0,0,15.0
Benton,2026-08-06T08:00,0.0,0.0,10.0,20000,0,0,15.0
Benton,2026-08-06T09:00,0.0,0.0,10.0,20000,0,0,15.0
Benton,2026-08-06T10:00,0.0,0.0,10.0,20000,0,0,15.0
Benton,2026-08-06T11:00,0.0,0.0,10.0,20000,0,0,15.0
Benton,2026-08-06T12:00,0.0,0.0,10.0,20000,0,0,15.0
Benton,2026-08-06T13:00,0.0,0.0,10.0,20000,0,0,15.0
Benton,2026-08-06T14:00,0.0,0.0,10.0,20000,0,0,15.0
Benton,2026-08-06T15:00,0.0,0.0,10.0,20000,0,0,15.0
Benton,2026-08-06T16:00,0.0,0.0,10.0,20000,0,0,15.0
Benton,2026-08-06T17:00,0.0,0.0,10.0,20000,0,0,15.0
Benton,2026-08-06T18:00,0.0,0.0,10.0,20000,0,0,15.0
Benton,2026-08-06T19:00,0.0,0.0,10.0,20000,0,0,15.0
Benton,2026-08-06T20:00,0.0,0.0,10.0,20000,0,0,15.0
Benton,2026-08-06T21:00,0.0,0.0,10.0,20000,0,0,15.0
Benton,2026-08-06T22:00,0.0,0.0,10.0,20000,0,0,15.0
Benton,2026-08-06T23:00,0.0,0.0,10.0,20000,0,0,15.0
Benton,2026-08-07T00:00,0.0,0.0,10.0,20000,0,0,15.0
Benton,2026-08-07T01:00,0.0,0.0,10.0,20000,0,0,15.0
Benton,2026-08-07T02:00,0.0,0.0,10.0,20000,0,0,15.0
Benton,2026-08-07T03:00,0.0,0.0,10.0,20000,0,0,15.0
Benton,2026-08-07T04:00,0.0,0.0,10.0,20000,0,0,15.0
Benton,2026-08-07T05:00,0.0,0.0,10.0,20000,0,0,15.0
Benton,2026-08-07T06:00,0.0,0.0,10.0,20000,0,0,15.0
Benton,2026-08-07T07:00,0.0,0.0,10.0,20000,0,0,15.0
Benton,2026-08-07T08:00,0.0,0.0,10.0,20000,0,0,15.0
Benton,2026-08-07T09:00,0.0,0.0,10.0,20000,0,0,15.0
Benton,2026-08-07T10:00,0.0,0.0,10.0,20000,0,0,15.0
Benton,2026-08-07T11:00,0.0,0.0,10.0,20000,0,0,15.0
Benton,2026-08-07T12:00,0.0,0.0,10.0,20000,0,0,15.0
Benton,2026-08-07T13:00,0.0,0.0,10.0,20000,0,0,15.0
Benton,2026-08-07T14:00,0.0,0.0,10.0,20000,0,0,15.0
Benton,2026-08-07T15:00,0.0,0.0,10.0,20000,0,0,15.0
Benton,2026-08-07T16:00,0.0,0.0,10.0,20000,0,0,15.0
Benton,2026-08-07T17:00,0.0,0.0,10.0,20000,0,0,15.0
Benton,2026-08-07T18:00,0.0,0.0,10.0,20000,0,0,15.0
Brown,2026-08-05T19:00,0.0,0.0,10.0,20000,0,0,15.0
Brown,2026-08-05T20:00,0.0,0.0,10.0,20000,0,0,15.0
Brown,2026-08-05T21:00,0.0,0.0,10.0,20000,0,0,15.0
Brown,2026-08-05T22:00,0.0,0.0,10.0,20000,0,0,15.0
Brown,2026-08-05T23:00,0.0,0.0,10.0,20000,0,0,15.0
Brown,2026-08-06T00:00,0.0,0.0,10.0,20000,0,0,15.0
Brown,2026-08-06T01:00,0.0,0.0,10.0,20000,0,0,15.0
Brown,2026-08-06T02:00,0.0,0.0,10.0,20000,0,0,15.0
Brown,2026-08-06T03:00,0.0,0.0,10.0,20000,0,0,15.0
Brown,2026-08-06T04:00,0.0,0.0,10.0,20000,0,0,15.0
Brown,2026-08-06T05:00,0.0,0.0,10.0,20000,0,0,15.0
Brown,2026-08-06T06:00,0.0,0.0,10.0,20000,0,0,15.0
Brown,2026-08-06T07:00,0.0,0.0,10.0,20000,0,0,15.0
Brown,2026-08-06T08:00,0.0,0.0,10.0,20000,0,0,15.0
Brown,2026-08-06T09:00,0.0,0.0,10.0,20000,0,0,15.0
Brown,2026-08-06T10:00,0.0,0.0,10.0,20000,0,0,15.0
Brown,2026-08-06T11:00,0.0,0.0,10.0,20000,0,0,15.0
Brown,2026-08-06T12:00,0.0,0.0,10.0,20000,0,0,15.0
Brown,2026-08-06T13:00,0.0,0.0,10.0,20000,0,0,15.0
Brown,2026-08-06T14:00,0.0,0.0,10.0,20000,0,0,15.0
Brown,2026-08-06T15:00,0.0,0.0,10.0,20000,0,0,15.0
Brown,2026-08-06T16:00,0.0,0.0,10.0,20000,0,0,15.0
Brown,2026-08-06T17:00,0.0,0.0,10.0,20000,0,0,15.0
Brown,2026-08-06T18:00,0.0,0.0,10.0,20000,0,0,15.0
Brown,2026-08-06T19:00,0.0,0.0,10.0,20000,0,0,15.0
Brown,2026-08-06T20:00,0.0,0.0,10.0,20000,0,0,15.0
Brown,2026-08-06T21:00,0.0,0.0,10.0,20000,0,0,15.0
Brown,2026-08-06T22:00,0.0,0.0,10.0,20000,0,0,15.0
Brown,2026-08-06T23:00,0.0,0.0,10.0,20000,0,0,15.0
Brown,2026-08-07T00:00,0.0,0.0,10.0,20000,0,0,15.0
Brown,2026-08-07T01:00,0.0,0.0,10.0,20000,0,0,15.0
Brown,2026-08-07T02:00,0.0,0.0,10.0,20000,0,0,15.0
Brown,2026-08-07T03:00,0.0,0.0,10.0,20000,0,0,15.0
Brown,2026-08-07T04:00,0.0,0.0,10.0,20000,0,0,15.0
Brown,2026-08-07T05:00,0.0,0.0,10.0,20000,0,0,15.0
Brown,2026-08-07T06:00,0.0,0.0,10.0,20000,0,0,15.0
Brown,2026-08-07T07:00,0.0,0.0,10.0,20000,0,0,15.0
Brown,2026-08-07T08:00,0.0,0.0,10.0,20000,0,0,15.0
Brown,2026-08-07T09:00,0.0,0.0,10.0,20000,0,0,15.0
Brown,2026-08-07T10:00,0.0,0.0,10.0,20000,0,0,15.0
Brown,2026-08-07T11:00,0.0,0.0,10.0,20000,0,0,15.0
Brown,2026-08-07T12:00,0.0,0.0,10.0,20000,0,0,15.0
Brown,2026-08-07T13:00,0.0,0.0,10.0,20000,0,0,15.0
Brown,2026-08-07T14:00,0.0,0.0,10.0,20000,0,0,15.0
Brown,2026-08-07T15:00,0.0,0.0,10.0,20000,0,0,15.0
Brown,2026-08-07T16:00,0.0,0.0,10.0,20000,0,0,15.0
Brown,2026-08-07T17:00,0.0,0.0,10.0,20000,0,0,15.0
Brown,2026-08-07T18:00,0.0,0.0,10.0,20000,0,0,15.0
Carroll,2026-08-05T19:00,0.0,0.0,10.0,20000,0,0,15.0
Carroll,2026-08-05T20:00,0.0,0.0,10.0,20000,0,0,15.0
Carroll,2026-08-05T21:00,0.0,0.0,10.0,20000,0,0,15.0
Carroll,2026-08-05T22:00,0.0,0.0,10.0,20000,0,0,15.0
Carroll,2026-08-05T23:00,0.0,0.0,10.0,20000,0,0,15.0
Carroll,2026-08-06T00:00,0.0,0.0,10.0,20000,0,0,15.0
Carroll,2026-08-06T01:00,0.0,0.0,10.0,20000,0,0,15.0
Carroll,2026-08-06T02:00,0.0,0.0,10.0,20000,0,0,15.0
Carroll,2026-08-06T03:00,0.0,0.0,10.0,20000,0,0,15.0
Carroll,2026-08-06T04:00,0.0,0.0,10.0,20000,0,0,15.0
Carroll,2026-08-06T05:00,0.0,0.0,10.0,20000,0,0,15.0
Carroll,2026-08-06T06:00,0.0,0.0,10.0,20000,0,0,15.0
Carroll,2026-08-06T07:00,0.0,0.0,10.0,20000,0,0,15.0
Carroll,2026-08-06T08:00,0.0,0.0,10.0,20000,0,0,15.0
Carroll,2026-08-06T09:00,0.0,0.0,10.0,20000,0,0,15.0
Carroll,2026-08-06T10:00,0.0,0.0,10.0,20000,0,0,15.0
Carroll,2026-08-06T11:00,0.0,0.0,10.0,20000,0,0,15.0
Carroll,2026-08-06T12:00,0.0,0.0,10.0,20000,0,0,15.0
Carroll,2026-08-06T13:00,0.0,0.0,10.0,20000,0,0,15.0
Carroll,2026-08-06T14:00,0.0,0.0,10.0,20000,0,0,15.0
Carroll,2026-08-06T15:00,0.0,0.0,10.0,20000,0,0,15.0
Carroll,2026-08-06T16:00,0.0,0.0,10.0,20000,0,0,15.0
Carroll,2026-08-06T17:00,0.0,0.0,10.0,20000,0,0,15.0
Carroll,2026-08-06T18:00,0.0,0.0,10.0,20000,0,0,15.0
Carroll,2026-08-06T19:00,0.0,0.0,10.0,20000,0,0,15.0
Carroll,2026-08-06T20:00,0.0,0.0,10.0,20000,0,0,15.0
Carroll,2026-08-06T21:00,0.0,0.0,10.0,20000,0,0,15.0
Carroll,2026-08-06T22:00,0.0,0.0,10.0,20000,0,0,15.0
Carroll,2026-08-06T23:00,0.0,0.0,10.0,20000,0,0,15.0
Carroll,2026-08-07T00:00,0.0,0.0,10.0,20000,0,0,15.0
Carroll,2026-08-07T01:00,0.0,0.0,10.0,20000,0,0,15.0
Carroll,2026-08-07T02:00,0.0,0.0,10.0,20000,0,0,15.0
Carroll,2026-08-07T03:00,0.0,0.0,10.0,20000,0,0,15.0
Carroll,2026-08-07T04:00,0.0,0.0,10.0,20000,0,0,15.0
Carroll,2026-08-07T05:00,0.0,0.0,10.0,20000,0,0,15.0
Carroll,2026-08-07T06:00,0.0,0.0,10.0,20000,0,0,15.0
Carroll,2026-08-07T07:00,0.0,0.0,10.0,20000,0,0,15.0
Carroll,2026-08-07T08:00,0.0,0.0,10.0,20000,0,0,15.0
Carroll,2026-08-07T09:00,0.0,0.0,10.0,20000,0,0,15.0
Carroll,2026-08-07T10:00,0.0,0.0,10.0,20000,0,0,15.0
Carroll,2026-08-07T11:00,0.0,0.0,10.0,20000,0,0,15.0
Carroll,2026-08-07T12:00,0.0,0.0,10.0,20000,0,0,15.0
Carroll,2026-08-07T13:00,0.0,0.0,10.0,20000,0,0,15.0
Carroll,2026-08-07T14:00,0.0,0.0,10.0,20000,0,0,15.0
Carroll,2026-08-07T15:00,0.0,0.0,10.0,20000,0,0,15.0
Carroll,2026-08-07T16:00,0.0,0.0,10.0,20000,0,0,15.0
Carroll,2026-08-07T17:00,0.0,0.0,10.0,20000,0,0,15.0
Carroll,2026-08-07T18:00,0.0,0.0,10.0,20000,0,0,15.0
Clark,2026-08-05T19:00,0.0,0.0,10.0,20000,0,0,15.0
Clark,2026-08-05T20:00,0.0,0.0,10.0,20000,0,0,15.0
Clark,2026-08-05T21:00,0.0,0.0,10.0,20000,0,0,15.0
Clark,2026-08-05T22:00,0.0,0.0,10.0,20000,0,0,15.0
Clark,2026-08-05T23:00,0.0,0.0,10.0,20000,0,0,15.0
Clark,2026-08-06T00:00,0.0,0.0,10.0,20000,0,0,15.0
Clark,2026-08-06T01:00,0.0,0.0,10.0,20000,0,0,15.0
Clark,2026-08-06T02:00,0.0,0.0,10.0,20000,0,0,15.0
Clark,2026-08-06T03:00,0.0,0.0,10.0,20000,0,0,15.0
Clark,2026-08-06T04:00,0.0,0.0,10.0,20000,0,0,15.0
Clark,2026-08-06T05:00,0.0,0.0,10.0,20000,0,0,15.0
Clark,2026-08-06T06:00,0.0,0.0,10.0,20000,0,0,15.0
Clark,2026-08-06T07:00,0.0,0.0,10.0,20000,0,0,15.0
Clark,2026-08-06T08:00,0.0,0.0,10.0,20000,0,0,15.0
Clark,2026-08-06T09:00,0.0,0.0,10.0,20000,0,0,15.0
Clark,2026-08-06T10:00,0.0,0.0,10.0,20000,0,0,15.0
Clark,2026-08-06T11:00,0.0,0.0,10.0,20000,0,0,15.0
Clark,2026-08-06T12:00,0.0,0.0,10.0,20000,0,0,15.0
Clark,2026-08-06T13:00,0.0,0.0,10.0,20000,0,0,15.0
Clark,2026-08-06T14:00,0.0,0.0,10.0,20000,0,0,15.0
Clark,2026-08-06T15:00,0.0,0.0,10.0,20000,0,0,15.0
Clark,2026-08-06T16:00,0.0,0.0,10.0,20000,0,0,15.0
Clark,2026-08-06T17:00,0.0,0.0,10.0,20000,0,0,15.0
Clark,2026-08-06T18:00,0.0,0.0,10.0,20000,0,0,15.0
Clark,2026-08-06T19:00,0.0,0.0,10.0,20000,0,0,15.0
Clark,2026-08-06T20:00,0.0,0.0,10.0,20000,0,0,15.0
Clark,2026-08-06T21:00,0.0,0.0,10.0,20000,0,0,15.0
Clark,2026-08-06T22:00,0.0,0.0,10.0,20000,0,0,15.0
Clark,2026-08-06T23:00,0.0,0.0,10.0,20000,0,0,15.0
Clark,2026-08-07T00:00,0.0,0.0,10.0,20000,0,0,15.0
Clark,2026-08-07T01:00,0.0,0.0,10.0,20000,0,0,15.0
Clark,2026-08-07T02:00,0.0,0.0,10.0,20000,0,0,15.0
Clark,2026-08-07T03:00,0.0,0.0,10.0,20000,0,0,15.0
Clark,2026-08-07T04:00,0.0,0.0,10.0,20000,0,0,15.0
Clark,2026-08-07T05:00,0.0,0.0,10.0,20000,0,0,15.0
Clark,2026-08-07T06:00,0.0,0.0,10.0,20000,0,0,15.0
Clark,2026-08-07T07:00,0.0,0.0,10.0,20000,0,0,15.0
Clark,2026-08-07T08:00,0.0,0.0,10.0,20000,0,0,15.0
Clark,2026-08-07T09:00,0.0,0.0,10.0,20000,0,0,15.0
Clark,2026-08-07T10:00,0.0,0.0,10.0,20000,0,0,15.0
Clark,2026-08-07T11:00,0.0,0.0,10.0,20000,0,0,15.0
Clark,2026-08-07T12:00,0.0,0.0,10.0,20000,0,0,15.0
Clark,2026-08-07T13:00,0.0,0.0,10.0,20000,0,0,15.0
Clark,2026-08-07T14:00,0.0,0.0,10.0,20000,0,0,15.0
Clark,2026-08-07T15:00,0.0,0.0,10.0,20000,0,0,15.0
Clark,2026-08-07T16:00,0.0,0.0,10.0,20000,0,0,15.0
Clark,2026-08-07T17:00,0.0,0.0,10.0,20000,0,0,15.0
Clark,2026-08-07T18:00,0.0,0.0,10.0,20000,0,0,15.0
Crawford,2026-08-05T19:00,0.0,0.0,10.0,20000,0,0,15.0
Crawford,2026-08-05T20:00,0.0,0.0,10.0,20000,0,0,15.0
Crawford,2026-08-05T21:00,0.0,0.0,10.0,20000,0,0,15.0
Crawford,2026-08-05T22:00,0.0,0.0,10.0,20000,0,0,15.0
Crawford,2026-08-05T23:00,0.0,0.0,10.0,20000,0,0,15.0
Crawford,2026-08-06T00:00,0.0,0.0,10.0,20000,0,0,15.0
Crawford,2026-08-06T01:00,0.0,0.0,10.0,20000,0,0,15.0
Crawford,2026-08-06T02:00,0.0,0.0,10.0,20000,0,0,15.0
Crawford,2026-08-06T03:00,0.0,0.0,10.0,20000,0,0,15.0
Crawford,2026-08-06T04:00,0.0,0.0,10.0,20000,0,0,15.0
Crawford,2026-08-06T05:00,0.0,0.0,10.0,20000,0,0,15.0
Crawford,2026-08-06T06:00,0.0,0.0,10.0,20000,0,0,15.0
Crawford,2026-08-06T07:00,0.0,0.0,10.0,20000,0,0,15.0
Crawford,2026-08-06T08:00,0.0,0.0,10.0,20000,0,0,15.0
Crawford,2026-08-06T09:00,0.0,0.0,10.0,20000,0,0,15.0
Crawford,2026-08-06T10:00,0.0,0.0,10.0,20000,0,0,15.0
Crawford,2026-08-06T11:00,0.0,0.0,10.0,20000,0,0,15.0
Crawford,2026-08-06T12:00,0.0,0.0,10.0,20000,0,0,15.0
Crawford,2026-08-06T13:00,0.0,0.0,10.0,20000,0,0,15.0
Crawford,2026-08-06T14:00,0.0,0.0,10.0,20000,0,0,15.0
Crawford,2026-08-06T15:00,0.0,0.0,10.0,20000,0,0,15.0
Crawford,2026-08-06T16:00,0.0,0.0,10.0,20000,0,0,15.0
Crawford,2026-08-06T17:00,0.0,0.0,10.0,20000,0,0,15.0
Crawford,2026-08-06T18:00,0.0,0.0,10.0,20000,0,0,15.0
Crawford,2026-08-06T19:00,0.0,0.0,10.0,20000,0,0,15.0
Crawford,2026-08-06T20:00,0.0,0.0,10.0,20000,0,0,15.0
Crawford,2026-08-06T21:00,0.0,0.0,10.0,20000,0,0,15.0
Crawford,2026-08-06T22:00,0.0,0.0,10.0,20000,0,0,15.0
Crawford,2026-08-06T23:00,0.0,0.0,10.0,20000,0,0,15.0
Crawford,2026-08-07T00:00,0.0,0.0,10.0,20000,0,0,15.0
Crawford,2026-08-07T01:00,0.0,0.0,10.0,20000,0,0,15.0
Crawford,2026-08-07T02:00,0.0,0.0,10.0,20000,0,0,15.0
Crawford,2026-08-07T03:00,0.0,0.0,10.0,20000,0,0,15.0
Crawford,2026-08-07T04:00,0.0,0.0,10.0,20000,0,0,15.0
Crawford,2026-08-07T05:00,0.0,0.0,10.0,20000,0,0,15.0
Crawford,2026-08-07T06:00,0.0,0.0,10.0,20000,0,0,15.0
Crawford,2026-08-07T07:00,0.0,0.0,10.0,20000,0,0,15.0
Crawford,2026-08-07T08:00,0.0,0.0,10.0,20000,0,0,15.0
Crawford,2026-08-07T09:00,0.0,0.0,10.0,20000,0,0,15.0
Crawford,2026-08-07T10:00,0.0,0.0,10.0,20000,0,0,15.0
Crawford,2026-08-07T11:00,0.0,0.0,10.0,20000,0,0,15.0
Crawford,2026-08-07T12:00,0.0,0.0,10.0,20000,0,0,15.0
Crawford,2026-08-07T13:00,0.0,0.0,10.0,20000,0,0,15.0
Crawford,2026-08-07T14:00,0.0,0.0,10.0,20000,0,0,15.0
Crawford,2026-08-07T15:00,0.0,0.0,10.0,20000,0,0,15.0
Crawford,2026-08-07T16:00,0.0,0.0,10.0,20000,0,0,15.0
Crawford,2026-08-07T17:00,0.0,0.0,10.0,20000,0,0,15.0
Crawford,2026-08-07T18:00,0.0,0.0,10.0,20000,0,0,15.0
Decatur,2026-08-05T19:00,0.0,0.0,10.0,20000,0,0,15.0
Decatur,2026-08-05T20:00,0.0,0.0,10.0,20000,0,0,15.0
Decatur,2026-08-05T21:00,0.0,0.0,10.0,20000,0,0,15.0
Decatur,2026-08-05T22:00,0.0,0.0,10.0,20000,0,0,15.0
Decatur,2026-08-05T23:00,0.0,0.0,10.0,20000,0,0,15.0
Decatur,2026-08-06T00:00,0.0,0.0,10.0,20000,0,0,15.0
Decatur,2026-08-06T01:00,0.0,0.0,10.0,20000,0,0,15.0
Decatur,2026-08-06T02:00,0.0,0.0,10.0,20000,0,0,15.0
Decatur,2026-08-06T03:00,0.0,0.0,10.0,20000,0,0,15.0
Decatur,2026-08-06T04:00,0.0,0.0,10.0,20000,0,0,15.0
Decatur,2026-08-06T05:00,0.0,0.0,10.0,20000,0,0,15.0
Decatur,2026-08-06T06:00,0.0,0.0,10.0,20000,0,0,15.0
Decatur,2026-08-06T07:00,0.0,0.0,10.0,20000,0,0,15.0
Decatur,2026-08-06T08:00,0.0,0.0,10.0,20000,0,0,15.0
Decatur,2026-08-06T09:00,0.0,0.0,10.0,20000,0,0,15.0
Decatur,2026-08-06T10:00,0.0,0.0,10.0,20000,0,0,15.0
Decatur,2026-08-06T11:00,0.0,0.0,10.0,20000,0,0,15.0
Decatur,2026-08-06T12:00,0.0,0.0,10.0,20000,0,0,15.0
Decatur,2026-08-06T13:00,0.0,0.0,10.0,20000,0,0,15.0
Decatur,2026-08-06T14:00,0.0,0.0,10.0,20000,0,0,15.0
Decatur,2026-08-06T15:00,0.0,0.0,10.0,20000,0,0,15.0
Decatur,2026-08-06T16:00,0.0,0.0,10.0,20000,0,0,15.0
Decatur,2026-08-06T17:00,0.0,0.0,10.0,20000,0,0,15.0
Decatur,2026-08-06T18:00,0.0,0.0,10.0,20000,0,0,15.0
Decatur,2026-08-06T19:00,0.0,0.0,10.0,20000,0,0,15.0
Decatur,2026-08-06T20:00,0.0,0.0,10.0,20000,0,0,15.0
Decatur,2026-08-06T21:00,0.0,0.0,10.0,20000,0,0,15.0
Decatur,2026-08-06T22:00,0.0,0.0,10.0,20000,0,0,15.0
Decatur,2026-08-06T23:00,0.0,0.0,10.0,20000,0,0,15.0
Decatur,2026-08-07T00:00,0.0,0.0,10.0,20000,0,0,15.0
Decatur,2026-08-07T01:00,0.0,0.0,10.0,20000,0,0,15.0
Decatur,2026-08-07T02:00,0.0,0.0,10.0,20000,0,0,15.0
Decatur,2026-08-07T03:00,0.0,0.0,10.0,20000,0,0,15.0
Decatur,2026-08-07T04:00,0.0,0.0,10.0,20000,0,0,15.0
Decatur,2026-08-07T05:00,0.0,0.0,10.0,20000,0,0,15.0
Decatur,2026-08-07T06:00,0.0,0.0,10.0,20000,0,0,15.0
Decatur,2026-08-07T07:00,0.0,0.0,10.0,20000,0,0,15.0
Decatur,2026-08-07T08:00,0.0,0.0,10.0,20000,0,0,15.0
Decatur,2026-08-07T09:00,0.0,0.0,10.0,20000,0,0,15.0
Decatur,2026-08-07T10:00,0.0,0.0,10.0,20000,0,0,15.0
Decatur,2026-08-07T11:00,0.0,0.0,10.0,20000,0,0,15.0
Decatur,2026-08-07T12:00,0.0,0.0,10.0,20000,0,0,15.0
Decatur,2026-08-07T13:00,0.0,0.0,10.0,20000,0,0,15.0
Decatur,2026-08-07T14:00,0.0,0.0,10.0,20000,0,0,15.0
Decatur,2026-08-07T15:00,0.0,0.0,10.0,20000,0,0,15.0
Decatur,2026-08-07T16:00,0.0,0.0,10.0,20000,0,0,15.0
Decatur,2026-08-07T17:00,0.0,0.0,10.0,20000,0,0,15.0
Decatur,2026-08-07T18:00,0.0,0.0,10.0,20000,0,0,15.0
Delaware,2026-08-05T19:00,0.0,0.0,10.0,20000,0,0,15.0
Delaware,2026-08-05T20:00,0.0,0.0,10.0,20000,0,0,15.0
Delaware,2026-08-05T21:00,0.0,0.0,10.0,20000,0,0,15.0
Delaware,2026-08-05T22:00,0.0,0.0,10.0,20000,0,0,15.0
Delaware,2026-08-05T23:00,0.0,0.0,10.0,20000,0,0,15.0
Delaware,2026-08-06T00:00,0.0,0.0,10.0,20000,0,0,15.0
Delaware,2026-08-06T01:00,0.0,0.0,10.0,20000,0,0,15.0
Delaware,2026-08-06T02:00,0.0,0.0,10.0,20000,0,0,15.0
Delaware,2026-08-06T03:00,0.0,0.0,10.0,20000,0,0,15.0
Delaware,2026-08-06T04:00,0.0,0.0,10.0,20000,0,0,15.0
Delaware,2026-08-06T05:00,0.0,0.0,10.0,20000,0,0,15.0
Delaware,2026-08-06T06:00,0.0,0.0,10.0,20000,0,0,15.0
Delaware,2026-08-06T07:00,0.0,0.0,10.0,20000,0,0,15.0
Delaware,2026-08-06T08:00,0.0,0.0,10.0,20000,0,0,15.0
Delaware,2026-08-06T09:00,0.0,0.0,10.0,20000,0,0,15.0
Delaware,2026-08-06T10:00,0.0,0.0,10.0,20000,0,0,15.0
Delaware,2026-08-06T11:00,0.0,0.0,10.0,20000,0,0,15.0
Delaware,2026-08-06T12:00,0.0,0.0,10.0,20000,0,0,15.0
Delaware,2026-08-06T13:00,0.0,0.0,10.0,20000,0,0,15.0
Delaware,2026-08-06T14:00,0.0,0.0,10.0,20000,0,0,15.0
Delaware,2026-08-06T15:00,0.0,0.0,10.0,20000,0,0,15.0
Delaware,2026-08-06T16:00,0.0,0.0,10.0,20000,0,0,15.0
Delaware,2026-08-06T17:00,0.0,0.0,10.0,20000,0,0,15.0
Delaware,2026-08-06T18:00,0.0,0.0,10.0,20000,0,0,15.0
Delaware,2026-08-06T19:00,0.0,0.0,10.0,20000,0,0,15.0
Delaware,2026-08-06T20:00,0.0,0.0,10.0,20000,0,0,15.0
Delaware,2026-08-06T21:00,0.0,0.0,10.0,20000,0,0,15.0
Delaware,2026-08-06T22:00,0.0,0.0,10.0,20000,0,0,15.0
Delaware,2026-08-06T23:00,0.0,0.0,10.0,20000,0,0,15.0
Delaware,2026-08-07T00:00,0.0,0.0,10.0,20000,0,0,15.0
Delaware,2026-08-07T01:00,0.0,0.0,10.0,20000,0,0,15.0
Delaware,2026-08-07T02:00,0.0,0.0,10.0,20000,0,0,15.0
Delaware,2026-08-07T03:00,0.0,0.0,10.0,20000,0,0,15.0
Delaware,2026-08-07T04:00,0.0,0.0,10.0,20000,0,0,15.0
Delaware,2026-08-07T05:00,0.0,0.0,10.0,20000,0,0,15.0
Delaware,2026-08-07T06:00,0.0,0.0,10.0,20000,0,0,15.0
Delaware,2026-08-07T07:00,0.0,0.0,10.0,20000,0,0,15.0
Delaware,2026-08-07T08:00,0.0,0.0,10.0,20000,0,0,15.0
Delaware,2026-08-07T09:00,0.0,0.0,10.0,20000,0,0,15.0
Delaware,2026-08-07T10:00,0.0,0.0,10.0,20000,0,0,15.0
Delaware,2026-08-07T11:00,0.0,0.0,10.0,20000,0,0,15.0
Delaware,2026-08-07T12:00,0.0,0.0,10.0,20000,0,0,15.0
Delaware,2026-08-07T13:00,0.0,0.0,10.0,20000,0,0,15.0
Delaware,2026-08-07T14:00,0.0,0.0,10.0,20000,0,0,15.0
Delaware,2026-08-07T15:00,0.0,0.0,10.0,20000,0,0,15.0
Delaware,2026-08-07T16:00,0.0,0.0,10.0,20000,0,0,15.0
Delaware,2026-08-07T17:00,0.0,0.0,10.0,20000,0,0,15.0
Delaware,2026-08-07T18:00,0.0,0.0,10.0,20000,0,0,15.0
Fountain,2026-08-05T19:00,0.0,0.0,10.0,20000,0,0,15.0
Fountain,2026-08-05T20:00,0.0,0.0,10.0,20000,0,0,15.0
Fountain,2026-08-05T21:00,0.0,0.0,10.0,20000,0,0,15.0
Fountain,2026-08-05T22:00,0.0,0.0,10.0,20000,0,0,15.0
Fountain,2026-08-05T23:00,0.0,0.0,10.0,20000,0,0,15.0
Fountain,2026-08-06T00:00,0.0,0.0,10.0,20000,0,0,15.0
Fountain,2026-08-06T01:00,0.0,0.0,10.0,20000,0,0,15.0
Fountain,2026-08-06T02:00,0.0,0.0,10.0,20000,0,0,15.0
Fountain,2026-08-06T03:00,0.0,0.0,10.0,20000,0,0,15.0
Fountain,2026-08-06T04:00,0.0,0.0,10.0,20000,0,0,15.0
Fountain,2026-08-06T05:00,0.0,0.0,10.0,20000,0,0,15.0
Fountain,2026-08-06T06:00,0.0,0.0,10.0,20000,0,0,15.0
Fountain,2026-08-06T07:00,0.0,0.0,10.0,20000,0,0,15.0
Fountain,2026-08-06T08:00,0.0,0.0,10.0,20000,0,0,15.0
Fountain,2026-08-06T09:00,0.0,0.0,10.0,20000,0,0,15.0
Fountain,2026-08-06T10:00,0.0,0.0,10.0,20000,0,0,15.0
Fountain,2026-08-06T11:00,0.0,0.0,10.0,20000,0,0,15.0
Fountain,2026-08-06T12:00,0.0,0.0,10.0,20000,0,0,15.0
Fountain,2026-08-06T13:00,0.0,0.0,10.0,20000,0,0,15.0
Fountain,2026-08-06T14:00,0.0,0.0,10.0,20000,0,0,15.0
Fountain,2026-08-06T15:00,0.0,0.0,10.0,20000,0,0,15.0
Fountain,2026-08-06T16:00,0.0,0.0,10.0,20000,0,0,15.0
Fountain,2026-08-06T17:00,0.0,0.0,10.0,20000,0,0,15.0
Fountain,2026-08-06T18:00,0.0,0.0,10.0,20000,0,0,15.0
Fountain,2026-08-06T19:00,0.0,0.0,10.0,20000,0,0,15.0
Fountain,2026-08-06T20:00,0.0,0.0,10.0,20000,0,0,15.0
Fountain,2026-08-06T21:00,0.0,0.0,10.0,20000,0,0,15.0
Fountain,2026-08-06T22:00,0.0,0.0,10.0,20000,0,0,15.0
Fountain,2026-08-06T23:00,0.0,0.0,10.0,20000,0,0,15.0
Fountain,2026-08-07T00:00,0.0,0.0,10.0,20000,0,0,15.0
Fountain,2026-08-07T01:00,0.0,0.0,10.0,20000,0,0,15.0
Fountain,2026-08-07T02:00,0.0,0.0,10.0,20000,0,0,15.0
Fountain,2026-08-07T03:00,0.0,0.0,10.0,20000,0,0,15.0
Fountain,2026-08-07T04:00,0.0,0.0,10.0,20000,0,0,15.0
Fountain,2026-08-07T05:00,0.0,0.0,10.0,20000,0,0,15.0
Fountain,2026-08-07T06:00,0.0,0.0,10.0,20000,0,0,15.0
Fountain,2026-08-07T07:00,0.0,0.0,10.0,20000,0,0,15.0
Fountain,2026-08-07T08:00,0.0,0.0,10.0,20000,0,0,15.0
Fountain,2026-08-07T09:00,0.0,0.0,10.0,20000,0,0,15.0
Fountain,2026-08-07T10:00,0.0,0.0,10.0,20000,0,0,15.0
Fountain,2026-08-07T11:00,0.0,0.0,10.0,20000,0,0,15.0
Fountain,2026-08-07T12:00,0.0,0.0,10.0,20000,0,0,15.0
Fountain,2026-08-07T13:00,0.0,0.0,10.0,20000,0,0,15.0
Fountain,2026-08-07T14:00,0.0,0.0,10.0,20000,0,0,15.0
Fountain,2026-08-07T15:00,0.0,0.0,10.0,20000,0,0,15.0
Fountain,2026-08-07T16:00,0.0,0.0,10.0,20000,0,0,15.0
Fountain,2026-08-07T17:00,0.0,0.0,10.0,20000,0,0,15.0
Fountain,2026-08-07T18:00,0.0,0.0,10.0,20000,0,0,15.0
Allen,2026-08-05T19:00,0.0,0.0,10.0,20000,0,0,15.0
Allen,2026-08-05T20:00,0.0,0.0,10.0,20000,0,0,15.0
Allen,2026-08-05T21:00,0.0,0.0,10.0,20000,0,0,15.0
Allen,2026-08-05T22:00,0.0,0.0,10.0,20000,0,0,15.0
Allen,2026-08-05T23:00,0.0,0.0,10.0,20000,0,0,15.0
Allen,2026-08-06T00:00,0.0,0.0,10.0,20000,0,0,15.0
Allen,2026-08-06T01:00,0.0,0.0,10.0,20000,0,0,15.0
Allen,2026-08-06T02:00,0.0,0.0,10.0,20000,0,0,15.0
Allen,2026-08-06T03:00,0.0,0.0,10.0,20000,0,0,15.0
Allen,2026-08-06T04:00,0.0,0.0,10.0,20000,0,0,15.0
Allen,2026-08-06T05:00,0.0,0.0,10.0,20000,0,0,15.0
Allen,2026-08-06T06:00,0.0,0.0,10.0,20000,0,0,15.0
Allen,2026-08-06T07:00,0.0,0.0,10.0,20000,0,0,15.0
Allen,2026-08-06T08:00,0.0,0.0,10.0,20000,0,0,15.0
Allen,2026-08-06T09:00,0.0,0.0,10.0,20000,0,0,15.0
Allen,2026-08-06T10:00,0.0,0.0,10.0,20000,0,0,15.0
Allen,2026-08-06T11:00,0.0,0.0,10.0,20000,0,0,15.0
Allen,2026-08-06T12:00,0.0,0.0,10.0,20000,0,0,15.0
Allen,2026-08-06T13:00,0.0,0.0,10.0,20000,0,0,15.0
Allen,2026-08-06T14:00,0.0,0.0,10.0,20000,0,0,15.0
Allen,2026-08-06T15:00,0.0,0.0,10.0,20000,0,0,15.0
Allen,2026-08-06T16:00,0.0,0.0,10.0,20000,0,0,15.0
Allen,2026-08-06T17:00,0.0,0.0,10.0,20000,0,0,15.0
Allen,2026-08-06T18:00,0.0,0.0,10.0,20000,0,0,15.0
Allen,2026-08-06T19:00,0.0,0.0,10.0,20000,0,0,15.0
Allen,2026-08-06T20:00,0.0,0.0,10.0,20000,0,0,15.0
Allen,2026-08-06T21:00,0.0,0.0,10.0,20000,0,0,15.0
Allen,2026-08-06T22:00,0.0,0.0,10.0,20000,0,0,15.0
Allen,2026-08-06T23:00,0.0,0.0,10.0,20000,0,0,15.0
Allen,2026-08-07T00:00,0.0,0.0,10.0,20000,0,0,15.0
Allen,2026-08-07T01:00,0.0,0.0,10.0,20000,0,0,15.0
Allen,2026-08-07T02:00,0.0,0.0,10.0,20000,0,0,15.0
Allen,2026-08-07T03:00,0.0,0.0,10.0,20000,0,0,15.0
Allen,2026-08-07T04:00,0.0,0.0,10.0,20000,0,0,15.0
Allen,2026-08-07T05:00,0.0,0.0,10.0,20000,0,0,15.0
Allen,2026-08-07T06:00,0.0,0.0,10.0,20000,0,0,15.0
Allen,2026-08-07T07:00,0.0,0.0,10.0,20000,0,0,15.0
Allen,2026-08-07T08:00,0.0,0.0,10.0,20000,0,0,15.0
Allen,2026-08-07T09:00,0.0,0.0,10.0,20000,0,0,15.0
Allen,2026-08-07T10:00,0.0,0.0,10.0,20000,0,0,15.0
Allen,2026-08-07T11:00,0.0,0.0,10.0,20000,0,0,15.0
Allen,2026-08-07T12:00,0.0,0.0,10.0,20000,0,0,15.0
Allen,2026-08-07T13:00,0.0,0.0,10.0,20000,0,0,15.0
Allen,2026-08-07T14:00,0.0,0.0,10.0,20000,0,0,15.0
Allen,2026-08-07T15:00,0.0,0.0,10.0,20000,0,0,15.0
Allen,2026-08-07T16:00,0.0,0.0,10.0,20000,0,0,15.0
Allen,2026-08-07T17:00,0.0,0.0,10.0,20000,0,0,15.0
Allen,2026-08-07T18:00,0.0,0.0,10.0,20000,0,0,15.0
Adams,2026-08-05T19:00,0.0,0.0,10.0,20000,0,0,15.0
Adams,2026-08-05T20:00,0.0,0.0,10.0,20000,0,0,15.0
Adams,2026-08-05T21:00,0.0,0.0,10.0,20000,0,0,15.0
Adams,2026-08-05T22:00,0.0,0.0,10.0,20000,0,0,15.0
Adams,2026-08-05T23:00,0.0,0.0,10.0,20000,0,0,15.0
Adams,2026-08-06T00:00,0.0,0.0,10.0,20000,0,0,15.0
Adams,2026-08-06T01:00,0.0,0.0,10.0,20000,0,0,15.0
Adams,2026-08-06T02:00,0.0,0.0,10.0,20000,0,0,15.0
Adams,2026-08-06T03:00,0.0,0.0,10.0,20000,0,0,15.0
Adams,2026-08-06T04:00,0.0,0.0,10.0,20000,0,0,15.0
Adams,2026-08-06T05:00,0.0,0.0,10.0,20000,0,0,15.0
Adams,2026-08-06T06:00,0.0,0.0,10.0,20000,0,0,15.0
Adams,2026-08-06T07:00,0.0,0.0,10.0,20000,0,0,15.0
Adams,2026-08-06T08:00,0.0,0.0,10.0,20000,0,0,15.0
Adams,2026-08-06T09:00,0.0,0.0,10.0,20000,0,0,15.0
Adams,2026-08-06T10:00,0.0,0.0,10.0,20000,0,0,15.0
Adams,2026-08-06T11:00,0.0,0.0,10.0,20000,0,0,15.0
Adams,2026-08-06T12:00,0.0,0.0,10.0,20000,0,0,15.0
Adams,2026-08-06T13:00,0.0,0.0,10.0,20000,0,0,15.0
Adams,2026-08-06T14:00,0.0,0.0,10.0,20000,0,0,15.0
Adams,2026-08-06T15:00,0.0,0.0,10.0,20000,0,0,15.0
Adams,2026-08-06T16:00,0.0,0.0,10.0,20000,0,0,15.0
Adams,2026-08-06T17:00,0.0,0.0,10.0,20000,0,0,15.0
Adams,2026-08-06T18:00,0.0,0.0,10.0,20000,0,0,15.0
Adams,2026-08-06T19:00,0.0,0.0,10.0,20000,0,0,15.0
Adams,2026-08-06T20:00,0.0,0.0,10.0,20000,0,0,15.0
Adams,2026-08-06T21:00,0.0,0.0,10.0,20000,0,0,15.0
Adams,2026-08-06T22:00,0.0,0.0,10.0,20000,0,0,15.0
Adams,2026-08-06T23:00,0.0,0.0,10.0,20000,0,0,15.0
Adams,2026-08-07T00:00,0.0,0.0,10.0,20000,0,0,15.0
Adams,2026-08-07T01:00,0.0,0.0,10.0,20000,0,0,15.0
Adams,2026-08-07T02:00,0.0,0.0,10.0,20000,0,0,15.0
Adams,2026-08-07T03:00,0.0,0.0,10.0,20000,0,0,15.0
Adams,2026-08-07T04:00,0.0,0.0,10.0,20000,0,0,15.0
Adams,2026-08-07T05:00,0.0,0.0,10.0,20000,0,0,15.0
Adams,2026-08-07T06:00,0.0,0.0,10.0,20000,0,0,15.0
Adams,2026-08-07T07:00,0.0,0.0,10.0,20000,0,0,15.0
Adams,2026-08-07T08:00,0.0,0.0,10.0,20000,0,0,15.0
Adams,2026-08-07T09:00,0.0,0.0,10.0,20000,0,0,15.0
Adams,2026-08-07T10:00,0.0,0.0,10.0,20000,0,0,15.0
Adams,2026-08-07T11:00,0.0,0.0,10.0,20000,0,0,15.0
Adams,2026-08-07T12:00,0.0,0.0,10.0,20000,0,0,15.0
Adams,2026-08-07T13:00,0.0,0.0,10.0,20000,0,0,15.0
Adams,2026-08-07T14:00,0.0,0.0,10.0,20000,0,0,15.0
Adams,2026-08-07T15:00,0.0,0.0,10.0,20000,0,0,15.0
Adams,2026-08-07T16:00,0.0,0.0,10.0,20000,0,0,15.0
Adams,2026-08-07T17:00,0.0,0.0,10.0,20000,0,0,15.0
Adams,2026-08-07T18:00,0.0,0.0,10.0,20000,0,0,15.0
Fulton,2026-08-05T19:00,0.0,0.0,10.0,20000,0,0,15.0
Fulton,2026-08-05T20:00,0.0,0.0,10.0,20000,0,0,15.0
Fulton,2026-08-05T21:00,0.0,0.0,10.0,20000,0,0,15.0
Fulton,2026-08-05T22:00,0.0,0.0,10.0,20000,0,0,15.0
Fulton,2026-08-05T23:00,0.0,0.0,10.0,20000,0,0,15.0
Fulton,2026-08-06T00:00,0.0,0.0,10.0,20000,0,0,15.0
Fulton,2026-08-06T01:00,0.0,0.0,10.0,20000,0,0,15.0
Fulton,2026-08-06T02:00,0.0,0.0,10.0,20000,0,0,15.0
Fulton,2026-08-06T03:00,0.0,0.0,10.0,20000,0,0,15.0
Fulton,2026-08-06T04:00,0.0,0.0,10.0,20000,0,0,15.0
Fulton,2026-08-06T05:00,0.0,0.0,10.0,20000,0,0,15.0
Fulton,2026-08-06T06:00,0.0,0.0,10.0,20000,0,0,15.0
Fulton,2026-08-06T07:00,0.0,0.0,10.0,20000,0,0,15.0
Fulton,2026-08-06T08:00,0.0,0.0,10.0,20000,0,0,15.0
Fulton,2026-08-06T09:00,0.0,0.0,10.0,20000,0,0,15.0
Fulton,2026-08-06T10:00,0.0,0.0,10.0,20000,0,0,15.0
Fulton,2026-08-06T11:00,0.0,0.0,10.0,20000,0,0,15.0
Fulton,2026-08-06T12:00,0.0,0.0,10.0,20000,0,0,15.0
Fulton,2026-08-06T13:00,0.0,0.0,10.0,20000,0,0,15.0
Fulton,2026-08-06T14:00,0.0,0.0,10.0,20000,0,0,15.0
Fulton,2026-08-06T15:00,0.0,0.0,10.0,20000,0,0,15.0
Fulton,2026-08-06T16:00,0.0,0.0,10.0,20000,0,0,15.0
Fulton,2026-08-06T17:00,0.0,0.0,10.0,20000,0,0,15.0
Fulton,2026-08-06T18:00,0.0,0.0,10.0,20000,0,0,15.0
Fulton,2026-08-06T19:00,0.0,0.0,10.0,20000,0,0,15.0
Fulton,2026-08-06T20:00,0.0,0.0,10.0,20000,0,0,15.0
Fulton,2026-08-06T21:00,0.0,0.0,10.0,20000,0,0,15.0
Fulton,2026-08-06T22:00,0.0,0.0,10.0,20000,0,0,15.0
Fulton,2026-08-06T23:00,0.0,0.0,10.0,20000,0,0,15.0
Fulton,2026-08-07T00:00,0.0,0.0,10.0,20000,0,0,15.0
Fulton,2026-08-07T01:00,0.0,0.0,10.0,20000,0,0,15.0
Fulton,2026-08-07T02:00,0.0,0.0,10.0,20000,0,0,15.0
Fulton,2026-08-07T03:00,0.0,0.0,10.0,20000,0,0,15.0
Fulton,2026-08-07T04:00,0.0,0.0,10.0,20000,0,0,15.0
Fulton,2026-08-07T05:00,0.0,0.0,10.0,20000,0,0,15.0
Fulton,2026-08-07T06:00,0.0,0.0,10.0,20000,0,0,15.0
Fulton,2026-08-07T07:00,0.0,0.0,10.0,20000,0,0,15.0
Fulton,2026-08-07T08:00,0.0,0.0,10.0,20000,0,0,15.0
Fulton,2026-08-07T09:00,0.0,0.0,10.0,20000,0,0,15.0
Fulton,2026-08-07T10:00,0.0,0.0,10.0,20000,0,0,15.0
Fulton,2026-08-07T11:00,0.0,0.0,10.0,20000,0,0,15.0
Fulton,2026-08-07T12:00,0.0,0.0,10.0,20000,0,0,15.0
Fulton,2026-08-07T13:00,0.0,0.0,10.0,20000,0,0,15.0
Fulton,2026-08-07T14:00,0.0,0.0,10.0,20000,0,0,15.0
Fulton,2026-08-07T15:00,0.0,0.0,10.0,20000,0,0,15.0
Fulton,2026-08-07T16:00,0.0,0.0,10.0,20000,0,0,15.0
Fulton,2026-08-07T17:00,0.0,0.0,10.0,20000,0,0,15.0
Fulton,2026-08-07T18:00,0.0,0.0,10.0,20000,0,0,15.0
Grant,2026-08-05T19:00,0.0,0.0,10.0,20000,0,0,15.0
Grant,2026-08-05T20:00,0.0,0.0,10.0,20000,0,0,15.0
Grant,2026-08-05T21:00,0.0,0.0,10.0,20000,0,0,15.0
Grant,2026-08-05T22:00,0.0,0.0,10.0,20000,0,0,15.0
Grant,2026-08-05T23:00,0.0,0.0,10.0,20000,0,0,15.0
Grant,2026-08-06T00:00,0.0,0.0,10.0,20000,0,0,15.0
Grant,2026-08-06T01:00,0.0,0.0,10.0,20000,0,0,15.0
Grant,2026-08-06T02:00,0.0,0.0,10.0,20000,0,0,15.0
Grant,2026-08-06T03:00,0.0,0.0,10.0,20000,0,0,15.0
Grant,2026-08-06T04:00,0.0,0.0,10.0,20000,0,0,15.0
Grant,2026-08-06T05:00,0.0,0.0,10.0,20000,0,0,15.0
Grant,2026-08-06T06:00,0.0,0.0,10.0,20000,0,0,15.0
Grant,2026-08-06T07:00,0.0,0.0,10.0,20000,0,0,15.0
Grant,2026-08-06T08:00,0.0,0.0,10.0,20000,0,0,15.0
Grant,2026-08-06T09:00,0.0,0.0,10.0,20000,0,0,15.0
Grant,2026-08-06T10:00,0.0,0.0,10.0,20000,0,0,15.0
Grant,2026-08-06T11:00,0.0,0.0,10.0,20000,0,0,15.0
Grant,2026-08-06T12:00,0.0,0.0,10.0,20000,0,0,15.0
Grant,2026-08-06T13:00,0.0,0.0,10.0,20000,0,0,15.0
Grant,2026-08-06T14:00,0.0,0.0,10.0,20000,0,0,15.0
Grant,2026-08-06T15:00,0.0,0.0,10.0,20000,0,0,15.0
Grant,2026-08-06T16:00,0.0,0.0,10.0,20000,0,0,15.0
Grant,2026-08-06T17:00,0.0,0.0,10.0,20000,0,0,15.0
Grant,2026-08-06T18:00,0.0,0.0,10.0,20000,0,0,15.0
Grant,2026-08-06T19:00,0.0,0.0,10.0,20000,0,0,15.0
Grant,2026-08-06T20:00,0.0,0.0,10.0,20000,0,0,15.0
Grant,2026-08-06T21:00,0.0,0.0,10.0,20000,0,0,15.0
Grant,2026-08-06T22:00,0.0,0.0,10.0,20000,0,0,15.0
Grant,2026-08-06T23:00,0.0,0.0,10.0,20000,0,0,15.0
Grant,2026-08-07T00:00,0.0,0.0,10.0,20000,0,0,15.0
Grant,2026-08-07T01:00,0.0,0.0,10.0,20000,0,0,15.0
Grant,2026-08-07T02:00,0.0,0.0,10.0,20000,0,0,15.0
Grant,2026-08-07T03:00,0.0,0.0,10.0,20000,0,0,15.0
Grant,2026-08-07T04:00,0.0,0.0,10.0,20000,0,0,15.0
Grant,2026-08-07T05:00,0.0,0.0,10.0,20000,0,0,15.0
Grant,2026-08-07T06:00,0.0,0.0,10.0,20000,0,0,15.0
Grant,2026-08-07T07:00,0.0,0.0,10.0,20000,0,0,15.0
Grant,2026-08-07T08:00,0.0,0.0,10.0,20000,0,0,15.0
Grant,2026-08-07T09:00,0.0,0.0,10.0,20000,0,0,15.0
Grant,2026-08-07T10:00,0.0,0.0,10.0,20000,0,0,15.0
Grant,2026-08-07T11:00,0.0,0.0,10.0,20000,0,0,15.0
Grant,2026-08-07T12:00,0.0,0.0,10.0,20000,0,0,15.0
Grant,2026-08-07T13:00,0.0,0.0,10.0,20000,0,0,15.0
Grant,2026-08-07T14:00,0.0,0.0,10.0,20000,0,0,15.0
Grant,2026-08-07T15:00,0.0,0.0,10.0,20000,0,0,15.0
Grant,2026-08-07T16:00,0.0,0.0,10.0,20000,0,0,15.0
Grant,2026-08-07T17:00,0.0,0.0,10.0,20000,0,0,15.0
Grant,2026-08-07T18:00,0.0,0.0,10.0,20000,0,0,15.0
Hendricks,2026-08-05T19:00,0.0,0.0,10.0,20000,0,0,15.0
Hendricks,2026-08-05T20:00,0.0,0.0,10.0,20000,0,0,15.0
Hendricks,2026-08-05T21:00,0.0,0.0,10.0,20000,0,0,15.0
Hendricks,2026-08-05T22:00,0.0,0.0,10.0,20000,0,0,15.0
Hendricks,2026-08-05T23:00,0.0,0.0,10.0,20000,0,0,15.0
Hendricks,2026-08-06T00:00,0.0,0.0,10.0,20000,0,0,15.0
Hendricks,2026-08-06T01:00,0.0,0.0,10.0,20000,0,0,15.0
Hendricks,2026-08-06T02:00,0.0,0.0,10.0,20000,0,0,15.0
Hendricks,2026-08-06T03:00,0.0,0.0,10.0,20000,0,0,15.0
Hendricks,2026-08-06T04:00,0.0,0.0,10.0,20000,0,0,15.0
Hendricks,2026-08-06T05:00,0.0,0.0,10.0,20000,0,0,15.0
Hendricks,2026-08-06T06:00,0.0,0.0,10.0,20000,0,0,15.0
Hendricks,2026-08-06T07:00,0.0,0.0,10.0,20000,0,0,15.0
Hendricks,2026-08-06T08:00,0.0,0.0,10.0,20000,0,0,15.0
Hendricks,2026-08-06T09:00,0.0,0.0,10.0,20000,0,0,15.0
Hendricks,2026-08-06T10:00,0.0,0.0,10.0,20000,0,0,15.0
Hendricks,2026-08-06T11:00,0.0,0.0,10.0,20000,0,0,15.0
Hendricks,2026-08-06T12:00,0.0,0.0,10.0,20000,0,0,15.0
Hendricks,2026-08-06T13:00,0.0,0.0,10.0,20000,0,0,15.0
Hendricks,2026-08-06T14:00,0.0,0.0,10.0,20000,0,0,15.0
Hendricks,2026-08-06T15:00,0.0,0.0,10.0,20000,0,0,15.0
Hendricks,2026-08-06T16:00,0.0,0.0,10.0,20000,0,0,15.0
Hendricks,2026-08-06T17:00,0.0,0.0,10.0,20000,0,0,15.0
Hendricks,2026-08-06T18:00,0.0,0.0,10.0,20000,0,0,15.0
Hendricks,2026-08-06T19:00,0.0,0.0,10.0,20000,0,0,15.0
Hendricks,2026-08-06T20:00,0.0,0.0,10.0,20000,0,0,15.0
Hendricks,2026-08-06T21:00,0.0,0.0,10.0,20000,0,0,15.0
Hendricks,2026-08-06T22:00,0.0,0.0,10.0,20000,0,0,15.0
Hendricks,2026-08-06T23:00,0.0,0.0,10.0,20000,0,0,15.0
Hendricks,2026-08-07T00:00,0.0,0.0,10.0,20000,0,0,15.0
Hendricks,2026-08-07T01:00,0.0,0.0,10.0,20000,0,0,15.0
Hendricks,2026-08-07T02:00,0.0,0.0,10.0,20000,0,0,15.0
Hendricks,2026-08-07T03:00,0.0,0.0,10.0,20000,0,0,15.0
Hendricks,2026-08-07T04:00,0.0,0.0,10.0,20000,0,0,15.0
Hendricks,2026-08-07T05:00,0.0,0.0,10.0,20000,0,0,15.0
Hendricks,2026-08-07T06:00,0.0,0.0,10.0,20000,0,0,15.0
Hendricks,2026-08-07T07:00,0.0,0.0,10.0,20000,0,0,15.0
Hendricks,2026-08-07T08:00,0.0,0.0,10.0,20000,0,0,15.0
Hendricks,2026-08-07T09:00,0.0,0.0,10.0,20000,0,0,15.0
Hendricks,2026-08-07T10:00,0.0,0.0,10.0,20000,0,0,15.0
Hendricks,2026-08-07T11:00,0.0,0.0,10.0,20000,0,0,15.0
Hendricks,2026-08-07T12:00,0.0,0.0,10.0,20000,0,0,15.0
Hendricks,2026-08-07T13:00,0.0,0.0,10.0,20000,0,0,15.0
Hendricks,2026-08-07T14:00,0.0,0.0,10.0,20000,0,0,15.0
Hendricks,2026-08-07T15:00,0.0,0.0,10.0,20000,0,0,15.0
Hendricks,2026-08-07T16:00,0.0,0.0,10.0,20000,0,0,15.0
Hendricks,2026-08-07T17:00,0.0,0.0,10.0,20000,0,0,15.0
Hendricks,2026-08-07T18:00,0.0,0.0,10.0,20000,0,0,15.0
Jay,2026-08-05T19:00,0.0,0.0,10.0,20000,0,0,15.0
Jay,2026-08-05T20:00,0.0,0.0,10.0,20000,0,0,15.0
Jay,2026-08-05T21:00,0.0,0.0,10.0,20000,0,0,15.0
Jay,2026-08-05T22:00,0.0,0.0,10.0,20000,0,0,15.0
Jay,2026-08-05T23:00,0.0,0.0,10.0,20000,0,0,15.0
Jay,2026-08-06T00:00,0.0,0.0,10.0,20000,0,0,15.0
Jay,2026-08-06T01:00,0.0,0.0,10.0,20000,0,0,15.0
Jay,2026-08-06T02:00,0.0,0.0,10.0,20000,0,0,15.0
Jay,2026-08-06T03:00,0.0,0.0,10.0,20000,0,0,15.0
Jay,2026-08-06T04:00,0.0,0.0,10.0,20000,0,0,15.0
Jay,2026-08-06T05:00,0.0,0.0,10.0,20000,0,0,15.0
Jay,2026-08-06T06:00,0.0,0.0,10.0,20000,0,0,15.0
Jay,2026-08-06T07:00,0.0,0.0,10.0,20000,0,0,15.0
Jay,2026-08-06T08:00,0.0,0.0,10.0,20000,0,0,15.0
Jay,2026-08-06T09:00,0.0,0.0,10.0,20000,0,0,15.0
Jay,2026-08-06T10:00,0.0,0.0,10.0,20000,0,0,15.0
Jay,2026-08-06T11:00,0.0,0.0,10.0,20000,0,0,15.0
Jay,2026-08-06T12:00,0.0,0.0,10.0,20000,0,0,15.0
Jay,2026-08-06T13:00,0.0,0.0,10.0,20000,0,0,15.0
Jay,2026-08-06T14:00,0.0,0.0,10.0,20000,0,0,15.0
Jay,2026-08-06T15:00,0.0,0.0,10.0,20000,0,0,15.0
Jay,2026-08-06T16:00,0.0,0.0,10.0,20000,0,0,15.0
Jay,2026-08-06T17:00,0.0,0.0,10.0,20000,0,0,15.0
Jay,2026-08-06T18:00,0.0,0.0,10.0,20000,0,0,15.0
Jay,2026-08-06T19:00,0.0,0.0,10.0,20000,0,0,15.0
Jay,2026-08-06T20:00,0.0,0.0,10.0,20000,0,0,15.0
Jay,2026-08-06T21:00,0.0,0.0,10.0,20000,0,0,15.0
Jay,2026-08-06T22:00,0.0,0.0,10.0,20000,0,0,15.0
Jay,2026-08-06T23:00,0.0,0.0,10.0,20000,0,0,15.0
Jay,2026-08-07T00:00,0.0,0.0,10.0,20000,0,0,15.0
Jay,2026-08-07T01:00,0.0,0.0,10.0,20000,0,0,15.0
Jay,2026-08-07T02:00,0.0,0.0,10.0,20000,0,0,15.0
Jay,2026-08-07T03:00,0.0,0.0,10.0,20000,0,0,15.0
Jay,2026-08-07T04:00,0.0,0.0,10.0,20000,0,0,15.0
Jay,2026-08-07T05:00,0.0,0.0,10.0,20000,0,0,15.0
Jay,2026-08-07T06:00,0.0,0.0,10.0,20000,0,0,15.0
Jay,2026-08-07T07:00,0.0,0.0,10.0,20000,0,0,15.0
Jay,2026-08-07T08:00,0.0,0.0,10.0,20000,0,0,15.0
Jay,2026-08-07T09:00,0.0,0.0,10.0,20000,0,0,15.0
Jay,2026-08-07T10:00,0.0,0.0,10.0,20000,0,0,15.0
Jay,2026-08-07T11:00,0.0,0.0,10.0,20000,0,0,15.0
Jay,2026-08-07T12:00,0.0,0.0,10.0,20000,0,0,15.0
Jay,2026-08-07T13:00,0.0,0.0,10.0,20000,0,0,15.0
Jay,2026-08-07T14:00,0.0,0.0,10.0,20000,0,0,15.0
Jay,2026-08-07T15:00,0.0,0.0,10.0,20000,0,0,15.0
Jay,2026-08-07T16:00,0.0,0.0,10.0,20000,0,0,15.0
Jay,2026-08-07T17:00,0.0,0.0,10.0,20000,0,0,15.0
Jay,2026-08-07T18:00,0.0,0.0,10.0,20000,0,0,15.0
Lawrence,2026-08-05T19:00,0.0,0.0,10.0,20000,0,0,15.0
Lawrence,2026-08-05T20:00,0.0,0.0,10.0,20000,0,0,15.0
Lawrence,2026-08-05T21:00,0.0,0.0,10.0,20000,0,0,15.0
Lawrence,2026-08-05T22:00,0.0,0.0,10.0,20000,0,0,15.0
Lawrence,2026-08-05T23:00,0.0,0.0,10.0,20000,0,0,15.0
Lawrence,2026-08-06T00:00,0.0,0.0,10.0,20000,0,0,15.0
Lawrence,2026-08-06T01:00,0.0,0.0,10.0,20000,0,0,15.0
Lawrence,2026-08-06T02:00,0.0,0.0,10.0,20000,0,0,15.0
Lawrence,2026-08-06T03:00,0.0,0.0,10.0,20000,0,0,15.0
Lawrence,2026-08-06T04:00,0.0,0.0,10.0,20000,0,0,15.0
Lawrence,2026-08-06T05:00,0.0,0.0,10.0,20000,0,0,15.0
Lawrence,2026-08-06T06:00,0.0,0.0,10.0,20000,0,0,15.0
Lawrence,2026-08-06T07:00,0.0,0.0,10.0,20000,0,0,15.0
Lawrence,2026-08-06T08:00,0.0,0.0,10.0,20000,0,0,15.0
Lawrence,2026-08-06T09:00,0.0,0.0,10.0,20000,0,0,15.0
Lawrence,2026-08-06T10:00,0.0,0.0,10.0,20000,0,0,15.0
Lawrence,2026-08-06T11:00,0.0,0.0,10.0,20000,0,0,15.0
Lawrence,2026-08-06T12:00,0.0,0.0,10.0,20000,0,0,15.0
Lawrence,2026-08-06T13:00,0.0,0.0,10.0,20000,0,0,15.0
Lawrence,2026-08-06T14:00,0.0,0.0,10.0,20000,0,0,15.0
Lawrence,2026-08-06T15:00,0.0,0.0,10.0,20000,0,0,15.0
Lawrence,2026-08-06T16:00,0.0,0.0,10.0,20000,0,0,15.0
Lawrence,2026-08-06T17:00,0.0,0.0,10.0,20000,0,0,15.0
Lawrence,2026-08-06T18:00,0.0,0.0,10.0,20000,0,0,15.0
Lawrence,2026-08-06T19:00,0.0,0.0,10.0,20000,0,0,15.0
Lawrence,2026-08-06T20:00,0.0,0.0,10.0,20000,0,0,15.0
Lawrence,2026-08-06T21:00,0.0,0.0,10.0,20000,0,0,15.0
Lawrence,2026-08-06T22:00,0.0,0.0,10.0,20000,0,0,15.0
Lawrence,2026-08-06T23:00,0.0,0.0,10.0,20000,0,0,15.0
Lawrence,2026-08-07T00:00,0.0,0.0,10.0,20000,0,0,15.0
Lawrence,2026-08-07T01:00,0.0,0.0,10.0,20000,0,0,15.0
Lawrence,2026-08-07T02:00,0.0,0.0,10.0,20000,0,0,15.0
Lawrence,2026-08-07T03:00,0.0,0.0,10.0,20000,0,0,15.0
Lawrence,2026-08-07T04:00,0.0,0.0,10.0,20000,0,0,15.0
Lawrence,2026-08-07T05:00,0.0,0.0,10.0,20000,0,0,15.0
Lawrence,2026-08-07T06:00,0.0,0.0,10.0,20000,0,0,15.0
Lawrence,2026-08-07T07:00,0.0,0.0,10.0,20000,0,0,15.0
Lawrence,2026-08-07T08:00,0.0,0.0,10.0,20000,0,0,15.0
Lawrence,2026-08-07T09:00,0.0,0.0,10.0,20000,0,0,15.0
Lawrence,2026-08-07T10:00,0.0,0.0,10.0,20000,0,0,15.0
Lawrence,2026-08-07T11:00,0.0,0.0,10.0,20000,0,0,15.0
Lawrence,2026-08-07T12:00,0.0,0.0,10.0,20000,0,0,15.0
Lawrence,2026-08-07T13:00,0.0,0.0,10.0,20000,0,0,15.0
Lawrence,2026-08-07T14:00,0.0,0.0,10.0,20000,0,0,15.0
Lawrence,2026-08-07T15:00,0.0,0.0,10.0,20000,0,0,15.0
Lawrence,2026-08-07T16:00,0.0,0.0,10.0,20000,0,0,15.0
Lawrence,2026-08-07T17:00,0.0,0.0,10.0,20000,0,0,15.0
Lawrence,2026-08-07T18:00,0.0,0.0,10.0,20000,0,0,15.0
Marshall,2026-08-05T19:00,0.0,0.0,10.0,20000,0,0,15.0
Marshall,2026-08-05T20:00,0.0,0.0,10.0,20000,0,0,15.0
Marshall,2026-08-05T21:00,0.0,0.0,10.0,20000,0,0,15.0
Marshall,2026-08-05T22:00,0.0,0.0,10.0,20000,0,0,15.0
Marshall,2026-08-05T23:00,0.0,0.0,10.0,20000,0,0,15.0
Marshall,2026-08-06T00:00,0.0,0.0,10.0,20000,0,0,15.0
Marshall,2026-08-06T01:00,0.0,0.0,10.0,20000,0,0,15.0
Marshall,2026-08-06T02:00,0.0,0.0,10.0,20000,0,0,15.0
Marshall,2026-08-06T03:00,0.0,0.0,10.0,20000,0,0,15.0
Marshall,2026-08-06T04:00,0.0,0.0,10.0,20000,0,0,15.0
Marshall,2026-08-06T05:00,0.0,0.0,10.0,20000,0,0,15.0
Marshall,2026-08-06T06:00,0.0,0.0,10.0,20000,0,0,15.0
Marshall,2026-08-06T07:00,0.0,0.0,10.0,20000,0,0,15.0
Marshall,2026-08-06T08:00,0.0,0.0,10.0,20000,0,0,15.0
Marshall,2026-08-06T09:00,0.0,0.0,10.0,20000,0,0,15.0
Marshall,2026-08-06T10:00,0.0,0.0,10.0,20000,0,0,15.0
Marshall,2026-08-06T11:00,0.0,0.0,10.0,20000,0,0,15.0
Marshall,2026-08-06T12:00,0.0,0.0,10.0,20000,0,0,15.0
Marshall,2026-08-06T13:00,0.0,0.0,10.0,20000,0,0,15.0
Marshall,2026-08-06T14:00,0.0,0.0,10.0,20000,0,0,15.0
Marshall,2026-08-06T15:00,0.0,0.0,10.0,20000,0,0,15.0
Marshall,2026-08-06T16:00,0.0,0.0,10.0,20000,0,0,15.0
Marshall,2026-08-06T17:00,0.0,0.0,10.0,20000,0,0,15.0
Marshall,2026-08-06T18:00,0.0,0.0,10.0,20000,0,0,15.0
Marshall,2026-08-06T19:00,0.0,0.0,10.0,20000,0,0,15.0
Marshall,2026-08-06T20:00,0.0,0.0,10.0,20000,0,0,15.0
Marshall,2026-08-06T21:00,0.0,0.0,10.0,20000,0,0,15.0
Marshall,2026-08-06T22:00,0.0,0.0,10.0,20000,0,0,15.0
Marshall,2026-08-06T23:00,0.0,0.0,10.0,20000,0,0,15.0
Marshall,2026-08-07T00:00,0.0,0.0,10.0,20000,0,0,15.0
Marshall,2026-08-07T01:00,0.0,0.0,10.0,20000,0,0,15.0
Marshall,2026-08-07T02:00,0.0,0.0,10.0,20000,0,0,15.0
Marshall,2026-08-07T03:00,0.0,0.0,10.0,20000,0,0,15.0
Marshall,2026-08-07T04:00,0.0,0.0,10.0,20000,0,0,15.0
Marshall,2026-08-07T05:00,0.0,0.0,10.0,20000,0,0,15.0
Marshall,2026-08-07T06:00,0.0,0.0,10.0,20000,0,0,15.0
Marshall,2026-08-07T07:00,0.0,0.0,10.0,20000,0,0,15.0
Marshall,2026-08-07T08:00,0.0,0.0,10.0,20000,0,0,15.0
Marshall,2026-08-07T09:00,0.0,0.0,10.0,20000,0,0,15.0
Marshall,2026-08-07T10:00,0.0,0.0,10.0,20000,0,0,15.0
Marshall,2026-08-07T11:00,0.0,0.0,10.0,20000,0,0,15.0
Marshall,2026-08-07T12:00,0.0,0.0,10.0,20000,0,0,15.0
Marshall,2026-08-07T13:00,0.0,0.0,10.0,20000,0,0,15.0
Marshall,2026-08-07T14:00,0.0,0.0,10.0,20000,0,0,15.0
Marshall,2026-08-07T15:00,0.0,0.0,10.0,20000,0,0,15.0
Marshall,2026-08-07T16:00,0.0,0.0,10.0,20000,0,0,15.0
Marshall,2026-08-07T17:00,0.0,0.0,10.0,20000,0,0,15.0
Marshall,2026-08-07T18:00,0.0,0.0,10.0,20000,0,0,15.0
Noble,2026-08-05T19:00,0.0,0.0,10.0,20000,0,0,15.0
Noble,2026-08-05T20:00,0.0,0.0,10.0,20000,0,0,15.0
Noble,2026-08-05T21:00,0.0,0.0,10.0,20000,0,0,15.0
Noble,2026-08-05T22:00,0.0,0.0,10.0,20000,0,0,15.0
Noble,2026-08-05T23:00,0.0,0.0,10.0,20000,0,0,15.0
Noble,2026-08-06T00:00,0.0,0.0,10.0,20000,0,0,15.0
Noble,2026-08-06T01:00,0.0,0.0,10.0,20000,0,0,15.0
Noble,2026-08-06T02:00,0.0,0.0,10.0,20000,0,0,15.0
Noble,2026-08-06T03:00,0.0,0.0,10.0,20000,0,0,15.0
Noble,2026-08-06T04:00,0.0,0.0,10.0,20000,0,0,15.0
Noble,2026-08-06T05:00,0.0,0.0,10.0,20000,0,0,15.0
Noble,2026-08-06T06:00,0.0,0.0,10.0,20000,0,0,15.0
Noble,2026-08-06T07:00,0.0,0.0,10.0,20000,0,0,15.0
Noble,2026-08-06T08:00,0.0,0.0,10.0,20000,0,0,15.0
Noble,2026-08-06T09:00,0.0,0.0,10.0,20000,0,0,15.0
Noble,2026-08-06T10:00,0.0,0.0,10.0,20000,0,0,15.0
Noble,2026-08-06T11:00,0.0,0.0,10.0,20000,0,0,15.0
Noble,2026-08-06T12:00,0.0,0.0,10.0,20000,0,0,15.0
Noble,2026-08-06T13:00,0.0,0.0,10.0,20000,0,0,15.0
Noble,2026-08-06T14:00,0.0,0.0,10.0,20000,0,0,15.0
Noble,2026-08-06T15:00,0.0,0.0,10.0,20000,0,0,15.0
Noble,2026-08-06T16:00,0.0,0.0,10.0,20000,0,0,15.0
Noble,2026-08-06T17:00,0.0,0.0,10.0,20000,0,0,15.0
Noble,2026-08-06T18:00,0.0,0.0,10.0,20000,0,0,15.0
Noble,2026-08-06T19:00,0.0,0.0,10.0,20000,0,0,15.0
Noble,2026-08-06T20:00,0.0,0.0,10.0,20000,0,0,15.0
Noble,2026-08-06T21:00,0.0,0.0,10.0,20000,0,0,15.0
Noble,2026-08-06T22:00,0.0,0.0,10.0,20000,0,0,15.0
Noble,2026-08-06T23:00,0.0,0.0,10.0,20000,0,0,15.0
Noble,2026-08-07T00:00,0.0,0.0,10.0,20000,0,0,15.0
Noble,2026-08-07T01:00,0.0,0.0,10.0,20000,0,0,15.0
Noble,2026-08-07T02:00,0.0,0.0,10.0,20000,0,0,15.0
Noble,2026-08-07T03:00,0.0,0.0,10.0,20000,0,0,15.0
Noble,2026-08-07T04:00,0.0,0.0,10.0,20000,0,0,15.0
Noble,2026-08-07T05:00,0.0,0.0,10.0,20000,0,0,15.0
Noble,2026-08-07T06:00,0.0,0.0,10.0,20000,0,0,15.0
Noble,2026-08-07T07:00,0.0,0.0,10.0,20000,0,0,15.0
Noble,2026-08-07T08:00,0.0,0.0,10.0,20000,0,0,15.0
Noble,2026-08-07T09:00,0.0,0.0,10.0,20000,0,0,15.0
Noble,2026-08-07T10:00,0.0,0.0,10.0,20000,0,0,15.0
Noble,2026-08-07T11:00,0.0,0.0,10.0,20000,0,0,15.0
Noble,2026-08-07T12:00,0.0,0.0,10.0,20000,0,0,15.0
Noble,2026-08-07T13:00,0.0,0.0,10.0,20000,0,0,15.0
Noble,2026-08-07T14:00,0.0,0.0,10.0,20000,0,0,15.0
Noble,2026-08-07T15:00,0.0,0.0,10.0,20000,0,0,15.0
Noble,2026-08-07T16:00,0.0,0.0,10.0,20000,0,0,15.0
Noble,2026-08-07T17:00,0.0,0.0,10.0,20000,0,0,15.0
Noble,2026-08-07T18:00,0.0,0.0,10.0,20000,0,0,15.0
Owen,2026-08-05T19:00,0.0,0.0,10.0,20000,0,0,15.0
Owen,2026-08-05T20:00,0.0,0.0,10.0,20000,0,0,15.0
Owen,2026-08-05T21:00,0.0,0.0,10.0,20000,0,0,15.0
Owen,2026-08-05T22:00,0.0,0.0,10.0,20000,0,0,15.0
Owen,2026-08-05T23:00,0.0,0.0,10.0,20000,0,0,15.0
Owen,2026-08-06T00:00,0.0,0.0,10.0,20000,0,0,15.0
Owen,2026-08-06T01:00,0.0,0.0,10.0,20000,0,0,15.0
Owen,2026-08-06T02:00,0.0,0.0,10.0,20000,0,0,15.0
Owen,2026-08-06T03:00,0.0,0.0,10.0,20000,0,0,15.0
Owen,2026-08-06T04:00,0.0,0.0,10.0,20000,0,0,15.0
Owen,2026-08-06T05:00,0.0,0.0,10.0,20000,0,0,15.0
Owen,2026-08-06T06:00,0.0,0.0,10.0,20000,0,0,15.0
Owen,2026-08-06T07:00,0.0,0.0,10.0,20000,0,0,15.0
Owen,2026-08-06T08:00,0.0,0.0,10.0,20000,0,0,15.0
Owen,2026-08-06T09:00,0.0,0.0,10.0,20000,0,0,15.0
Owen,2026-08-06T10:00,0.0,0.0,10.0,20000,0,0,15.0
Owen,2026-08-06T11:00,0.0,0.0,10.0,20000,0,0,15.0
Owen,2026-08-06T12:00,0.0,0.0,10.0,20000,0,0,15.0
Owen,2026-08-06T13:00,0.0,0.0,10.0,20000,0,0,15.0
Owen,2026-08-06T14:00,0.0,0.0,10.0,20000,0,0,15.0
Owen,2026-08-06T15:00,0.0,0.0,10.0,20000,0,0,15.0
Owen,2026-08-06T16:00,0.0,0.0,10.0,20000,0,0,15.0
Owen,2026-08-06T17:00,0.0,0.0,10.0,20000,0,0,15.0
Owen,2026-08-06T18:00,0.0,0.0,10.0,20000,0,0,15.0
Owen,2026-08-06T19:00,0.0,0.0,10.0,20000,0,0,15.0
Owen,2026-08-06T20:00,0.0,0.0,10.0,20000,0,0,15.0
Owen,2026-08-06T21:00,0.0,0.0,10.0,20000,0,0,15.0
Owen,2026-08-06T22:00,0.0,0.0,10.0,20000,0,0,15.0
Owen,2026-08-06T23:00,0.0,0.0,10.0,20000,0,0,15.0
Owen,2026-08-07T00:00,0.0,0.0,10.0,20000,0,0,15.0
Owen,2026-08-07T01:00,0.0,0.0,10.0,20000,0,0,15.0
Owen,2026-08-07T02:00,0.0,0.0,10.0,20000,0,0,15.0
Owen,2026-08-07T03:00,0.0,0.0,10.0,20000,0,0,15.0
Owen,2026-08-07T04:00,0.0,0.0,10.0,20000,0,0,15.0
Owen,2026-08-07T05:00,0.0,0.0,10.0,20000,0,0,15.0
Owen,2026-08-07T06:00,0.0,0.0,10.0,20000,0,0,15.0
Owen,2026-08-07T07:00,0.0,0.0,10.0,20000,0,0,15.0
Owen,2026-08-07T08:00,0.0,0.0,10.0,20000,0,0,15.0
Owen,2026-08-07T09:00,0.0,0.0,10.0,20000,0,0,15.0
Owen,2026-08-07T10:00,0.0,0.0,10.0,20000,0,0,15.0
Owen,2026-08-07T11:00,0.0,0.0,10.0,20000,0,0,15.0
Owen,2026-08-07T12:00,0.0,0.0,10.0,20000,0,0,15.0
Owen,2026-08-07T13:00,0.0,0.0,10.0,20000,0,0,15.0
Owen,2026-08-07T14:00,0.0,0.0,10.0,20000,0,0,15.0
Owen,2026-08-07T15:00,0.0,0.0,10.0,20000,0,0,15.0
Owen,2026-08-07T16:00,0.0,0.0,10.0,20000,0,0,15.0
Owen,2026-08-07T17:00,0.0,0.0,10.0,20000,0,0,15.0
Owen,2026-08-07T18:00,0.0,0.0,10.0,20000,0,0,15.0
Putnam,2026-08-05T19:00,0.0,0.0,10.0,20000,0,0,15.0
Putnam,2026-08-05T20:00,0.0,0.0,10.0,20000,0,0,15.0
Putnam,2026-08-05T21:00,0.0,0.0,10.0,20000,0,0,15.0
Putnam,2026-08-05T22:00,0.0,0.0,10.0,20000,0,0,15.0
Putnam,2026-08-05T23:00,0.0,0.0,10.0,20000,0,0,15.0
Putnam,2026-08-06T00:00,0.0,0.0,10.0,20000,0,0,15.0
Putnam,2026-08-06T01:00,0.0,0.0,10.0,20000,0,0,15.0
Putnam,2026-08-06T02:00,0.0,0.0,10.0,20000,0,0,15.0
Putnam,2026-08-06T03:00,0.0,0.0,10.0,20000,0,0,15.0
Putnam,2026-08-06T04:00,0.0,0.0,10.0,20000,0,0,15.0
Putnam,2026-08-06T05:00,0.0,0.0,10.0,20000,0,0,15.0
Putnam,2026-08-06T06:00,0.0,0.0,10.0,20000,0,0,15.0
Putnam,2026-08-06T07:00,0.0,0.0,10.0,20000,0,0,15.0
Putnam,2026-08-06T08:00,0.0,0.0,10.0,20000,0,0,15.0
Putnam,2026-08-06T09:00,0.0,0.0,10.0,20000,0,0,15.0
Putnam,2026-08-06T10:00,0.0,0.0,10.0,20000,0,0,15.0
Putnam,2026-08-06T11:00,0.0,0.0,10.0,20000,0,0,15.0
Putnam,2026-08-06T12:00,0.0,0.0,10.0,20000,0,0,15.0
Putnam,2026-08-06T13:00,0.0,0.0,10.0,20000,0,0,15.0
Putnam,2026-08-06T14:00,0.0,0.0,10.0,20000,0,0,15.0
Putnam,2026-08-06T15:00,0.0,0.0,10.0,20000,0,0,15.0
Putnam,2026-08-06T16:00,0.0,0.0,10.0,20000,0,0,15.0
Putnam,2026-08-06T17:00,0.0,0.0,10.0,20000,0,0,15.0
Putnam,2026-08-06T18:00,0.0,0.0,10.0,20000,0,0,15.0
Putnam,2026-08-06T19:00,0.0,0.0,10.0,20000,0,0,15.0
Putnam,2026-08-06T20:00,0.0,0.0,10.0,20000,0,0,15.0
Putnam,2026-08-06T21:00,0.0,0.0,10.0,20000,0,0,15.0
Putnam,2026-08-06T22:00,0.0,0.0,10.0,20000,0,0,15.0
Putnam,2026-08-06T23:00,0.0,0.0,10.0,20000,0,0,15.0
Putnam,2026-08-07T00:00,0.0,0.0,10.0,20000,0,0,15.0
Putnam,2026-08-07T01:00,0.0,0.0,10.0,20000,0,0,15.0
Putnam,2026-08-07T02:00,0.0,0.0,10.0,20000,0,0,15.0
Putnam,2026-08-07T03:00,0.0,0.0,10.0,20000,0,0,15.0
Putnam,2026-08-07T04:00,0.0,0.0,10.0,20000,0,0,15.0
Putnam,2026-08-07T05:00,0.0,0.0,10.0,20000,0,0,15.0
Putnam,2026-08-07T06:00,0.0,0.0,10.0,20000,0,0,15.0
Putnam,2026-08-07T07:00,0.0,0.0,10.0,20000,0,0,15.0
Putnam,2026-08-07T08:00,0.0,0.0,10.0,20000,0,0,15.0
Putnam,2026-08-07T09:00,0.0,0.0,10.0,20000,0,0,15.0
Putnam,2026-08-07T10:00,0.0,0.0,10.0,20000,0,0,15.0
Putnam,2026-08-07T11:00,0.0,0.0,10.0,20000,0,0,15.0
Putnam,2026-08-07T12:00,0.0,0.0,10.0,20000,0,0,15.0
Putnam,2026-08-07T13:00,0.0,0.0,10.0,20000,0,0,15.0
Putnam,2026-08-07T14:00,0.0,0.0,10.0,20000,0,0,15.0
Putnam,2026-08-07T15:00,0.0,0.0,10.0,20000,0,0,15.0
Putnam,2026-08-07T16:00,0.0,0.0,10.0,20000,0,0,15.0
Putnam,2026-08-07T17:00,0.0,0.0,10.0,20000,0,0,15.0
Putnam,2026-08-07T18:00,0.0,0.0,10.0,20000,0,0,15.0
Shelby,2026-08-05T19:00,0.0,0.0,10.0,20000,0,0,15.0
Shelby,2026-08-05T20:00,0.0,0.0,10.0,20000,0,0,15.0
Shelby,2026-08-05T21:00,0.0,0.0,10.0,20000,0,0,15.0
Shelby,2026-08-05T22:00,0.0,0.0,10.0,20000,0,0,15.0
Shelby,2026-08-05T23:00,0.0,0.0,10.0,20000,0,0,15.0
Shelby,2026-08-06T00:00,0.0,0.0,10.0,20000,0,0,15.0
Shelby,2026-08-06T01:00,0.0,0.0,10.0,20000,0,0,15.0
Shelby,2026-08-06T02:00,0.0,0.0,10.0,20000,0,0,15.0
Shelby,2026-08-06T03:00,0.0,0.0,10.0,20000,0,0,15.0
Shelby,2026-08-06T04:00,0.0,0.0,10.0,20000,0,0,15.0
Shelby,2026-08-06T05:00,0.0,0.0,10.0,20000,0,0,15.0
Shelby,2026-08-06T06:00,0.0,0.0,10.0,20000,0,0,15.0
Shelby,2026-08-06T07:00,0.0,0.0,10.0,20000,0,0,15.0
Shelby,2026-08-06T08:00,0.0,0.0,10.0,20000,0,0,15.0
Shelby,2026-08-06T09:00,0.0,0.0,10.0,20000,0,0,15.0
Shelby,2026-08-06T10:00,0.0,0.0,10.0,20000,0,0,15.0
Shelby,2026-08-06T11:00,0.0,0.0,10.0,20000,0,0,15.0
Shelby,2026-08-06T12:00,0.0,0.0,10.0,20000,0,0,15.0
Shelby,2026-08-06T13:00,0.0,0.0,10.0,20000,0,0,15.0
Shelby,2026-08-06T14:00,0.0,0.0,10.0,20000,0,0,15.0
Shelby,2026-08-06T15:00,0.0,0.0,10.0,20000,0,0,15.0
Shelby,2026-08-06T16:00,0.0,0.0,10.0,20000,0,0,15.0
Shelby,2026-08-06T17:00,0.0,0.0,10.0,20000,0,0,15.0
Shelby,2026-08-06T18:00,0.0,0.0,10.0,20000,0,0,15.0
Shelby,2026-08-06T19:00,0.0,0.0,10.0,20000,0,0,15.0
Shelby,2026-08-06T20:00,0.0,0.0,10.0,20000,0,0,15.0
Shelby,2026-08-06T21:00,0.0,0.0,10.0,20000,0,0,15.0
Shelby,2026-08-06T22:00,0.0,0.0,10.0,20000,0,0,15.0
Shelby,2026-08-06T23:00,0.0,0.0,10.0,20000,0,0,15.0
Shelby,2026-08-07T00:00,0.0,0.0,10.0,20000,0,0,15.0
Shelby,2026-08-07T01:00,0.0,0.0,10.0,20000,0,0,15.0
Shelby,2026-08-07T02:00,0.0,0.0,10.0,20000,0,0,15.0
Shelby,2026-08-07T03:00,0.0,0.0,10.0,20000,0,0,15.0
Shelby,2026-08-07T04:00,0.0,0.0,10.0,20000,0,0,15.0
Shelby,2026-08-07T05:00,0.0,0.0,10.0,20000,0,0,15.0
Shelby,2026-08-07T06:00,0.0,0.0,10.0,20000,0,0,15.0
Shelby,2026-08-07T07:00,0.0,0.0,10.0,20000,0,0,15.0
Shelby,2026-08-07T08:00,0.0,0.0,10.0,20000,0,0,15.0
Shelby,2026-08-07T09:00,0.0,0.0,10.0,20000,0,0,15.0
Shelby,2026-08-07T10:00,0.0,0.0,10.0,20000,0,0,15.0
Shelby,2026-08-07T11:00,0.0,0.0,10.0,20000,0,0,15.0
Shelby,2026-08-07T12:00,0.0,0.0,10.0,20000,0,0,15.0
Shelby,2026-08-07T13:00,0.0,0.0,10.0,20000,0,0,15.0
Shelby,2026-08-07T14:00,0.0,0.0,10.0,20000,0,0,15.0
Shelby,2026-08-07T15:00,0.0,0.0,10.0,20000,0,0,15.0
Shelby,2026-08-07T16:00,0.0,0.0,10.0,20000,0,0,15.0
Shelby,2026-08-07T17:00,0.0,0.0,10.0,20000,0,0,15.0
Shelby,2026-08-07T18:00,0.0,0.0,10.0,20000,0,0,15.0
Tippecanoe,2026-08-05T19:00,0.0,0.0,10.0,20000,0,0,15.0
Tippecanoe,2026-08-05T20:00,0.0,0.0,10.0,20000,0,0,15.0
Tippecanoe,2026-08-05T21:00,0.0,0.0,10.0,20000,0,0,15.0
Tippecanoe,2026-08-05T22:00,0.0,0.0,10.0,20000,0,0,15.0
Tippecanoe,2026-08-05T23:00,0.0,0.0,10.0,20000,0,0,15.0
Tippecanoe,2026-08-06T00:00,0.0,0.0,10.0,20000,0,0,15.0
Tippecanoe,2026-08-06T01:00,0.0,0.0,10.0,20000,0,0,15.0
Tippecanoe,2026-08-06T02:00,0.0,0.0,10.0,20000,0,0,15.0
Tippecanoe,2026-08-06T03:00,0.0,0.0,10.0,20000,0,0,15.0
Tippecanoe,2026-08-06T04:00,0.0,0.0,10.0,20000,0,0,15.0
Tippecanoe,2026-08-06T05:00,0.0,0.0,10.0,20000,0,0,15.0
Tippecanoe,2026-08-06T06:00,0.0,0.0,10.0,20000,0,0,15.0
Tippecanoe,2026-08-06T07:00,0.0,0.0,10.0,20000,0,0,15.0
Tippecanoe,2026-08-06T08:00,0.0,0.0,10.0,20000,0,0,15.0
Tippecanoe,2026-08-06T09:00,0.0,0.0,10.0,20000,0,0,15.0
Tippecanoe,2026-08-06T10:00,0.0,0.0,10.0,20000,0,0,15.0
Tippecanoe,2026-08-06T11:00,0.0,0.0,10.0,20000,0,0,15.0
Tippecanoe,2026-08-06T12:00,0.0,0.0,10.0,20000,0,0,15.0
Tippecanoe,2026-08-06T13:00,0.0,0.0,10.0,20000,0,0,15.0
Tippecanoe,2026-08-06T14:00,0.0,0.0,10.0,20000,0,0,15.0
Tippecanoe,2026-08-06T15:00,0.0,0.0,10.0,20000,0,0,15.0
Tippecanoe,2026-08-06T16:00,0.0,0.0,10.0,20000,0,0,15.0
Tippecanoe,2026-08-06T17:00,0.0,0.0,10.0,20000,0,0,15.0
Tippecanoe,2026-08-06T18:00,0.0,0.0,10.0,20000,0,0,15.0
Tippecanoe,2026-08-06T19:00,0.0,0.0,10.0,20000,0,0,15.0
Tippecanoe,2026-08-06T20:00,0.0,0.0,10.0,20000,0,0,15.0
Tippecanoe,2026-08-06T21:00,0.0,0.0,10.0,20000,0,0,15.0
Tippecanoe,2026-08-06T22:00,0.0,0.0,10.0,20000,0,0,15.0
Tippecanoe,2026-08-06T23:00,0.0,0.0,10.0,20000,0,0,15.0
Tippecanoe,2026-08-07T00:00,0.0,0.0,10.0,20000,0,0,15.0
Tippecanoe,2026-08-07T01:00,0.0,0.0,10.0,20000,0,0,15.0
Tippecanoe,2026-08-07T02:00,0.0,0.0,10.0,20000,0,0,15.0
Tippecanoe,2026-08-07T03:00,0.0,0.0,10.0,20000,0,0,15.0
Tippecanoe,2026-08-07T04:00,0.0,0.0,10.0,20000,0,0,15.0
Tippecanoe,2026-08-07T05:00,0.0,0.0,10.0,20000,0,0,15.0
Tippecanoe,2026-08-07T06:00,0.0,0.0,10.0,20000,0,0,15.0
Tippecanoe,2026-08-07T07:00,0.0,0.0,10.0,20000,0,0,15.0
Tippecanoe,2026-08-07T08:00,0.0,0.0,10.0,20000,0,0,15.0
Tippecanoe,2026-08-07T09:00,0.0,0.0,10.0,20000,0,0,15.0
Tippecanoe,2026-08-07T10:00,0.0,0.0,10.0,20000,0,0,15.0
Tippecanoe,2026-08-07T11:00,0.0,0.0,10.0,20000,0,0,15.0
Tippecanoe,2026-08-07T12:00,0.0,0.0,10.0,20000,0,0,15.0
Tippecanoe,2026-08-07T13:00,0.0,0.0,10.0,20000,0,0,15.0
Tippecanoe,2026-08-07T14:00,0.0,0.0,10.0,20000,0,0,15.0
Tippecanoe,2026-08-07T15:00,0.0,0.0,10.0,20000,0,0,15.0
Tippecanoe,2026-08-07T16:00,0.0,0.0,10.0,20000,0,0,15.0
Tippecanoe,2026-08-07T17:00,0.0,0.0,10.0,20000,0,0,15.0
Tippecanoe,2026-08-07T18:00,0.0,0.0,10.0,20000,0,0,15.0
Vermillion,2026-08-05T19:00,0.0,0.0,10.0,20000,0,0,15.0
Vermillion,2026-08-05T20:00,0.0,0.0,10.0,20000,0,0,15.0
Vermillion,2026-08-05T21:00,0.0,0.0,10.0,20000,0,0,15.0
Vermillion,2026-08-05T22:00,0.0,0.0,10.0,20000,0,0,15.0
Vermillion,2026-08-05T23:00,0.0,0.0,10.0,20000,0,0,15.0
Vermillion,2026-08-06T00:00,0.0,0.0,10.0,20000,0,0,15.0
Vermillion,2026-08-06T01:00,0.0,0.0,10.0,20000,0,0,15.0
Vermillion,2026-08-06T02:00,0.0,0.0,10.0,20000,0,0,15.0
Vermillion,2026-08-06T03:00,0.0,0.0,10.0,20000,0,0,15.0
Vermillion,2026-08-06T04:00,0.0,0.0,10.0,20000,0,0,15.0
Vermillion,2026-08-06T05:00,0.0,0.0,10.0,20000,0,0,15.0
Vermillion,2026-08-06T06:00,0.0,0.0,10.0,20000,0,0,15.0
Vermillion,2026-08-06T07:00,0.0,0.0,10.0,20000,0,0,15.0
Vermillion,2026-08-06T08:00,0.0,0.0,10.0,20000,0,0,15.0
Vermillion,2026-08-06T09:00,0.0,0.0,10.0,20000,0,0,15.0
Vermillion,2026-08-06T10:00,0.0,0.0,10.0,20000,0,0,15.0
Vermillion,2026-08-06T11:00,0.0,0.0,10.0,20000,0,0,15.0
Vermillion,2026-08-06T12:00,0.0,0.0,10.0,20000,0,0,15.0
Vermillion,2026-08-06T13:00,0.0,0.0,10.0,20000,0,0,15.0
Vermillion,2026-08-06T14:00,0.0,0.0,10.0,20000,0,0,15.0
Vermillion,2026-08-06T15:00,0.0,0.0,10.0,20000,0,0,15.0
Vermillion,2026-08-06T16:00,0.0,0.0,10.0,20000,0,0,15.0
Vermillion,2026-08-06T17:00,0.0,0.0,10.0,20000,0,0,15.0
Vermillion,2026-08-06T18:00,0.0,0.0,10.0,20000,0,0,15.0
Vermillion,2026-08-06T19:00,0.0,0.0,10.0,20000,0,0,15.0
Vermillion,2026-08-06T20:00,0.0,0.0,10.0,20000,0,0,15.0
Vermillion,2026-08-06T21:00,0.0,0.0,10.0,20000,0,0,15.0
Vermillion,2026-08-06T22:00,0.0,0.0,10.0,20000,0,0,15.0
Vermillion,2026-08-06T23:00,0.0,0.0,10.0,20000,0,0,15.0
Vermillion,2026-08-07T00:00,0.0,0.0,10.0,20000,0,0,15.0
Vermillion,2026-08-07T01:00,0.0,0.0,10.0,20000,0,0,15.0
Vermillion,2026-08-07T02:00,0.0,0.0,10.0,20000,0,0,15.0
Vermillion,2026-08-07T03:00,0.0,0.0,10.0,20000,0,0,15.0
Vermillion,2026-08-07T04:00,0.0,0.0,10.0,20000,0,0,15.0
Vermillion,2026-08-07T05:00,0.0,0.0,10.0,20000,0,0,15.0
Vermillion,2026-08-07T06:00,0.0,0.0,10.0,20000,0,0,15.0
Vermillion,2026-08-07T07:00,0.0,0.0,10.0,20000,0,0,15.0
Vermillion,2026-08-07T08:00,0.0,0.0,10.0,20000,0,0,15.0
Vermillion,2026-08-07T09:00,0.0,0.0,10.0,20000,0,0,15.0
Vermillion,2026-08-07T10:00,0.0,0.0,10.0,20000,0,0,15.0
Vermillion,2026-08-07T11:00,0.0,0.0,10.0,20000,0,0,15.0
Vermillion,2026-08-07T12:00,0.0,0.0,10.0,20000,0,0,15.0
Vermillion,2026-08-07T13:00,0.0,0.0,10.0,20000,0,0,15.0
Vermillion,2026-08-07T14:00,0.0,0.0,10.0,20000,0,0,15.0
Vermillion,2026-08-07T15:00,0.0,0.0,10.0,20000,0,0,15.0
Vermillion,2026-08-07T16:00,0.0,0.0,10.0,20000,0,0,15.0
Vermillion,2026-08-07T17:00,0.0,0.0,10.0,20000,0,0,15.0
Vermillion,2026-08-07T18:00,0.0,0.0,10.0,20000,0,0,15.0
Bartholomew,2026-08-05T19:00,0.0,0.0,10.0,20000,0,0,15.0
Bartholomew,2026-08-05T20:00,0.0,0.0,10.0,20000,0,0,15.0
Bartholomew,2026-08-05T21:00,0.0,0.0,10.0,20000,0,0,15.0
Bartholomew,2026-08-05T22:00,0.0,0.0,10.0,20000,0,0,15.0
Bartholomew,2026-08-05T23:00,0.0,0.0,10.0,20000,0,0,15.0
Bartholomew,2026-08-06T00:00,0.0,0.0,10.0,20000,0,0,15.0
Bartholomew,2026-08-06T01:00,0.0,0.0,10.0,20000,0,0,15.0
Bartholomew,2026-08-06T02:00,0.0,0.0,10.0,20000,0,0,15.0
Bartholomew,2026-08-06T03:00,0.0,0.0,10.0,20000,0,0,15.0
Bartholomew,2026-08-06T04:00,0.0,0.0,10.0,20000,0,0,15.0
Bartholomew,2026-08-06T05:00,0.0,0.0,10.0,20000,0,0,15.0
Bartholomew,2026-08-06T06:00,0.0,0.0,10.0,20000,0,0,15.0
Bartholomew,2026-08-06T07:00,0.0,0.0,10.0,20000,0,0,15.0
Bartholomew,2026-08-06T08:00,0.0,0.0,10.0,20000,0,0,15.0
Bartholomew,2026-08-06T09:00,0.0,0.0,10.0,20000,0,0,15.0
Bartholomew,2026-08-06T10:00,0.0,0.0,10.0,20000,0,0,15.0
Bartholomew,2026-08-06T11:00,0.0,0.0,10.0,20000,0,0,15.0
Bartholomew,2026-08-06T12:00,0.0,0.0,10.0,20000,0,0,15.0
Bartholomew,2026-08-06T13:00,0.0,0.0,10.0,20000,0,0,15.0
Bartholomew,2026-08-06T14:00,0.0,0.0,10.0,20000,0,0,15.0
Bartholomew,2026-08-06T15:00,0.0,0.0,10.0,20000,0,0,15.0
Bartholomew,2026-08-06T16:00,0.0,0.0,10.0,20000,0,0,15.0
Bartholomew,2026-08-06T17:00,0.0,0.0,10.0,20000,0,0,15.0
Bartholomew,2026-08-06T18:00,0.0,0.0,10.0,20000,0,0,15.0
Bartholomew,2026-08-06T19:00,0.0,0.0,10.0,20000,0,0,15.0
Bartholomew,2026-08-06T20:00,0.0,0.0,10.0,20000,0,0,15.0
Bartholomew,2026-08-06T21:00,0.0,0.0,10.0,20000,0,0,15.0
Bartholomew,2026-08-06T22:00,0.0,0.0,10.0,20000,0,0,15.0
Bartholomew,2026-08-06T23:00,0.0,0.0,10.0,20000,0,0,15.0
Bartholomew,2026-08-07T00:00,0.0,0.0,10.0,20000,0,0,15.0
Bartholomew,2026-08-07T01:00,0.0,0.0,10.0,20000,0,0,15.0
Bartholomew,2026-08-07T02:00,0.0,0.0,10.0,20000,0,0,15.0
Bartholomew,2026-08-07T03:00,0.0,0.0,10.0,20000,0,0,15.0
Bartholomew,2026-08-07T04:00,0.0,0.0,10.0,20000,0,0,15.0
Bartholomew,2026-08-07T05:00,0.0,0.0,10.0,20000,0,0,15.0
Bartholomew,2026-08-07T06:00,0.0,0.0,10.0,20000,0,0,15.0
Bartholomew,2026-08-07T07:00,0.0,0.0,10.0,20000,0,0,15.0
Bartholomew,2026-08-07T08:00,0.0,0.0,10.0,20000,0,0,15.0
Bartholomew,2026-08-07T09:00,0.0,0.0,10.0,20000,0,0,15.0
Bartholomew,2026-08-07T10:00,0.0,0.0,10.0,20000,0,0,15.0
Bartholomew,2026-08-07T11:00,0.0,0.0,10.0,20000,0,0,15.0
Bartholomew,2026-08-07T12:00,0.0,0.0,10.0,20000,0,0,15.0
Bartholomew,2026-08-07T13:00,0.0,0.0,10.0,20000,0,0,15.0
Bartholomew,2026-08-07T14:00,0.0,0.0,10.0,20000,0,0,15.0
Bartholomew,2026-08-07T15:00,0.0,0.0,10.0,20000,0,0,15.0
Bartholomew,2026-08-07T16:00,0.0,0.0,10.0,20000,0,0,15.0
Bartholomew,2026-08-07T17:00,0.0,0.0,10.0,20000,0,0,15.0
Bartholomew,2026-08-07T18:00,0.0,0.0,10.0,20000,0,0,15.0
Cass,2026-08-05T19:00,0.0,0.0,10.0,20000,0,0,15.0
Cass,2026-08-05T20:00,0.0,0.0,10.0,20000,0,0,15.0
Cass,2026-08-05T21:00,0.0,0.0,10.0,20000,0,0,15.0
Cass,2026-08-05T22:00,0.0,0.0,10.0,20000,0,0,15.0
Cass,2026-08-05T23:00,0.0,0.0,10.0,20000,0,0,15.0
Cass,2026-08-06T00:00,0.0,0.0,10.0,20000,0,0,15.0
Cass,2026-08-06T01:00,0.0,0.0,10.0,20000,0,0,15.0
Cass,2026-08-06T02:00,0.0,0.0,10.0,20000,0,0,15.0
Cass,2026-08-06T03:00,0.0,0.0,10.0,20000,0,0,15.0
Cass,2026-08-06T04:00,0.0,0.0,10.0,20000,0,0,15.0
Cass,2026-08-06T05:00,0.0,0.0,10.0,20000,0,0,15.0
Cass,2026-08-06T06:00,0.0,0.0,10.0,20000,0,0,15.0
Cass,2026-08-06T07:00,0.0,0.0,10.0,20000,0,0,15.0
Cass,2026-08-06T08:00,0.0,0.0,10.0,20000,0,0,15.0
Cass,2026-08-06T09:00,0.0,0.0,10.0,20000,0,0,15.0
Cass,2026-08-06T10:00,0.0,0.0,10.0,20000,0,0,15.0
Cass,2026-08-06T11:00,0.0,0.0,10.0,20000,0,0,15.0
Cass,2026-08-06T12:00,0.0,0.0,10.0,20000,0,0,15.0
Cass,2026-08-06T13:00,0.0,0.0,10.0,20000,0,0,15.0
Cass,2026-08-06T14:00,0.0,0.0,10.0,20000,0,0,15.0
Cass,2026-08-06T15:00,0.0,0.0,10.0,20000,0,0,15.0
Cass,2026-08-06T16:00,0.0,0.0,10.0,20000,0,0,15.0
Cass,2026-08-06T17:00,0.0,0.0,10.0,20000,0,0,15.0
Cass,2026-08-06T18:00,0.0,0.0,10.0,20000,0,0,15.0
Cass,2026-08-06T19:00,0.0,0.0,10.0,20000,0,0,15.0
Cass,2026-08-06T20:00,0.0,0.0,10.0,20000,0,0,15.0
Cass,2026-08-06T21:00,0.0,0.0,10.0,20000,0,0,15.0
Cass,2026-08-06T22:00,0.0,0.0,10.0,20000,0,0,15.0
Cass,2026-08-06T23:00,0.0,0.0,10.0,20000,0,0,15.0
Cass,2026-08-07T00:00,0.0,0.0,10.0,20000,0,0,15.0
Cass,2026-08-07T01:00,0.0,0.0,10.0,20000,0,0,15.0
Cass,2026-08-07T02:00,0.0,0.0,10.0,20000,0,0,15.0
Cass,2026-08-07T03:00,0.0,0.0,10.0,20000,0,0,15.0
Cass,2026-08-07T04:00,0.0,0.0,10.0,20000,0,0,15.0
Cass,2026-08-07T05:00,0.0,0.0,10.0,20000,0,0,15.0
Cass,2026-08-07T06:00,0.0,0.0,10.0,20000,0,0,15.0
Cass,2026-08-07T07:00,0.0,0.0,10.0,20000,0,0,15.0
Cass,2026-08-07T08:00,0.0,0.0,10.0,20000,0,0,15.0
Cass,2026-08-07T09:00,0.0,0.0,10.0,20000,0,0,15.0
Cass,2026-08-07T10:00,0.0,0.0,10.0,20000,0,0,15.0
Cass,2026-08-07T11:00,0.0,0.0,10.0,20000,0,0,15.0
Cass,2026-08-07T12:00,0.0,0.0,10.0,20000,0,0,15.0
Cass,2026-08-07T13:00,0.0,0.0,10.0,20000,0,0,15.0
Cass,2026-08-07T14:00,0.0,0.0,10.0,20000,0,0,15.0
Cass,2026-08-07T15:00,0.0,0.0,10.0,20000,0,0,15.0
Cass,2026-08-07T16:00,0.0,0.0,10.0,20000,0,0,15.0
Cass,2026-08-07T17:00,0.0,0.0,10.0,20000,0,0,15.0
Cass,2026-08-07T18:00,0.0,0.0,10.0,20000,0,0,15.0
Daviess,2026-08-05T19:00,0.0,0.0,10.0,20000,0,0,15.0
Daviess,2026-08-05T20:00,0.0,0.0,10.0,20000,0,0,15.0
Daviess,2026-08-05T21:00,0.0,0.0,10.0,20000,0,0,15.0
Daviess,2026-08-05T22:00,0.0,0.0,10.0,20000,0,0,15.0
Daviess,2026-08-05T23:00,0.0,0.0,10.0,20000,0,0,15.0
Daviess,2026-08-06T00:00,0.0,0.0,10.0,20000,0,0,15.0
Daviess,2026-08-06T01:00,0.0,0.0,10.0,20000,0,0,15.0
Daviess,2026-08-06T02:00,0.0,0.0,10.0,20000,0,0,15.0
Daviess,2026-08-06T03:00,0.0,0.0,10.0,20000,0,0,15.0
Daviess,2026-08-06T04:00,0.0,0.0,10.0,20000,0,0,15.0
Daviess,2026-08-06T05:00,0.0,0.0,10.0,20000,0,0,15.0
Daviess,2026-08-06T06:00,0.0,0.0,10.0,20000,0,0,15.0
Daviess,2026-08-06T07:00,0.0,0.0,10.0,20000,0,0,15.0
Daviess,2026-08-06T08:00,0.0,0.0,10.0,20000,0,0,15.0
Daviess,2026-08-06T09:00,0.0,0.0,10.0,20000,0,0,15.0
Daviess,2026-08-06T10:00,0.0,0.0,10.0,20000,0,0,15.0
Daviess,2026-08-06T11:00,0.0,0.0,10.0,20000,0,0,15.0
Daviess,2026-08-06T12:00,0.0,0.0,10.0,20000,0,0,15.0
Daviess,2026-08-06T13:00,0.0,0.0,10.0,20000,0,0,15.0
Daviess,2026-08-06T14:00,0.0,0.0,10.0,20000,0,0,15.0
Daviess,2026-08-06T15:00,0.0,0.0,10.0,20000,0,0,15.0
Daviess,2026-08-06T16:00,0.0,0.0,10.0,20000,0,0,15.0
Daviess,2026-08-06T17:00,0.0,0.0,10.0,20000,0,0,15.0
Daviess,2026-08-06T18:00,0.0,0.0,10.0,20000,0,0,15.0
Daviess,2026-08-06T19:00,0.0,0.0,10.0,20000,0,0,15.0
Daviess,2026-08-06T20:00,0.0,0.0,10.0,20000,0,0,15.0
Daviess,2026-08-06T21:00,0.0,0.0,10.0,20000,0,0,15.0
Daviess,2026-08-06T22:00,0.0,0.0,10.0,20000,0,0,15.0
Daviess,2026-08-06T23:00,0.0,0.0,10.0,20000,0,0,15.0
Daviess,2026-08-07T00:00,0.0,0.0,10.0,20000,0,0,15.0
Daviess,2026-08-07T01:00,0.0,0.0,10.0,20000,0,0,15.0
Daviess,2026-08-07T02:00,0.0,0.0,10.0,20000,0,0,15.0
Daviess,2026-08-07T03:00,0.0,0.0,10.0,20000,0,0,15.0
Daviess,2026-08-07T04:00,0.0,0.0,10.0,20000,0,0,15.0
Daviess,2026-08-07T05:00,0.0,0.0,10.0,20000,0,0,15.0
Daviess,2026-08-07T06:00,0.0,0.0,10.0,20000,0,0,15.0
Daviess,2026-08-07T07:00,0.0,0.0,10.0,20000,0,0,15.0
Daviess,2026-08-07T08:00,0.0,0.0,10.0,20000,0,0,15.0
Daviess,2026-08-07T09:00,0.0,0.0,10.0,20000,0,0,15.0
Daviess,2026-08-07T10:00,0.0,0.0,10.0,20000,0,0,15.0
Daviess,2026-08-07T11:00,0.0,0.0,10.0,20000,0,0,15.0
Daviess,2026-08-07T12:00,0.0,0.0,10.0,20000,0,0,15.0
Daviess,2026-08-07T13:00,0.0,0.0,10.0,20000,0,0,15.0
Daviess,2026-08-07T14:00,0.0,0.0,10.0,20000,0,0,15.0
Daviess,2026-08-07T15:00,0.0,0.0,10.0,20000,0,0,15.0
Daviess,2026-08-07T16:00,0.0,0.0,10.0,20000,0,0,15.0
Daviess,2026-08-07T17:00,0.0,0.0,10.0,20000,0,0,15.0
Daviess,2026-08-07T18:00,0.0,0.0,10.0,20000,0,0,15.0
Fayette,2026-08-05T19:00,0.0,0.0,10.0,20000,0,0,15.0
Fayette,2026-08-05T20:00,0.0,0.0,10.0,20000,0,0,15.0
Fayette,2026-08-05T21:00,0.0,0.0,10.0,20000,0,0,15.0
Fayette,2026-08-05T22:00,0.0,0.0,10.0,20000,0,0,15.0
Fayette,2026-08-05T23:00,0.0,0.0,10.0,20000,0,0,15.0
Fayette,2026-08-06T00:00,0.0,0.0,10.0,20000,0,0,15.0
Fayette,2026-08-06T01:00,0.0,0.0,10.0,20000,0,0,15.0
Fayette,2026-08-06T02:00,0.0,0.0,10.0,20000,0,0,15.0
Fayette,2026-08-06T03:00,0.0,0.0,10.0,20000,0,0,15.0
Fayette,2026-08-06T04:00,0.0,0.0,10.0,20000,0,0,15.0
Fayette,2026-08-06T05:00,0.0,0.0,10.0,20000,0,0,15.0
Fayette,2026-08-06T06:00,0.0,0.0,10.0,20000,0,0,15.0
Fayette,2026-08-06T07:00,0.0,0.0,10.0,20000,0,0,15.0
Fayette,2026-08-06T08:00,0.0,0.0,10.0,20000,0,0,15.0
Fayette,2026-08-06T09:00,0.0,0.0,10.0,20000,0,0,15.0
Fayette,2026-08-06T10:00,0.0,0.0,10.0,20000,0,0,15.0
Fayette,2026-08-06T11:00,0.0,0.0,10.0,20000,0,0,15.0
Fayette,2026-08-06T12:00,0.0,0.0,10.0,20000,0,0,15.0
Fayette,2026-08-06T13:00,0.0,0.0,10.0,20000,0,0,15.0
Fayette,2026-08-06T14:00,0.0,0.0,10.0,20000,0,0,15.0
Fayette,2026-08-06T15:00,0.0,0.0,10.0,20000,0,0,15.0
Fayette,2026-08-06T16:00,0.0,0.0,10.0,20000,0,0,15.0
Fayette,2026-08-06T17:00,0.0,0.0,10.0,20000,0,0,15.0
Fayette,2026-08-06T18:00,0.0,0.0,10.0,20000,0,0,15.0
Fayette,2026-08-06T19:00,0.0,0.0,10.0,20000,0,0,15.0
Fayette,2026-08-06T20:00,0.0,0.0,10.0,20000,0,0,15.0
Fayette,2026-08-06T21:00,0.0,0.0,10.0,20000,0,0,15.0
Fayette,2026-08-06T22:00,0.0,0.0,10.0,20000,0,0,15.0
Fayette,2026-08-06T23:00,0.0,0.0,10.0,20000,0,0,15.0
Fayette,2026-08-07T00:00,0.0,0.0,10.0,20000,0,0,15.0
Fayette,2026-08-07T01:00,0.0,0.0,10.0,20000,0,0,15.0
Fayette,2026-08-07T02:00,0.0,0.0,10.0,20000,0,0,15.0
Fayette,2026-08-07T03:00,0.0,0.0,10.0,20000,0,0,15.0
Fayette,2026-08-07T04:00,0.0,0.0,10.0,20000,0,0,15.0
Fayette,2026-08-07T05:00,0.0,0.0,10.0,20000,0,0,15.0
Fayette,2026-08-07T06:00,0.0,0.0,10.0,20000,0,0,15.0
Fayette,2026-08-07T07:00,0.0,0.0,10.0,20000,0,0,15.0
Fayette,2026-08-07T08:00,0.0,0.0,10.0,20000,0,0,15.0
Fayette,2026-08-07T09:00,0.0,0.0,10.0,20000,0,0,15.0
Fayette,2026-08-07T10:00,0.0,0.0,10.0,20000,0,0,15.0
Fayette,2026-08-07T11:00,0.0,0.0,10.0,20000,0,0,15.0
Fayette,2026-08-07T12:00,0.0,0.0,10.0,20000,0,0,15.0
Fayette,2026-08-07T13:00,0.0,0.0,10.0,20000,0,0,15.0
Fayette,2026-08-07T14:00,0.0,0.0,10.0,20000,0,0,15.0
Fayette,2026-08-07T15:00,0.0,0.0,10.0,20000,0,0,15.0
Fayette,2026-08-07T16:00,0.0,0.0,10.0,20000,0,0,15.0
Fayette,2026-08-07T17:00,0.0,0.0,10.0,20000,0,0,15.0
Fayette,2026-08-07T18:00,0.0,0.0,10.0,20000,0,0,15.0
Floyd,2026-08-05T19:00,0.0,0.0,10.0,20000,0,0,15.0
Floyd,2026-08-05T20:00,0.0,0.0,10.0,20000,0,0,15.0
Floyd,2026-08-05T21:00,0.0,0.0,10.0,20000,0,0,15.0
Floyd,2026-08-05T22:00,0.0,0.0,10.0,20000,0,0,15.0
Floyd,2026-08-05T23:00,0.0,0.0,10.0,20000,0,0,15.0
Floyd,2026-08-06T00:00,0.0,0.0,10.0,20000,0,0,15.0
Floyd,2026-08-06T01:00,0.0,0.0,10.0,20000,0,0,15.0
Floyd,2026-08-06T02:00,0.0,0.0,10.0,20000,0,0,15.0
Floyd,2026-08-06T03:00,0.0,0.0,10.0,20000,0,0,15.0
Floyd,2026-08-06T04:00,0.0,0.0,10.0,20000,0,0,15.0
Floyd,2026-08-06T05:00,0.0,0.0,10.0,20000,0,0,15.0
Floyd,2026-08-06T06:00,0.0,0.0,10.0,20000,0,0,15.0
Floyd,2026-08-06T07:00,0.0,0.0,10.0,20000,0,0,15.0
Floyd,2026-08-06T08:00,0.0,0.0,10.0,20000,0,0,15.0
Floyd,2026-08-06T09:00,0.0,0.0,10.0,20000,0,0,15.0
Floyd,2026-08-06T10:00,0.0,0.0,10.0,20000,0,0,15.0
Floyd,2026-08-06T11:00,0.0,0.0,10.0,20000,0,0,15.0
Floyd,2026-08-06T12:00,0.0,0.0,10.0,20000,0,0,15.0
Floyd,2026-08-06T13:00,0.0,0.0,10.0,20000,0,0,15.0
Floyd,2026-08-06T14:00,0.0,0.0,10.0,20000,0,0,15.0
Floyd,2026-08-06T15:00,0.0,0.0,10.0,20000,0,0,15.0
Floyd,2026-08-06T16:00,0.0,0.0,10.0,20000,0,0,15.0
Floyd,2026-08-06T17:00,0.0,0.0,10.0,20000,0,0,15.0
Floyd,2026-08-06T18:00,0.0,0.0,10.0,20000,0,0,15.0
Floyd,2026-08-06T19:00,0.0,0.0,10.0,20000,0,0,15.0
Floyd,2026-08-06T20:00,0.0,0.0,10.0,20000,0,0,15.0
Floyd,2026-08-06T21:00,0.0,0.0,10.0,20000,0,0,15.0
Floyd,2026-08-06T22:00,0.0,0.0,10.0,20000,0,0,15.0
Floyd,2026-08-06T23:00,0.0,0.0,10.0,20000,0,0,15.0
Floyd,2026-08-07T00:00,0.0,0.0,10.0,20000,0,0,15.0
Floyd,2026-08-07T01:00,0.0,0.0,10.0,20000,0,0,15.0
Floyd,2026-08-07T02:00,0.0,0.0,10.0,20000,0,0,15.0
Floyd,2026-08-07T03:00,0.0,0.0,10.0,20000,0,0,15.0
Floyd,2026-08-07T04:00,0.0,0.0,10.0,20000,0,0,15.0
Floyd,2026-08-07T05:00,0.0,0.0,10.0,20000,0,0,15.0
Floyd,2026-08-07T06:00,0.0,0.0,10.0,20000,0,0,15.0
Floyd,2026-08-07T07:00,0.0,0.0,10.0,20000,0,0,15.0
Floyd,2026-08-07T08:00,0.0,0.0,10.0,20000,0,0,15.0
Floyd,2026-08-07T09:00,0.0,0.0,10.0,20000,0,0,15.0
Floyd,2026-08-07T10:00,0.0,0.0,10.0,20000,0,0,15.0
Floyd,2026-08-07T11:00,0.0,0.0,10.0,20000,0,0,15.0
Floyd,2026-08-07T12:00,0.0,0.0,10.0,20000,0,0,15.0
Floyd,2026-08-07T13:00,0.0,0.0,10.0,20000,0,0,15.0
Floyd,2026-08-07T14:00,0.0,0.0,10.0,20000,0,0,15.0
Floyd,2026-08-07T15:00,0.0,0.0,10.0,20000,0,0,15.0
Floyd,2026-08-07T16:00,0.0,0.0,10.0,20000,0,0,15.0
Floyd,2026-08-07T17:00,0.0,0.0,10.0,20000,0,0,15.0
Floyd,2026-08-07T18:00,0.0,0.0,10.0,20000,0,0,15.0
Warren,2026-08-05T19:00,0.0,0.0,10.0,20000,0,0,15.0
Warren,2026-08-05T20:00,0.0,0.0,10.0,20000,0,0,15.0
Warren,2026-08-05T21:00,0.0,0.0,10.0,20000,0,0,15.0
Warren,2026-08-05T22:00,0.0,0.0,10.0,20000,0,0,15.0
Warren,2026-08-05T23:00,0.0,0.0,10.0,20000,0,0,15.0
Warren,2026-08-06T00:00,0.0,0.0,10.0,20000,0,0,15.0
Warren,2026-08-06T01:00,0.0,0.0,10.0,20000,0,0,15.0
Warren,2026-08-06T02:00,0.0,0.0,10.0,20000,0,0,15.0
Warren,2026-08-06T03:00,0.0,0.0,10.0,20000,0,0,15.0
Warren,2026-08-06T04:00,0.0,0.0,10.0,20000,0,0,15.0
Warren,2026-08-06T05:00,0.0,0.0,10.0,20000,0,0,15.0
Warren,2026-08-06T06:00,0.0,0.0,10.0,20000,0,0,15.0
Warren,2026-08-06T07:00,0.0,0.0,10.0,20000,0,0,15.0
Warren,2026-08-06T08:00,0.0,0.0,10.0,20000,0,0,15.0
Warren,2026-08-06T09:00,0.0,0.0,10.0,20000,0,0,15.0
Warren,2026-08-06T10:00,0.0,0.0,10.0,20000,0,0,15.0
Warren,2026-08-06T11:00,0.0,0.0,10.0,20000,0,0,15.0
Warren,2026-08-06T12:00,0.0,0.0,10.0,20000,0,0,15.0
Warren,2026-08-06T13:00,0.0,0.0,10.0,20000,0,0,15.0
Warren,2026-08-06T14:00,0.0,0.0,10.0,20000,0,0,15.0
Warren,2026-08-06T15:00,0.0,0.0,10.0,20000,0,0,15.0
Warren,2026-08-06T16:00,0.0,0.0,10.0,20000,0,0,15.0
Warren,2026-08-06T17:00,0.0,0.0,10.0,20000,0,0,15.0
Warren,2026-08-06T18:00,0.0,0.0,10.0,20000,0,0,15.0
Warren,2026-08-06T19:00,0.0,0.0,10.0,20000,0,0,15.0
Warren,2026-08-06T20:00,0.0,0.0,10.0,20000,0,0,15.0
Warren,2026-08-06T21:00,0.0,0.0,10.0,20000,0,0,15.0
Warren,2026-08-06T22:00,0.0,0.0,10.0,20000,0,0,15.0
Warren,2026-08-06T23:00,0.0,0.0,10.0,20000,0,0,15.0
Warren,2026-08-07T00:00,0.0,0.0,10.0,20000,0,0,15.0
Warren,2026-08-07T01:00,0.0,0.0,10.0,20000,0,0,15.0
Warren,2026-08-07T02:00,0.0,0.0,10.0,20000,0,0,15.0
Warren,2026-08-07T03:00,0.0,0.0,10.0,20000,0,0,15.0
Warren,2026-08-07T04:00,0.0,0.0,10.0,20000,0,0,15.0
Warren,2026-08-07T05:00,0.0,0.0,10.0,20000,0,0,15.0
Warren,2026-08-07T06:00,0.0,0.0,10.0,20000,0,0,15.0
Warren,2026-08-07T07:00,0.0,0.0,10.0,20000,0,0,15.0
Warren,2026-08-07T08:00,0.0,0.0,10.0,20000,0,0,15.0
Warren,2026-08-07T09:00,0.0,0.0,10.0,20000,0,0,15.0
Warren,2026-08-07T10:00,0.0,0.0,10.0,20000,0,0,15.0
Warren,2026-08-07T11:00,0.0,0.0,10.0,20000,0,0,15.0
Warren,2026-08-07T12:00,0.0,0.0,10.0,20000,0,0,15.0
Warren,2026-08-07T13:00,0.0,0.0,10.0,20000,0,0,15.0
Warren,2026-08-07T14:00,0.0,0.0,10.0,20000,0,0,15.0
Warren,2026-08-07T15:00,0.0,0.0,10.0,20000,0,0,15.0
Warren,2026-08-07T16:00,0.0,0.0,10.0,20000,0,0,15.0
Warren,2026-08-07T17:00,0.0,0.0,10.0,20000,0,0,15.0
Warren,2026-08-07T18:00,0.0,0.0,10.0,20000,0,0,15.0
Wayne,2026-08-05T19:00,0.0,0.0,10.0,20000,0,0,15.0
Wayne,2026-08-05T20:00,0.0,0.0,10.0,20000,0,0,15.0
Wayne,2026-08-05T21:00,0.0,0.0,10.0,20000,0,0,15.0
Wayne,2026-08-05T22:00,0.0,0.0,10.0,20000,0,0,15.0
Wayne,2026-08-05T23:00,0.0,0.0,10.0,20000,0,0,15.0
Wayne,2026-08-06T00:00,0.0,0.0,10.0,20000,0,0,15.0
Wayne,2026-08-06T01:00,0.0,0.0,10.0,20000,0,0,15.0
Wayne,2026-08-06T02:00,0.0,0.0,10.0,20000,0,0,15.0
Wayne,2026-08-06T03:00,0.0,0.0,10.0,20000,0,0,15.0
Wayne,2026-08-06T04:00,0.0,0.0,10.0,20000,0,0,15.0
Wayne,2026-08-06T05:00,0.0,0.0,10.0,20000,0,0,15.0
Wayne,2026-08-06T06:00,0.0,0.0,10.0,20000,0,0,15.0
Wayne,2026-08-06T07:00,0.0,0.0,10.0,20000,0,0,15.0
Wayne,2026-08-06T08:00,0.0,0.0,10.0,20000,0,0,15.0
Wayne,2026-08-06T09:00,0.0,0.0,10.0,20000,0,0,15.0
Wayne,2026-08-06T10:00,0.0,0.0,10.0,20000,0,0,15.0
Wayne,2026-08-06T11:00,0.0,0.0,10.0,20000,0,0,15.0
Wayne,2026-08-06T12:00,0.0,0.0,10.0,20000,0,0,15.0
Wayne,2026-08-06T13:00,0.0,0.0,10.0,20000,0,0,15.0
Wayne,2026-08-06T14:00,0.0,0.0,10.0,20000,0,0,15.0
Wayne,2026-08-06T15:00,0.0,0.0,10.0,20000,0,0,15.0
Wayne,2026-08-06T16:00,0.0,0.0,10.0,20000,0,0,15.0
Wayne,2026-08-06T17:00,0.0,0.0,10.0,20000,0,0,15.0
Wayne,2026-08-06T18:00,0.0,0.0,10.0,20000,0,0,15.0
Wayne,2026-08-06T19:00,0.0,0.0,10.0,20000,0,0,15.0
Wayne,2026-08-06T20:00,0.0,0.0,10.0,20000,0,0,15.0
Wayne,2026-08-06T21:00,0.0,0.0,10.0,20000,0,0,15.0
Wayne,2026-08-06T22:00,0.0,0.0,10.0,20000,0,0,15.0
Wayne,2026-08-06T23:00,0.0,0.0,10.0,20000,0,0,15.0
Wayne,2026-08-07T00:00,0.0,0.0,10.0,20000,0,0,15.0
Wayne,2026-08-07T01:00,0.0,0.0,10.0,20000,0,0,15.0
Wayne,2026-08-07T02:00,0.0,0.0,10.0,20000,0,0,15.0
Wayne,2026-08-07T03:00,0.0,0.0,10.0,20000,0,0,15.0
Wayne,2026-08-07T04:00,0.0,0.0,10.0,20000,0,0,15.0
Wayne,2026-08-07T05:00,0.0,0.0,10.0,20000,0,0,15.0
Wayne,2026-08-07T06:00,0.0,0.0,10.0,20000,0,0,15.0
Wayne,2026-08-07T07:00,0.0,0.0,10.0,20000,0,0,15.0
Wayne,2026-08-07T08:00,0.0,0.0,10.0,20000,0,0,15.0
Wayne,2026-08-07T09:00,0.0,0.0,10.0,20000,0,0,15.0
Wayne,2026-08-07T10:00,0.0,0.0,10.0,20000,0,0,15.0
Wayne,2026-08-07T11:00,0.0,0.0,10.0,20000,0,0,15.0
Wayne,2026-08-07T12:00,0.0,0.0,10.0,20000,0,0,15.0
Wayne,2026-08-07T13:00,0.0,0.0,10.0,20000,0,0,15.0
Wayne,2026-08-07T14:00,0.0,0.0,10.0,20000,0,0,15.0
Wayne,2026-08-07T15:00,0.0,0.0,10.0,20000,0,0,15.0
Wayne,2026-08-07T16:00,0.0,0.0,10.0,20000,0,0,15.0
Wayne,2026-08-07T17:00,0.0,0.0,10.0,20000,0,0,15.0
Wayne,2026-08-07T18:00,0.0,0.0,10.0,20000,0,0,15.0
Harrison,2026-08-05T19:00,0.0,0.0,10.0,20000,0,0,15.0
Harrison,2026-08-05T20:00,0.0,0.0,10.0,20000,0,0,15.0
Harrison,2026-08-05T21:00,0.0,0.0,10.0,20000,0,0,15.0
Harrison,2026-08-05T22:00,0.0,0.0,10.0,20000,0,0,15.0
Harrison,2026-08-05T23:00,0.0,0.0,10.0,20000,0,0,15.0
Harrison,2026-08-06T00:00,0.0,0.0,10.0,20000,0,0,15.0
Harrison,2026-08-06T01:00,0.0,0.0,10.0,20000,0,0,15.0
Harrison,2026-08-06T02:00,0.0,0.0,10.0,20000,0,0,15.0
Harrison,2026-08-06T03:00,0.0,0.0,10.0,20000,0,0,15.0
Harrison,2026-08-06T04:00,0.0,0.0,10.0,20000,0,0,15.0
Harrison,2026-08-06T05:00,0.0,0.0,10.0,20000,0,0,15.0
Harrison,2026-08-06T06:00,0.0,0.0,10.0,20000,0,0,15.0
Harrison,2026-08-06T07:00,0.0,0.0,10.0,20000,0,0,15.0
Harrison,2026-08-06T08:00,0.0,0.0,10.0,20000,0,0,15.0
Harrison,2026-08-06T09:00,0.0,0.0,10.0,20000,0,0,15.0
Harrison,2026-08-06T10:00,0.0,0.0,10.0,20000,0,0,15.0
Harrison,2026-08-06T11:00,0.0,0.0,10.0,20000,0,0,15.0
Harrison,2026-08-06T12:00,0.0,0.0,10.0,20000,0,0,15.0
Harrison,2026-08-06T13:00,0.0,0.0,10.0,20000,0,0,15.0
Harrison,2026-08-06T14:00,0.0,0.0,10.0,20000,0,0,15.0
Harrison,2026-08-06T15:00,0.0,0.0,10.0,20000,0,0,15.0
Harrison,2026-08-06T16:00,0.0,0.0,10.0,20000,0,0,15.0
Harrison,2026-08-06T17:00,0.0,0.0,10.0,20000,0,0,15.0
Harrison,2026-08-06T18:00,0.0,0.0,10.0,20000,0,0,15.0
Harrison,2026-08-06T19:00,0.0,0.0,10.0,20000,0,0,15.0
Harrison,2026-08-06T20:00,0.0,0.0,10.0,20000,0,0,15.0
Harrison,2026-08-06T21:00,0.0,0.0,10.0,20000,0,0,15.0
Harrison,2026-08-06T22:00,0.0,0.0,10.0,20000,0,0,15.0
Harrison,2026-08-06T23:00,0.0,0.0,10.0,20000,0,0,15.0
Harrison,2026-08-07T00:00,0.0,0.0,10.0,20000,0,0,15.0
Harrison,2026-08-07T01:00,0.0,0.0,10.0,20000,0,0,15.0
Harrison,2026-08-07T02:00,0.0,0.0,10.0,20000,0,0,15.0
Harrison,2026-08-07T03:00,0.0,0.0,10.0,20000,0,0,15.0
Harrison,2026-08-07T04:00,0.0,0.0,10.0,20000,0,0,15.0
Harrison,2026-08-07T05:00,0.0,0.0,10.0,20000,0,0,15.0
Harrison,2026-08-07T06:00,0.0,0.0,10.0,20000,0,0,15.0
Harrison,2026-08-07T07:00,0.0,0.0,10.0,20000,0,0,15.0
Harrison,2026-08-07T08:00,0.0,0.0,10.0,20000,0,0,15.0
Harrison,2026-08-07T09:00,0.0,0.0,10.0,20000,0,0,15.0
Harrison,2026-08-07T10:00,0.0,0.0,10.0,20000,0,0,15.0
Harrison,2026-08-07T11:00,0.0,0.0,10.0,20000,0,0,15.0
Harrison,2026-08-07T12:00,0.0,0.0,10.0,20000,0,0,15.0
Harrison,2026-08-07T13:00,0.0,0.0,10.0,20000,0,0,15.0
Harrison,2026-08-07T14:00,0.0,0.0,10.0,20000,0,0,15.0
Harrison,2026-08-07T15:00,0.0,0.0,10.0,20000,0,0,15.0
Harrison,2026-08-07T16:00,0.0,0.0,10.0,20000,0,0,15.0
Harrison,2026-08-07T17:00,0.0,0.0,10.0,20000,0,0,15.0
Harrison,2026-08-07T18:00,0.0,0.0,10.0,20000,0,0,15.0
Jasper,2026-08-05T19:00,0.0,0.0,10.0,20000,0,0,15.0
Jasper,2026-08-05T20:00,0.0,0.0,10.0,20000,0,0,15.0
Jasper,2026-08-05T21:00,0.0,0.0,10.0,20000,0,0,15.0
Jasper,2026-08-05T22:00,0.0,0.0,10.0,20000,0,0,15.0
Jasper,2026-08-05T23:00,0.0,0.0,10.0,20000,0,0,15.0
Jasper,2026-08-06T00:00,0.0,0.0,10.0,20000,0,0,15.0
Jasper,2026-08-06T01:00,0.0,0.0,10.0,20000,0,0,15.0
Jasper,2026-08-06T02:00,0.0,0.0,10.0,20000,0,0,15.0
Jasper,2026-08-06T03:00,0.0,0.0,10.0,20000,0,0,15.0
Jasper,2026-08-06T04:00,0.0,0.0,10.0,20000,0,0,15.0
Jasper,2026-08-06T05:00,0.0,0.0,10.0,20000,0,0,15.0
Jasper,2026-08-06T06:00,0.0,0.0,10.0,20000,0,0,15.0
Jasper,2026-08-06T07:00,0.0,0.0,10.0,20000,0,0,15.0
Jasper,2026-08-06T08:00,0.0,0.0,10.0,20000,0,0,15.0
Jasper,2026-08-06T09:00,0.0,0.0,10.0,20000,0,0,15.0
Jasper,2026-08-06T10:00,0.0,0.0,10.0,20000,0,0,15.0
Jasper,2026-08-06T11:00,0.0,0.0,10.0,20000,0,0,15.0
Jasper,2026-08-06T12:00,0.0,0.0,10.0,20000,0,0,15.0
Jasper,2026-08-06T13:00,0.0,0.0,10.0,20000,0,0,15.0
Jasper,2026-08-06T14:00,0.0,0.0,10.0,20000,0,0,15.0
Jasper,2026-08-06T15:00,0.0,0.0,10.0,20000,0,0,15.0
Jasper,2026-08-06T16:00,0.0,0.0,10.0,20000,0,0,15.0
Jasper,2026-08-06T17:00,0.0,0.0,10.0,20000,0,0,15.0
Jasper,2026-08-06T18:00,0.0,0.0,10.0,20000,0,0,15.0
Jasper,2026-08-06T19:00,0.0,0.0,10.0,20000,0,0,15.0
Jasper,2026-08-06T20:00,0.0,0.0,10.0,20000,0,0,15.0
Jasper,2026-08-06T21:00,0.0,0.0,10.0,20000,0,0,15.0
Jasper,2026-08-06T22:00,0.0,0.0,10.0,20000,0,0,15.0
Jasper,2026-08-06T23:00,0.0,0.0,10.0,20000,0,0,15.0
Jasper,2026-08-07T00:00,0.0,0.0,10.0,20000,0,0,15.0
Jasper,2026-08-07T01:00,0.0,0.0,10.0,20000,0,0,15.0
Jasper,2026-08-07T02:00,0.0,0.0,10.0,20000,0,0,15.0
Jasper,2026-08-07T03:00,0.0,0.0,10.0,20000,0,0,15.0
Jasper,2026-08-07T04:00,0.0,0.0,10.0,20000,0,0,15.0
Jasper,2026-08-07T05:00,0.0,0.0,10.0,20000,0,0,15.0
Jasper,2026-08-07T06:00,0.0,0.0,10.0,20000,0,0,15.0
Jasper,2026-08-07T07:00,0.0,0.0,10.0,20000,0,0,15.0
Jasper,2026-08-07T08:00,0.0,0.0,10.0,20000,0,0,15.0
Jasper,2026-08-07T09:00,0.0,0.0,10.0,20000,0,0,15.0
Jasper,2026-08-07T10:00,0.0,0.0,10.0,20000,0,0,15.0
Jasper,2026-08-07T11:00,0.0,0.0,10.0,20000,0,0,15.0
Jasper,2026-08-07T12:00,0.0,0.0,10.0,20000,0,0,15.0
Jasper,2026-08-07T13:00,0.0,0.0,10.0,20000,0,0,15.0
Jasper,2026-08-07T14:00,0.0,0.0,10.0,20000,0,0,15.0
Jasper,2026-08-07T15:00,0.0,0.0,10.0,20000,0,0,15.0
Jasper,2026-08-07T16:00,0.0,0.0,10.0,20000,0,0,15.0
Jasper,2026-08-07T17:00,0.0,0.0,10.0,20000,0,0,15.0
Jasper,2026-08-07T18:00,0.0,0.0,10.0,20000,0,0,15.0
Johnson,2026-08-05T19:00,0.0,0.0,10.0,20000,0,0,15.0
Johnson,2026-08-05T20:00,0.0,0.0,10.0,20000,0,0,15.0
Johnson,2026-08-05T21:00,0.0,0.0,10.0,20000,0,0,15.0
Johnson,2026-08-05T22:00,0.0,0.0,10.0,20000,0,0,15.0
Johnson,2026-08-05T23:00,0.0,0.0,10.0,20000,0,0,15.0
Johnson,2026-08-06T00:00,0.0,0.0,10.0,20000,0,0,15.0
Johnson,2026-08-06T01:00,0.0,0.0,10.0,20000,0,0,15.0
Johnson,2026-08-06T02:00,0.0,0.0,10.0,20000,0,0,15.0
Johnson,2026-08-06T03:00,0.0,0.0,10.0,20000,0,0,15.0
Johnson,2026-08-06T04:00,0.0,0.0,10.0,20000,0,0,15.0
Johnson,2026-08-06T05:00,0.0,0.0,10.0,20000,0,0,15.0
Johnson,2026-08-06T06:00,0.0,0.0,10.0,20000,0,0,15.0
Johnson,2026-08-06T07:00,0.0,0.0,10.0,20000,0,0,15.0
Johnson,2026-08-06T08:00,0.0,0.0,10.0,20000,0,0,15.0
Johnson,2026-08-06T09:00,0.0,0.0,10.0,20000,0,0,15.0
Johnson,2026-08-06T10:00,0.0,0.0,10.0,20000,0,0,15.0
Johnson,2026-08-06T11:00,0.0,0.0,10.0,20000,0,0,15.0
Johnson,2026-08-06T12:00,0.0,0.0,10.0,20000,0,0,15.0
Johnson,2026-08-06T13:00,0.0,0.0,10.0,20000,0,0,15.0
Johnson,2026-08-06T14:00,0.0,0.0,10.0,20000,0,0,15.0
Johnson,2026-08-06T15:00,0.0,0.0,10.0,20000,0,0,15.0
Johnson,2026-08-06T16:00,0.0,0.0,10.0,20000,0,0,15.0
Johnson,2026-08-06T17:00,0.0,0.0,10.0,20000,0,0,15.0
Johnson,2026-08-06T18:00,0.0,0.0,10.0,20000,0,0,15.0
Johnson,2026-08-06T19:00,0.0,0.0,10.0,20000,0,0,15.0
Johnson,2026-08-06T20:00,0.0,0.0,10.0,20000,0,0,15.0
Johnson,2026-08-06T21:00,0.0,0.0,10.0,20000,0,0,15.0
Johnson,2026-08-06T22:00,0.0,0.0,10.0,20000,0,0,15.0
Johnson,2026-08-06T23:00,0.0,0.0,10.0,20000,0,0,15.0
Johnson,2026-08-07T00:00,0.0,0.0,10.0,20000,0,0,15.0
Johnson,2026-08-07T01:00,0.0,0.0,10.0,20000,0,0,15.0
Johnson,2026-08-07T02:00,0.0,0.0,10.0,20000,0,0,15.0
Johnson,2026-08-07T03:00,0.0,0.0,10.0,20000,0,0,15.0
Johnson,2026-08-07T04:00,0.0,0.0,10.0,20000,0,0,15.0
Johnson,2026-08-07T05:00,0.0,0.0,10.0,20000,0,0,15.0
Johnson,2026-08-07T06:00,0.0,0.0,10.0,20000,0,0,15.0
Johnson,2026-08-07T07:00,0.0,0.0,10.0,20000,0,0,15.0
Johnson,2026-08-07T08:00,0.0,0.0,10.0,20000,0,0,15.0
Johnson,2026-08-07T09:00,0.0,0.0,10.0,20000,0,0,15.0
Johnson,2026-08-07T10:00,0.0,0.0,10.0,20000,0,0,15.0
Johnson,2026-08-07T11:00,0.0,0.0,10.0,20000,0,0,15.0
Johnson,2026-08-07T12:00,0.0,0.0,10.0,20000,0,0,15.0
Johnson,2026-08-07T13:00,0.0,0.0,10.0,20000,0,0,15.0
Johnson,2026-08-07T14:00,0.0,0.0,10.0,20000,0,0,15.0
Johnson,2026-08-07T15:00,0.0,0.0,10.0,20000,0,0,15.0
Johnson,2026-08-07T16:00,0.0,0.0,10.0,20000,0,0,15.0
Johnson,2026-08-07T17:00,0.0,0.0,10.0,20000,0,0,15.0
Johnson,2026-08-07T18:00,0.0,0.0,10.0,20000,0,0,15.0
Knox,2026-08-05T19:00,0.0,0.0,10.0,20000,0,0,15.0
Knox,2026-08-05T20:00,0.0,0.0,10.0,20000,0,0,15.0
Knox,2026-08-05T21:00,0.0,0.0,10.0,20000,0,0,15.0
Knox,2026-08-05T22:00,0.0,0.0,10.0,20000,0,0,15.0
Knox,2026-08-05T23:00,0.0,0.0,10.0,20000,0,0,15.0
Knox,2026-08-06T00:00,0.0,0.0,10.0,20000,0,0,15.0
Knox,2026-08-06T01:00,0.0,0.0,10.0,20000,0,0,15.0
Knox,2026-08-06T02:00,0.0,0.0,10.0,20000,0,0,15.0
Knox,2026-08-06T03:00,0.0,0.0,10.0,20000,0,0,15.0
Knox,2026-08-06T04:00,0.0,0.0,10.0,20000,0,0,15.0
Knox,2026-08-06T05:00,0.0,0.0,10.0,20000,0,0,15.0
Knox,2026-08-06T06:00,0.0,0.0,10.0,20000,0,0,15.0
Knox,2026-08-06T07:00,0.0,0.0,10.0,20000,0,0,15.0
Knox,2026-08-06T08:00,0.0,0.0,10.0,20000,0,0,15.0
Knox,2026-08-06T09:00,0.0,0.0,10.0,20000,0,0,15.0
Knox,2026-08-06T10:00,0.0,0.0,10.0,20000,0,0,15.0
Knox,2026-08-06T11:00,0.0,0.0,10.0,20000,0,0,15.0
Knox,2026-08-06T12:00,0.0,0.0,10.0,20000,0,0,15.0
Knox,2026-08-06T13:00,0.0,0.0,10.0,20000,0,0,15.0
Knox,2026-08-06T14:00,0.0,0.0,10.0,20000,0,0,15.0
Knox,2026-08-06T15:00,0.0,0.0,10.0,20000,0,0,15.0
Knox,2026-08-06T16:00,0.0,0.0,10.0,20000,0,0,15.0
Knox,2026-08-06T17:00,0.0,0.0,10.0,20000,0,0,15.0
Knox,2026-08-06T18:00,0.0,0.0,10.0,20000,0,0,15.0
Knox,2026-08-06T19:00,0.0,0.0,10.0,20000,0,0,15.0
Knox,2026-08-06T20:00,0.0,0.0,10.0,20000,0,0,15.0
Knox,2026-08-06T21:00,0.0,0.0,10.0,20000,0,0,15.0
Knox,2026-08-06T22:00,0.0,0.0,10.0,20000,0,0,15.0
Knox,2026-08-06T23:00,0.0,0.0,10.0,20000,0,0,15.0
Knox,2026-08-07T00:00,0.0,0.0,10.0,20000,0,0,15.0
Knox,2026-08-07T01:00,0.0,0.0,10.0,20000,0,0,15.0
Knox,2026-08-07T02:00,0.0,0.0,10.0,20000,0,0,15.0
Knox,2026-08-07T03:00,0.0,0.0,10.0,20000,0,0,15.0
Knox,2026-08-07T04:00,0.0,0.0,10.0,20000,0,0,15.0
Knox,2026-08-07T05:00,0.0,0.0,10.0,20000,0,0,15.0
Knox,2026-08-07T06:00,0.0,0.0,10.0,20000,0,0,15.0
Knox,2026-08-07T07:00,0.0,0.0,10.0,20000,0,0,15.0
Knox,2026-08-07T08:00,0.0,0.0,10.0,20000,0,0,15.0
Knox,2026-08-07T09:00,0.0,0.0,10.0,20000,0,0,15.0
Knox,2026-08-07T10:00,0.0,0.0,10.0,20000,0,0,15.0
Knox,2026-08-07T11:00,0.0,0.0,10.0,20000,0,0,15.0
Knox,2026-08-07T12:00,0.0,0.0,10.0,20000,0,0,15.0
Knox,2026-08-07T13:00,0.0,0.0,10.0,20000,0,0,15.0
Knox,2026-08-07T14:00,0.0,0.0,10.0,20000,0,0,15.0
Knox,2026-08-07T15:00,0.0,0.0,10.0,20000,0,0,15.0
Knox,2026-08-07T16:00,0.0,0.0,10.0,20000,0,0,15.0
Knox,2026-08-07T17:00,0.0,0.0,10.0,20000,0,0,15.0
Knox,2026-08-07T18:00,0.0,0.0,10.0,20000,0,0,15.0
Lake,2026-08-05T19:00,0.0,0.0,10.0,20000,0,0,15.0
Lake,2026-08-05T20:00,0.0,0.0,10.0,20000,0,0,15.0
Lake,2026-08-05T21:00,0.0,0.0,10.0,20000,0,0,15.0
Lake,2026-08-05T22:00,0.0,0.0,10.0,20000,0,0,15.0
Lake,2026-08-05T23:00,0.0,0.0,10.0,20000,0,0,15.0
Lake,2026-08-06T00:00,0.0,0.0,10.0,20000,0,0,15.0
Lake,2026-08-06T01:00,0.0,0.0,10.0,20000,0,0,15.0
Lake,2026-08-06T02:00,0.0,0.0,10.0,20000,0,0,15.0
Lake,2026-08-06T03:00,0.0,0.0,10.0,20000,0,0,15.0
Lake,2026-08-06T04:00,0.0,0.0,10.0,20000,0,0,15.0
Lake,2026-08-06T05:00,0.0,0.0,10.0,20000,0,0,15.0
Lake,2026-08-06T06:00,0.0,0.0,10.0,20000,0,0,15.0
Lake,2026-08-06T07:00,0.0,0.0,10.0,20000,0,0,15.0
Lake,2026-08-06T08:00,0.0,0.0,10.0,20000,0,0,15.0
Lake,2026-08-06T09:00,0.0,0.0,10.0,20000,0,0,15.0
Lake,2026-08-06T10:00,0.0,0.0,10.0,20000,0,0,15.0
Lake,2026-08-06T11:00,0.0,0.0,10.0,20000,0,0,15.0
Lake,2026-08-06T12:00,0.0,0.0,10.0,20000,0,0,15.0
Lake,2026-08-06T13:00,0.0,0.0,10.0,20000,0,0,15.0
Lake,2026-08-06T14:00,0.0,0.0,10.0,20000,0,0,15.0
Lake,2026-08-06T15:00,0.0,0.0,10.0,20000,0,0,15.0
Lake,2026-08-06T16:00,0.0,0.0,10.0,20000,0,0,15.0
Lake,2026-08-06T17:00,0.0,0.0,10.0,20000,0,0,15.0
Lake,2026-08-06T18:00,0.0,0.0,10.0,20000,0,0,15.0
Lake,2026-08-06T19:00,0.0,0.0,10.0,20000,0,0,15.0
Lake,2026-08-06T20:00,0.0,0.0,10.0,20000,0,0,15.0
Lake,2026-08-06T21:00,0.0,0.0,10.0,20000,0,0,15.0
Lake,2026-08-06T22:00,0.0,0.0,10.0,20000,0,0,15.0
Lake,2026-08-06T23:00,0.0,0.0,10.0,20000,0,0,15.0
Lake,2026-08-07T00:00,0.0,0.0,10.0,20000,0,0,15.0
Lake,2026-08-07T01:00,0.0,0.0,10.0,20000,0,0,15.0
Lake,2026-08-07T02:00,0.0,0.0,10.0,20000,0,0,15.0
Lake,2026-08-07T03:00,0.0,0.0,10.0,20000,0,0,15.0
Lake,2026-08-07T04:00,0.0,0.0,10.0,20000,0,0,15.0
Lake,2026-08-07T05:00,0.0,0.0,10.0,20000,0,0,15.0
Lake,2026-08-07T06:00,0.0,0.0,10.0,20000,0,0,15.0
Lake,2026-08-07T07:00,0.0,0.0,10.0,20000,0,0,15.0
Lake,2026-08-07T08:00,0.0,0.0,10.0,20000,0,0,15.0
Lake,2026-08-07T09:00,0.0,0.0,10.0,20000,0,0,15.0
Lake,2026-08-07T10:00,0.0,0.0,10.0,20000,0,0,15.0
Lake,2026-08-07T11:00,0.0,0.0,10.0,20000,0,0,15.0
Lake,2026-08-07T12:00,0.0,0.0,10.0,20000,0,0,15.0
Lake,2026-08-07T13:00,0.0,0.0,10.0,20000,0,0,15.0
Lake,2026-08-07T14:00,0.0,0.0,10.0,20000,0,0,15.0
Lake,2026-08-07T15:00,0.0,0.0,10.0,20000,0,0,15.0
Lake,2026-08-07T16:00,0.0,0.0,10.0,20000,0,0,15.0
Lake,2026-08-07T17:00,0.0,0.0,10.0,20000,0,0,15.0
Lake,2026-08-07T18:00,0.0,0.0,10.0,20000,0,0,15.0
Montgomery,2026-08-05T19:00,0.0,0.0,10.0,20000,0,0,15.0
Montgomery,2026-08-05T20:00,0.0,0.0,10.0,20000,0,0,15.0
Montgomery,2026-08-05T21:00,0.0,0.0,10.0,20000,0,0,15.0
Montgomery,2026-08-05T22:00,0.0,0.0,10.0,20000,0,0,15.0
Montgomery,2026-08-05T23:00,0.0,0.0,10.0,20000,0,0,15.0
Montgomery,2026-08-06T00:00,0.0,0.0,10.0,20000,0,0,15.0
Montgomery,2026-08-06T01:00,0.0,0.0,10.0,20000,0,0,15.0
Montgomery,2026-08-06T02:00,0.0,0.0,10.0,20000,0,0,15.0
Montgomery,2026-08-06T03:00,0.0,0.0,10.0,20000,0,0,15.0
Montgomery,2026-08-06T04:00,0.0,0.0,10.0,20000,0,0,15.0
Montgomery,2026-08-06T05:00,0.0,0.0,10.0,20000,0,0,15.0
Montgomery,2026-08-06T06:00,0.0,0.0,10.0,20000,0,0,15.0
Montgomery,2026-08-06T07:00,0.0,0.0,10.0,20000,0,0,15.0
Montgomery,2026-08-06T08:00,0.0,0.0,10.0,20000,0,0,15.0
Montgomery,2026-08-06T09:00,0.0,0.0,10.0,20000,0,0,15.0
Montgomery,2026-08-06T10:00,0.0,0.0,10.0,20000,0,0,15.0
Montgomery,2026-08-06T11:00,0.0,0.0,10.0,20000,0,0,15.0
Montgomery,2026-08-06T12:00,0.0,0.0,10.0,20000,0,0,15.0
Montgomery,2026-08-06T13:00,0.0,0.0,10.0,20000,0,0,15.0
Montgomery,2026-08-06T14:00,0.0,0.0,10.0,20000,0,0,15.0
Montgomery,2026-08-06T15:00,0.0,0.0,10.0,20000,0,0,15.0
Montgomery,2026-08-06T16:00,0.0,0.0,10.0,20000,0,0,15.0
Montgomery,2026-08-06T17:00,0.0,0.0,10.0,20000,0,0,15.0
Montgomery,2026-08-06T18:00,0.0,0.0,10.0,20000,0,0,15.0
Montgomery,2026-08-06T19:00,0.0,0.0,10.0,20000,0,0,15.0
Montgomery,2026-08-06T20:00,0.0,0.0,10.0,20000,0,0,15.0
Montgomery,2026-08-06T21:00,0.0,0.0,10.0,20000,0,0,15.0
Montgomery,2026-08-06T22:00,0.0,0.0,10.0,20000,0,0,15.0
Montgomery,2026-08-06T23:00,0.0,0.0,10.0,20000,0,0,15.0
Montgomery,2026-08-07T00:00,0.0,0.0,10.0,20000,0,0,15.0
Montgomery,2026-08-07T01:00,0.0,0.0,10.0,20000,0,0,15.0
Montgomery,2026-08-07T02:00,0.0,0.0,10.0,20000,0,0,15.0
Montgomery,2026-08-07T03:00,0.0,0.0,10.0,20000,0,0,15.0
Montgomery,2026-08-07T04:00,0.0,0.0,10.0,20000,0,0,15.0
Montgomery,2026-08-07T05:00,0.0,0.0,10.0,20000,0,0,15.0
Montgomery,2026-08-07T06:00,0.0,0.0,10.0,20000,0,0,15.0
Montgomery,2026-08-07T07:00,0.0,0.0,10.0,20000,0,0,15.0
Montgomery,2026-08-07T08:00,0.0,0.0,10.0,20000,0,0,15.0
Montgomery,2026-08-07T09:00,0.0,0.0,10.0,20000,0,0,15.0
Montgomery,2026-08-07T10:00,0.0,0.0,10.0,20000,0,0,15.0
Montgomery,2026-08-07T11:00,0.0,0.0,10.0,20000,0,0,15.0
Montgomery,2026-08-07T12:00,0.0,0.0,10.0,20000,0,0,15.0
Montgomery,2026-08-07T13:00,0.0,0.0,10.0,20000,0,0,15.0
Montgomery,2026-08-07T14:00,0.0,0.0,10.0,20000,0,0,15.0
Montgomery,2026-08-07T15:00,0.0,0.0,10.0,20000,0,0,15.0
Montgomery,2026-08-07T16:00,0.0,0.0,10.0,20000,0,0,15.0
Montgomery,2026-08-07T17:00,0.0,0.0,10.0,20000,0,0,15.0
Montgomery,2026-08-07T18:00,0.0,0.0,10.0,20000,0,0,15.0
Newton,2026-08-05T19:00,0.0,0.0,10.0,20000,0,0,15.0
Newton,2026-08-05T20:00,0.0,0.0,10.0,20000,0,0,15.0
Newton,2026-08-05T21:00,0.0,0.0,10.0,20000,0,0,15.0
Newton,2026-08-05T22:00,0.0,0.0,10.0,20000,0,0,15.0
Newton,2026-08-05T23:00,0.0,0.0,10.0,20000,0,0,15.0
Newton,2026-08-06T00:00,0.0,0.0,10.0,20000,0,0,15.0
Newton,2026-08-06T01:00,0.0,0.0,10.0,20000,0,0,15.0
Newton,2026-08-06T02:00,0.0,0.0,10.0,20000,0,0,15.0
Newton,2026-08-06T03:00,0.0,0.0,10.0,20000,0,0,15.0
Newton,2026-08-06T04:00,0.0,0.0,10.0,20000,0,0,15.0
Newton,2026-08-06T05:00,0.0,0.0,10.0,20000,0,0,15.0
Newton,2026-08-06T06:00,0.0,0.0,10.0,20000,0,0,15.0
Newton,2026-08-06T07:00,0.0,0.0,10.0,20000,0,0,15.0
Newton,2026-08-06T08:00,0.0,0.0,10.0,20000,0,0,15.0
Newton,2026-08-06T09:00,0.0,0.0,10.0,20000,0,0,15.0
Newton,2026-08-06T10:00,0.0,0.0,10.0,20000,0,0,15.0
Newton,2026-08-06T11:00,0.0,0.0,10.0,20000,0,0,15.0
Newton,2026-08-06T12:00,0.0,0.0,10.0,20000,0,0,15.0
Newton,2026-08-06T13:00,0.0,0.0,10.0,20000,0,0,15.0
Newton,2026-08-06T14:00,0.0,0.0,10.0,20000,0,0,15.0
Newton,2026-08-06T15:00,0.0,0.0,10.0,20000,0,0,15.0
Newton,2026-08-06T16:00,0.0,0.0,10.0,20000,0,0,15.0
Newton,2026-08-06T17:00,0.0,0.0,10.0,20000,0,0,15.0
Newton,2026-08-06T18:00,0.0,0.0,10.0,20000,0,0,15.0
Newton,2026-08-06T19:00,0.0,0.0,10.0,20000,0,0,15.0
Newton,2026-08-06T20:00,0.0,0.0,10.0,20000,0,0,15.0
Newton,2026-08-06T21:00,0.0,0.0,10.0,20000,0,0,15.0
Newton,2026-08-06T22:00,0.0,0.0,10.0,20000,0,0,15.0
Newton,2026-08-06T23:00,0.0,0.0,10.0,20000,0,0,15.0
Newton,2026-08-07T00:00,0.0,0.0,10.0,20000,0,0,15.0
Newton,2026-08-07T01:00,0.0,0.0,10.0,20000,0,0,15.0
Newton,2026-08-07T02:00,0.0,0.0,10.0,20000,0,0,15.0
Newton,2026-08-07T03:00,0.0,0.0,10.0,20000,0,0,15.0
Newton,2026-08-07T04:00,0.0,0.0,10.0,20000,0,0,15.0
Newton,2026-08-07T05:00,0.0,0.0,10.0,20000,0,0,15.0
Newton,2026-08-07T06:00,0.0,0.0,10.0,20000,0,0,15.0
Newton,2026-08-07T07:00,0.0,0.0,10.0,20000,0,0,15.0
Newton,2026-08-07T08:00,0.0,0.0,10.0,20000,0,0,15.0
Newton,2026-08-07T09:00,0.0,0.0,10.0,20000,0,0,15.0
Newton,2026-08-07T10:00,0.0,0.0,10.0,20000,0,0,15.0
Newton,2026-08-07T11:00,0.0,0.0,10.0,20000,0,0,15.0
Newton,2026-08-07T12:00,0.0,0.0,10.0,20000,0,0,15.0
Newton,2026-08-07T13:00,0.0,0.0,10.0,20000,0,0,15.0
Newton,2026-08-07T14:00,0.0,0.0,10.0,20000,0,0,15.0
Newton,2026-08-07T15:00,0.0,0.0,10.0,20000,0,0,15.0
Newton,2026-08-07T16:00,0.0,0.0,10.0,20000,0,0,15.0
Newton,2026-08-07T17:00,0.0,0.0,10.0,20000,0,0,15.0
Newton,2026-08-07T18:00,0.0,0.0,10.0,20000,0,0,15.0
Clinton,2026-08-05T19:00,0.0,0.0,10.0,20000,0,0,15.0
Clinton,2026-08-05T20:00,0.0,0.0,10.0,20000,0,0,15.0
Clinton,2026-08-05T21:00,0.0,0.0,10.0,20000,0,0,15.0
Clinton,2026-08-05T22:00,0.0,0.0,10.0,20000,0,0,15.0
Clinton,2026-08-05T23:00,0.0,0.0,10.0,20000,0,0,15.0
Clinton,2026-08-06T00:00,0.0,0.0,10.0,20000,0,0,15.0
Clinton,2026-08-06T01:00,0.0,0.0,10.0,20000,0,0,15.0
Clinton,2026-08-06T02:00,0.0,0.0,10.0,20000,0,0,15.0
Clinton,2026-08-06T03:00,0.0,0.0,10.0,20000,0,0,15.0
Clinton,2026-08-06T04:00,0.0,0.0,10.0,20000,0,0,15.0
Clinton,2026-08-06T05:00,0.0,0.0,10.0,20000,0,0,15.0
Clinton,2026-08-06T06:00,0.0,0.0,10.0,20000,0,0,15.0
Clinton,2026-08-06T07:00,0.0,0.0,10.0,20000,0,0,15.0
Clinton,2026-08-06T08:00,0.0,0.0,10.0,20000,0,0,15.0
Clinton,2026-08-06T09:00,0.0,0.0,10.0,20000,0,0,15.0
Clinton,2026-08-06T10:00,0.0,0.0,10.0,20000,0,0,15.0
Clinton,2026-08-06T11:00,0.0,0.0,10.0,20000,0,0,15.0
Clinton,2026-08-06T12:00,0.0,0.0,10.0,20000,0,0,15.0
Clinton,2026-08-06T13:00,0.0,0.0,10.0,20000,0,0,15.0
Clinton,2026-08-06T14:00,0.0,0.0,10.0,20000,0,0,15.0
Clinton,2026-08-06T15:00,0.0,0.0,10.0,20000,0,0,15.0
Clinton,2026-08-06T16:00,0.0,0.0,10.0,20000,0,0,15.0
Clinton,2026-08-06T17:00,0.0,0.0,10.0,20000,0,0,15.0
Clinton,2026-08-06T18:00,0.0,0.0,10.0,20000,0,0,15.0
Clinton,2026-08-06T19:00,0.0,0.0,10.0,20000,0,0,15.0
Clinton,2026-08-06T20:00,0.0,0.0,10.0,20000,0,0,15.0
Clinton,2026-08-06T21:00,0.0,0.0,10.0,20000,0,0,15.0
Clinton,2026-08-06T22:00,0.0,0.0,10.0,20000,0,0,15.0
Clinton,2026-08-06T23:00,0.0,0.0,10.0,20000,0,0,15.0
Clinton,2026-08-07T00:00,0.0,0.0,10.0,20000,0,0,15.0
Clinton,2026-08-07T01:00,0.0,0.0,10.0,20000,0,0,15.0
Clinton,2026-08-07T02:00,0.0,0.0,10.0,20000,0,0,15.0
Clinton,2026-08-07T03:00,0.0,0.0,10.0,20000,0,0,15.0
Clinton,2026-08-07T04:00,0.0,0.0,10.0,20000,0,0,15.0
Clinton,2026-08-07T05:00,0.0,0.0,10.0,20000,0,0,15.0
Clinton,2026-08-07T06:00,0.0,0.0,10.0,20000,0,0,15.0
Clinton,2026-08-07T07:00,0.0,0.0,10.0,20000,0,0,15.0
Clinton,2026-08-07T08:00,0.0,0.0,10.0,20000,0,0,15.0
Clinton,2026-08-07T09:00,0.0,0.0,10.0,20000,0,0,15.0
Clinton,2026-08-07T10:00,0.0,0.0,10.0,20000,0,0,15.0
Clinton,2026-08-07T11:00,0.0,0.0,10.0,20000,0,0,15.0
Clinton,2026-08-07T12:00,0.0,0.0,10.0,20000,0,0,15.0
Clinton,2026-08-07T13:00,0.0,0.0,10.0,20000,0,0,15.0
Clinton,2026-08-07T14:00,0.0,0.0,10.0,20000,0,0,15.0
Clinton,2026-08-07T15:00,0.0,0.0,10.0,20000,0,0,15.0
Clinton,2026-08-07T16:00,0.0,0.0,10.0,20000,0,0,15.0
Clinton,2026-08-07T17:00,0.0,0.0,10.0,20000,0,0,15.0
Clinton,2026-08-07T18:00,0.0,0.0,10.0,20000,0,0,15.0
Perry,2026-08-05T19:00,0.0,0.0,10.0,20000,0,0,15.0
Perry,2026-08-05T20:00,0.0,0.0,10.0,20000,0,0,15.0
Perry,2026-08-05T21:00,0.0,0.0,10.0,20000,0,0,15.0
Perry,2026-08-05T22:00,0.0,0.0,10.0,20000,0,0,15.0
Perry,2026-08-05T23:00,0.0,0.0,10.0,20000,0,0,15.0
Perry,2026-08-06T00:00,0.0,0.0,10.0,20000,0,0,15.0
Perry,2026-08-06T01:00,0.0,0.0,10.0,20000,0,0,15.0
Perry,2026-08-06T02:00,0.0,0.0,10.0,20000,0,0,15.0
Perry,2026-08-06T03:00,0.0,0.0,10.0,20000,0,0,15.0
Perry,2026-08-06T04:00,0.0,0.0,10.0,20000,0,0,15.0
Perry,2026-08-06T05:00,0.0,0.0,10.0,20000,0,0,15.0
Perry,2026-08-06T06:00,0.0,0.0,10.0,20000,0,0,15.0
Perry,2026-08-06T07:00,0.0,0.0,10.0,20000,0,0,15.0
Perry,2026-08-06T08:00,0.0,0.0,10.0,20000,0,0,15.0
Perry,2026-08-06T09:00,0.0,0.0,10.0,20000,0,0,15.0
Perry,2026-08-06T10:00,0.0,0.0,10.0,20000,0,0,15.0
Perry,2026-08-06T11:00,0.0,0.0,10.0,20000,0,0,15.0
Perry,2026-08-06T12:00,0.0,0.0,10.0,20000,0,0,15.0
Perry,2026-08-06T13:00,0.0,0.0,10.0,20000,0,0,15.0
Perry,2026-08-06T14:00,0.0,0.0,10.0,20000,0,0,15.0
Perry,2026-08-06T15:00,0.0,0.0,10.0,20000,0,0,15.0
Perry,2026-08-06T16:00,0.0,0.0,10.0,20000,0,0,15.0
Perry,2026-08-06T17:00,0.0,0.0,10.0,20000,0,0,15.0
Perry,2026-08-06T18:00,0.0,0.0,10.0,20000,0,0,15.0
Perry,2026-08-06T19:00,0.0,0.0,10.0,20000,0,0,15.0
Perry,2026-08-06T20:00,0.0,0.0,10.0,20000,0,0,15.0
Perry,2026-08-06T21:00,0.0,0.0,10.0,20000,0,0,15.0
Perry,2026-08-06T22:00,0.0,0.0,10.0,20000,0,0,15.0
Perry,2026-08-06T23:00,0.0,0.0,10.0,20000,0,0,15.0
Perry,2026-08-07T00:00,0.0,0.0,10.0,20000,0,0,15.0
Perry,2026-08-07T01:00,0.0,0.0,10.0,20000,0,0,15.0
Perry,2026-08-07T02:00,0.0,0.0,10.0,20000,0,0,15.0
Perry,2026-08-07T03:00,0.0,0.0,10.0,20000,0,0,15.0
Perry,2026-08-07T04:00,0.0,0.0,10.0,20000,0,0,15.0
Perry,2026-08-07T05:00,0.0,0.0,10.0,20000,0,0,15.0
Perry,2026-08-07T06:00,0.0,0.0,10.0,20000,0,0,15.0
Perry,2026-08-07T07:00,0.0,0.0,10.0,20000,0,0,15.0
Perry,2026-08-07T08:00,0.0,0.0,10.0,20000,0,0,15.0
Perry,2026-08-07T09:00,0.0,0.0,10.0,20000,0,0,15.0
Perry,2026-08-07T10:00,0.0,0.0,10.0,20000,0,0,15.0
Perry,2026-08-07T11:00,0.0,0.0,10.0,20000,0,0,15.0
Perry,2026-08-07T12:00,0.0,0.0,10.0,20000,0,0,15.0
Perry,2026-08-07T13:00,0.0,0.0,10.0,20000,0,0,15.0
Perry,2026-08-07T14:00,0.0,0.0,10.0,20000,0,0,15.0
Perry,2026-08-07T15:00,0.0,0.0,10.0,20000,0,0,15.0
Perry,2026-08-07T16:00,0.0,0.0,10.0,20000,0,0,15.0
Perry,2026-08-07T17:00,0.0,0.0,10.0,20000,0,0,15.0
Perry,2026-08-07T18:00,0.0,0.0,10.0,20000,0,0,15.0
Posey,2026-08-05T19:00,0.0,0.0,10.0,20000,0,0,15.0
Posey,2026-08-05T20:00,0.0,0.0,10.0,20000,0,0,15.0
Posey,2026-08-05T21:00,0.0,0.0,10.0,20000,0,0,15.0
Posey,2026-08-05T22:00,0.0,0.0,10.0,20000,0,0,15.0
Posey,2026-08-05T23:00,0.0,0.0,10.0,20000,0,0,15.0
Posey,2026-08-06T00:00,0.0,0.0,10.0,20000,0,0,15.0
Posey,2026-08-06T01:00,0.0,0.0,10.0,20000,0,0,15.0
Posey,2026-08-06T02:00,0.0,0.0,10.0,20000,0,0,15.0
Posey,2026-08-06T03:00,0.0,0.0,10.0,20000,0,0,15.0
Posey,2026-08-06T04:00,0.0,0.0,10.0,20000,0,0,15.0
Posey,2026-08-06T05:00,0.0,0.0,10.0,20000,0,0,15.0
Posey,2026-08-06T06:00,0.0,0.0,10.0,20000,0,0,15.0
Posey,2026-08-06T07:00,0.0,0.0,10.0,20000,0,0,15.0
Posey,2026-08-06T08:00,0.0,0.0,10.0,20000,0,0,15.0
Posey,2026-08-06T09:00,0.0,0.0,10.0,20000,0,0,15.0
Posey,2026-08-06T10:00,0.0,0.0,10.0,20000,0,0,15.0
Posey,2026-08-06T11:00,0.0,0.0,10.0,20000,0,0,15.0
Posey,2026-08-06T12:00,0.0,0.0,10.0,20000,0,0,15.0
Posey,2026-08-06T13:00,0.0,0.0,10.0,20000,0,0,15.0
Posey,2026-08-06T14:00,0.0,0.0,10.0,20000,0,0,15.0
Posey,2026-08-06T15:00,0.0,0.0,10.0,20000,0,0,15.0
Posey,2026-08-06T16:00,0.0,0.0,10.0,20000,0,0,15.0
Posey,2026-08-06T17:00,0.0,0.0,10.0,20000,0,0,15.0
Posey,2026-08-06T18:00,0.0,0.0,10.0,20000,0,0,15.0
Posey,2026-08-06T19:00,0.0,0.0,10.0,20000,0,0,15.0
Posey,2026-08-06T20:00,0.0,0.0,10.0,20000,0,0,15.0
Posey,2026-08-06T21:00,0.0,0.0,10.0,20000,0,0,15.0
Posey,2026-08-06T22:00,0.0,0.0,10.0,20000,0,0,15.0
Posey,2026-08-06T23:00,0.0,0.0,10.0,20000,0,0,15.0
Posey,2026-08-07T00:00,0.0,0.0,10.0,20000,0,0,15.0
Posey,2026-08-07T01:00,0.0,0.0,10.0,20000,0,0,15.0
Posey,2026-08-07T02:00,0.0,0.0,10.0,20000,0,0,15.0
Posey,2026-08-07T03:00,0.0,0.0,10.0,20000,0,0,15.0
Posey,2026-08-07T04:00,0.0,0.0,10.0,20000,0,0,15.0
Posey,2026-08-07T05:00,0.0,0.0,10.0,20000,0,0,15.0
Posey,2026-08-07T06:00,0.0,0.0,10.0,20000,0,0,15.0
Posey,2026-08-07T07:00,0.0,0.0,10.0,20000,0,0,15.0
Posey,2026-08-07T08:00,0.0,0.0,10.0,20000,0,0,15.0
Posey,2026-08-07T09:00,0.0,0.0,10.0,20000,0,0,15.0
Posey,2026-08-07T10:00,0.0,0.0,10.0,20000,0,0,15.0
Posey,2026-08-07T11:00,0.0,0.0,10.0,20000,0,0,15.0
Posey,2026-08-07T12:00,0.0,0.0,10.0,20000,0,0,15.0
Posey,2026-08-07T13:00,0.0,0.0,10.0,20000,0,0,15.0
Posey,2026-08-07T14:00,0.0,0.0,10.0,20000,0,0,15.0
Posey,2026-08-07T15:00,0.0,0.0,10.0,20000,0,0,15.0
Posey,2026-08-07T16:00,0.0,0.0,10.0,20000,0,0,15.0
Posey,2026-08-07T17:00,0.0,0.0,10.0,20000,0,0,15.0
Posey,2026-08-07T18:00,0.0,0.0,10.0,20000,0,0,15.0
Scott,2026-08-05T19:00,0.0,0.0,10.0,20000,0,0,15.0
Scott,2026-08-05T20:00,0.0,0.0,10.0,20000,0,0,15.0
Scott,2026-08-05T21:00,0.0,0.0,10.0,20000,0,0,15.0
Scott,2026-08-05T22:00,0.0,0.0,10.0,20000,0,0,15.0
Scott,2026-08-05T23:00,0.0,0.0,10.0,20000,0,0,15.0
Scott,2026-08-06T00:00,0.0,0.0,10.0,20000,0,0,15.0
Scott,2026-08-06T01:00,0.0,0.0,10.0,20000,0,0,15.0
Scott,2026-08-06T02:00,0.0,0.0,10.0,20000,0,0,15.0
Scott,2026-08-06T03:00,0.0,0.0,10.0,20000,0,0,15.0
Scott,2026-08-06T04:00,0.0,0.0,10.0,20000,0,0,15.0
Scott,2026-08-06T05:00,0.0,0.0,10.0,20000,0,0,15.0
Scott,2026-08-06T06:00,0.0,0.0,10.0,20000,0,0,15.0
Scott,2026-08-06T07:00,0.0,0.0,10.0,20000,0,0,15.0
Scott,2026-08-06T08:00,0.0,0.0,10.0,20000,0,0,15.0
Scott,2026-08-06T09:00,0.0,0.0,10.0,20000,0,0,15.0
Scott,2026-08-06T10:00,0.0,0.0,10.0,20000,0,0,15.0
Scott,2026-08-06T11:00,0.0,0.0,10.0,20000,0,0,15.0
Scott,2026-08-06T12:00,0.0,0.0,10.0,20000,0,0,15.0
Scott,2026-08-06T13:00,0.0,0.0,10.0,20000,0,0,15.0
Scott,2026-08-06T14:00,0.0,0.0,10.0,20000,0,0,15.0
Scott,2026-08-06T15:00,0.0,0.0,10.0,20000,0,0,15.0
Scott,2026-08-06T16:00,0.0,0.0,10.0,20000,0,0,15.0
Scott,2026-08-06T17:00,0.0,0.0,10.0,20000,0,0,15.0
Scott,2026-08-06T18:00,0.0,0.0,10.0,20000,0,0,15.0
Scott,2026-08-06T19:00,0.0,0.0,10.0,20000,0,0,15.0
Scott,2026-08-06T20:00,0.0,0.0,10.0,20000,0,0,15.0
Scott,2026-08-06T21:00,0.0,0.0,10.0,20000,0,0,15.0
Scott,2026-08-06T22:00,0.0,0.0,10.0,20000,0,0,15.0
Scott,2026-08-06T23:00,0.0,0.0,10.0,20000,0,0,15.0
Scott,2026-08-07T00:00,0.0,0.0,10.0,20000,0,0,15.0
Scott,2026-08-07T01:00,0.0,0.0,10.0,20000,0,0,15.0
Scott,2026-08-07T02:00,0.0,0.0,10.0,20000,0,0,15.0
Scott,2026-08-07T03:00,0.0,0.0,10.0,20000,0,0,15.0
Scott,2026-08-07T04:00,0.0,0.0,10.0,20000,0,0,15.0
Scott,2026-08-07T05:00,0.0,0.0,10.0,20000,0,0,15.0
Scott,2026-08-07T06:00,0.0,0.0,10.0,20000,0,0,15.0
Scott,2026-08-07T07:00,0.0,0.0,10.0,20000,0,0,15.0
Scott,2026-08-07T08:00,0.0,0.0,10.0,20000,0,0,15.0
Scott,2026-08-07T09:00,0.0,0.0,10.0,20000,0,0,15.0
Scott,2026-08-07T10:00,0.0,0.0,10.0,20000,0,0,15.0
Scott,2026-08-07T11:00,0.0,0.0,10.0,20000,0,0,15.0
Scott,2026-08-07T12:00,0.0,0.0,10.0,20000,0,0,15.0
Scott,2026-08-07T13:00,0.0,0.0,10.0,20000,0,0,15.0
Scott,2026-08-07T14:00,0.0,0.0,10.0,20000,0,0,15.0
Scott,2026-08-07T15:00,0.0,0.0,10.0,20000,0,0,15.0
Scott,2026-08-07T16:00,0.0,0.0,10.0,20000,0,0,15.0
Scott,2026-08-07T17:00,0.0,0.0,10.0,20000,0,0,15.0
Scott,2026-08-07T18:00,0.0,0.0,10.0,20000,0,0,15.0
Spencer,2026-08-05T19:00,0.0,0.0,10.0,20000,0,0,15.0
Spencer,2026-08-05T20:00,0.0,0.0,10.0,20000,0,0,15.0
Spencer,2026-08-05T21:00,0.0,0.0,10.0,20000,0,0,15.0
Spencer,2026-08-05T22:00,0.0,0.0,10.0,20000,0,0,15.0
Spencer,2026-08-05T23:00,0.0,0.0,10.0,20000,0,0,15.0
Spencer,2026-08-06T00:00,0.0,0.0,10.0,20000,0,0,15.0
Spencer,2026-08-06T01:00,0.0,0.0,10.0,20000,0,0,15.0
Spencer,2026-08-06T02:00,0.0,0.0,10.0,20000,0,0,15.0
Spencer,2026-08-06T03:00,0.0,0.0,10.0,20000,0,0,15.0
Spencer,2026-08-06T04:00,0.0,0.0,10.0,20000,0,0,15.0
Spencer,2026-08-06T05:00,0.0,0.0,10.0,20000,0,0,15.0
Spencer,2026-08-06T06:00,0.0,0.0,10.0,20000,0,0,15.0
Spencer,2026-08-06T07:00,0.0,0.0,10.0,20000,0,0,15.0
Spencer,2026-08-06T08:00,0.0,0.0,10.0,20000,0,0,15.0
Spencer,2026-08-06T09:00,0.0,0.0,10.0,20000,0,0,15.0
Spencer,2026-08-06T10:00,0.0,0.0,10.0,20000,0,0,15.0
Spencer,2026-08-06T11:00,0.0,0.0,10.0,20000,0,0,15.0
Spencer,2026-08-06T12:00,0.0,0.0,10.0,20000,0,0,15.0
Spencer,2026-08-06T13:00,0.0,0.0,10.0,20000,0,0,15.0
Spencer,2026-08-06T14:00,0.0,0.0,10.0,20000,0,0,15.0
Spencer,2026-08-06T15:00,0.0,0.0,10.0,20000,0,0,15.0
Spencer,2026-08-06T16:00,0.0,0.0,10.0,20000,0,0,15.0
Spencer,2026-08-06T17:00,0.0,0.0,10.0,20000,0,0,15.0
Spencer,2026-08-06T18:00,0.0,0.0,10.0,20000,0,0,15.0
Spencer,2026-08-06T19:00,0.0,0.0,10.0,20000,0,0,15.0
Spencer,2026-08-06T20:00,0.0,0.0,10.0,20000,0,0,15.0
Spencer,2026-08-06T21:00,0.0,0.0,10.0,20000,0,0,15.0
Spencer,2026-08-06T22:00,0.0,0.0,10.0,20000,0,0,15.0
Spencer,2026-08-06T23:00,0.0,0.0,10.0,20000,0,0,15.0
Spencer,2026-08-07T00:00,0.0,0.0,10.0,20000,0,0,15.0
Spencer,2026-08-07T01:00,0.0,0.0,10.0,20000,0,0,15.0
Spencer,2026-08-07T02:00,0.0,0.0,10.0,20000,0,0,15.0
Spencer,2026-08-07T03:00,0.0,0.0,10.0,20000,0,0,15.0
Spencer,2026-08-07T04:00,0.0,0.0,10.0,20000,0,0,15.0
Spencer,2026-08-07T05:00,0.0,0.0,10.0,20000,0,0,15.0
Spencer,2026-08-07T06:00,0.0,0.0,10.0,20000,0,0,15.0
Spencer,2026-08-07T07:00,0.0,0.0,10.0,20000,0,0,15.0
Spencer,2026-08-07T08:00,0.0,0.0,10.0,20000,0,0,15.0
Spencer,2026-08-07T09:00,0.0,0.0,10.0,20000,0,0,15.0
Spencer,2026-08-07T10:00,0.0,0.0,10.0,20000,0,0,15.0
Spencer,2026-08-07T11:00,0.0,0.0,10.0,20000,0,0,15.0
Spencer,2026-08-07T12:00,0.0,0.0,10.0,20000,0,0,15.0
Spencer,2026-08-07T13:00,0.0,0.0,10.0,20000,0,0,15.0
Spencer,2026-08-07T14:00,0.0,0.0,10.0,20000,0,0,15.0
Spencer,2026-08-07T15:00,0.0,0.0,10.0,20000,0,0,15.0
Spencer,2026-08-07T16:00,0.0,0.0,10.0,20000,0,0,15.0
Spencer,2026-08-07T17:00,0.0,0.0,10.0,20000,0,0,15.0
Spencer,2026-08-07T18:00,0.0,0.0,10.0,20000,0,0,15.0
Switzerland,2026-08-05T19:00,0.0,0.0,10.0,20000,0,0,15.0
Switzerland,2026-08-05T20:00,0.0,0.0,10.0,20000,0,0,15.0
Switzerland,2026-08-05T21:00,0.0,0.0,10.0,20000,0,0,15.0
Switzerland,2026-08-05T22:00,0.0,0.0,10.0,20000,0,0,15.0
Switzerland,2026-08-05T23:00,0.0,0.0,10.0,20000,0,0,15.0
Switzerland,2026-08-06T00:00,0.0,0.0,10.0,20000,0,0,15.0
Switzerland,2026-08-06T01:00,0.0,0.0,10.0,20000,0,0,15.0
Switzerland,2026-08-06T02:00,0.0,0.0,10.0,20000,0,0,15.0
Switzerland,2026-08-06T03:00,0.0,0.0,10.0,20000,0,0,15.0
Switzerland,2026-08-06T04:00,0.0,0.0,10.0,20000,0,0,15.0
Switzerland,2026-08-06T05:00,0.0,0.0,10.0,20000,0,0,15.0
Switzerland,2026-08-06T06:00,0.0,0.0,10.0,20000,0,0,15.0
Switzerland,2026-08-06T07:00,0.0,0.0,10.0,20000,0,0,15.0
Switzerland,2026-08-06T08:00,0.0,0.0,10.0,20000,0,0,15.0
Switzerland,2026-08-06T09:00,0.0,0.0,10.0,20000,0,0,15.0
Switzerland,2026-08-06T10:00,0.0,0.0,10.0,20000,0,0,15.0
Switzerland,2026-08-06T11:00,0.0,0.0,10.0,20000,0,0,15.0
Switzerland,2026-08-06T12:00,0.0,0.0,10.0,20000,0,0,15.0
Switzerland,2026-08-06T13:00,0.0,0.0,10.0,20000,0,0,15.0
Switzerland,2026-08-06T14:00,0.0,0.0,10.0,20000,0,0,15.0
Switzerland,2026-08-06T15:00,0.0,0.0,10.0,20000,0,0,15.0
Switzerland,2026-08-06T16:00,0.0,0.0,10.0,20000,0,0,15.0
Switzerland,2026-08-06T17:00,0.0,0.0,10.0,20000,0,0,15.0
Switzerland,2026-08-06T18:00,0.0,0.0,10.0,20000,0,0,15.0
Switzerland,2026-08-06T19:00,0.0,0.0,10.0,20000,0,0,15.0
Switzerland,2026-08-06T20:00,0.0,0.0,10.0,20000,0,0,15.0
Switzerland,2026-08-06T21:00,0.0,0.0,10.0,20000,0,0,15.0
Switzerland,2026-08-06T22:00,0.0,0.0,10.0,20000,0,0,15.0
Switzerland,2026-08-06T23:00,0.0,0.0,10.0,20000,0,0,15.0
Switzerland,2026-08-07T00:00,0.0,0.0,10.0,20000,0,0,15.0
Switzerland,2026-08-07T01:00,0.0,0.0,10.0,20000,0,0,15.0
Switzerland,2026-08-07T02:00,0.0,0.0,10.0,20000,0,0,15.0
Switzerland,2026-08-07T03:00,0.0,0.0,10.0,20000,0,0,15.0
Switzerland,2026-08-07T04:00,0.0,0.0,10.0,20000,0,0,15.0
Switzerland,2026-08-07T05:00,0.0,0.0,10.0,20000,0,0,15.0
Switzerland,2026-08-07T06:00,0.0,0.0,10.0,20000,0,0,15.0
Switzerland,2026-08-07T07:00,0.0,0.0,10.0,20000,0,0,15.0
Switzerland,2026-08-07T08:00,0.0,0.0,10.0,20000,0,0,15.0
Switzerland,2026-08-07T09:00,0.0,0.0,10.0,20000,0,0,15.0
Switzerland,2026-08-07T10:00,0.0,0.0,10.0,20000,0,0,15.0
Switzerland,2026-08-07T11:00,0.0,0.0,10.0,20000,0,0,15.0
Switzerland,2026-08-07T12:00,0.0,0.0,10.0,20000,0,0,15.0
Switzerland,2026-08-07T13:00,0.0,0.0,10.0,20000,0,0,15.0
Switzerland,2026-08-07T14:00,0.0,0.0,10.0,20000,0,0,15.0
Switzerland,2026-08-07T15:00,0.0,0.0,10.0,20000,0,0,15.0
Switzerland,2026-08-07T16:00,0.0,0.0,10.0,20000,0,0,15.0
Switzerland,2026-08-07T17:00,0.0,0.0,10.0,20000,0,0,15.0
Switzerland,2026-08-07T18:00,0.0,0.0,10.0,20000,0,0,15.0
Vanderburgh,2026-08-05T19:00,0.0,0.0,10.0,20000,0,0,15.0
Vanderburgh,2026-08-05T20:00,0.0,0.0,10.0,20000,0,0,15.0
Vanderburgh,2026-08-05T21:00,0.0,0.0,10.0,20000,0,0,15.0
Vanderburgh,2026-08-05T22:00,0.0,0.0,10.0,20000,0,0,15.0
Vanderburgh,2026-08-05T23:00,0.0,0.0,10.0,20000,0,0,15.0
Vanderburgh,2026-08-06T00:00,0.0,0.0,10.0,20000,0,0,15.0
Vanderburgh,2026-08-06T01:00,0.0,0.0,10.0,20000,0,0,15.0
Vanderburgh,2026-08-06T02:00,0.0,0.0,10.0,20000,0,0,15.0
Vanderburgh,2026-08-06T03:00,0.0,0.0,10.0,20000,0,0,15.0
Vanderburgh,2026-08-06T04:00,0.0,0.0,10.0,20000,0,0,15.0
Vanderburgh,2026-08-06T05:00,0.0,0.0,10.0,20000,0,0,15.0
Vanderburgh,2026-08-06T06:00,0.0,0.0,10.0,20000,0,0,15.0
Vanderburgh,2026-08-06T07:00,0.0,0.0,10.0,20000,0,0,15.0
Vanderburgh,2026-08-06T08:00,0.0,0.0,10.0,20000,0,0,15.0
Vanderburgh,2026-08-06T09:00,0.0,0.0,10.0,20000,0,0,15.0
Vanderburgh,2026-08-06T10:00,0.0,0.0,10.0,20000,0,0,15.0
Vanderburgh,2026-08-06T11:00,0.0,0.0,10.0,20000,0,0,15.0
Vanderburgh,2026-08-06T12:00,0.0,0.0,10.0,20000,0,0,15.0
Vanderburgh,2026-08-06T13:00,0.0,0.0,10.0,20000,0,0,15.0
Vanderburgh,2026-08-06T14:00,0.0,0.0,10.0,20000,0,0,15.0
Vanderburgh,2026-08-06T15:00,0.0,0.0,10.0,20000,0,0,15.0
Vanderburgh,2026-08-06T16:00,0.0,0.0,10.0,20000,0,0,15.0
Vanderburgh,2026-08-06T17:00,0.0,0.0,10.0,20000,0,0,15.0
Vanderburgh,2026-08-06T18:00,0.0,0.0,10.0,20000,0,0,15.0
Vanderburgh,2026-08-06T19:00,0.0,0.0,10.0,20000,0,0,15.0
Vanderburgh,2026-08-06T20:00,0.0,0.0,10.0,20000,0,0,15.0
Vanderburgh,2026-08-06T21:00,0.0,0.0,10.0,20000,0,0,15.0
Vanderburgh,2026-08-06T22:00,0.0,0.0,10.0,20000,0,0,15.0
Vanderburgh,2026-08-06T23:00,0.0,0.0,10.0,20000,0,0,15.0
Vanderburgh,2026-08-07T00:00,0.0,0.0,10.0,20000,0,0,15.0
Vanderburgh,2026-08-07T01:00,0.0,0.0,10.0,20000,0,0,15.0
Vanderburgh,2026-08-07T02:00,0.0,0.0,10.0,20000,0,0,15.0
Vanderburgh,2026-08-07T03:00,0.0,0.0,10.0,20000,0,0,15.0
Vanderburgh,2026-08-07T04:00,0.0,0.0,10.0,20000,0,0,15.0
Vanderburgh,2026-08-07T05:00,0.0,0.0,10.0,20000,0,0,15.0
Vanderburgh,2026-08-07T06:00,0.0,0.0,10.0,20000,0,0,15.0
Vanderburgh,2026-08-07T07:00,0.0,0.0,10.0,20000,0,0,15.0
Vanderburgh,2026-08-07T08:00,0.0,0.0,10.0,20000,0,0,15.0
Vanderburgh,2026-08-07T09:00,0.0,0.0,10.0,20000,0,0,15.0
Vanderburgh,2026-08-07T10:00,0.0,0.0,10.0,20000,0,0,15.0
Vanderburgh,2026-08-07T11:00,0.0,0.0,10.0,20000,0,0,15.0
Vanderburgh,2026-08-07T12:00,0.0,0.0,10.0,20000,0,0,15.0
Vanderburgh,2026-08-07T13:00,0.0,0.0,10.0,20000,0,0,15.0
Vanderburgh,2026-08-07T14:00,0.0,0.0,10.0,20000,0,0,15.0
Vanderburgh,2026-08-07T15:00,0.0,0.0,10.0,20000,0,0,15.0
Vanderburgh,2026-08-07T16:00,0.0,0.0,10.0,20000,0,0,15.0
Vanderburgh,2026-08-07T17:00,0.0,0.0,10.0,20000,0,0,15.0
Vanderburgh,2026-08-07T18:00,0.0,0.0,10.0,20000,0,0,15.0
Dearborn,2026-08-05T19:00,0.0,0.0,10.0,20000,0,0,15.0
Dearborn,2026-08-05T20:00,0.0,0.0,10.0,20000,0,0,15.0
Dearborn,2026-08-05T21:00,0.0,0.0,10.0,20000,0,0,15.0
Dearborn,2026-08-05T22:00,0.0,0.0,10.0,20000,0,0,15.0
Dearborn,2026-08-05T23:00,0.0,0.0,10.0,20000,0,0,15.0
Dearborn,2026-08-06T00:00,0.0,0.0,10.0,20000,0,0,15.0
Dearborn,2026-08-06T01:00,0.0,0.0,10.0,20000,0,0,15.0
Dearborn,2026-08-06T02:00,0.0,0.0,10.0,20000,0,0,15.0
Dearborn,2026-08-06T03:00,0.0,0.0,10.0,20000,0,0,15.0
Dearborn,2026-08-06T04:00,0.0,0.0,10.0,20000,0,0,15.0
Dearborn,2026-08-06T05:00,0.0,0.0,10.0,20000,0,0,15.0
Dearborn,2026-08-06T06:00,0.0,0.0,10.0,20000,0,0,15.0
Dearborn,2026-08-06T07:00,0.0,0.0,10.0,20000,0,0,15.0
Dearborn,2026-08-06T08:00,0.0,0.0,10.0,20000,0,0,15.0
Dearborn,2026-08-06T09:00,0.0,0.0,10.0,20000,0,0,15.0
Dearborn,2026-08-06T10:00,0.0,0.0,10.0,20000,0,0,15.0
Dearborn,2026-08-06T11:00,0.0,0.0,10.0,20000,0,0,15.0
Dearborn,2026-08-06T12:00,0.0,0.0,10.0,20000,0,0,15.0
Dearborn,2026-08-06T13:00,0.0,0.0,10.0,20000,0,0,15.0
Dearborn,2026-08-06T14:00,0.0,0.0,10.0,20000,0,0,15.0
Dearborn,2026-08-06T15:00,0.0,0.0,10.0,20000,0,0,15.0
Dearborn,2026-08-06T16:00,0.0,0.0,10.0,20000,0,0,15.0
Dearborn,2026-08-06T17:00,0.0,0.0,10.0,20000,0,0,15.0
Dearborn,2026-08-06T18:00,0.0,0.0,10.0,20000,0,0,15.0
Dearborn,2026-08-06T19:00,0.0,0.0,10.0,20000,0,0,15.0
Dearborn,2026-08-06T20:00,0.0,0.0,10.0,20000,0,0,15.0
Dearborn,2026-08-06T21:00,0.0,0.0,10.0,20000,0,0,15.0
Dearborn,2026-08-06T22:00,0.0,0.0,10.0,20000,0,0,15.0
Dearborn,2026-08-06T23:00,0.0,0.0,10.0,20000,0,0,15.0
Dearborn,2026-08-07T00:00,0.0,0.0,10.0,20000,0,0,15.0
Dearborn,2026-08-07T01:00,0.0,0.0,10.0,20000,0,0,15.0
Dearborn,2026-08-07T02:00,0.0,0.0,10.0,20000,0,0,15.0
Dearborn,2026-08-07T03:00,0.0,0.0,10.0,20000,0,0,15.0
Dearborn,2026-08-07T04:00,0.0,0.0,10.0,20000,0,0,15.0
Dearborn,2026-08-07T05:00,0.0,0.0,10.0,20000,0,0,15.0
Dearborn,2026-08-07T06:00,0.0,0.0,10.0,20000,0,0,15.0
Dearborn,2026-08-07T07:00,0.0,0.0,10.0,20000,0,0,15.0
Dearborn,2026-08-07T08:00,0.0,0.0,10.0,20000,0,0,15.0
Dearborn,2026-08-07T09:00,0.0,0.0,10.0,20000,0,0,15.0
Dearborn,2026-08-07T10:00,0.0,0.0,10.0,20000,0,0,15.0
Dearborn,2026-08-07T11:00,0.0,0.0,10.0,20000,0,0,15.0
Dearborn,2026-08-07T12:00,0.0,0.0,10.0,20000,0,0,15.0
Dearborn,2026-08-07T13:00,0.0,0.0,10.0,20000,0,0,15.0
Dearborn,2026-08-07T14:00,0.0,0.0,10.0,20000,0,0,15.0
Dearborn,2026-08-07T15:00,0.0,0.0,10.0,20000,0,0,15.0
Dearborn,2026-08-07T16:00,0.0,0.0,10.0,20000,0,0,15.0
Dearborn,2026-08-07T17:00,0.0,0.0,10.0,20000,0,0,15.0
Dearborn,2026-08-07T18:00,0.0,0.0,10.0,20000,0,0,15.0
Dubois,2026-08-05T19:00,0.0,0.0,10.0,20000,0,0,15.0
Dubois,2026-08-05T20:00,0.0,0.0,10.0,20000,0,0,15.0
Dubois,2026-08-05T21:00,0.0,0.0,10.0,20000,0,0,15.0
Dubois,2026-08-05T22:00,0.0,0.0,10.0,20000,0,0,15.0
Dubois,2026-08-05T23:00,0.0,0.0,10.0,20000,0,0,15.0
Dubois,2026-08-06T00:00,0.0,0.0,10.0,20000,0,0,15.0
Dubois,2026-08-06T01:00,0.0,0.0,10.0,20000,0,0,15.0
Dubois,2026-08-06T02:00,0.0,0.0,10.0,20000,0,0,15.0
Dubois,2026-08-06T03:00,0.0,0.0,10.0,20000,0,0,15.0
Dubois,2026-08-06T04:00,0.0,0.0,10.0,20000,0,0,15.0
Dubois,2026-08-06T05:00,0.0,0.0,10.0,20000,0,0,15.0
Dubois,2026-08-06T06:00,0.0,0.0,10.0,20000,0,0,15.0
Dubois,2026-08-06T07:00,0.0,0.0,10.0,20000,0,0,15.0
Dubois,2026-08-06T08:00,0.0,0.0,10.0,20000,0,0,15.0
Dubois,2026-08-06T09:00,0.0,0.0,10.0,20000,0,0,15.0
Dubois,2026-08-06T10:00,0.0,0.0,10.0,20000,0,0,15.0
Dubois,2026-08-06T11:00,0.0,0.0,10.0,20000,0,0,15.0
Dubois,2026-08-06T12:00,0.0,0.0,10.0,20000,0,0,15.0
Dubois,2026-08-06T13:00,0.0,0.0,10.0,20000,0,0,15.0
Dubois,2026-08-06T14:00,0.0,0.0,10.0,20000,0,0,15.0
Dubois,2026-08-06T15:00,0.0,0.0,10.0,20000,0,0,15.0
Dubois,2026-08-06T16:00,0.0,0.0,10.0,20000,0,0,15.0
Dubois,2026-08-06T17:00,0.0,0.0,10.0,20000,0,0,15.0
Dubois,2026-08-06T18:00,0.0,0.0,10.0,20000,0,0,15.0
Dubois,2026-08-06T19:00,0.0,0.0,10.0,20000,0,0,15.0
Dubois,2026-08-06T20:00,0.0,0.0,10.0,20000,0,0,15.0
Dubois,2026-08-06T21:00,0.0,0.0,10.0,20000,0,0,15.0
Dubois,2026-08-06T22:00,0.0,0.0,10.0,20000,0,0,15.0
Dubois,2026-08-06T23:00,0.0,0.0,10.0,20000,0,0,15.0
Dubois,2026-08-07T00:00,0.0,0.0,10.0,20000,0,0,15.0
Dubois,2026-08-07T01:00,0.0,0.0,10.0,20000,0,0,15.0
Dubois,2026-08-07T02:00,0.0,0.0,10.0,20000,0,0,15.0
Dubois,2026-08-07T03:00,0.0,0.0,10.0,20000,0,0,15.0
Dubois,2026-08-07T04:00,0.0,0.0,10.0,20000,0,0,15.0
Dubois,2026-08-07T05:00,0.0,0.0,10.0,20000,0,0,15.0
Dubois,2026-08-07T06:00,0.0,0.0,10.0,20000,0,0,15.0
Dubois,2026-08-07T07:00,0.0,0.0,10.0,20000,0,0,15.0
Dubois,2026-08-07T08:00,0.0,0.0,10.0,20000,0,0,15.0
Dubois,2026-08-07T09:00,0.0,0.0,10.0,20000,0,0,15.0
Dubois,2026-08-07T10:00,0.0,0.0,10.0,20000,0,0,15.0
Dubois,2026-08-07T11:00,0.0,0.0,10.0,20000,0,0,15.0
Dubois,2026-08-07T12:00,0.0,0.0,10.0,20000,0,0,15.0
Dubois,2026-08-07T13:00,0.0,0.0,10.0,20000,0,0,15.0
Dubois,2026-08-07T14:00,0.0,0.0,10.0,20000,0,0,15.0
Dubois,2026-08-07T15:00,0.0,0.0,10.0,20000,0,0,15.0
Dubois,2026-08-07T16:00,0.0,0.0,10.0,20000,0,0,15.0
Dubois,2026-08-07T17:00,0.0,0.0,10.0,20000,0,0,15.0
Dubois,2026-08-07T18:00,0.0,0.0,10.0,20000,0,0,15.0
Elkhart,2026-08-05T19:00,0.0,0.0,10.0,20000,0,0,15.0
Elkhart,2026-08-05T20:00,0.0,0.0,10.0,20000,0,0,15.0
Elkhart,2026-08-05T21:00,0.0,0.0,10.0,20000,0,0,15.0
Elkhart,2026-08-05T22:00,0.0,0.0,10.0,20000,0,0,15.0
Elkhart,2026-08-05T23:00,0.0,0.0,10.0,20000,0,0,15.0
Elkhart,2026-08-06T00:00,0.0,0.0,10.0,20000,0,0,15.0
Elkhart,2026-08-06T01:00,0.0,0.0,10.0,20000,0,0,15.0
Elkhart,2026-08-06T02:00,0.0,0.0,10.0,20000,0,0,15.0
Elkhart,2026-08-06T03:00,0.0,0.0,10.0,20000,0,0,15.0
Elkhart,2026-08-06T04:00,0.0,0.0,10.0,20000,0,0,15.0
Elkhart,2026-08-06T05:00,0.0,0.0,10.0,20000,0,0,15.0
Elkhart,2026-08-06T06:00,0.0,0.0,10.0,20000,0,0,15.0
Elkhart,2026-08-06T07:00,0.0,0.0,10.0,20000,0,0,15.0
Elkhart,2026-08-06T08:00,0.0,0.0,10.0,20000,0,0,15.0
Elkhart,2026-08-06T09:00,0.0,0.0,10.0,20000,0,0,15.0
Elkhart,2026-08-06T10:00,0.0,0.0,10.0,20000,0,0,15.0
Elkhart,2026-08-06T11:00,0.0,0.0,10.0,20000,0,0,15.0
Elkhart,2026-08-06T12:00,0.0,0.0,10.0,20000,0,0,15.0
Elkhart,2026-08-06T13:00,0.0,0.0,10.0,20000,0,0,15.0
Elkhart,2026-08-06T14:00,0.0,0.0,10.0,20000,0,0,15.0
Elkhart,2026-08-06T15:00,0.0,0.0,10.0,20000,0,0,15.0
Elkhart,2026-08-06T16:00,0.0,0.0,10.0,20000,0,0,15.0
Elkhart,2026-08-06T17:00,0.0,0.0,10.0,20000,0,0,15.0
Elkhart,2026-08-06T18:00,0.0,0.0,10.0,20000,0,0,15.0
Elkhart,2026-08-06T19:00,0.0,0.0,10.0,20000,0,0,15.0
Elkhart,2026-08-06T20:00,0.0,0.0,10.0,20000,0,0,15.0
Elkhart,2026-08-06T21:00,0.0,0.0,10.0,20000,0,0,15.0
Elkhart,2026-08-06T22:00,0.0,0.0,10.0,20000,0,0,15.0
Elkhart,2026-08-06T23:00,0.0,0.0,10.0,20000,0,0,15.0
Elkhart,2026-08-07T00:00,0.0,0.0,10.0,20000,0,0,15.0
Elkhart,2026-08-07T01:00,0.0,0.0,10.0,20000,0,0,15.0
Elkhart,2026-08-07T02:00,0.0,0.0,10.0,20000,0,0,15.0
Elkhart,2026-08-07T03:00,0.0,0.0,10.0,20000,0,0,15.0
Elkhart,2026-08-07T04:00,0.0,0.0,10.0,20000,0,0,15.0
Elkhart,2026-08-07T05:00,0.0,0.0,10.0,20000,0,0,15.0
Elkhart,2026-08-07T06:00,0.0,0.0,10.0,20000,0,0,15.0
Elkhart,2026-08-07T07:00,0.0,0.0,10.0,20000,0,0,15.0
Elkhart,2026-08-07T08:00,0.0,0.0,10.0,20000,0,0,15.0
Elkhart,2026-08-07T09:00,0.0,0.0,10.0,20000,0,0,15.0
Elkhart,2026-08-07T10:00,0.0,0.0,10.0,20000,0,0,15.0
Elkhart,2026-08-07T11:00,0.0,0.0,10.0,20000,0,0,15.0
Elkhart,2026-08-07T12:00,0.0,0.0,10.0,20000,0,0,15.0
Elkhart,2026-08-07T13:00,0.0,0.0,10.0,20000,0,0,15.0
Elkhart,2026-08-07T14:00,0.0,0.0,10.0,20000,0,0,15.0
Elkhart,2026-08-07T15:00,0.0,0.0,10.0,20000,0,0,15.0
Elkhart,2026-08-07T16:00,0.0,0.0,10.0,20000,0,0,15.0
Elkhart,2026-08-07T17:00,0.0,0.0,10.0,20000,0,0,15.0
Elkhart,2026-08-07T18:00,0.0,0.0,10.0,20000,0,0,15.0
Franklin,2026-08-05T19:00,0.0,0.0,10.0,20000,0,0,15.0
Franklin,2026-08-05T20:00,0.0,0.0,10.0,20000,0,0,15.0
Franklin,2026-08-05T21:00,0.0,0.0,10.0,20000,0,0,15.0
Franklin,2026-08-05T22:00,0.0,0.0,10.0,20000,0,0,15.0
Franklin,2026-08-05T23:00,0.0,0.0,10.0,20000,0,0,15.0
Franklin,2026-08-06T00:00,0.0,0.0,10.0,20000,0,0,15.0
Franklin,2026-08-06T01:00,0.0,0.0,10.0,20000,0,0,15.0
Franklin,2026-08-06T02:00,0.0,0.0,10.0,20000,0,0,15.0
Franklin,2026-08-06T03:00,0.0,0.0,10.0,20000,0,0,15.0
Franklin,2026-08-06T04:00,0.0,0.0,10.0,20000,0,0,15.0
Franklin,2026-08-06T05:00,0.0,0.0,10.0,20000,0,0,15.0
Franklin,2026-08-06T06:00,0.0,0.0,10.0,20000,0,0,15.0
Franklin,2026-08-06T07:00,0.0,0.0,10.0,20000,0,0,15.0
Franklin,2026-08-06T08:00,0.0,0.0,10.0,20000,0,0,15.0
Franklin,2026-08-06T09:00,0.0,0.0,10.0,20000,0,0,15.0
Franklin,2026-08-06T10:00,0.0,0.0,10.0,20000,0,0,15.0
Franklin,2026-08-06T11:00,0.0,0.0,10.0,20000,0,0,15.0
Franklin,2026-08-06T12:00,0.0,0.0,10.0,20000,0,0,15.0
Franklin,2026-08-06T13:00,0.0,0.0,10.0,20000,0,0,15.0
Franklin,2026-08-06T14:00,0.0,0.0,10.0,20000,0,0,15.0
Franklin,2026-08-06T15:00,0.0,0.0,10.0,20000,0,0,15.0
Franklin,2026-08-06T16:00,0.0,0.0,10.0,20000,0,0,15.0
Franklin,2026-08-06T17:00,0.0,0.0,10.0,20000,0,0,15.0
Franklin,2026-08-06T18:00,0.0,0.0,10.0,20000,0,0,15.0
Franklin,2026-08-06T19:00,0.0,0.0,10.0,20000,0,0,15.0
Franklin,2026-08-06T20:00,0.0,0.0,10.0,20000,0,0,15.0
Franklin,2026-08-06T21:00,0.0,0.0,10.0,20000,0,0,15.0
Franklin,2026-08-06T22:00,0.0,0.0,10.0,20000,0,0,15.0
Franklin,2026-08-06T23:00,0.0,0.0,10.0,20000,0,0,15.0
Franklin,2026-08-07T00:00,0.0,0.0,10.0,20000,0,0,15.0
Franklin,2026-08-07T01:00,0.0,0.0,10.0,20000,0,0,15.0
Franklin,2026-08-07T02:00,0.0,0.0,10.0,20000,0,0,15.0
Franklin,2026-08-07T03:00,0.0,0.0,10.0,20000,0,0,15.0
Franklin,2026-08-07T04:00,0.0,0.0,10.0,20000,0,0,15.0
Franklin,2026-08-07T05:00,0.0,0.0,10.0,20000,0,0,15.0
Franklin,2026-08-07T06:00,0.0,0.0,10.0,20000,0,0,15.0
Franklin,2026-08-07T07:00,0.0,0.0,10.0,20000,0,0,15.0
Franklin,2026-08-07T08:00,0.0,0.0,10.0,20000,0,0,15.0
Franklin,2026-08-07T09:00,0.0,0.0,10.0,20000,0,0,15.0
Franklin,2026-08-07T10:00,0.0,0.0,10.0,20000,0,0,15.0
Franklin,2026-08-07T11:00,0.0,0.0,10.0,20000,0,0,15.0
Franklin,2026-08-07T12:00,0.0,0.0,10.0,20000,0,0,15.0
Franklin,2026-08-07T13:00,0.0,0.0,10.0,20000,0,0,15.0
Franklin,2026-08-07T14:00,0.0,0.0,10.0,20000,0,0,15.0
Franklin,2026-08-07T15:00,0.0,0.0,10.0,20000,0,0,15.0
Franklin,2026-08-07T16:00,0.0,0.0,10.0,20000,0,0,15.0
Franklin,2026-08-07T17:00,0.0,0.0,10.0,20000,0,0,15.0
Franklin,2026-08-07T18:00,0.0,0.0,10.0,20000,0,0,15.0
